instant,dteday,season,yr,mnth,hr,holiday,weekday,workingday,weathersit,temp,atemp,hum,windspeed
16905,2012-12-12,4,1,12,3,0,3,1,1,0.26,0.2727,0.6,0.1343
15202,2012-09-30,4,1,9,14,0,0,0,1,0.62,0.6212,0.41,0.2537
15866,2012-10-28,4,1,10,6,0,0,0,2,0.5,0.4848,0.59,0.3284
16615,2012-11-30,4,1,11,1,0,5,1,1,0.24,0.2576,0.7,0.0896
15239,2012-10-02,4,1,10,3,0,2,1,2,0.54,0.5152,0.88,0.194
14527,2012-09-02,3,1,9,11,0,0,0,2,0.74,0.697,0.7,0
15426,2012-10-09,4,1,10,22,0,2,1,2,0.48,0.4697,0.77,0.0896
15334,2012-10-06,4,1,10,2,0,6,0,1,0.56,0.5303,0.78,0.194
14740,2012-09-11,3,1,9,8,0,2,1,1,0.54,0.5152,0.68,0.0896
17128,2012-12-21,1,1,12,10,0,5,1,1,0.32,0.2879,0.42,0.4627
17334,2012-12-30,1,1,12,2,0,0,0,2,0.26,0.2424,0.56,0.2836
16431,2012-11-22,4,1,11,8,1,4,0,1,0.24,0.2424,0.75,0.1343
15680,2012-10-20,4,1,10,12,0,6,0,1,0.56,0.5303,0.46,0.1045
15608,2012-10-17,4,1,10,12,0,3,1,2,0.52,0.5,0.48,0.1642
14888,2012-09-17,3,1,9,12,0,1,1,2,0.62,0.6061,0.69,0.194
14994,2012-09-21,3,1,9,22,0,5,1,1,0.6,0.5909,0.73,0.194
16268,2012-11-15,4,1,11,13,0,4,1,2,0.38,0.3939,0.54,0.1045
15391,2012-10-08,4,1,10,11,1,1,0,2,0.4,0.4091,0.62,0.0896
16289,2012-11-16,4,1,11,10,0,5,1,1,0.34,0.3333,0.53,0.194
15468,2012-10-11,4,1,10,16,0,4,1,1,0.5,0.4848,0.36,0.1343
15042,2012-09-23,4,1,9,22,0,0,0,1,0.52,0.5,0.48,0
16798,2012-12-07,4,1,12,16,0,5,1,1,0.36,0.3485,0.76,0.1343
14672,2012-09-08,3,1,9,12,0,6,0,1,0.8,0.7576,0.55,0.4925
15443,2012-10-10,4,1,10,15,0,3,1,1,0.6,0.6212,0.4,0.1642
15628,2012-10-18,4,1,10,8,0,4,1,1,0.46,0.4545,0.82,0.2537
14760,2012-09-12,3,1,9,4,0,3,1,1,0.5,0.4848,0.72,0.0896
16970,2012-12-14,4,1,12,20,0,5,1,1,0.32,0.3333,0.61,0.1343
15635,2012-10-18,4,1,10,15,0,4,1,2,0.6,0.6061,0.6,0.194
15161,2012-09-28,4,1,9,21,0,5,1,3,0.6,0.6212,0.53,0.194
14797,2012-09-13,3,1,9,17,0,4,1,1,0.72,0.6515,0.42,0.194
14511,2012-09-01,3,1,9,19,0,6,0,3,0.78,0.7424,0.62,0
16812,2012-12-08,4,1,12,6,0,6,0,2,0.36,0.3636,0.93,0.1045
16114,2012-11-09,4,1,11,3,0,5,1,1,0.32,0.2879,0.53,0.4179
17018,2012-12-16,4,1,12,20,0,0,0,2,0.38,0.3939,0.82,0
14969,2012-09-20,3,1,9,21,0,4,1,1,0.56,0.5303,0.64,0.194
16142,2012-11-10,4,1,11,7,0,6,0,1,0.26,0.2727,0.87,0.1045
16441,2012-11-22,4,1,11,18,1,4,0,1,0.4,0.4091,0.43,0
17026,2012-12-17,4,1,12,4,0,1,1,3,0.36,0.3788,1,0
17236,2012-12-26,1,1,12,0,0,3,1,2,0.28,0.2727,0.65,0.2537
14739,2012-09-11,3,1,9,7,0,2,1,1,0.5,0.4848,0.72,0.1045
17109,2012-12-20,4,1,12,15,0,4,1,2,0.34,0.3333,0.57,0.194
15826,2012-10-26,4,1,10,14,0,5,1,2,0.6,0.6061,0.64,0.1343
15002,2012-09-22,3,1,9,6,0,6,0,1,0.56,0.5303,0.83,0.2985
14916,2012-09-18,3,1,9,16,0,2,1,3,0.6,0.5455,0.88,0.2985
16506,2012-11-25,4,1,11,11,0,0,0,2,0.26,0.2576,0.41,0.2239
17108,2012-12-20,4,1,12,14,0,4,1,2,0.36,0.3485,0.53,0.194
17261,2012-12-27,1,1,12,1,0,4,1,3,0.24,0.197,0.93,0.4478
15513,2012-10-13,4,1,10,13,0,6,0,1,0.46,0.4545,0.36,0.194
15605,2012-10-17,4,1,10,9,0,3,1,2,0.42,0.4242,0.77,0
16709,2012-12-03,4,1,12,23,0,1,1,1,0.42,0.4242,0.82,0.1045
15865,2012-10-28,4,1,10,5,0,0,0,2,0.5,0.4848,0.63,0.2985
15418,2012-10-09,4,1,10,14,0,2,1,2,0.54,0.5152,0.64,0.194
14824,2012-09-14,3,1,9,20,0,5,1,1,0.66,0.6212,0.61,0.1045
15111,2012-09-26,4,1,9,19,0,3,1,1,0.7,0.6515,0.54,0.1642
17162,2012-12-22,1,1,12,20,0,6,0,1,0.24,0.2424,0.48,0.1642
16660,2012-12-01,4,1,12,22,0,6,0,2,0.3,0.3333,0.87,0
16965,2012-12-14,4,1,12,15,0,5,1,1,0.4,0.4091,0.47,0.1642
14686,2012-09-09,3,1,9,2,0,0,0,1,0.54,0.5152,0.77,0.2836
14939,2012-09-19,3,1,9,15,0,3,1,1,0.62,0.6212,0.35,0
16756,2012-12-05,4,1,12,22,0,3,1,1,0.32,0.2879,0.45,0.3881
16042,2012-11-06,4,1,11,2,0,2,1,1,0.24,0.2576,0.65,0.0896
15030,2012-09-23,4,1,9,10,0,0,0,1,0.54,0.5152,0.45,0.2537
14659,2012-09-07,3,1,9,23,0,5,1,1,0.66,0.5909,0.89,0.2537
14550,2012-09-03,3,1,9,10,1,1,0,2,0.74,0.7121,0.74,0.2239
14813,2012-09-14,3,1,9,9,0,5,1,2,0.62,0.5909,0.78,0.1642
16430,2012-11-22,4,1,11,7,1,4,0,1,0.22,0.2273,0.75,0.1343
15256,2012-10-02,4,1,10,20,0,2,1,3,0.62,0.5455,0.94,0.1343
14641,2012-09-07,3,1,9,5,0,5,1,1,0.62,0.5606,0.88,0
15846,2012-10-27,4,1,10,10,0,6,0,1,0.54,0.5152,0.73,0.2836
15102,2012-09-26,4,1,9,10,0,3,1,1,0.6,0.5909,0.73,0.2836
15470,2012-10-11,4,1,10,18,0,4,1,1,0.46,0.4545,0.44,0.1642
17146,2012-12-22,1,1,12,4,0,6,0,1,0.26,0.2576,0.48,0.194
15951,2012-11-02,4,1,11,7,0,5,1,2,0.3,0.303,0.7,0.1343
15219,2012-10-01,4,1,10,7,0,1,1,1,0.44,0.4394,0.77,0.1642
16681,2012-12-02,4,1,12,19,0,0,0,2,0.4,0.4091,0.82,0.194
14732,2012-09-11,3,1,9,0,0,2,1,1,0.52,0.5,0.59,0.1045
16855,2012-12-10,4,1,12,1,0,1,1,2,0.36,0.3788,1,0
16396,2012-11-20,4,1,11,21,0,2,1,1,0.36,0.3788,0.71,0
16170,2012-11-11,4,1,11,11,0,0,0,1,0.46,0.4545,0.59,0.1343
15349,2012-10-06,4,1,10,17,0,6,0,1,0.54,0.5152,0.49,0.3881
16620,2012-11-30,4,1,11,6,0,5,1,1,0.2,0.2576,0.86,0
16519,2012-11-26,4,1,11,0,0,1,1,1,0.22,0.2727,0.69,0
15806,2012-10-25,4,1,10,18,0,4,1,1,0.56,0.5303,0.83,0.1045
17040,2012-12-17,4,1,12,18,0,1,1,2,0.4,0.4091,0.94,0.0896
16787,2012-12-07,4,1,12,5,0,5,1,2,0.26,0.2727,0.81,0.1045
15368,2012-10-07,4,1,10,12,0,0,0,2,0.42,0.4242,0.71,0
16343,2012-11-18,4,1,11,16,0,0,0,2,0.4,0.4091,0.62,0.3284
15510,2012-10-13,4,1,10,10,0,6,0,1,0.4,0.4091,0.43,0
16048,2012-11-06,4,1,11,8,0,2,1,1,0.22,0.2273,0.69,0.1642
15912,2012-10-31,4,1,10,16,0,3,1,2,0.42,0.4242,0.54,0.2239
15402,2012-10-08,4,1,10,22,1,1,0,3,0.4,0.4091,0.76,0.2537
16369,2012-11-19,4,1,11,18,0,1,1,2,0.4,0.4091,0.58,0.2537
16467,2012-11-23,4,1,11,20,0,5,1,1,0.46,0.4545,0.41,0.0896
17074,2012-12-19,4,1,12,4,0,3,1,1,0.24,0.2424,0.75,0.1343
16153,2012-11-10,4,1,11,18,0,6,0,1,0.44,0.4394,0.54,0.1343
16710,2012-12-04,4,1,12,0,0,2,1,1,0.42,0.4242,0.88,0.1045
17340,2012-12-30,1,1,12,8,0,0,0,1,0.24,0.197,0.52,0.4627
15994,2012-11-04,4,1,11,2,0,0,0,1,0.3,0.3333,0.65,0
15794,2012-10-25,4,1,10,6,0,4,1,2,0.52,0.5,0.88,0.194
16429,2012-11-22,4,1,11,6,1,4,0,1,0.26,0.2727,0.7,0.1045
15564,2012-10-15,4,1,10,16,0,1,1,1,0.56,0.5303,0.64,0.2985
14889,2012-09-17,3,1,9,13,0,1,1,1,0.64,0.6061,0.65,0.2537
16445,2012-11-22,4,1,11,22,1,4,0,1,0.32,0.3485,0.61,0
16060,2012-11-06,4,1,11,20,0,2,1,1,0.3,0.2879,0.61,0.2239
17232,2012-12-25,1,1,12,20,1,2,0,2,0.32,0.303,0.66,0.2836
15480,2012-10-12,4,1,10,4,0,5,1,1,0.36,0.3636,0.76,0.1045
14501,2012-09-01,3,1,9,9,0,6,0,2,0.76,0.7121,0.58,0.194
15211,2012-09-30,4,1,9,23,0,0,0,1,0.48,0.4697,0.72,0.0896
16332,2012-11-18,4,1,11,5,0,0,0,1,0.28,0.2879,0.81,0.1343
15827,2012-10-26,4,1,10,15,0,5,1,2,0.62,0.6061,0.61,0.1045
15263,2012-10-03,4,1,10,3,0,3,1,2,0.6,0.5152,0.94,0
16887,2012-12-11,4,1,12,9,0,2,1,1,0.34,0.303,0.61,0.3881
15772,2012-10-24,4,1,10,8,0,3,1,2,0.52,0.5,0.83,0.1045
14801,2012-09-13,3,1,9,21,0,4,1,1,0.62,0.6061,0.65,0.1045
17242,2012-12-26,1,1,12,6,0,3,1,2,0.22,0.2121,0.69,0.2239
16892,2012-12-11,4,1,12,14,0,2,1,2,0.38,0.3939,0.5,0.2239
15041,2012-09-23,4,1,9,21,0,0,0,2,0.52,0.5,0.48,0.1045
16166,2012-11-11,4,1,11,7,0,0,0,1,0.3,0.3182,0.89,0.0896
16091,2012-11-08,4,1,11,4,0,4,1,2,0.3,0.2879,0.45,0.2836
16984,2012-12-15,4,1,12,10,0,6,0,1,0.32,0.3182,0.61,0.1642
17089,2012-12-19,4,1,12,19,0,3,1,1,0.38,0.3939,0.5,0.3881
15228,2012-10-01,4,1,10,16,0,1,1,2,0.62,0.6212,0.46,0.2537
15575,2012-10-16,4,1,10,3,0,2,1,1,0.42,0.4242,0.67,0.1045
17246,2012-12-26,1,1,12,10,0,3,1,3,0.2,0.1818,0.86,0.2985
14680,2012-09-08,3,1,9,20,0,6,0,2,0.58,0.5455,0.88,0.0896
16230,2012-11-13,4,1,11,23,0,2,1,1,0.26,0.2273,0.56,0.2985
14848,2012-09-15,3,1,9,20,0,6,0,1,0.6,0.6212,0.43,0.0896
15749,2012-10-23,4,1,10,9,0,2,1,2,0.5,0.4848,0.72,0.1045
16163,2012-11-11,4,1,11,4,0,0,0,1,0.32,0.3333,0.81,0.1045
15642,2012-10-18,4,1,10,22,0,4,1,2,0.54,0.5152,0.83,0.194
16805,2012-12-07,4,1,12,23,0,5,1,2,0.36,0.3636,0.93,0.0896
15255,2012-10-02,4,1,10,19,0,2,1,3,0.62,0.5455,0.94,0
15168,2012-09-29,4,1,9,4,0,6,0,1,0.52,0.5,0.59,0.2537
15801,2012-10-25,4,1,10,13,0,4,1,2,0.56,0.5303,0.78,0
15369,2012-10-07,4,1,10,13,0,0,0,2,0.44,0.4394,0.72,0.0896
15093,2012-09-26,4,1,9,1,0,3,1,1,0.58,0.5455,0.64,0.3284
14851,2012-09-15,3,1,9,23,0,6,0,1,0.54,0.5152,0.6,0
15025,2012-09-23,4,1,9,5,0,0,0,1,0.46,0.4545,0.59,0.2537
16158,2012-11-10,4,1,11,23,0,6,0,1,0.36,0.3636,0.71,0.1045
16246,2012-11-14,4,1,11,15,0,3,1,1,0.36,0.3333,0.43,0.2836
17293,2012-12-28,1,1,12,9,0,5,1,2,0.24,0.2121,0.6,0.2836
14766,2012-09-12,3,1,9,10,0,3,1,1,0.62,0.6061,0.61,0.1343
15303,2012-10-04,4,1,10,19,0,4,1,1,0.66,0.6212,0.57,0.1045
15216,2012-10-01,4,1,10,4,0,1,1,1,0.42,0.4242,0.82,0.1045
16991,2012-12-15,4,1,12,17,0,6,0,1,0.4,0.4091,0.5,0.2239
17154,2012-12-22,1,1,12,12,0,6,0,1,0.3,0.2576,0.36,0.6567
16423,2012-11-22,4,1,11,0,1,4,0,1,0.32,0.3333,0.66,0.0896
15226,2012-10-01,4,1,10,14,0,1,1,2,0.6,0.6212,0.43,0.1045
15073,2012-09-25,4,1,9,5,0,2,1,1,0.42,0.4242,0.77,0.0896
14576,2012-09-04,3,1,9,12,0,2,1,1,0.76,0.7273,0.7,0.2836
15690,2012-10-20,4,1,10,22,0,6,0,1,0.44,0.4394,0.51,0.1045
16157,2012-11-10,4,1,11,22,0,6,0,1,0.38,0.3939,0.71,0.0896
14712,2012-09-10,3,1,9,4,0,1,1,1,0.52,0.5,0.68,0.2836
15634,2012-10-18,4,1,10,14,0,4,1,2,0.62,0.6212,0.5,0.2985
16721,2012-12-04,4,1,12,11,0,2,1,1,0.48,0.4697,0.77,0.194
15385,2012-10-08,4,1,10,5,1,1,0,1,0.34,0.3182,0.76,0.2239
16751,2012-12-05,4,1,12,17,0,3,1,1,0.44,0.4394,0.35,0.2836
14513,2012-09-01,3,1,9,21,0,6,0,3,0.64,0.5758,0.89,0
15645,2012-10-19,4,1,10,1,0,5,1,3,0.54,0.5152,0.88,0
16628,2012-11-30,4,1,11,14,0,5,1,2,0.4,0.4091,0.4,0.1045
15338,2012-10-06,4,1,10,6,0,6,0,1,0.54,0.5152,0.88,0.2537
16391,2012-11-20,4,1,11,16,0,2,1,2,0.42,0.4242,0.62,0.0896
14675,2012-09-08,3,1,9,15,0,6,0,3,0.56,0.5303,0.88,0.2537
15432,2012-10-10,4,1,10,4,0,3,1,2,0.46,0.4545,0.88,0.1045
15921,2012-11-01,4,1,11,1,0,4,1,1,0.3,0.3182,0.75,0.1045
15537,2012-10-14,4,1,10,13,0,0,0,1,0.64,0.6212,0.41,0.4478
17276,2012-12-27,1,1,12,16,0,4,1,2,0.26,0.2424,0.52,0.2836
16740,2012-12-05,4,1,12,6,0,3,1,3,0.48,0.4697,0.55,0.3881
15616,2012-10-17,4,1,10,20,0,3,1,1,0.5,0.4848,0.72,0.1343
16811,2012-12-08,4,1,12,5,0,6,0,2,0.36,0.3636,0.93,0.1045
15681,2012-10-20,4,1,10,13,0,6,0,1,0.56,0.5303,0.43,0.1642
15003,2012-09-22,3,1,9,7,0,6,0,1,0.58,0.5455,0.78,0.2537
16611,2012-11-29,4,1,11,21,0,4,1,1,0.26,0.2727,0.65,0.1343
15027,2012-09-23,4,1,9,7,0,0,0,1,0.46,0.4545,0.59,0.2239
15288,2012-10-04,4,1,10,4,0,4,1,2,0.64,0.5758,0.89,0
15481,2012-10-12,4,1,10,5,0,5,1,1,0.36,0.3636,0.81,0.0896
17364,2012-12-31,1,1,12,8,0,1,1,1,0.14,0.1515,0.69,0.1343
17273,2012-12-27,1,1,12,13,0,4,1,1,0.3,0.2727,0.49,0.4627
16139,2012-11-10,4,1,11,4,0,6,0,1,0.26,0.2727,0.87,0.1045
17121,2012-12-21,1,1,12,3,0,5,1,3,0.46,0.4545,0.94,0.3881
16255,2012-11-15,4,1,11,0,0,4,1,2,0.26,0.303,0.65,0
15622,2012-10-18,4,1,10,2,0,4,1,1,0.46,0.4545,0.82,0.194
16762,2012-12-06,4,1,12,4,0,4,1,1,0.22,0.2121,0.55,0.2985
16770,2012-12-06,4,1,12,12,0,4,1,1,0.28,0.3182,0.41,0
16538,2012-11-26,4,1,11,19,0,1,1,1,0.34,0.3636,0.53,0
16642,2012-12-01,4,1,12,4,0,6,0,1,0.26,0.2879,0.81,0.0896
16398,2012-11-20,4,1,11,23,0,2,1,1,0.32,0.3333,0.81,0.1045
16395,2012-11-20,4,1,11,20,0,2,1,2,0.38,0.3939,0.76,0
15612,2012-10-17,4,1,10,16,0,3,1,1,0.56,0.5303,0.52,0.194
15820,2012-10-26,4,1,10,8,0,5,1,2,0.54,0.5152,0.88,0.1343
17140,2012-12-21,1,1,12,22,0,5,1,1,0.26,0.2273,0.44,0.2985
16778,2012-12-06,4,1,12,20,0,4,1,2,0.24,0.2576,0.6,0.1045
15831,2012-10-26,4,1,10,19,0,5,1,2,0.54,0.5152,0.83,0.1642
14532,2012-09-02,3,1,9,16,0,0,0,1,0.74,0.697,0.7,0
16183,2012-11-12,4,1,11,0,1,1,0,1,0.42,0.4242,0.71,0.1045
14676,2012-09-08,3,1,9,16,0,6,0,3,0.56,0.5303,0.88,0.194
15944,2012-11-02,4,1,11,0,0,5,1,1,0.34,0.3333,0.57,0.1642
16669,2012-12-02,4,1,12,7,0,0,0,2,0.24,0.2424,0.93,0.1343
16914,2012-12-12,4,1,12,12,0,3,1,2,0.34,0.3636,0.42,0
16238,2012-11-14,4,1,11,7,0,3,1,1,0.24,0.2121,0.65,0.2836
15358,2012-10-07,4,1,10,2,0,0,0,1,0.42,0.4242,0.62,0.1343
15367,2012-10-07,4,1,10,11,0,0,0,2,0.42,0.4242,0.71,0.1045
15974,2012-11-03,4,1,11,6,0,6,0,2,0.32,0.3182,0.49,0.194
14965,2012-09-20,3,1,9,17,0,4,1,1,0.64,0.6212,0.5,0.2239
16591,2012-11-29,4,1,11,0,0,4,1,1,0.24,0.2576,0.56,0.0896
17252,2012-12-26,1,1,12,16,0,3,1,3,0.26,0.2273,0.87,0.3582
16998,2012-12-16,4,1,12,0,0,0,0,2,0.36,0.3788,0.62,0
15977,2012-11-03,4,1,11,9,0,6,0,2,0.34,0.303,0.49,0.2985
15978,2012-11-03,4,1,11,10,0,6,0,1,0.36,0.3333,0.46,0.3881
14621,2012-09-06,3,1,9,9,0,4,1,3,0.66,0.5909,0.94,0.1343
15386,2012-10-08,4,1,10,6,1,1,0,1,0.34,0.3485,0.76,0.1045
16021,2012-11-05,4,1,11,5,0,1,1,2,0.3,0.2727,0.52,0.3284
16508,2012-11-25,4,1,11,13,0,0,0,2,0.26,0.2576,0.41,0.1642
15165,2012-09-29,4,1,9,1,0,6,0,1,0.54,0.5152,0.6,0.2239
17226,2012-12-25,1,1,12,14,1,2,0,1,0.38,0.3939,0.46,0.2985
15232,2012-10-01,4,1,10,20,0,1,1,3,0.54,0.5152,0.68,0
15648,2012-10-19,4,1,10,4,0,5,1,2,0.56,0.5303,0.83,0
15323,2012-10-05,4,1,10,15,0,5,1,1,0.72,0.6515,0.39,0.2537
16439,2012-11-22,4,1,11,16,1,4,0,1,0.46,0.4545,0.33,0
16287,2012-11-16,4,1,11,8,0,5,1,2,0.32,0.3333,0.57,0.1343
15376,2012-10-07,4,1,10,20,0,0,0,1,0.4,0.4091,0.82,0.1343
15744,2012-10-23,4,1,10,4,0,2,1,1,0.42,0.4242,0.77,0.1045
17147,2012-12-22,1,1,12,5,0,6,0,1,0.26,0.2273,0.48,0.4179
15548,2012-10-15,4,1,10,0,0,1,1,2,0.56,0.5303,0.73,0.2537
16954,2012-12-14,4,1,12,4,0,5,1,1,0.2,0.2273,0.75,0.0896
14753,2012-09-11,3,1,9,21,0,2,1,1,0.56,0.5303,0.6,0.1045
16448,2012-11-23,4,1,11,1,0,5,1,1,0.28,0.303,0.81,0.0896
16771,2012-12-06,4,1,12,13,0,4,1,1,0.3,0.3333,0.39,0
14798,2012-09-13,3,1,9,18,0,4,1,1,0.68,0.6364,0.57,0.2537
17289,2012-12-28,1,1,12,5,0,5,1,2,0.24,0.2576,0.6,0.0896
15233,2012-10-01,4,1,10,21,0,1,1,2,0.54,0.5152,0.73,0.1343
16128,2012-11-09,4,1,11,17,0,5,1,1,0.42,0.4242,0.44,0.1343
16766,2012-12-06,4,1,12,8,0,4,1,1,0.22,0.2121,0.51,0.2985
16977,2012-12-15,4,1,12,3,0,6,0,2,0.24,0.2879,0.81,0
16421,2012-11-21,4,1,11,22,0,3,1,1,0.34,0.3636,0.49,0
17016,2012-12-16,4,1,12,18,0,0,0,3,0.38,0.3939,0.82,0.1045
14947,2012-09-19,3,1,9,23,0,3,1,1,0.48,0.4697,0.67,0.0896
16251,2012-11-14,4,1,11,20,0,3,1,1,0.3,0.3182,0.52,0.0896
14749,2012-09-11,3,1,9,17,0,2,1,1,0.7,0.6364,0.28,0
15252,2012-10-02,4,1,10,16,0,2,1,3,0.62,0.5606,0.88,0.1343
16242,2012-11-14,4,1,11,11,0,3,1,1,0.32,0.303,0.49,0.2537
15489,2012-10-12,4,1,10,13,0,5,1,1,0.56,0.5303,0.37,0.3881
17241,2012-12-26,1,1,12,5,0,3,1,2,0.22,0.2121,0.69,0.2836
15292,2012-10-04,4,1,10,8,0,4,1,1,0.64,0.5758,0.89,0
15374,2012-10-07,4,1,10,18,0,0,0,3,0.4,0.4091,0.82,0.194
17195,2012-12-24,1,1,12,6,0,1,1,1,0.2,0.2576,0.75,0
15589,2012-10-16,4,1,10,17,0,2,1,1,0.52,0.5,0.39,0.194
15584,2012-10-16,4,1,10,12,0,2,1,2,0.52,0.5,0.45,0.3284
17117,2012-12-20,4,1,12,23,0,4,1,3,0.4,0.4091,0.82,0.2985
15829,2012-10-26,4,1,10,17,0,5,1,2,0.56,0.5303,0.76,0.194
15193,2012-09-30,4,1,9,5,0,0,0,1,0.44,0.4394,0.72,0
15135,2012-09-27,4,1,9,19,0,4,1,1,0.66,0.6212,0.65,0.1343
15856,2012-10-27,4,1,10,20,0,6,0,2,0.52,0.5,0.72,0.2239
16641,2012-12-01,4,1,12,3,0,6,0,2,0.26,0.2727,0.81,0.1343
14731,2012-09-10,3,1,9,23,0,1,1,1,0.54,0.5152,0.52,0
16737,2012-12-05,4,1,12,3,0,3,1,1,0.48,0.4697,0.67,0.1343
17076,2012-12-19,4,1,12,6,0,3,1,1,0.24,0.2576,0.75,0.0896
14817,2012-09-14,3,1,9,13,0,5,1,2,0.7,0.6515,0.54,0.194
17135,2012-12-21,1,1,12,17,0,5,1,2,0.26,0.2273,0.56,0.3284
16925,2012-12-12,4,1,12,23,0,3,1,2,0.28,0.2727,0.56,0.2239
14679,2012-09-08,3,1,9,19,0,6,0,3,0.58,0.5455,0.88,0.1045
14765,2012-09-12,3,1,9,9,0,3,1,1,0.6,0.6061,0.64,0.1343
16491,2012-11-24,4,1,11,20,0,6,0,1,0.24,0.2121,0.44,0.2836
15189,2012-09-30,4,1,9,1,0,0,0,1,0.5,0.4848,0.59,0
15337,2012-10-06,4,1,10,5,0,6,0,1,0.54,0.5152,0.83,0.194
15958,2012-11-02,4,1,11,14,0,5,1,2,0.4,0.4091,0.4,0.4925
16290,2012-11-16,4,1,11,11,0,5,1,1,0.38,0.3939,0.43,0.2239
14524,2012-09-02,3,1,9,8,0,0,0,1,0.68,0.6364,0.89,0.0896
16832,2012-12-09,4,1,12,2,0,0,0,2,0.4,0.4091,0.87,0.1045
15871,2012-10-28,4,1,10,11,0,0,0,2,0.5,0.4848,0.51,0.3881
15270,2012-10-03,4,1,10,10,0,3,1,1,0.66,0.6061,0.78,0.1642
15159,2012-09-28,4,1,9,19,0,5,1,3,0.62,0.6212,0.5,0.2537
15689,2012-10-20,4,1,10,21,0,6,0,1,0.46,0.4545,0.47,0.2239
14630,2012-09-06,3,1,9,18,0,4,1,1,0.72,0.6818,0.7,0.2537
14846,2012-09-15,3,1,9,18,0,6,0,2,0.64,0.6212,0.36,0.2836
16949,2012-12-13,4,1,12,23,0,4,1,1,0.26,0.303,0.6,0
15060,2012-09-24,4,1,9,16,0,1,1,1,0.58,0.5455,0.3,0.2537
16765,2012-12-06,4,1,12,7,0,4,1,1,0.22,0.2121,0.51,0.2985
15672,2012-10-20,4,1,10,4,0,6,0,1,0.44,0.4394,0.72,0
15355,2012-10-06,4,1,10,23,0,6,0,1,0.44,0.4394,0.62,0.1343
16103,2012-11-08,4,1,11,16,0,4,1,1,0.42,0.4242,0.16,0.3881
15190,2012-09-30,4,1,9,2,0,0,0,1,0.48,0.4697,0.63,0
16438,2012-11-22,4,1,11,15,1,4,0,1,0.48,0.4697,0.29,0
16082,2012-11-07,4,1,11,18,0,3,1,2,0.32,0.2879,0.53,0.3582
16067,2012-11-07,4,1,11,3,0,3,1,2,0.28,0.2576,0.52,0.3284
14922,2012-09-18,3,1,9,22,0,2,1,3,0.58,0.5455,0.83,0.4627
16339,2012-11-18,4,1,11,12,0,0,0,1,0.4,0.4091,0.62,0.2836
15246,2012-10-02,4,1,10,10,0,2,1,3,0.58,0.5455,0.88,0.1343
15043,2012-09-23,4,1,9,23,0,0,0,2,0.5,0.4848,0.59,0.1045
16816,2012-12-08,4,1,12,10,0,6,0,2,0.4,0.4091,0.87,0.1343
15401,2012-10-08,4,1,10,21,1,1,0,2,0.4,0.4091,0.76,0.2239
15907,2012-10-31,4,1,10,11,0,3,1,2,0.36,0.3485,0.66,0.2239
16558,2012-11-27,4,1,11,15,0,2,1,2,0.3,0.2727,0.75,0.2985
16307,2012-11-17,4,1,11,4,0,6,0,1,0.24,0.2273,0.7,0.194
14863,2012-09-16,3,1,9,11,0,0,0,1,0.64,0.6212,0.47,0.1642
15037,2012-09-23,4,1,9,17,0,0,0,1,0.56,0.5303,0.35,0.2985
16729,2012-12-04,4,1,12,19,0,2,1,1,0.48,0.4697,0.67,0.2239
17219,2012-12-25,1,1,12,7,1,2,0,2,0.22,0.2273,0.93,0.1642
15495,2012-10-12,4,1,10,19,0,5,1,1,0.42,0.4242,0.41,0.2239
17001,2012-12-16,4,1,12,3,0,0,0,2,0.34,0.3333,0.87,0.194
16919,2012-12-12,4,1,12,17,0,3,1,2,0.32,0.303,0.53,0.2239
15892,2012-10-30,4,1,10,20,0,2,1,2,0.3,0.2879,0.81,0.194
15464,2012-10-11,4,1,10,12,0,4,1,1,0.46,0.4545,0.36,0
15710,2012-10-21,4,1,10,18,0,0,0,1,0.52,0.5,0.39,0.194
15431,2012-10-10,4,1,10,3,0,3,1,2,0.46,0.4545,0.88,0
15625,2012-10-18,4,1,10,5,0,4,1,1,0.44,0.4394,0.82,0.2239
17245,2012-12-26,1,1,12,9,0,3,1,3,0.2,0.1818,0.86,0.3284
15469,2012-10-11,4,1,10,17,0,4,1,1,0.5,0.4848,0.39,0.2836
16763,2012-12-06,4,1,12,5,0,4,1,1,0.22,0.2121,0.55,0.2836
16274,2012-11-15,4,1,11,19,0,4,1,2,0.34,0.3333,0.61,0.1343
16478,2012-11-24,4,1,11,7,0,6,0,2,0.26,0.2273,0.41,0.3284
15764,2012-10-24,4,1,10,0,0,3,1,1,0.54,0.5152,0.73,0.0896
16727,2012-12-04,4,1,12,17,0,2,1,1,0.52,0.5,0.59,0.2239
14673,2012-09-08,3,1,9,13,0,6,0,1,0.82,0.7727,0.52,0.5224
16499,2012-11-25,4,1,11,4,0,0,0,1,0.22,0.2727,0.44,0
15049,2012-09-24,4,1,9,5,0,1,1,1,0.46,0.4545,0.63,0
14514,2012-09-01,3,1,9,22,0,6,0,2,0.66,0.5909,0.89,0
15414,2012-10-09,4,1,10,10,0,2,1,2,0.44,0.4394,0.75,0.2239
16995,2012-12-15,4,1,12,21,0,6,0,1,0.36,0.3485,0.62,0.1343
15518,2012-10-13,4,1,10,18,0,6,0,1,0.46,0.4545,0.44,0.1343
15818,2012-10-26,4,1,10,6,0,5,1,2,0.52,0.5,0.88,0.0896
14635,2012-09-06,3,1,9,23,0,4,1,1,0.64,0.5758,0.89,0.1642
14632,2012-09-06,3,1,9,20,0,4,1,1,0.66,0.6061,0.78,0.2239
16974,2012-12-15,4,1,12,0,0,6,0,1,0.3,0.3333,0.7,0
16758,2012-12-06,4,1,12,0,0,4,1,1,0.26,0.2424,0.48,0.2836
16945,2012-12-13,4,1,12,19,0,4,1,1,0.3,0.303,0.45,0.1642
16402,2012-11-21,4,1,11,3,0,3,1,1,0.28,0.2879,0.87,0.1045
17308,2012-12-29,1,1,12,0,0,6,0,2,0.24,0.2424,0.7,0
16911,2012-12-12,4,1,12,9,0,3,1,2,0.28,0.2879,0.61,0.1343
15858,2012-10-27,4,1,10,22,0,6,0,2,0.52,0.5,0.72,0.2537
15415,2012-10-09,4,1,10,11,0,2,1,2,0.48,0.4697,0.69,0.194
14978,2012-09-21,3,1,9,6,0,5,1,1,0.5,0.4848,0.77,0.0896
15691,2012-10-20,4,1,10,23,0,6,0,1,0.42,0.4242,0.58,0
16180,2012-11-11,4,1,11,21,0,0,0,1,0.44,0.4394,0.67,0.2239
16696,2012-12-03,4,1,12,10,0,1,1,1,0.44,0.4394,0.77,0.1343
16436,2012-11-22,4,1,11,13,1,4,0,1,0.46,0.4545,0.31,0
16618,2012-11-30,4,1,11,4,0,5,1,1,0.22,0.2727,0.75,0
16947,2012-12-13,4,1,12,21,0,4,1,1,0.28,0.3182,0.48,0
16757,2012-12-05,4,1,12,23,0,3,1,1,0.3,0.2727,0.49,0.3881
15462,2012-10-11,4,1,10,10,0,4,1,1,0.44,0.4394,0.41,0.3582
15453,2012-10-11,4,1,10,1,0,4,1,1,0.44,0.4394,0.47,0.194
14622,2012-09-06,3,1,9,10,0,4,1,3,0.66,0.5909,0.94,0.1343
15807,2012-10-25,4,1,10,19,0,4,1,1,0.54,0.5152,0.83,0.194
14494,2012-09-01,3,1,9,2,0,6,0,1,0.7,0.6515,0.7,0.1642
15187,2012-09-29,4,1,9,23,0,6,0,1,0.5,0.4848,0.59,0.0896
15309,2012-10-05,4,1,10,1,0,5,1,1,0.54,0.5152,0.68,0.1045
15961,2012-11-02,4,1,11,17,0,5,1,1,0.38,0.3939,0.4,0.3284
15405,2012-10-09,4,1,10,1,0,2,1,3,0.36,0.3485,0.87,0.2239
16856,2012-12-10,4,1,12,2,0,1,1,2,0.38,0.3939,0.94,0.1045
17156,2012-12-22,1,1,12,14,0,6,0,1,0.32,0.2879,0.36,0.4627
15782,2012-10-24,4,1,10,18,0,3,1,1,0.66,0.6212,0.44,0
16674,2012-12-02,4,1,12,12,0,0,0,2,0.34,0.3333,0.81,0.1642
16738,2012-12-05,4,1,12,4,0,3,1,1,0.5,0.4848,0.63,0.4478
16016,2012-11-05,4,1,11,0,0,1,1,2,0.3,0.2879,0.56,0.194
15410,2012-10-09,4,1,10,6,0,2,1,2,0.38,0.3939,0.82,0.2537
16918,2012-12-12,4,1,12,16,0,3,1,2,0.34,0.3333,0.46,0.1343
16422,2012-11-21,4,1,11,23,0,3,1,1,0.32,0.3485,0.61,0
16227,2012-11-13,4,1,11,20,0,2,1,1,0.3,0.2727,0.49,0.3582
15455,2012-10-11,4,1,10,3,0,4,1,1,0.42,0.4242,0.47,0.2985
14774,2012-09-12,3,1,9,18,0,3,1,1,0.66,0.6212,0.44,0.2537
16711,2012-12-04,4,1,12,1,0,2,1,1,0.42,0.4242,0.82,0.1045
16828,2012-12-08,4,1,12,22,0,6,0,2,0.38,0.3939,0.94,0.1045
15373,2012-10-07,4,1,10,17,0,0,0,3,0.4,0.4091,0.82,0.2239
17249,2012-12-26,1,1,12,13,0,3,1,3,0.22,0.197,0.87,0.3284
17062,2012-12-18,4,1,12,16,0,2,1,1,0.44,0.4394,0.41,0.4627
15029,2012-09-23,4,1,9,9,0,0,0,1,0.5,0.4848,0.51,0.3284
17329,2012-12-29,1,1,12,21,0,6,0,2,0.28,0.2424,0.56,0.4925
16590,2012-11-28,4,1,11,23,0,3,1,1,0.26,0.2727,0.48,0.1343
16857,2012-12-10,4,1,12,3,0,1,1,2,0.38,0.3939,0.94,0.1045
16152,2012-11-10,4,1,11,17,0,6,0,1,0.5,0.4848,0.45,0.194
16554,2012-11-27,4,1,11,11,0,2,1,3,0.3,0.2727,0.87,0.2985
17134,2012-12-21,1,1,12,16,0,5,1,2,0.3,0.2727,0.39,0.3284
16631,2012-11-30,4,1,11,17,0,5,1,1,0.36,0.3485,0.5,0.194
16321,2012-11-17,4,1,11,18,0,6,0,1,0.36,0.3636,0.5,0.1045
17130,2012-12-21,1,1,12,12,0,5,1,2,0.32,0.2879,0.39,0.3582
17107,2012-12-20,4,1,12,13,0,4,1,2,0.36,0.3485,0.57,0.194
17097,2012-12-20,4,1,12,3,0,4,1,2,0.3,0.3182,0.7,0.0896
16403,2012-11-21,4,1,11,4,0,3,1,1,0.28,0.2879,0.87,0.1045
14810,2012-09-14,3,1,9,6,0,5,1,1,0.54,0.5152,0.88,0
16700,2012-12-03,4,1,12,14,0,1,1,1,0.6,0.6212,0.53,0
15176,2012-09-29,4,1,9,12,0,6,0,1,0.62,0.6212,0.41,0.2985
15682,2012-10-20,4,1,10,14,0,6,0,1,0.56,0.5303,0.4,0
16356,2012-11-19,4,1,11,5,0,1,1,2,0.36,0.3485,0.66,0.2239
15131,2012-09-27,4,1,9,15,0,4,1,2,0.76,0.6818,0.45,0
16582,2012-11-28,4,1,11,15,0,3,1,1,0.36,0.3333,0.32,0.3284
16052,2012-11-06,4,1,11,12,0,2,1,1,0.32,0.3333,0.45,0.1343
14780,2012-09-13,3,1,9,0,0,4,1,1,0.56,0.5303,0.73,0.0896
15291,2012-10-04,4,1,10,7,0,4,1,2,0.64,0.5758,0.89,0.0896
16453,2012-11-23,4,1,11,6,0,5,1,1,0.24,0.2879,0.81,0
15771,2012-10-24,4,1,10,7,0,3,1,1,0.5,0.4848,0.88,0.0896
16624,2012-11-30,4,1,11,10,0,5,1,2,0.3,0.3333,0.65,0
15180,2012-09-29,4,1,9,16,0,6,0,1,0.62,0.6212,0.41,0.2537
14910,2012-09-18,3,1,9,10,0,2,1,3,0.68,0.6364,0.79,0.6418
14799,2012-09-13,3,1,9,19,0,4,1,1,0.64,0.6061,0.65,0.1343
15179,2012-09-29,4,1,9,15,0,6,0,1,0.6,0.6212,0.43,0.2537
16084,2012-11-07,4,1,11,20,0,3,1,2,0.32,0.303,0.49,0.3284
16612,2012-11-29,4,1,11,22,0,4,1,1,0.26,0.2879,0.7,0.0896
14756,2012-09-12,3,1,9,0,0,3,1,1,0.52,0.5,0.72,0.1045
15714,2012-10-21,4,1,10,22,0,0,0,1,0.42,0.4242,0.54,0
16530,2012-11-26,4,1,11,11,0,1,1,1,0.4,0.4091,0.37,0.2985
16232,2012-11-14,4,1,11,1,0,3,1,1,0.24,0.2121,0.6,0.2985
16239,2012-11-14,4,1,11,8,0,3,1,1,0.28,0.2576,0.56,0.2985
17160,2012-12-22,1,1,12,18,0,6,0,1,0.26,0.2121,0.44,0.4627
17044,2012-12-17,4,1,12,22,0,1,1,2,0.42,0.4242,0.94,0.1343
15221,2012-10-01,4,1,10,9,0,1,1,2,0.52,0.5,0.63,0
15479,2012-10-12,4,1,10,3,0,5,1,1,0.36,0.3636,0.76,0.0896
14567,2012-09-04,3,1,9,3,0,2,1,2,0.66,0.5909,0.89,0.0896
17142,2012-12-22,1,1,12,0,0,6,0,1,0.26,0.2121,0.44,0.5821
17126,2012-12-21,1,1,12,8,0,5,1,2,0.32,0.303,0.57,0.2836
15910,2012-10-31,4,1,10,14,0,3,1,2,0.42,0.4242,0.5,0.2239
15293,2012-10-04,4,1,10,9,0,4,1,2,0.64,0.5758,0.89,0.194
15942,2012-11-01,4,1,11,22,0,4,1,1,0.36,0.3485,0.57,0.1642
16999,2012-12-16,4,1,12,1,0,0,0,3,0.34,0.3485,0.76,0.1045
16862,2012-12-10,4,1,12,8,0,1,1,2,0.42,0.4242,1,0.2537
16666,2012-12-02,4,1,12,4,0,0,0,2,0.26,0.303,0.93,0
14758,2012-09-12,3,1,9,2,0,3,1,1,0.52,0.5,0.72,0.0896
16502,2012-11-25,4,1,11,7,0,0,0,2,0.22,0.2424,0.51,0.1045
16585,2012-11-28,4,1,11,18,0,3,1,1,0.32,0.303,0.33,0.2836
15516,2012-10-13,4,1,10,16,0,6,0,1,0.5,0.4848,0.31,0.194
16692,2012-12-03,4,1,12,6,0,1,1,1,0.36,0.3788,0.93,0
16443,2012-11-22,4,1,11,20,1,4,0,1,0.34,0.3636,0.71,0
15318,2012-10-05,4,1,10,10,0,5,1,1,0.66,0.6212,0.54,0
15920,2012-11-01,4,1,11,0,0,4,1,1,0.36,0.3636,0.57,0.0896
17119,2012-12-21,1,1,12,1,0,5,1,3,0.44,0.4394,0.88,0.3881
16003,2012-11-04,4,1,11,11,0,0,0,1,0.38,0.3939,0.46,0.2239
15421,2012-10-09,4,1,10,17,0,2,1,2,0.52,0.5,0.68,0.1642
14748,2012-09-11,3,1,9,16,0,2,1,1,0.7,0.6364,0.28,0.1343
14593,2012-09-05,3,1,9,5,0,3,1,2,0.7,0.6667,0.79,0.2985
14544,2012-09-03,3,1,9,4,1,1,0,1,0.66,0.5909,0.89,0.0896
17123,2012-12-21,1,1,12,5,0,5,1,2,0.34,0.303,0.76,0.4179
16234,2012-11-14,4,1,11,3,0,3,1,1,0.24,0.2273,0.65,0.2239
16382,2012-11-20,4,1,11,7,0,2,1,1,0.32,0.3333,0.76,0.0896
15557,2012-10-15,4,1,10,9,0,1,1,3,0.6,0.5909,0.69,0.3881
15636,2012-10-18,4,1,10,16,0,4,1,1,0.6,0.6212,0.56,0.2836
14832,2012-09-15,3,1,9,4,0,6,0,2,0.6,0.5909,0.69,0.3582
16929,2012-12-13,4,1,12,3,0,4,1,2,0.26,0.2424,0.56,0.2836
14883,2012-09-17,3,1,9,7,0,1,1,1,0.52,0.5,0.77,0
17237,2012-12-26,1,1,12,1,0,3,1,2,0.26,0.2273,0.65,0.2985
16716,2012-12-04,4,1,12,6,0,2,1,2,0.36,0.3788,0.93,0
15968,2012-11-03,4,1,11,0,0,6,0,1,0.34,0.3333,0.53,0.1642
17054,2012-12-18,4,1,12,8,0,2,1,1,0.38,0.3939,0.94,0
14584,2012-09-04,3,1,9,20,0,2,1,1,0.74,0.697,0.7,0.2537
14796,2012-09-13,3,1,9,16,0,4,1,1,0.72,0.6515,0.39,0.0896
15631,2012-10-18,4,1,10,11,0,4,1,2,0.56,0.5303,0.56,0.2239
15747,2012-10-23,4,1,10,7,0,2,1,2,0.44,0.4394,0.77,0.1045
14560,2012-09-03,3,1,9,20,1,1,0,1,0.72,0.6818,0.76,0.1045
16705,2012-12-03,4,1,12,19,0,1,1,1,0.5,0.4848,0.68,0.0896
16675,2012-12-02,4,1,12,13,0,0,0,1,0.4,0.4091,0.71,0.2239
15885,2012-10-30,4,1,10,13,0,2,1,3,0.3,0.2727,0.81,0.3582
15428,2012-10-10,4,1,10,0,0,3,1,2,0.46,0.4545,0.88,0.0896
17269,2012-12-27,1,1,12,9,0,4,1,1,0.26,0.2121,0.6,0.4925
16299,2012-11-16,4,1,11,20,0,5,1,1,0.36,0.3333,0.46,0.2537
14657,2012-09-07,3,1,9,21,0,5,1,1,0.7,0.6667,0.74,0.1642
15897,2012-10-31,4,1,10,1,0,3,1,2,0.3,0.3182,0.81,0.0896
14854,2012-09-16,3,1,9,2,0,0,0,1,0.52,0.5,0.63,0
15919,2012-10-31,4,1,10,23,0,3,1,1,0.36,0.3636,0.57,0.0896
15257,2012-10-02,4,1,10,21,0,2,1,3,0.62,0.5455,0.94,0.1045
17291,2012-12-28,1,1,12,7,0,5,1,1,0.22,0.2273,0.64,0.1642
15150,2012-09-28,4,1,9,10,0,5,1,2,0.64,0.5909,0.78,0.1343
15081,2012-09-25,4,1,9,13,0,2,1,1,0.64,0.6212,0.47,0.2537
15621,2012-10-18,4,1,10,1,0,4,1,1,0.46,0.4545,0.82,0.2239
16351,2012-11-19,4,1,11,0,0,1,1,1,0.36,0.3485,0.66,0.2239
16037,2012-11-05,4,1,11,21,0,1,1,1,0.3,0.2879,0.52,0.2836
16633,2012-11-30,4,1,11,19,0,5,1,1,0.32,0.3485,0.66,0
16964,2012-12-14,4,1,12,14,0,5,1,1,0.4,0.4091,0.43,0.194
15758,2012-10-23,4,1,10,18,0,2,1,1,0.62,0.6212,0.53,0.0896
14520,2012-09-02,3,1,9,4,0,0,0,1,0.66,0.5909,0.89,0
16662,2012-12-02,4,1,12,0,0,0,0,2,0.3,0.3182,0.87,0.0896
15249,2012-10-02,4,1,10,13,0,2,1,2,0.6,0.5455,0.88,0.1343
15109,2012-09-26,4,1,9,17,0,3,1,1,0.74,0.6667,0.48,0.2985
15130,2012-09-27,4,1,9,14,0,4,1,2,0.76,0.6818,0.45,0.0896
16972,2012-12-14,4,1,12,22,0,5,1,1,0.28,0.2879,0.75,0.1045
15372,2012-10-07,4,1,10,16,0,0,0,3,0.4,0.4091,0.82,0.1642
15417,2012-10-09,4,1,10,13,0,2,1,2,0.5,0.4848,0.67,0.1343
14795,2012-09-13,3,1,9,15,0,4,1,1,0.72,0.6515,0.42,0.1045
14875,2012-09-16,3,1,9,23,0,0,0,1,0.54,0.5152,0.68,0.1045
14874,2012-09-16,3,1,9,22,0,0,0,1,0.56,0.5303,0.68,0.0896
15333,2012-10-06,4,1,10,1,0,6,0,1,0.56,0.5303,0.83,0.2537
14693,2012-09-09,3,1,9,9,0,0,0,1,0.62,0.6061,0.61,0.2537
15903,2012-10-31,4,1,10,7,0,3,1,2,0.3,0.303,0.87,0.1343
15267,2012-10-03,4,1,10,7,0,3,1,2,0.6,0.5152,0.94,0.194
16625,2012-11-30,4,1,11,11,0,5,1,2,0.34,0.3485,0.53,0.0896
16971,2012-12-14,4,1,12,21,0,5,1,1,0.3,0.303,0.75,0.1642
16838,2012-12-09,4,1,12,8,0,0,0,3,0.4,0.4091,0.87,0.1642
16452,2012-11-23,4,1,11,5,0,5,1,1,0.24,0.2879,0.81,0
17041,2012-12-17,4,1,12,19,0,1,1,2,0.42,0.4242,0.88,0.1343
15825,2012-10-26,4,1,10,13,0,5,1,2,0.58,0.5455,0.68,0.1343
16454,2012-11-23,4,1,11,7,0,5,1,1,0.24,0.2879,0.81,0
14827,2012-09-14,3,1,9,23,0,5,1,1,0.62,0.5909,0.78,0.0896
15643,2012-10-18,4,1,10,23,0,4,1,2,0.54,0.5152,0.83,0
15164,2012-09-29,4,1,9,0,0,6,0,1,0.54,0.5152,0.6,0.2239
16261,2012-11-15,4,1,11,6,0,4,1,2,0.3,0.2879,0.65,0.2537
16981,2012-12-15,4,1,12,7,0,6,0,2,0.24,0.2576,0.75,0.0896
17279,2012-12-27,1,1,12,19,0,4,1,1,0.24,0.2121,0.6,0.2836
15335,2012-10-06,4,1,10,3,0,6,0,1,0.54,0.5152,0.77,0.2239
15208,2012-09-30,4,1,9,20,0,0,0,3,0.5,0.4848,0.72,0.1343
14664,2012-09-08,3,1,9,4,0,6,0,2,0.66,0.5909,0.94,0.2239
16923,2012-12-12,4,1,12,21,0,3,1,2,0.3,0.2879,0.52,0.2537
14938,2012-09-19,3,1,9,14,0,3,1,1,0.62,0.6212,0.38,0.2537
14647,2012-09-07,3,1,9,11,0,5,1,1,0.76,0.7121,0.62,0.1343
16138,2012-11-10,4,1,11,3,0,6,0,1,0.3,0.3333,0.81,0
15010,2012-09-22,3,1,9,14,0,6,0,1,0.76,0.6818,0.48,0.2836
15475,2012-10-11,4,1,10,23,0,4,1,1,0.42,0.4242,0.58,0.0896
16904,2012-12-12,4,1,12,2,0,3,1,1,0.28,0.2727,0.56,0.1642
15115,2012-09-26,4,1,9,23,0,3,1,2,0.6,0.5758,0.78,0.2537
15185,2012-09-29,4,1,9,21,0,6,0,1,0.52,0.5,0.55,0.1343
16930,2012-12-13,4,1,12,4,0,4,1,2,0.26,0.2576,0.56,0.194
15617,2012-10-17,4,1,10,21,0,3,1,1,0.46,0.4545,0.82,0.194
16207,2012-11-13,4,1,11,0,0,2,1,2,0.52,0.5,0.83,0.2836
15503,2012-10-13,4,1,10,3,0,6,0,1,0.32,0.303,0.66,0.2239
16118,2012-11-09,4,1,11,7,0,5,1,1,0.26,0.2727,0.65,0.1343
16146,2012-11-10,4,1,11,11,0,6,0,1,0.4,0.4091,0.58,0.1045
15250,2012-10-02,4,1,10,14,0,2,1,3,0.6,0.5455,0.88,0.1343
15013,2012-09-22,3,1,9,17,0,6,0,1,0.74,0.6667,0.51,0.3284
15138,2012-09-27,4,1,9,22,0,4,1,3,0.62,0.5758,0.83,0.2985
14967,2012-09-20,3,1,9,19,0,4,1,1,0.58,0.5455,0.6,0.2239
17199,2012-12-24,1,1,12,10,0,1,1,2,0.26,0.303,0.65,0
17311,2012-12-29,1,1,12,3,0,6,0,2,0.24,0.2424,0.75,0
16252,2012-11-14,4,1,11,21,0,3,1,1,0.3,0.3333,0.56,0
14879,2012-09-17,3,1,9,3,0,1,1,1,0.5,0.4848,0.77,0.0896
15299,2012-10-04,4,1,10,15,0,4,1,1,0.72,0.6667,0.54,0.2836
16284,2012-11-16,4,1,11,5,0,5,1,2,0.3,0.3182,0.65,0.0896
16789,2012-12-07,4,1,12,7,0,5,1,3,0.28,0.2727,0.81,0.1642
15496,2012-10-12,4,1,10,20,0,5,1,1,0.42,0.4242,0.47,0.1343
17163,2012-12-22,1,1,12,21,0,6,0,1,0.22,0.2121,0.51,0.2836
15142,2012-09-28,4,1,9,2,0,5,1,3,0.6,0.5455,0.88,0.2985
16567,2012-11-28,4,1,11,0,0,3,1,2,0.26,0.2424,0.75,0.2537
16792,2012-12-07,4,1,12,10,0,5,1,2,0.32,0.3182,0.76,0.1642
14633,2012-09-06,3,1,9,21,0,4,1,1,0.64,0.5758,0.89,0.1642
17032,2012-12-17,4,1,12,10,0,1,1,2,0.38,0.3939,0.87,0.0896
14573,2012-09-04,3,1,9,9,0,2,1,2,0.72,0.697,0.79,0.2239
16254,2012-11-14,4,1,11,23,0,3,1,1,0.24,0.2424,0.7,0.1343
15816,2012-10-26,4,1,10,4,0,5,1,2,0.52,0.5,0.88,0.1642
15388,2012-10-08,4,1,10,8,1,1,0,2,0.36,0.3485,0.71,0.2239
16320,2012-11-17,4,1,11,17,0,6,0,1,0.38,0.3939,0.4,0.1642
14512,2012-09-01,3,1,9,20,0,6,0,3,0.76,0.7273,0.67,0.2537
16646,2012-12-01,4,1,12,8,0,6,0,2,0.24,0.2424,0.87,0.1343
14502,2012-09-01,3,1,9,10,0,6,0,2,0.78,0.7273,0.55,0.194
16722,2012-12-04,4,1,12,12,0,2,1,1,0.52,0.5,0.68,0.194
16767,2012-12-06,4,1,12,9,0,4,1,1,0.24,0.2273,0.48,0.194
15891,2012-10-30,4,1,10,19,0,2,1,2,0.5,0.4848,0.68,0.194
15777,2012-10-24,4,1,10,13,0,3,1,1,0.66,0.6212,0.54,0
14608,2012-09-05,3,1,9,20,0,3,1,1,0.72,0.7121,0.84,0.1642
15183,2012-09-29,4,1,9,19,0,6,0,1,0.52,0.5,0.55,0.1642
14705,2012-09-09,3,1,9,21,0,0,0,1,0.6,0.6212,0.46,0.2239
16404,2012-11-21,4,1,11,5,0,3,1,1,0.28,0.2879,0.87,0.1045
15819,2012-10-26,4,1,10,7,0,5,1,2,0.52,0.5,0.88,0.1045
14552,2012-09-03,3,1,9,12,1,1,0,2,0.76,0.7121,0.62,0.2985
15914,2012-10-31,4,1,10,18,0,3,1,2,0.4,0.4091,0.58,0.1642
15657,2012-10-19,4,1,10,13,0,5,1,1,0.62,0.5909,0.73,0.2239
14543,2012-09-03,3,1,9,3,1,1,0,1,0.66,0.5909,0.89,0.1343
17007,2012-12-16,4,1,12,9,0,0,0,2,0.36,0.3485,0.87,0.1343
16958,2012-12-14,4,1,12,8,0,5,1,1,0.2,0.2273,0.69,0.0896
16224,2012-11-13,4,1,11,17,0,2,1,1,0.34,0.303,0.49,0.3582
15573,2012-10-16,4,1,10,1,0,2,1,1,0.44,0.4394,0.67,0.194
16035,2012-11-05,4,1,11,19,0,1,1,1,0.32,0.3182,0.49,0.1642
16664,2012-12-02,4,1,12,2,0,0,0,2,0.3,0.3333,0.87,0
15987,2012-11-03,4,1,11,19,0,6,0,1,0.36,0.3485,0.5,0.1642
16210,2012-11-13,4,1,11,3,0,2,1,3,0.36,0.3333,0.87,0.3582
16900,2012-12-11,4,1,12,22,0,2,1,1,0.3,0.2879,0.56,0.2239
15166,2012-09-29,4,1,9,2,0,6,0,2,0.54,0.5152,0.56,0.2239
14681,2012-09-08,3,1,9,21,0,6,0,2,0.6,0.5606,0.83,0.1642
14707,2012-09-09,3,1,9,23,0,0,0,1,0.56,0.5303,0.52,0.2836
15796,2012-10-25,4,1,10,8,0,4,1,2,0.52,0.5,0.83,0.1642
17105,2012-12-20,4,1,12,11,0,4,1,2,0.34,0.3182,0.57,0.2239
15567,2012-10-15,4,1,10,19,0,1,1,3,0.52,0.5,0.83,0.0896
16679,2012-12-02,4,1,12,17,0,0,0,3,0.4,0.4091,0.76,0.194
16085,2012-11-07,4,1,11,21,0,3,1,2,0.32,0.303,0.49,0.2985
14833,2012-09-15,3,1,9,5,0,6,0,1,0.58,0.5455,0.6,0.5224
14563,2012-09-03,3,1,9,23,1,1,0,2,0.7,0.6667,0.84,0.2537
15082,2012-09-25,4,1,9,14,0,2,1,1,0.66,0.6212,0.39,0.3284
17167,2012-12-23,1,1,12,1,0,0,0,1,0.22,0.2273,0.47,0.194
16556,2012-11-27,4,1,11,13,0,2,1,3,0.28,0.2727,0.87,0.2537
16868,2012-12-10,4,1,12,14,0,1,1,2,0.5,0.4848,0.94,0.2239
14592,2012-09-05,3,1,9,4,0,3,1,1,0.7,0.6667,0.79,0.2836
14990,2012-09-21,3,1,9,18,0,5,1,1,0.66,0.6212,0.61,0.2537
17243,2012-12-26,1,1,12,7,0,3,1,3,0.2,0.1818,0.86,0.3284
16875,2012-12-10,4,1,12,21,0,1,1,2,0.46,0.4545,0.94,0.194
17323,2012-12-29,1,1,12,15,0,6,0,2,0.24,0.2424,0.87,0
15460,2012-10-11,4,1,10,8,0,4,1,1,0.38,0.3939,0.46,0.3881
16312,2012-11-17,4,1,11,9,0,6,0,1,0.34,0.3182,0.49,0.2239
14928,2012-09-19,3,1,9,4,0,3,1,2,0.52,0.5,0.68,0.3582
16652,2012-12-01,4,1,12,14,0,6,0,2,0.36,0.3788,0.71,0
15198,2012-09-30,4,1,9,10,0,0,0,1,0.58,0.5455,0.46,0.1642
17000,2012-12-16,4,1,12,2,0,0,0,2,0.34,0.3485,0.87,0.0896
16013,2012-11-04,4,1,11,21,0,0,0,1,0.3,0.2727,0.52,0.2985
16588,2012-11-28,4,1,11,21,0,3,1,1,0.3,0.303,0.39,0.1642
14884,2012-09-17,3,1,9,8,0,1,1,1,0.54,0.5152,0.77,0.0896
17132,2012-12-21,1,1,12,14,0,5,1,2,0.32,0.2879,0.39,0.4478
15721,2012-10-22,4,1,10,5,0,1,1,1,0.38,0.3939,0.76,0.0896
16560,2012-11-27,4,1,11,17,0,2,1,2,0.3,0.2727,0.75,0.3881
15762,2012-10-23,4,1,10,22,0,2,1,1,0.56,0.5303,0.68,0.1045
14791,2012-09-13,3,1,9,11,0,4,1,1,0.66,0.6212,0.5,0.1642
15346,2012-10-06,4,1,10,14,0,6,0,2,0.6,0.6212,0.56,0.4179
17182,2012-12-23,1,1,12,16,0,0,0,1,0.34,0.3333,0.34,0.194
15175,2012-09-29,4,1,9,11,0,6,0,1,0.56,0.5303,0.52,0.2836
16573,2012-11-28,4,1,11,6,0,3,1,2,0.26,0.2576,0.65,0.2239
16741,2012-12-05,4,1,12,7,0,3,1,3,0.46,0.4545,0.59,0.2985
15018,2012-09-22,3,1,9,22,0,6,0,1,0.62,0.6212,0.57,0.194
15242,2012-10-02,4,1,10,6,0,2,1,3,0.58,0.5455,0.83,0.1045
15209,2012-09-30,4,1,9,21,0,0,0,1,0.5,0.4848,0.68,0
14604,2012-09-05,3,1,9,16,0,3,1,1,0.76,0.7273,0.7,0.2537
16941,2012-12-13,4,1,12,15,0,4,1,1,0.36,0.3485,0.34,0.1343
15332,2012-10-06,4,1,10,0,0,6,0,1,0.56,0.5303,0.83,0.1642
16815,2012-12-08,4,1,12,9,0,6,0,2,0.38,0.3939,0.94,0
15860,2012-10-28,4,1,10,0,0,0,0,3,0.52,0.5,0.68,0.2985
14980,2012-09-21,3,1,9,8,0,5,1,1,0.54,0.5152,0.73,0.1343
16704,2012-12-03,4,1,12,18,0,1,1,1,0.5,0.4848,0.68,0.0896
15461,2012-10-11,4,1,10,9,0,4,1,1,0.4,0.4091,0.43,0.3881
16987,2012-12-15,4,1,12,13,0,6,0,1,0.38,0.3939,0.54,0.2537
15665,2012-10-19,4,1,10,21,0,5,1,1,0.5,0.4848,0.77,0
16610,2012-11-29,4,1,11,20,0,4,1,1,0.3,0.303,0.52,0.1642
17170,2012-12-23,1,1,12,4,0,0,0,1,0.2,0.2121,0.47,0.1343
14623,2012-09-06,3,1,9,11,0,4,1,3,0.7,0.6667,0.84,0.1642
16415,2012-11-21,4,1,11,16,0,3,1,1,0.44,0.4394,0.33,0.1343
16937,2012-12-13,4,1,12,11,0,4,1,1,0.34,0.3182,0.42,0.2537
14778,2012-09-12,3,1,9,22,0,3,1,1,0.56,0.5303,0.64,0.0896
16784,2012-12-07,4,1,12,2,0,5,1,2,0.26,0.2727,0.7,0.1343
15754,2012-10-23,4,1,10,14,0,2,1,1,0.68,0.6364,0.41,0.1642
15439,2012-10-10,4,1,10,11,0,3,1,1,0.54,0.5152,0.52,0.194
14540,2012-09-03,3,1,9,0,1,1,0,2,0.66,0.5909,0.94,0
14565,2012-09-04,3,1,9,1,0,2,1,1,0.68,0.6364,0.82,0.1343
15698,2012-10-21,4,1,10,6,0,0,0,1,0.4,0.4091,0.62,0
16189,2012-11-12,4,1,11,6,1,1,0,1,0.38,0.3939,0.87,0.1045
16976,2012-12-15,4,1,12,2,0,6,0,1,0.26,0.303,0.81,0
14845,2012-09-15,3,1,9,17,0,6,0,2,0.66,0.6212,0.36,0.2537
15413,2012-10-09,4,1,10,9,0,2,1,2,0.42,0.4242,0.77,0.2239
14900,2012-09-18,3,1,9,0,0,2,1,3,0.6,0.5152,0.94,0.2537
14526,2012-09-02,3,1,9,10,0,0,0,2,0.72,0.697,0.79,0
15877,2012-10-28,4,1,10,17,0,0,0,3,0.46,0.4545,0.77,0.5224
17214,2012-12-25,1,1,12,1,1,2,0,2,0.26,0.2576,0.87,0.1642
14812,2012-09-14,3,1,9,8,0,5,1,2,0.6,0.5758,0.78,0.1642
16775,2012-12-06,4,1,12,17,0,4,1,1,0.3,0.3182,0.45,0.1045
14754,2012-09-11,3,1,9,22,0,2,1,1,0.56,0.5303,0.64,0.1045
16089,2012-11-08,4,1,11,1,0,4,1,3,0.3,0.2727,0.52,0.3582
17115,2012-12-20,4,1,12,21,0,4,1,3,0.34,0.3333,0.76,0.1642
16951,2012-12-14,4,1,12,1,0,5,1,1,0.22,0.2576,0.69,0.0896
17379,2012-12-31,1,1,12,23,0,1,1,1,0.26,0.2727,0.65,0.1343
16797,2012-12-07,4,1,12,15,0,5,1,2,0.36,0.3485,0.71,0.1642
16839,2012-12-09,4,1,12,9,0,0,0,2,0.4,0.4091,0.87,0.2537
16809,2012-12-08,4,1,12,3,0,6,0,2,0.36,0.3636,0.93,0.1045
16996,2012-12-15,4,1,12,22,0,6,0,1,0.36,0.3485,0.62,0.194
16205,2012-11-12,4,1,11,22,1,1,0,1,0.52,0.5,0.77,0.2537
16305,2012-11-17,4,1,11,2,0,6,0,1,0.26,0.2576,0.65,0.194
16824,2012-12-08,4,1,12,18,0,6,0,1,0.4,0.4091,0.87,0.1045
16602,2012-11-29,4,1,11,12,0,4,1,1,0.36,0.3485,0.4,0.1642
16713,2012-12-04,4,1,12,3,0,2,1,2,0.4,0.4091,0.87,0.1343
16933,2012-12-13,4,1,12,7,0,4,1,1,0.24,0.2273,0.6,0.2239
17059,2012-12-18,4,1,12,13,0,2,1,1,0.5,0.4848,0.42,0.2836
16699,2012-12-03,4,1,12,13,0,1,1,1,0.58,0.5455,0.56,0.0896
14773,2012-09-12,3,1,9,17,0,3,1,1,0.7,0.6364,0.41,0.2985
17006,2012-12-16,4,1,12,8,0,0,0,2,0.36,0.3485,0.87,0.1343
16960,2012-12-14,4,1,12,10,0,5,1,1,0.26,0.2576,0.81,0.194
14959,2012-09-20,3,1,9,11,0,4,1,1,0.62,0.6212,0.43,0
17159,2012-12-22,1,1,12,17,0,6,0,1,0.28,0.2576,0.41,0.2985
15147,2012-09-28,4,1,9,7,0,5,1,2,0.56,0.5303,0.94,0
15371,2012-10-07,4,1,10,15,0,0,0,3,0.42,0.4242,0.77,0.1343
15800,2012-10-25,4,1,10,12,0,4,1,2,0.56,0.5303,0.78,0.1045
14546,2012-09-03,3,1,9,6,1,1,0,1,0.66,0.5909,0.94,0
16944,2012-12-13,4,1,12,18,0,4,1,1,0.32,0.3333,0.42,0.1045
16466,2012-11-23,4,1,11,19,0,5,1,2,0.46,0.4545,0.47,0.1642
15429,2012-10-10,4,1,10,1,0,3,1,2,0.46,0.4545,0.88,0
16576,2012-11-28,4,1,11,9,0,3,1,1,0.28,0.2727,0.52,0.194
14612,2012-09-06,3,1,9,0,0,4,1,2,0.7,0.6667,0.84,0.0896
16161,2012-11-11,4,1,11,2,0,0,0,1,0.32,0.3333,0.87,0.1045
15199,2012-09-30,4,1,9,11,0,0,0,1,0.6,0.6212,0.43,0.2239
16104,2012-11-08,4,1,11,17,0,4,1,1,0.4,0.4091,0.2,0.2985
16649,2012-12-01,4,1,12,11,0,6,0,2,0.32,0.3333,0.76,0.1045
16457,2012-11-23,4,1,11,10,0,5,1,1,0.34,0.3333,0.61,0.1642
17071,2012-12-19,4,1,12,1,0,3,1,1,0.3,0.3182,0.65,0.0896
15136,2012-09-27,4,1,9,20,0,4,1,2,0.64,0.6061,0.69,0.2239
16517,2012-11-25,4,1,11,22,0,0,0,1,0.24,0.2879,0.6,0
17331,2012-12-29,1,1,12,23,0,6,0,2,0.26,0.2424,0.6,0
17197,2012-12-24,1,1,12,8,0,1,1,1,0.22,0.2727,0.69,0
15678,2012-10-20,4,1,10,10,0,6,0,1,0.52,0.5,0.52,0.1343
17360,2012-12-31,1,1,12,4,0,1,1,1,0.14,0.1667,0.69,0.1045
14510,2012-09-01,3,1,9,18,0,6,0,2,0.82,0.7727,0.52,0
15451,2012-10-10,4,1,10,23,0,3,1,1,0.44,0.4394,0.58,0.194
15760,2012-10-23,4,1,10,20,0,2,1,1,0.58,0.5455,0.64,0.1343
17280,2012-12-27,1,1,12,20,0,4,1,1,0.24,0.2424,0.6,0.1642
17372,2012-12-31,1,1,12,16,0,1,1,2,0.26,0.2576,0.48,0.194
14531,2012-09-02,3,1,9,15,0,0,0,3,0.74,0.7121,0.74,0.1343
16894,2012-12-11,4,1,12,16,0,2,1,2,0.38,0.3939,0.5,0.2239
15850,2012-10-27,4,1,10,14,0,6,0,1,0.6,0.6212,0.46,0.2537
14698,2012-09-09,3,1,9,14,0,0,0,1,0.72,0.6515,0.3,0.2836
15832,2012-10-26,4,1,10,20,0,5,1,2,0.54,0.5152,0.83,0.1642
16235,2012-11-14,4,1,11,4,0,3,1,1,0.22,0.2273,0.69,0.194
15162,2012-09-28,4,1,9,22,0,5,1,2,0.58,0.5455,0.53,0.2239
14862,2012-09-16,3,1,9,10,0,0,0,1,0.62,0.6212,0.5,0.1045
15957,2012-11-02,4,1,11,13,0,5,1,1,0.4,0.4091,0.43,0.3582
16017,2012-11-05,4,1,11,1,0,1,1,2,0.3,0.303,0.56,0.1642
16717,2012-12-04,4,1,12,7,0,2,1,1,0.42,0.4242,0.88,0.1343
16083,2012-11-07,4,1,11,19,0,3,1,2,0.3,0.2727,0.56,0.2985
16750,2012-12-05,4,1,12,16,0,3,1,1,0.46,0.4545,0.33,0.2836
16346,2012-11-18,4,1,11,19,0,0,0,1,0.36,0.3485,0.66,0.1642
16412,2012-11-21,4,1,11,13,0,3,1,1,0.44,0.4394,0.35,0.2239
17353,2012-12-30,1,1,12,21,0,0,0,1,0.2,0.2121,0.51,0.1642
16566,2012-11-27,4,1,11,23,0,2,1,2,0.26,0.2424,0.81,0.2537
15243,2012-10-02,4,1,10,7,0,2,1,3,0.58,0.5455,0.83,0.1045
15521,2012-10-13,4,1,10,21,0,6,0,1,0.4,0.4091,0.58,0.194
16221,2012-11-13,4,1,11,14,0,2,1,1,0.38,0.3939,0.46,0.3881
14691,2012-09-09,3,1,9,7,0,0,0,1,0.54,0.5152,0.73,0.1642
15833,2012-10-26,4,1,10,21,0,5,1,2,0.54,0.5152,0.77,0.1343
14596,2012-09-05,3,1,9,8,0,3,1,1,0.72,0.697,0.74,0.194
15700,2012-10-21,4,1,10,8,0,0,0,1,0.42,0.4242,0.67,0
14757,2012-09-12,3,1,9,1,0,3,1,1,0.52,0.5,0.72,0.1045
15854,2012-10-27,4,1,10,18,0,6,0,2,0.56,0.5303,0.64,0.2836
14637,2012-09-07,3,1,9,1,0,5,1,1,0.62,0.5606,0.88,0.1045
15306,2012-10-04,4,1,10,22,0,4,1,1,0.64,0.6212,0.47,0.1343
16586,2012-11-28,4,1,11,19,0,3,1,1,0.32,0.3182,0.36,0.1642
16552,2012-11-27,4,1,11,9,0,2,1,2,0.32,0.3333,0.81,0.1343
15773,2012-10-24,4,1,10,9,0,3,1,2,0.52,0.5,0.77,0.0896
17035,2012-12-17,4,1,12,13,0,1,1,2,0.4,0.4091,0.87,0.1343
14497,2012-09-01,3,1,9,5,0,6,0,1,0.68,0.6364,0.79,0
15120,2012-09-27,4,1,9,4,0,4,1,1,0.56,0.5303,0.94,0.1343
14892,2012-09-17,3,1,9,16,0,1,1,2,0.64,0.6061,0.69,0.2537
15363,2012-10-07,4,1,10,7,0,0,0,3,0.42,0.4242,0.58,0.1642
15146,2012-09-28,4,1,9,6,0,5,1,2,0.56,0.5303,0.94,0.0896
17082,2012-12-19,4,1,12,12,0,3,1,1,0.4,0.4091,0.54,0.2836
16677,2012-12-02,4,1,12,15,0,0,0,1,0.44,0.4394,0.67,0.1343
16899,2012-12-11,4,1,12,21,0,2,1,1,0.32,0.3182,0.53,0.194
16416,2012-11-21,4,1,11,17,0,3,1,1,0.4,0.4091,0.4,0.1642
15615,2012-10-17,4,1,10,19,0,3,1,1,0.5,0.4848,0.72,0.194
14708,2012-09-10,3,1,9,0,0,1,1,1,0.56,0.5303,0.52,0.2836
17347,2012-12-30,1,1,12,15,0,0,0,1,0.28,0.2576,0.38,0.3284
15177,2012-09-29,4,1,9,13,0,6,0,1,0.62,0.6212,0.41,0.2985
16123,2012-11-09,4,1,11,12,0,5,1,1,0.44,0.4394,0.41,0.3284
15810,2012-10-25,4,1,10,22,0,4,1,2,0.54,0.5152,0.83,0.0896
15362,2012-10-07,4,1,10,6,0,0,0,2,0.44,0.4394,0.54,0.194
17191,2012-12-24,1,1,12,1,0,1,1,1,0.22,0.2727,0.69,0
15273,2012-10-03,4,1,10,13,0,3,1,2,0.7,0.6667,0.74,0.1045
14658,2012-09-07,3,1,9,22,0,5,1,1,0.7,0.6667,0.74,0.2239
15223,2012-10-01,4,1,10,11,0,1,1,1,0.58,0.5455,0.46,0
17149,2012-12-22,1,1,12,7,0,6,0,1,0.26,0.2273,0.44,0.4179
15353,2012-10-06,4,1,10,21,0,6,0,1,0.46,0.4545,0.59,0.1343
14674,2012-09-08,3,1,9,14,0,6,0,1,0.82,0.7727,0.52,0.4478
16375,2012-11-20,4,1,11,0,0,2,1,1,0.32,0.3333,0.7,0.1343
14699,2012-09-09,3,1,9,15,0,0,0,1,0.72,0.6515,0.32,0.2537
15640,2012-10-18,4,1,10,20,0,4,1,2,0.56,0.5303,0.68,0.2537
14568,2012-09-04,3,1,9,4,0,2,1,2,0.66,0.5909,0.89,0
16357,2012-11-19,4,1,11,6,0,1,1,2,0.36,0.3333,0.66,0.2537
16912,2012-12-12,4,1,12,10,0,3,1,2,0.3,0.303,0.56,0.1642
16078,2012-11-07,4,1,11,14,0,3,1,2,0.32,0.2879,0.53,0.3582
15586,2012-10-16,4,1,10,14,0,2,1,1,0.54,0.5152,0.39,0.2537
14609,2012-09-05,3,1,9,21,0,3,1,1,0.72,0.697,0.79,0
15964,2012-11-02,4,1,11,20,0,5,1,2,0.36,0.3333,0.46,0.4179
14580,2012-09-04,3,1,9,16,0,2,1,1,0.76,0.7273,0.7,0.4179
16086,2012-11-07,4,1,11,22,0,3,1,3,0.3,0.2879,0.56,0.2537
15805,2012-10-25,4,1,10,17,0,4,1,1,0.6,0.5909,0.69,0.1642
16814,2012-12-08,4,1,12,8,0,6,0,2,0.38,0.3939,0.94,0.0896
15739,2012-10-22,4,1,10,23,0,1,1,1,0.46,0.4545,0.82,0.1045
15436,2012-10-10,4,1,10,8,0,3,1,1,0.5,0.4848,0.77,0.1642
15535,2012-10-14,4,1,10,11,0,0,0,1,0.56,0.5303,0.52,0.2985
16168,2012-11-11,4,1,11,9,0,0,0,1,0.36,0.3788,0.77,0
14914,2012-09-18,3,1,9,14,0,2,1,3,0.6,0.5152,0.94,0.4627
16736,2012-12-05,4,1,12,2,0,3,1,1,0.46,0.4545,0.67,0.1642
16522,2012-11-26,4,1,11,3,0,1,1,1,0.2,0.2576,0.69,0
15502,2012-10-13,4,1,10,2,0,6,0,1,0.34,0.3333,0.53,0.194
14786,2012-09-13,3,1,9,6,0,4,1,1,0.5,0.4848,0.82,0
16468,2012-11-23,4,1,11,21,0,5,1,1,0.46,0.4545,0.47,0.2537
16715,2012-12-04,4,1,12,5,0,2,1,2,0.44,0.4394,0.88,0
17282,2012-12-27,1,1,12,22,0,4,1,2,0.24,0.2121,0.6,0.2836
16316,2012-11-17,4,1,11,13,0,6,0,1,0.42,0.4242,0.38,0.2537
17320,2012-12-29,1,1,12,12,0,6,0,3,0.2,0.2424,1,0
14896,2012-09-17,3,1,9,20,0,1,1,2,0.62,0.5909,0.73,0.1343
15787,2012-10-24,4,1,10,23,0,3,1,2,0.58,0.5455,0.68,0.0896
15312,2012-10-05,4,1,10,4,0,5,1,1,0.54,0.5152,0.77,0
14697,2012-09-09,3,1,9,13,0,0,0,1,0.68,0.6364,0.39,0
14940,2012-09-19,3,1,9,16,0,3,1,1,0.62,0.6212,0.35,0
15271,2012-10-03,4,1,10,11,0,3,1,1,0.66,0.6061,0.78,0.1642
16112,2012-11-09,4,1,11,1,0,5,1,1,0.32,0.303,0.53,0.2836
15972,2012-11-03,4,1,11,4,0,6,0,2,0.32,0.303,0.49,0.2985
16781,2012-12-06,4,1,12,23,0,4,1,1,0.24,0.2424,0.65,0.1642
16147,2012-11-10,4,1,11,12,0,6,0,1,0.48,0.4697,0.48,0
16561,2012-11-27,4,1,11,18,0,2,1,1,0.26,0.2273,0.81,0.3582
16806,2012-12-08,4,1,12,0,0,6,0,2,0.36,0.3636,0.93,0.0896
17348,2012-12-30,1,1,12,16,0,0,0,1,0.28,0.2424,0.38,0.4179
16119,2012-11-09,4,1,11,8,0,5,1,1,0.32,0.3182,0.57,0.1642
16209,2012-11-13,4,1,11,2,0,2,1,3,0.36,0.3182,0.87,0.4478
15789,2012-10-25,4,1,10,1,0,4,1,1,0.58,0.5455,0.68,0
14586,2012-09-04,3,1,9,22,0,2,1,1,0.74,0.697,0.7,0.2836
17217,2012-12-25,1,1,12,5,1,2,0,2,0.22,0.2273,0.93,0.1343
16387,2012-11-20,4,1,11,12,0,2,1,2,0.42,0.4242,0.67,0
16440,2012-11-22,4,1,11,17,1,4,0,1,0.44,0.4394,0.35,0
15268,2012-10-03,4,1,10,8,0,3,1,2,0.62,0.5606,0.88,0.1045
16469,2012-11-23,4,1,11,22,0,5,1,1,0.44,0.4394,0.33,0.5224
16462,2012-11-23,4,1,11,15,0,5,1,1,0.48,0.4697,0.41,0.2537
16898,2012-12-11,4,1,12,20,0,2,1,1,0.32,0.303,0.53,0.2239
16076,2012-11-07,4,1,11,12,0,3,1,2,0.32,0.303,0.53,0.2836
16406,2012-11-21,4,1,11,7,0,3,1,1,0.26,0.2879,0.87,0.0896
16110,2012-11-08,4,1,11,23,0,4,1,1,0.34,0.303,0.46,0.3582
17231,2012-12-25,1,1,12,19,1,2,0,2,0.32,0.303,0.66,0.2239
17330,2012-12-29,1,1,12,22,0,6,0,2,0.26,0.2424,0.6,0.4627
15205,2012-09-30,4,1,9,17,0,0,0,1,0.62,0.6212,0.35,0.2836
16379,2012-11-20,4,1,11,4,0,2,1,2,0.34,0.3333,0.66,0.194
15719,2012-10-22,4,1,10,3,0,1,1,1,0.4,0.4091,0.62,0
15928,2012-11-01,4,1,11,8,0,4,1,2,0.36,0.3788,0.56,0.1045
15581,2012-10-16,4,1,10,9,0,2,1,1,0.48,0.4697,0.55,0.2537
16782,2012-12-07,4,1,12,0,0,5,1,1,0.24,0.2576,0.7,0.1045
15104,2012-09-26,4,1,9,12,0,3,1,1,0.68,0.6364,0.61,0.2239
17161,2012-12-22,1,1,12,19,0,6,0,1,0.24,0.2121,0.48,0.3582
16604,2012-11-29,4,1,11,14,0,4,1,1,0.36,0.3485,0.43,0.2239
15562,2012-10-15,4,1,10,14,0,1,1,2,0.6,0.5758,0.78,0.2836
15887,2012-10-30,4,1,10,15,0,2,1,3,0.3,0.2879,0.87,0.2537
17030,2012-12-17,4,1,12,8,0,1,1,2,0.38,0.3939,0.87,0.1045
15038,2012-09-23,4,1,9,18,0,0,0,1,0.54,0.5152,0.37,0.194
15604,2012-10-17,4,1,10,8,0,3,1,2,0.4,0.4091,0.76,0
14902,2012-09-18,3,1,9,2,0,2,1,3,0.6,0.5152,0.94,0.194
15731,2012-10-22,4,1,10,15,0,1,1,1,0.64,0.6212,0.29,0.1642
15730,2012-10-22,4,1,10,14,0,1,1,1,0.62,0.6061,0.27,0.194
16525,2012-11-26,4,1,11,6,0,1,1,1,0.22,0.2727,0.69,0
16651,2012-12-01,4,1,12,13,0,6,0,2,0.34,0.3636,0.76,0
15890,2012-10-30,4,1,10,18,0,2,1,3,0.3,0.303,0.87,0.1343
16055,2012-11-06,4,1,11,15,0,2,1,1,0.34,0.3182,0.46,0.2537
16956,2012-12-14,4,1,12,6,0,5,1,1,0.16,0.1818,0.8,0.1045
14597,2012-09-05,3,1,9,9,0,3,1,1,0.74,0.697,0.7,0.2537
14908,2012-09-18,3,1,9,8,0,2,1,2,0.66,0.6061,0.83,0.5522
17110,2012-12-20,4,1,12,16,0,4,1,2,0.34,0.303,0.53,0.3284
16197,2012-11-12,4,1,11,14,1,1,0,1,0.58,0.5455,0.6,0.2836
15447,2012-10-10,4,1,10,19,0,3,1,2,0.56,0.5303,0.46,0.5821
15295,2012-10-04,4,1,10,11,0,4,1,2,0.7,0.6515,0.7,0.1045
15936,2012-11-01,4,1,11,16,0,4,1,2,0.4,0.4091,0.54,0.1642
16169,2012-11-11,4,1,11,10,0,0,0,1,0.4,0.4091,0.69,0.1045
17322,2012-12-29,1,1,12,14,0,6,0,2,0.24,0.2424,0.87,0.0896
16962,2012-12-14,4,1,12,12,0,5,1,1,0.36,0.3485,0.5,0.194
14781,2012-09-13,3,1,9,1,0,4,1,1,0.54,0.5152,0.77,0.0896
16424,2012-11-22,4,1,11,1,1,4,0,1,0.28,0.303,0.65,0.0896
16630,2012-11-30,4,1,11,16,0,5,1,1,0.4,0.4091,0.43,0.1343
16184,2012-11-12,4,1,11,1,1,1,0,1,0.4,0.4091,0.76,0.1642
16308,2012-11-17,4,1,11,5,0,6,0,1,0.24,0.2424,0.7,0.1642
15757,2012-10-23,4,1,10,17,0,2,1,1,0.68,0.6364,0.41,0
15872,2012-10-28,4,1,10,12,0,0,0,2,0.48,0.4697,0.59,0.4925
15638,2012-10-18,4,1,10,18,0,4,1,2,0.56,0.5303,0.64,0.3284
14665,2012-09-08,3,1,9,5,0,6,0,2,0.66,0.5909,0.94,0.2537
17264,2012-12-27,1,1,12,4,0,4,1,2,0.24,0.2121,0.87,0.3284
16523,2012-11-26,4,1,11,4,0,1,1,1,0.22,0.2727,0.69,0
14881,2012-09-17,3,1,9,5,0,1,1,1,0.48,0.4697,0.82,0.0896
15128,2012-09-27,4,1,9,12,0,4,1,2,0.74,0.6667,0.48,0.1343
14601,2012-09-05,3,1,9,13,0,3,1,1,0.8,0.7879,0.63,0.1642
16890,2012-12-11,4,1,12,12,0,2,1,2,0.36,0.3182,0.53,0.4478
17005,2012-12-16,4,1,12,7,0,0,0,2,0.34,0.3485,0.87,0.0896
15526,2012-10-14,4,1,10,2,0,0,0,1,0.4,0.4091,0.76,0.0896
15695,2012-10-21,4,1,10,3,0,0,0,1,0.38,0.3939,0.66,0.0896
15380,2012-10-08,4,1,10,0,1,1,0,1,0.38,0.3939,0.76,0.2836
16734,2012-12-05,4,1,12,0,0,3,1,1,0.5,0.4848,0.59,0.2836
15126,2012-09-27,4,1,9,10,0,4,1,2,0.7,0.6515,0.51,0.2836
14523,2012-09-02,3,1,9,7,0,0,0,1,0.66,0.5909,0.94,0.0896
16338,2012-11-18,4,1,11,11,0,0,0,1,0.38,0.3939,0.62,0.2836
16258,2012-11-15,4,1,11,3,0,4,1,2,0.26,0.2879,0.7,0.0896
15864,2012-10-28,4,1,10,4,0,0,0,2,0.5,0.4848,0.63,0.3582
15406,2012-10-09,4,1,10,2,0,2,1,3,0.36,0.3333,0.87,0.2537
16225,2012-11-13,4,1,11,18,0,2,1,1,0.34,0.3182,0.49,0.2836
15173,2012-09-29,4,1,9,9,0,6,0,1,0.5,0.4848,0.63,0.194
16555,2012-11-27,4,1,11,12,0,2,1,3,0.28,0.2576,0.87,0.3881
15071,2012-09-25,4,1,9,3,0,2,1,1,0.42,0.4242,0.71,0.0896
16187,2012-11-12,4,1,11,4,1,1,0,1,0.4,0.4091,0.76,0.0896
16859,2012-12-10,4,1,12,5,0,1,1,2,0.38,0.3939,0.94,0.1045
15709,2012-10-21,4,1,10,17,0,0,0,1,0.52,0.5,0.39,0.2537
16935,2012-12-13,4,1,12,9,0,4,1,1,0.28,0.2727,0.52,0.2537
16009,2012-11-04,4,1,11,17,0,0,0,1,0.36,0.3485,0.43,0.194
14522,2012-09-02,3,1,9,6,0,0,0,2,0.66,0.5909,0.89,0
15896,2012-10-31,4,1,10,0,0,3,1,2,0.3,0.3182,0.81,0.1045
16969,2012-12-14,4,1,12,19,0,5,1,1,0.34,0.3485,0.53,0.0896
17192,2012-12-24,1,1,12,2,0,1,1,1,0.2,0.2576,0.75,0
16036,2012-11-05,4,1,11,20,0,1,1,1,0.32,0.303,0.49,0.2537
16877,2012-12-10,4,1,12,23,0,1,1,1,0.46,0.4545,0.88,0.2537
15836,2012-10-27,4,1,10,0,0,6,0,1,0.5,0.4848,0.88,0.1343
15679,2012-10-20,4,1,10,11,0,6,0,1,0.54,0.5152,0.52,0.2239
14649,2012-09-07,3,1,9,13,0,5,1,1,0.8,0.7727,0.59,0.2537
17133,2012-12-21,1,1,12,15,0,5,1,2,0.3,0.2727,0.42,0.3881
14897,2012-09-17,3,1,9,21,0,1,1,3,0.62,0.5758,0.83,0.2239
16647,2012-12-01,4,1,12,9,0,6,0,2,0.26,0.2424,0.93,0.2537
15888,2012-10-30,4,1,10,16,0,2,1,3,0.3,0.2879,0.87,0.2537
17145,2012-12-22,1,1,12,3,0,6,0,1,0.26,0.2121,0.48,0.4478
14521,2012-09-02,3,1,9,5,0,0,0,1,0.66,0.5909,0.89,0
16059,2012-11-06,4,1,11,19,0,2,1,1,0.3,0.2879,0.56,0.2239
16358,2012-11-19,4,1,11,7,0,1,1,2,0.36,0.3333,0.66,0.2985
14793,2012-09-13,3,1,9,13,0,4,1,1,0.7,0.6364,0.42,0
15400,2012-10-08,4,1,10,20,1,1,0,3,0.4,0.4091,0.71,0.2239
15031,2012-09-23,4,1,9,11,0,0,0,1,0.56,0.5303,0.46,0.2537
16081,2012-11-07,4,1,11,17,0,3,1,2,0.32,0.2879,0.53,0.3881
15639,2012-10-18,4,1,10,19,0,4,1,2,0.56,0.5303,0.68,0.2985
16435,2012-11-22,4,1,11,12,1,4,0,1,0.44,0.4394,0.35,0
16936,2012-12-13,4,1,12,10,0,4,1,1,0.32,0.303,0.45,0.2836
15266,2012-10-03,4,1,10,6,0,3,1,2,0.6,0.5152,0.94,0.1343
15922,2012-11-01,4,1,11,2,0,4,1,1,0.32,0.3333,0.66,0.1343
15307,2012-10-04,4,1,10,23,0,4,1,1,0.6,0.6212,0.56,0.0896
16568,2012-11-28,4,1,11,1,0,3,1,2,0.26,0.2576,0.75,0.2239
14907,2012-09-18,3,1,9,7,0,2,1,2,0.64,0.5758,0.89,0.4478
16043,2012-11-06,4,1,11,3,0,2,1,1,0.22,0.2424,0.64,0.1045
15687,2012-10-20,4,1,10,19,0,6,0,1,0.5,0.4848,0.45,0.1343
15610,2012-10-17,4,1,10,14,0,3,1,2,0.56,0.5303,0.43,0.1642
17339,2012-12-30,1,1,12,7,0,0,0,1,0.24,0.2121,0.56,0.3582
14919,2012-09-18,3,1,9,19,0,2,1,2,0.6,0.5455,0.88,0.2985
15613,2012-10-17,4,1,10,17,0,3,1,1,0.54,0.5152,0.56,0.1045
17050,2012-12-18,4,1,12,4,0,2,1,1,0.42,0.4242,0.82,0.1642
16698,2012-12-03,4,1,12,12,0,1,1,1,0.52,0.5,0.68,0.1642
16731,2012-12-04,4,1,12,21,0,2,1,2,0.5,0.4848,0.63,0.2537
15792,2012-10-25,4,1,10,4,0,4,1,2,0.52,0.5,0.88,0.1045
16570,2012-11-28,4,1,11,3,0,3,1,2,0.26,0.2576,0.7,0.2239
16569,2012-11-28,4,1,11,2,0,3,1,2,0.26,0.2576,0.75,0.2239
17056,2012-12-18,4,1,12,10,0,2,1,1,0.44,0.4394,0.77,0.0896
17286,2012-12-28,1,1,12,2,0,5,1,1,0.24,0.2273,0.6,0.2537
17365,2012-12-31,1,1,12,9,0,1,1,2,0.18,0.2121,0.64,0.1045
15044,2012-09-24,4,1,9,0,0,1,1,1,0.46,0.4545,0.63,0.194
15655,2012-10-19,4,1,10,11,0,5,1,1,0.6,0.5606,0.83,0.194
15837,2012-10-27,4,1,10,1,0,6,0,2,0.5,0.4848,0.88,0.1343
16837,2012-12-09,4,1,12,7,0,0,0,3,0.4,0.4091,0.87,0.2239
15498,2012-10-12,4,1,10,22,0,5,1,1,0.4,0.4091,0.47,0.2985
16474,2012-11-24,4,1,11,3,0,6,0,1,0.28,0.2576,0.41,0.3582
16542,2012-11-26,4,1,11,23,0,1,1,2,0.32,0.3333,0.66,0.1045
16476,2012-11-24,4,1,11,5,0,6,0,1,0.26,0.2273,0.41,0.3284
15196,2012-09-30,4,1,9,8,0,0,0,1,0.48,0.4697,0.67,0.1045
16359,2012-11-19,4,1,11,8,0,1,1,2,0.36,0.3333,0.66,0.2985
14858,2012-09-16,3,1,9,6,0,0,0,1,0.5,0.4848,0.72,0
15054,2012-09-24,4,1,9,10,0,1,1,1,0.54,0.5152,0.49,0.2239
15463,2012-10-11,4,1,10,11,0,4,1,1,0.46,0.4545,0.36,0
17010,2012-12-16,4,1,12,12,0,0,0,2,0.38,0.3939,0.82,0.194
17169,2012-12-23,1,1,12,3,0,0,0,1,0.2,0.2121,0.51,0.1343
15277,2012-10-03,4,1,10,17,0,3,1,1,0.7,0.6515,0.65,0
15741,2012-10-23,4,1,10,1,0,2,1,1,0.46,0.4545,0.77,0.1642
15351,2012-10-06,4,1,10,19,0,6,0,1,0.48,0.4697,0.55,0.2239
17137,2012-12-21,1,1,12,19,0,5,1,1,0.28,0.2576,0.45,0.2985
16924,2012-12-12,4,1,12,22,0,3,1,2,0.3,0.2879,0.52,0.2239
14777,2012-09-12,3,1,9,21,0,3,1,1,0.6,0.6061,0.6,0.1343
14973,2012-09-21,3,1,9,1,0,5,1,1,0.52,0.5,0.72,0
15848,2012-10-27,4,1,10,12,0,6,0,1,0.6,0.6212,0.53,0.2537
15119,2012-09-27,4,1,9,3,0,4,1,1,0.6,0.5758,0.78,0
15092,2012-09-26,4,1,9,0,0,3,1,1,0.58,0.5455,0.64,0.2985
16546,2012-11-27,4,1,11,3,0,2,1,3,0.32,0.3333,0.7,0.1343
17271,2012-12-27,1,1,12,11,0,4,1,2,0.28,0.2424,0.56,0.4478
17259,2012-12-26,1,1,12,23,0,3,1,3,0.26,0.2273,0.87,0.2985
16220,2012-11-13,4,1,11,13,0,2,1,1,0.34,0.3182,0.53,0.2537
16102,2012-11-08,4,1,11,15,0,4,1,1,0.44,0.4394,0.18,0.4179
15370,2012-10-07,4,1,10,14,0,0,0,2,0.44,0.4394,0.67,0
16038,2012-11-05,4,1,11,22,0,1,1,1,0.28,0.2727,0.56,0.194
15901,2012-10-31,4,1,10,5,0,3,1,2,0.3,0.303,0.81,0.1343
17187,2012-12-23,1,1,12,21,0,0,0,1,0.24,0.2879,0.7,0
16846,2012-12-09,4,1,12,16,0,0,0,3,0.36,0.3485,0.93,0.1642
14751,2012-09-11,3,1,9,19,0,2,1,1,0.62,0.6212,0.41,0.194
15404,2012-10-09,4,1,10,0,0,2,1,2,0.38,0.3939,0.82,0.2239
17363,2012-12-31,1,1,12,7,0,1,1,1,0.16,0.1818,0.64,0.1343
14948,2012-09-20,3,1,9,0,0,4,1,1,0.5,0.4848,0.63,0
16638,2012-12-01,4,1,12,0,0,6,0,1,0.26,0.303,0.81,0
16077,2012-11-07,4,1,11,13,0,3,1,2,0.32,0.303,0.53,0.2537
16748,2012-12-05,4,1,12,14,0,3,1,1,0.48,0.4697,0.33,0.4925
17144,2012-12-22,1,1,12,2,0,6,0,1,0.26,0.2121,0.44,0.5224
16565,2012-11-27,4,1,11,22,0,2,1,1,0.24,0.2424,0.81,0.1642
15522,2012-10-13,4,1,10,22,0,6,0,1,0.4,0.4091,0.62,0
17265,2012-12-27,1,1,12,5,0,4,1,1,0.24,0.2424,0.75,0.1642
16217,2012-11-13,4,1,11,10,0,2,1,3,0.3,0.2727,0.75,0.3881
16181,2012-11-11,4,1,11,22,0,0,0,1,0.42,0.4242,0.71,0.194
16562,2012-11-27,4,1,11,19,0,2,1,1,0.26,0.2576,0.73,0.2985
14956,2012-09-20,3,1,9,8,0,4,1,1,0.5,0.4848,0.68,0.0896
17212,2012-12-24,1,1,12,23,0,1,1,3,0.24,0.2879,0.93,0
15321,2012-10-05,4,1,10,13,0,5,1,1,0.7,0.6515,0.48,0
16503,2012-11-25,4,1,11,8,0,0,0,2,0.22,0.2273,0.51,0.194
17078,2012-12-19,4,1,12,8,0,3,1,1,0.24,0.2576,0.87,0.1045
16203,2012-11-12,4,1,11,20,1,1,0,2,0.52,0.5,0.77,0.2836
16024,2012-11-05,4,1,11,8,0,1,1,2,0.3,0.2879,0.49,0.2239
14716,2012-09-10,3,1,9,8,0,1,1,1,0.56,0.5303,0.6,0.2836
15528,2012-10-14,4,1,10,4,0,0,0,1,0.42,0.4242,0.77,0.2836
16547,2012-11-27,4,1,11,4,0,2,1,3,0.3,0.2879,0.81,0.194
15094,2012-09-26,4,1,9,2,0,3,1,2,0.58,0.5455,0.64,0.2836
16240,2012-11-14,4,1,11,9,0,3,1,1,0.3,0.2727,0.52,0.3881
16322,2012-11-17,4,1,11,19,0,6,0,1,0.34,0.3485,0.53,0.0896
15607,2012-10-17,4,1,10,11,0,3,1,2,0.5,0.4848,0.51,0.0896
14670,2012-09-08,3,1,9,10,0,6,0,1,0.74,0.697,0.7,0.3881
14849,2012-09-15,3,1,9,21,0,6,0,1,0.56,0.5303,0.52,0.1045
17143,2012-12-22,1,1,12,1,0,6,0,1,0.26,0.2121,0.44,0.4478
16889,2012-12-11,4,1,12,11,0,2,1,2,0.36,0.3333,0.53,0.3582
15579,2012-10-16,4,1,10,7,0,2,1,1,0.42,0.4242,0.67,0.0896
16693,2012-12-03,4,1,12,7,0,1,1,2,0.34,0.3636,0.93,0
14605,2012-09-05,3,1,9,17,0,3,1,1,0.76,0.7273,0.66,0.2537
17087,2012-12-19,4,1,12,17,0,3,1,1,0.4,0.4091,0.5,0.3881
15058,2012-09-24,4,1,9,14,0,1,1,1,0.6,0.6061,0.28,0
15091,2012-09-25,4,1,9,23,0,2,1,1,0.6,0.6212,0.56,0.3284
16718,2012-12-04,4,1,12,8,0,2,1,2,0.44,0.4394,0.88,0.1642
16695,2012-12-03,4,1,12,9,0,1,1,1,0.4,0.4091,0.87,0.0896
14890,2012-09-17,3,1,9,14,0,1,1,2,0.64,0.6061,0.65,0.2537
15375,2012-10-07,4,1,10,19,0,0,0,2,0.4,0.4091,0.82,0.1045
17257,2012-12-26,1,1,12,21,0,3,1,2,0.3,0.2727,0.87,0.2985
16529,2012-11-26,4,1,11,10,0,1,1,1,0.32,0.3485,0.49,0
15879,2012-10-28,4,1,10,19,0,0,0,3,0.42,0.4242,0.94,0.3582
14678,2012-09-08,3,1,9,18,0,6,0,3,0.58,0.5455,0.83,0.1343
16298,2012-11-16,4,1,11,19,0,5,1,1,0.36,0.3485,0.46,0.2239
16366,2012-11-19,4,1,11,15,0,1,1,1,0.44,0.4394,0.54,0.194
15913,2012-10-31,4,1,10,17,0,3,1,2,0.4,0.4091,0.58,0.1642
15004,2012-09-22,3,1,9,8,0,6,0,1,0.6,0.5909,0.73,0.2985
15163,2012-09-28,4,1,9,23,0,5,1,2,0.56,0.5303,0.56,0.194
15626,2012-10-18,4,1,10,6,0,4,1,1,0.44,0.4394,0.88,0.2985
16090,2012-11-08,4,1,11,2,0,4,1,2,0.3,0.2879,0.49,0.2239
15416,2012-10-09,4,1,10,12,0,2,1,2,0.48,0.4697,0.69,0.194
15284,2012-10-04,4,1,10,0,0,4,1,3,0.64,0.5758,0.89,0
14738,2012-09-11,3,1,9,6,0,2,1,1,0.46,0.4545,0.77,0.1045
16745,2012-12-05,4,1,12,11,0,3,1,1,0.44,0.4394,0.44,0.2836
15247,2012-10-02,4,1,10,11,0,2,1,3,0.58,0.5455,0.94,0.1343
15345,2012-10-06,4,1,10,13,0,6,0,2,0.64,0.6212,0.57,0.5224
15738,2012-10-22,4,1,10,22,0,1,1,1,0.46,0.4545,0.82,0.1343
15494,2012-10-12,4,1,10,18,0,5,1,1,0.44,0.4394,0.38,0.2985
16029,2012-11-05,4,1,11,13,0,1,1,1,0.36,0.3333,0.4,0.2537
15305,2012-10-04,4,1,10,21,0,4,1,1,0.62,0.6061,0.69,0
16968,2012-12-14,4,1,12,18,0,5,1,1,0.36,0.3485,0.46,0.1343
14689,2012-09-09,3,1,9,5,0,0,0,1,0.52,0.5,0.77,0.194
16603,2012-11-29,4,1,11,13,0,4,1,1,0.38,0.3939,0.32,0.1343
15742,2012-10-23,4,1,10,2,0,2,1,1,0.44,0.4394,0.88,0.1343
14666,2012-09-08,3,1,9,6,0,6,0,2,0.66,0.5909,0.89,0.2836
15006,2012-09-22,3,1,9,10,0,6,0,1,0.66,0.6212,0.65,0.3284
17116,2012-12-20,4,1,12,22,0,4,1,3,0.34,0.3333,0.87,0.194
16451,2012-11-23,4,1,11,4,0,5,1,1,0.24,0.2576,0.75,0.1045
15471,2012-10-11,4,1,10,19,0,4,1,1,0.44,0.4394,0.51,0.1343
16296,2012-11-16,4,1,11,17,0,5,1,1,0.36,0.3485,0.46,0.194
14891,2012-09-17,3,1,9,15,0,1,1,2,0.64,0.6061,0.65,0.2537
15394,2012-10-08,4,1,10,14,1,1,0,2,0.42,0.4242,0.58,0.1045
17183,2012-12-23,1,1,12,17,0,0,0,1,0.32,0.3182,0.49,0.194
17333,2012-12-30,1,1,12,1,0,0,0,2,0.26,0.2273,0.56,0.4179
16643,2012-12-01,4,1,12,5,0,6,0,1,0.24,0.2576,0.87,0.0896
14730,2012-09-10,3,1,9,22,0,1,1,1,0.54,0.5152,0.52,0.1343
15600,2012-10-17,4,1,10,4,0,3,1,1,0.36,0.3636,0.81,0.0896
16477,2012-11-24,4,1,11,6,0,6,0,1,0.24,0.2121,0.44,0.2836
14895,2012-09-17,3,1,9,19,0,1,1,2,0.62,0.5909,0.73,0.1045
16088,2012-11-08,4,1,11,0,0,4,1,3,0.28,0.2727,0.61,0.2239
16739,2012-12-05,4,1,12,5,0,3,1,1,0.5,0.4848,0.59,0.2836
17025,2012-12-17,4,1,12,3,0,1,1,2,0.36,0.3788,0.93,0
14788,2012-09-13,3,1,9,8,0,4,1,1,0.56,0.5303,0.73,0
15442,2012-10-10,4,1,10,14,0,3,1,1,0.6,0.6212,0.4,0.1642
16413,2012-11-21,4,1,11,14,0,3,1,1,0.46,0.4545,0.33,0.194
16826,2012-12-08,4,1,12,20,0,6,0,2,0.36,0.3788,1,0
15720,2012-10-22,4,1,10,4,0,1,1,1,0.38,0.3939,0.66,0
15697,2012-10-21,4,1,10,5,0,0,0,1,0.38,0.3939,0.66,0.0896
16747,2012-12-05,4,1,12,13,0,3,1,1,0.46,0.4545,0.41,0.2836
14598,2012-09-05,3,1,9,10,0,3,1,2,0.76,0.7273,0.7,0.1642
16410,2012-11-21,4,1,11,11,0,3,1,1,0.4,0.4091,0.5,0.194
16069,2012-11-07,4,1,11,5,0,3,1,2,0.28,0.2576,0.52,0.3284
15062,2012-09-24,4,1,9,18,0,1,1,1,0.54,0.5152,0.37,0.1642
15565,2012-10-15,4,1,10,17,0,1,1,1,0.56,0.5303,0.64,0.2537
14925,2012-09-19,3,1,9,1,0,3,1,2,0.54,0.5152,0.68,0.2537
15675,2012-10-20,4,1,10,7,0,6,0,1,0.4,0.4091,0.82,0
16550,2012-11-27,4,1,11,7,0,2,1,3,0.3,0.303,0.81,0.1343
15079,2012-09-25,4,1,9,11,0,2,1,1,0.6,0.6212,0.46,0.2985
15552,2012-10-15,4,1,10,4,0,1,1,2,0.56,0.5303,0.68,0.2239
16269,2012-11-15,4,1,11,14,0,4,1,2,0.38,0.3939,0.54,0.1642
14500,2012-09-01,3,1,9,8,0,6,0,2,0.76,0.7121,0.58,0.2537
16769,2012-12-06,4,1,12,11,0,4,1,1,0.26,0.2576,0.48,0.1642
14663,2012-09-08,3,1,9,3,0,6,0,2,0.66,0.5909,0.89,0.2239
16288,2012-11-16,4,1,11,9,0,5,1,1,0.34,0.3485,0.53,0.1045
15229,2012-10-01,4,1,10,17,0,1,1,3,0.56,0.5303,0.6,0.2537
14736,2012-09-11,3,1,9,4,0,2,1,1,0.48,0.4697,0.72,0.1045
15734,2012-10-22,4,1,10,18,0,1,1,1,0.54,0.5152,0.64,0.1045
15145,2012-09-28,4,1,9,5,0,5,1,1,0.56,0.5303,0.88,0
14970,2012-09-20,3,1,9,22,0,4,1,1,0.54,0.5152,0.73,0.1045
16483,2012-11-24,4,1,11,12,0,6,0,2,0.3,0.2576,0.36,0.6119
15407,2012-10-09,4,1,10,3,0,2,1,3,0.36,0.3333,0.87,0.2836
16685,2012-12-02,4,1,12,23,0,0,0,2,0.42,0.4242,0.82,0.1343
15207,2012-09-30,4,1,9,19,0,0,0,3,0.5,0.4848,0.72,0.1343
15269,2012-10-03,4,1,10,9,0,3,1,2,0.62,0.5758,0.83,0.194
14775,2012-09-12,3,1,9,19,0,3,1,1,0.64,0.6212,0.5,0.194
14727,2012-09-10,3,1,9,19,0,1,1,1,0.62,0.6212,0.38,0.2985
14542,2012-09-03,3,1,9,2,1,1,0,1,0.66,0.5909,0.89,0.1045
16149,2012-11-10,4,1,11,14,0,6,0,1,0.54,0.5152,0.37,0
15624,2012-10-18,4,1,10,4,0,4,1,1,0.44,0.4394,0.88,0.2239
14651,2012-09-07,3,1,9,15,0,5,1,1,0.8,0.7576,0.55,0.2537
16940,2012-12-13,4,1,12,14,0,4,1,1,0.36,0.3485,0.34,0.1642
15716,2012-10-22,4,1,10,0,0,1,1,1,0.4,0.4091,0.62,0
17095,2012-12-20,4,1,12,1,0,4,1,1,0.32,0.3485,0.66,0
17368,2012-12-31,1,1,12,12,0,1,1,2,0.24,0.2273,0.56,0.194
16942,2012-12-13,4,1,12,16,0,4,1,1,0.34,0.3485,0.39,0.1045
15192,2012-09-30,4,1,9,4,0,0,0,1,0.46,0.4545,0.67,0.0896
15465,2012-10-11,4,1,10,13,0,4,1,1,0.5,0.4848,0.31,0.1045
17099,2012-12-20,4,1,12,5,0,4,1,2,0.3,0.3182,0.7,0.1045
16863,2012-12-10,4,1,12,9,0,1,1,2,0.42,0.4242,1,0.2239
16808,2012-12-08,4,1,12,2,0,6,0,2,0.36,0.3485,0.93,0.1343
16680,2012-12-02,4,1,12,18,0,0,0,2,0.44,0.4394,0.72,0.1045
14642,2012-09-07,3,1,9,6,0,5,1,1,0.62,0.5606,0.88,0.1045
16807,2012-12-08,4,1,12,1,0,6,0,2,0.36,0.3485,0.93,0.1343
16498,2012-11-25,4,1,11,3,0,0,0,1,0.22,0.2727,0.44,0
15815,2012-10-26,4,1,10,3,0,5,1,2,0.52,0.5,0.88,0.1642
16264,2012-11-15,4,1,11,9,0,4,1,2,0.32,0.3182,0.61,0.194
15950,2012-11-02,4,1,11,6,0,5,1,1,0.3,0.303,0.7,0.1642
17184,2012-12-23,1,1,12,18,0,0,0,1,0.3,0.303,0.45,0.1642
16595,2012-11-29,4,1,11,5,0,4,1,1,0.2,0.2576,0.69,0
17058,2012-12-18,4,1,12,12,0,2,1,3,0.48,0.4697,0.48,0.2537
17356,2012-12-31,1,1,12,0,0,1,1,1,0.18,0.1818,0.55,0.194
15568,2012-10-15,4,1,10,20,0,1,1,2,0.52,0.5,0.72,0.3881
16418,2012-11-21,4,1,11,19,0,3,1,1,0.38,0.3939,0.43,0.194
16490,2012-11-24,4,1,11,19,0,6,0,1,0.26,0.2424,0.41,0.2537
16858,2012-12-10,4,1,12,4,0,1,1,2,0.38,0.3939,0.94,0.1045
15539,2012-10-14,4,1,10,15,0,0,0,1,0.66,0.6212,0.39,0.4179
16325,2012-11-17,4,1,11,22,0,6,0,2,0.32,0.3333,0.57,0.1045
15063,2012-09-24,4,1,9,19,0,1,1,1,0.52,0.5,0.39,0.1343
14787,2012-09-13,3,1,9,7,0,4,1,1,0.54,0.5152,0.77,0
14855,2012-09-16,3,1,9,3,0,0,0,1,0.5,0.4848,0.68,0
14588,2012-09-05,3,1,9,0,0,3,1,1,0.72,0.697,0.74,0.2537
14602,2012-09-05,3,1,9,14,0,3,1,1,0.82,0.7879,0.56,0.1045
16219,2012-11-13,4,1,11,12,0,2,1,1,0.34,0.3182,0.61,0.2836
15046,2012-09-24,4,1,9,2,0,1,1,2,0.46,0.4545,0.63,0.1343
14755,2012-09-11,3,1,9,23,0,2,1,1,0.54,0.5152,0.68,0.1045
15855,2012-10-27,4,1,10,19,0,6,0,2,0.52,0.5,0.72,0.2239
16061,2012-11-06,4,1,11,21,0,2,1,2,0.3,0.2879,0.56,0.2537
17100,2012-12-20,4,1,12,6,0,4,1,2,0.3,0.3333,0.65,0
14745,2012-09-11,3,1,9,13,0,2,1,1,0.66,0.6212,0.29,0.0896
15767,2012-10-24,4,1,10,3,0,3,1,1,0.5,0.4848,0.77,0.0896
15084,2012-09-25,4,1,9,16,0,2,1,1,0.66,0.6212,0.39,0.2985
14555,2012-09-03,3,1,9,15,1,1,0,1,0.74,0.697,0.7,0.2239
16513,2012-11-25,4,1,11,18,0,0,0,1,0.26,0.2576,0.44,0.1642
16626,2012-11-30,4,1,11,12,0,5,1,2,0.38,0.3939,0.46,0
16867,2012-12-10,4,1,12,13,0,1,1,3,0.44,0.4394,1,0.2239
16283,2012-11-16,4,1,11,4,0,5,1,2,0.3,0.3182,0.65,0.1045
15067,2012-09-24,4,1,9,23,0,1,1,1,0.46,0.4545,0.63,0.1343
15814,2012-10-26,4,1,10,2,0,5,1,2,0.52,0.5,0.88,0.1045
16272,2012-11-15,4,1,11,17,0,4,1,2,0.36,0.3485,0.57,0.2239
16907,2012-12-12,4,1,12,5,0,3,1,1,0.26,0.2576,0.6,0.194
14955,2012-09-20,3,1,9,7,0,4,1,1,0.46,0.4545,0.82,0.1045
15501,2012-10-13,4,1,10,1,0,6,0,1,0.34,0.3333,0.53,0.1343
15366,2012-10-07,4,1,10,10,0,0,0,2,0.42,0.4242,0.67,0.194
16380,2012-11-20,4,1,11,5,0,2,1,2,0.34,0.3333,0.66,0.1343
15770,2012-10-24,4,1,10,6,0,3,1,1,0.48,0.4697,0.82,0.1045
16813,2012-12-08,4,1,12,7,0,6,0,2,0.36,0.3636,1,0.0896
17064,2012-12-18,4,1,12,18,0,2,1,1,0.38,0.3939,0.46,0.3284
17316,2012-12-29,1,1,12,8,0,6,0,2,0.26,0.2424,0.81,0
15434,2012-10-10,4,1,10,6,0,3,1,2,0.46,0.4545,0.88,0.0896
15733,2012-10-22,4,1,10,17,0,1,1,1,0.62,0.6212,0.33,0.1045
14983,2012-09-21,3,1,9,11,0,5,1,1,0.66,0.6212,0.57,0.2239
14979,2012-09-21,3,1,9,7,0,5,1,1,0.52,0.5,0.77,0
17306,2012-12-28,1,1,12,22,0,5,1,2,0.24,0.2576,0.7,0.0896
14930,2012-09-19,3,1,9,6,0,3,1,1,0.52,0.5,0.63,0.2537
15282,2012-10-03,4,1,10,22,0,3,1,1,0.66,0.6212,0.74,0
17233,2012-12-25,1,1,12,21,1,2,0,2,0.3,0.2879,0.65,0.194
16271,2012-11-15,4,1,11,16,0,4,1,2,0.36,0.3485,0.57,0.194
15650,2012-10-19,4,1,10,6,0,5,1,3,0.54,0.5152,0.94,0.1642
16548,2012-11-27,4,1,11,5,0,2,1,2,0.3,0.2879,0.81,0.2239
17068,2012-12-18,4,1,12,22,0,2,1,1,0.34,0.3333,0.49,0
16833,2012-12-09,4,1,12,3,0,0,0,2,0.4,0.4091,0.87,0.1045
16779,2012-12-06,4,1,12,21,0,4,1,2,0.24,0.2424,0.6,0.1343
15817,2012-10-26,4,1,10,5,0,5,1,2,0.52,0.5,0.88,0.1045
16047,2012-11-06,4,1,11,7,0,2,1,1,0.2,0.2121,0.69,0.1642
16992,2012-12-15,4,1,12,18,0,6,0,1,0.38,0.3939,0.58,0.1642
17153,2012-12-22,1,1,12,11,0,6,0,1,0.28,0.2576,0.41,0.3582
16723,2012-12-04,4,1,12,13,0,2,1,2,0.54,0.5152,0.64,0.1642
16236,2012-11-14,4,1,11,5,0,3,1,1,0.22,0.2273,0.69,0.194
17298,2012-12-28,1,1,12,14,0,5,1,2,0.3,0.303,0.49,0.1343
16101,2012-11-08,4,1,11,14,0,4,1,1,0.44,0.4394,0.18,0.4179
15095,2012-09-26,4,1,9,3,0,3,1,2,0.58,0.5455,0.64,0.2836
15075,2012-09-25,4,1,9,7,0,2,1,1,0.44,0.4394,0.77,0.194
17283,2012-12-27,1,1,12,23,0,4,1,2,0.24,0.2273,0.6,0.2537
17362,2012-12-31,1,1,12,6,0,1,1,1,0.16,0.1667,0.64,0.1642
14783,2012-09-13,3,1,9,3,0,4,1,1,0.52,0.5,0.83,0
17070,2012-12-19,4,1,12,0,0,3,1,1,0.3,0.3182,0.61,0
17297,2012-12-28,1,1,12,13,0,5,1,2,0.3,0.303,0.49,0.1343
15637,2012-10-18,4,1,10,17,0,4,1,2,0.58,0.5455,0.64,0.3284
16125,2012-11-09,4,1,11,14,0,5,1,1,0.46,0.4545,0.38,0.194
17084,2012-12-19,4,1,12,14,0,3,1,1,0.42,0.4242,0.5,0.194
16743,2012-12-05,4,1,12,9,0,3,1,2,0.44,0.4394,0.51,0.2239
15051,2012-09-24,4,1,9,7,0,1,1,1,0.46,0.4545,0.67,0.1343
16461,2012-11-23,4,1,11,14,0,5,1,1,0.5,0.4848,0.36,0.2537
16518,2012-11-25,4,1,11,23,0,0,0,1,0.22,0.2576,0.69,0.0896
14865,2012-09-16,3,1,9,13,0,0,0,1,0.64,0.6212,0.41,0.1642
15603,2012-10-17,4,1,10,7,0,3,1,1,0.36,0.3636,0.81,0.1045
17065,2012-12-18,4,1,12,19,0,2,1,1,0.38,0.3939,0.46,0.3881
16909,2012-12-12,4,1,12,7,0,3,1,2,0.26,0.2576,0.6,0.194
16126,2012-11-09,4,1,11,15,0,5,1,1,0.46,0.4545,0.36,0.2239
15201,2012-09-30,4,1,9,13,0,0,0,1,0.62,0.6212,0.41,0.2537
16627,2012-11-30,4,1,11,13,0,5,1,2,0.4,0.4091,0.4,0.1642
15022,2012-09-23,4,1,9,2,0,0,0,1,0.52,0.5,0.48,0.2537
15688,2012-10-20,4,1,10,20,0,6,0,1,0.5,0.4848,0.39,0.2239
14590,2012-09-05,3,1,9,2,0,3,1,1,0.7,0.6667,0.84,0.194
16285,2012-11-16,4,1,11,6,0,5,1,2,0.3,0.3182,0.61,0.0896
17303,2012-12-28,1,1,12,19,0,5,1,2,0.24,0.2273,0.65,0.194
17124,2012-12-21,1,1,12,6,0,5,1,2,0.34,0.2879,0.57,0.5821
15975,2012-11-03,4,1,11,7,0,6,0,2,0.32,0.303,0.49,0.2537
15125,2012-09-27,4,1,9,9,0,4,1,1,0.66,0.6212,0.65,0
15532,2012-10-14,4,1,10,8,0,0,0,1,0.44,0.4394,0.77,0.194
16211,2012-11-13,4,1,11,4,0,2,1,2,0.36,0.3333,0.81,0.3881
16707,2012-12-03,4,1,12,21,0,1,1,1,0.44,0.4394,0.82,0.194
16906,2012-12-12,4,1,12,4,0,3,1,1,0.26,0.303,0.6,0
15141,2012-09-28,4,1,9,1,0,5,1,3,0.6,0.5455,0.88,0
15868,2012-10-28,4,1,10,8,0,0,0,2,0.5,0.4848,0.59,0.5522
16014,2012-11-04,4,1,11,22,0,0,0,1,0.3,0.2879,0.52,0.2836
15039,2012-09-23,4,1,9,19,0,0,0,1,0.52,0.5,0.42,0.1642
16277,2012-11-15,4,1,11,22,0,4,1,2,0.32,0.3182,0.66,0.1642
16496,2012-11-25,4,1,11,1,0,0,0,1,0.22,0.2273,0.44,0.194
15930,2012-11-01,4,1,11,10,0,4,1,3,0.36,0.3485,0.62,0.194
14864,2012-09-16,3,1,9,12,0,0,0,1,0.66,0.6212,0.44,0.1642
17284,2012-12-28,1,1,12,0,0,5,1,2,0.24,0.2424,0.6,0.1642
15195,2012-09-30,4,1,9,7,0,0,0,1,0.44,0.4394,0.77,0
16303,2012-11-17,4,1,11,0,0,6,0,1,0.3,0.303,0.52,0.1642
15534,2012-10-14,4,1,10,10,0,0,0,1,0.54,0.5152,0.56,0.194
16167,2012-11-11,4,1,11,8,0,0,0,1,0.32,0.3333,0.87,0.1045
15529,2012-10-14,4,1,10,5,0,0,0,1,0.4,0.4091,0.82,0.194
14498,2012-09-01,3,1,9,6,0,6,0,1,0.68,0.6364,0.79,0
14571,2012-09-04,3,1,9,7,0,2,1,2,0.68,0.6364,0.89,0.1045
16444,2012-11-22,4,1,11,21,1,4,0,1,0.34,0.3485,0.61,0.0896
16768,2012-12-06,4,1,12,10,0,4,1,1,0.24,0.2273,0.52,0.194
15543,2012-10-14,4,1,10,19,0,0,0,1,0.56,0.5303,0.64,0.2239
17039,2012-12-17,4,1,12,17,0,1,1,2,0.4,0.4091,0.94,0.2537
17375,2012-12-31,1,1,12,19,0,1,1,2,0.26,0.2576,0.6,0.1642
14585,2012-09-04,3,1,9,21,0,2,1,1,0.74,0.7121,0.74,0.2537
16752,2012-12-05,4,1,12,18,0,3,1,1,0.42,0.4242,0.35,0.4478
14934,2012-09-19,3,1,9,10,0,3,1,1,0.56,0.5303,0.52,0.194
14591,2012-09-05,3,1,9,3,0,3,1,1,0.7,0.6667,0.79,0.2836
14770,2012-09-12,3,1,9,14,0,3,1,1,0.7,0.6364,0.37,0.1642
14856,2012-09-16,3,1,9,4,0,0,0,1,0.5,0.4848,0.72,0
15980,2012-11-03,4,1,11,12,0,6,0,2,0.36,0.3182,0.46,0.4627
16844,2012-12-09,4,1,12,14,0,0,0,2,0.38,0.3939,0.87,0.194
14976,2012-09-21,3,1,9,4,0,5,1,1,0.5,0.4848,0.77,0
16581,2012-11-28,4,1,11,14,0,3,1,1,0.36,0.3333,0.4,0.2985
15917,2012-10-31,4,1,10,21,0,3,1,2,0.4,0.4091,0.5,0.194
16484,2012-11-24,4,1,11,13,0,6,0,1,0.32,0.303,0.36,0.3284
16885,2012-12-11,4,1,12,7,0,2,1,1,0.34,0.303,0.66,0.4179
15023,2012-09-23,4,1,9,3,0,0,0,1,0.48,0.4697,0.55,0.2985
16539,2012-11-26,4,1,11,20,0,1,1,1,0.34,0.3636,0.49,0
15151,2012-09-28,4,1,9,11,0,5,1,2,0.66,0.6212,0.69,0
16475,2012-11-24,4,1,11,4,0,6,0,1,0.26,0.2121,0.41,0.4478
14507,2012-09-01,3,1,9,15,0,6,0,2,0.86,0.7879,0.44,0.2836
15802,2012-10-25,4,1,10,14,0,4,1,1,0.6,0.5909,0.73,0.1343
17190,2012-12-24,1,1,12,0,0,1,1,1,0.22,0.2727,0.69,0
16884,2012-12-11,4,1,12,6,0,2,1,2,0.34,0.303,0.71,0.2985
16772,2012-12-06,4,1,12,14,0,4,1,1,0.3,0.3182,0.42,0.0896
15297,2012-10-04,4,1,10,13,0,4,1,2,0.72,0.6667,0.58,0.3284
16869,2012-12-10,4,1,12,15,0,1,1,2,0.5,0.4848,0.87,0.1642
16450,2012-11-23,4,1,11,3,0,5,1,1,0.26,0.303,0.7,0
14735,2012-09-11,3,1,9,3,0,2,1,1,0.48,0.4697,0.67,0.1343
14545,2012-09-03,3,1,9,5,1,1,0,1,0.66,0.5909,0.89,0
14923,2012-09-18,3,1,9,23,0,2,1,2,0.56,0.5303,0.83,0.2239
16881,2012-12-11,4,1,12,3,0,2,1,3,0.36,0.3333,0.76,0.2836
15181,2012-09-29,4,1,9,17,0,6,0,1,0.6,0.6212,0.38,0.3582
14872,2012-09-16,3,1,9,20,0,0,0,1,0.6,0.6212,0.53,0.1045
16825,2012-12-08,4,1,12,19,0,6,0,1,0.4,0.4091,0.87,0
16127,2012-11-09,4,1,11,16,0,5,1,1,0.46,0.4545,0.38,0.1642
15474,2012-10-11,4,1,10,22,0,4,1,1,0.4,0.4091,0.66,0.1642
16663,2012-12-02,4,1,12,1,0,0,0,2,0.3,0.3182,0.87,0.0896
14860,2012-09-16,3,1,9,8,0,0,0,1,0.54,0.5152,0.64,0.1642
15759,2012-10-23,4,1,10,19,0,2,1,1,0.62,0.6212,0.57,0.0896
14636,2012-09-07,3,1,9,0,0,5,1,1,0.64,0.5758,0.89,0.1343
16635,2012-11-30,4,1,11,21,0,5,1,1,0.3,0.3182,0.75,0.0896
15452,2012-10-11,4,1,10,0,0,4,1,1,0.44,0.4394,0.51,0.1343
15929,2012-11-01,4,1,11,9,0,4,1,3,0.36,0.3636,0.57,0.1045
17281,2012-12-27,1,1,12,21,0,4,1,2,0.24,0.2273,0.6,0.2537
15154,2012-09-28,4,1,9,14,0,5,1,2,0.7,0.6515,0.54,0.2537
14643,2012-09-07,3,1,9,7,0,5,1,1,0.64,0.5758,0.89,0.1045
16534,2012-11-26,4,1,11,15,0,1,1,1,0.42,0.4242,0.35,0.0896
15708,2012-10-21,4,1,10,16,0,0,0,1,0.54,0.5152,0.37,0.2239
16785,2012-12-07,4,1,12,3,0,5,1,2,0.26,0.2576,0.81,0.194
16655,2012-12-01,4,1,12,17,0,6,0,2,0.34,0.3485,0.76,0.1045
16938,2012-12-13,4,1,12,12,0,4,1,1,0.36,0.3333,0.4,0.2537
15554,2012-10-15,4,1,10,6,0,1,1,2,0.56,0.5303,0.73,0.2985
16006,2012-11-04,4,1,11,14,0,0,0,1,0.4,0.4091,0.4,0.194
17225,2012-12-25,1,1,12,13,1,2,0,1,0.4,0.4091,0.5,0.3284
14539,2012-09-02,3,1,9,23,0,0,0,3,0.66,0.5909,0.89,0.0896
15287,2012-10-04,4,1,10,3,0,4,1,2,0.62,0.5606,0.88,0
15397,2012-10-08,4,1,10,17,1,1,0,2,0.42,0.4242,0.66,0.2537
15863,2012-10-28,4,1,10,3,0,0,0,2,0.5,0.4848,0.63,0.3284
15703,2012-10-21,4,1,10,11,0,0,0,1,0.52,0.5,0.44,0.3284
15835,2012-10-26,4,1,10,23,0,5,1,1,0.52,0.5,0.83,0.1642
15786,2012-10-24,4,1,10,22,0,3,1,2,0.6,0.6061,0.64,0.1343
17377,2012-12-31,1,1,12,21,0,1,1,1,0.26,0.2576,0.6,0.1642
16487,2012-11-24,4,1,11,16,0,6,0,1,0.28,0.2424,0.38,0.4478
15028,2012-09-23,4,1,9,8,0,0,0,1,0.48,0.4697,0.55,0.3582
15989,2012-11-03,4,1,11,21,0,6,0,1,0.34,0.3485,0.53,0.1045
16087,2012-11-07,4,1,11,23,0,3,1,3,0.28,0.2727,0.65,0.2239
16668,2012-12-02,4,1,12,6,0,0,0,2,0.24,0.2424,0.93,0.1343
15966,2012-11-02,4,1,11,22,0,5,1,1,0.36,0.3333,0.46,0.2537
14595,2012-09-05,3,1,9,7,0,3,1,2,0.7,0.6667,0.79,0.2537
15096,2012-09-26,4,1,9,4,0,3,1,1,0.56,0.5303,0.73,0.2537
15844,2012-10-27,4,1,10,8,0,6,0,1,0.5,0.4848,0.77,0.2537
15790,2012-10-25,4,1,10,2,0,4,1,1,0.54,0.5152,0.77,0
14725,2012-09-10,3,1,9,17,0,1,1,1,0.66,0.6212,0.34,0.3284
15324,2012-10-05,4,1,10,16,0,5,1,1,0.72,0.6515,0.37,0
15083,2012-09-25,4,1,9,15,0,2,1,1,0.66,0.6212,0.36,0.3284
15893,2012-10-30,4,1,10,21,0,2,1,2,0.3,0.3182,0.87,0.1045
14809,2012-09-14,3,1,9,5,0,5,1,1,0.54,0.5152,0.83,0
16509,2012-11-25,4,1,11,14,0,0,0,2,0.3,0.2879,0.42,0.2537
14986,2012-09-21,3,1,9,14,0,5,1,1,0.7,0.6515,0.54,0.2985
14631,2012-09-06,3,1,9,19,0,4,1,1,0.68,0.6364,0.74,0.2537
15904,2012-10-31,4,1,10,8,0,3,1,1,0.32,0.3333,0.81,0.1343
14931,2012-09-19,3,1,9,7,0,3,1,1,0.52,0.5,0.63,0.2239
14582,2012-09-04,3,1,9,18,0,2,1,1,0.76,0.7424,0.75,0.2239
16637,2012-11-30,4,1,11,23,0,5,1,2,0.3,0.3182,0.75,0.0896
15982,2012-11-03,4,1,11,14,0,6,0,2,0.36,0.3333,0.5,0.3284
17210,2012-12-24,1,1,12,21,0,1,1,3,0.24,0.2576,0.93,0.0896
16400,2012-11-21,4,1,11,1,0,3,1,1,0.32,0.3333,0.81,0.1045
14870,2012-09-16,3,1,9,18,0,0,0,1,0.62,0.6212,0.5,0.1642
14989,2012-09-21,3,1,9,17,0,5,1,1,0.68,0.6364,0.57,0.2836
14645,2012-09-07,3,1,9,9,0,5,1,1,0.7,0.6667,0.79,0.1343
15499,2012-10-12,4,1,10,23,0,5,1,1,0.36,0.3485,0.57,0.194
15378,2012-10-07,4,1,10,22,0,0,0,1,0.38,0.3939,0.87,0.1343
14763,2012-09-12,3,1,9,7,0,3,1,1,0.52,0.5,0.72,0
16027,2012-11-05,4,1,11,11,0,1,1,1,0.34,0.3182,0.46,0.2239
16341,2012-11-18,4,1,11,14,0,0,0,1,0.4,0.4091,0.62,0.2985
15713,2012-10-21,4,1,10,21,0,0,0,1,0.42,0.4242,0.54,0.1642
17247,2012-12-26,1,1,12,11,0,3,1,3,0.2,0.1667,0.86,0.4627
14508,2012-09-01,3,1,9,16,0,6,0,2,0.84,0.7879,0.49,0.1642
16066,2012-11-07,4,1,11,2,0,3,1,2,0.28,0.2576,0.56,0.2985
17355,2012-12-30,1,1,12,23,0,0,0,1,0.2,0.197,0.51,0.2239
17227,2012-12-25,1,1,12,15,1,2,0,1,0.36,0.3333,0.5,0.2537
16176,2012-11-11,4,1,11,17,0,0,0,1,0.54,0.5152,0.45,0.1642
16372,2012-11-19,4,1,11,21,0,1,1,2,0.38,0.3939,0.54,0.2239
15088,2012-09-25,4,1,9,20,0,2,1,1,0.6,0.6212,0.56,0.2985
15089,2012-09-25,4,1,9,21,0,2,1,1,0.6,0.6212,0.56,0.2985
15274,2012-10-03,4,1,10,14,0,3,1,2,0.72,0.6818,0.7,0.1642
15598,2012-10-17,4,1,10,2,0,3,1,1,0.38,0.3939,0.76,0
14574,2012-09-04,3,1,9,10,0,2,1,2,0.72,0.697,0.74,0.2537
16109,2012-11-08,4,1,11,22,0,4,1,1,0.34,0.303,0.42,0.2985
17013,2012-12-16,4,1,12,15,0,0,0,2,0.38,0.3939,0.82,0.1045
16910,2012-12-12,4,1,12,8,0,3,1,2,0.26,0.2576,0.65,0.1642
17177,2012-12-23,1,1,12,11,0,0,0,1,0.24,0.2273,0.52,0.194
14499,2012-09-01,3,1,9,7,0,6,0,2,0.74,0.6818,0.58,0.1343
15549,2012-10-15,4,1,10,1,0,1,1,2,0.58,0.5455,0.64,0.3881
17066,2012-12-18,4,1,12,20,0,2,1,1,0.36,0.3333,0.5,0.2537
16616,2012-11-30,4,1,11,2,0,5,1,1,0.24,0.2879,0.75,0
17072,2012-12-19,4,1,12,2,0,3,1,1,0.28,0.303,0.65,0.0896
16033,2012-11-05,4,1,11,17,0,1,1,1,0.34,0.3182,0.46,0.2239
17350,2012-12-30,1,1,12,18,0,0,0,2,0.24,0.2121,0.44,0.2985
16447,2012-11-23,4,1,11,0,0,5,1,1,0.28,0.3182,0.65,0
15237,2012-10-02,4,1,10,1,0,2,1,2,0.54,0.5152,0.77,0.1045
16988,2012-12-15,4,1,12,14,0,6,0,1,0.4,0.4091,0.5,0.1642
15225,2012-10-01,4,1,10,13,0,1,1,2,0.6,0.6212,0.43,0.1642
15899,2012-10-31,4,1,10,3,0,3,1,2,0.3,0.3182,0.81,0.1045
16062,2012-11-06,4,1,11,22,0,2,1,2,0.3,0.2879,0.56,0.2239
14843,2012-09-15,3,1,9,15,0,6,0,2,0.68,0.6364,0.34,0.2836
15799,2012-10-25,4,1,10,11,0,4,1,2,0.54,0.5152,0.83,0.1045
16245,2012-11-14,4,1,11,14,0,3,1,1,0.36,0.3485,0.43,0.1343
17048,2012-12-18,4,1,12,2,0,2,1,2,0.44,0.4394,0.88,0.2239
14936,2012-09-19,3,1,9,12,0,3,1,1,0.6,0.6212,0.43,0.2537
14894,2012-09-17,3,1,9,18,0,1,1,2,0.62,0.5909,0.73,0.1642
16137,2012-11-10,4,1,11,2,0,6,0,1,0.32,0.3485,0.81,0
15561,2012-10-15,4,1,10,13,0,1,1,2,0.56,0.5303,0.88,0.2239
15360,2012-10-07,4,1,10,4,0,0,0,2,0.44,0.4394,0.54,0.2537
15238,2012-10-02,4,1,10,2,0,2,1,2,0.54,0.5152,0.77,0.1045
14504,2012-09-01,3,1,9,12,0,6,0,2,0.8,0.7576,0.55,0.1642
17015,2012-12-16,4,1,12,17,0,0,0,2,0.38,0.3939,0.82,0.1045
16684,2012-12-02,4,1,12,22,0,0,0,2,0.44,0.4394,0.77,0.194
16760,2012-12-06,4,1,12,2,0,4,1,1,0.24,0.2121,0.52,0.2836
14830,2012-09-15,3,1,9,2,0,6,0,1,0.58,0.5455,0.78,0.1045
16948,2012-12-13,4,1,12,22,0,4,1,1,0.26,0.2879,0.6,0.0896
16247,2012-11-14,4,1,11,16,0,3,1,1,0.34,0.3485,0.46,0.1045
16100,2012-11-08,4,1,11,13,0,4,1,1,0.44,0.4394,0.18,0.4179
17296,2012-12-28,1,1,12,12,0,5,1,2,0.3,0.303,0.49,0.1343
15020,2012-09-23,4,1,9,0,0,0,0,1,0.62,0.6212,0.38,0.2537
17321,2012-12-29,1,1,12,13,0,6,0,3,0.2,0.2424,1,0
16878,2012-12-11,4,1,12,0,0,2,1,3,0.46,0.4545,0.77,0.4627
15962,2012-11-02,4,1,11,18,0,5,1,2,0.38,0.3939,0.43,0.3284
16796,2012-12-07,4,1,12,14,0,5,1,2,0.36,0.3485,0.71,0.1642
16703,2012-12-03,4,1,12,17,0,1,1,1,0.52,0.5,0.63,0.1045
16154,2012-11-10,4,1,11,19,0,6,0,1,0.46,0.4545,0.51,0.0896
15055,2012-09-24,4,1,9,11,0,1,1,1,0.56,0.5303,0.37,0.194
15775,2012-10-24,4,1,10,11,0,3,1,1,0.58,0.5455,0.64,0
15214,2012-10-01,4,1,10,2,0,1,1,1,0.46,0.4545,0.72,0
16903,2012-12-12,4,1,12,1,0,3,1,1,0.28,0.2727,0.61,0.2239
16866,2012-12-10,4,1,12,12,0,1,1,3,0.44,0.4394,1,0.2239
15444,2012-10-10,4,1,10,16,0,3,1,1,0.6,0.6212,0.4,0.2239
15670,2012-10-20,4,1,10,2,0,6,0,1,0.44,0.4394,0.77,0.1045
15664,2012-10-19,4,1,10,20,0,5,1,1,0.52,0.5,0.77,0.194
15926,2012-11-01,4,1,11,6,0,4,1,1,0.34,0.3333,0.61,0.1642
16364,2012-11-19,4,1,11,13,0,1,1,1,0.44,0.4394,0.54,0.2537
16505,2012-11-25,4,1,11,10,0,0,0,1,0.24,0.2273,0.48,0.2537
15275,2012-10-03,4,1,10,15,0,3,1,2,0.72,0.6818,0.62,0.1642
15533,2012-10-14,4,1,10,9,0,0,0,2,0.48,0.4697,0.67,0.2836
15956,2012-11-02,4,1,11,12,0,5,1,1,0.42,0.4242,0.41,0.3582
15924,2012-11-01,4,1,11,4,0,4,1,2,0.34,0.3485,0.66,0.1045
15768,2012-10-24,4,1,10,4,0,3,1,1,0.5,0.4848,0.77,0.0896
14650,2012-09-07,3,1,9,14,0,5,1,1,0.8,0.7727,0.59,0.2537
15482,2012-10-12,4,1,10,6,0,5,1,1,0.34,0.3485,0.81,0.0896
17349,2012-12-30,1,1,12,17,0,0,0,1,0.26,0.2273,0.41,0.3284
16810,2012-12-08,4,1,12,4,0,6,0,2,0.36,0.3788,0.93,0
16335,2012-11-18,4,1,11,8,0,0,0,1,0.3,0.2879,0.75,0.2537
15705,2012-10-21,4,1,10,13,0,0,0,1,0.56,0.5303,0.37,0.2537
17020,2012-12-16,4,1,12,22,0,0,0,2,0.4,0.4091,0.82,0.194
17038,2012-12-17,4,1,12,16,0,1,1,3,0.4,0.4091,0.94,0.2537
16216,2012-11-13,4,1,11,9,0,2,1,3,0.32,0.303,0.81,0.3284
15419,2012-10-09,4,1,10,15,0,2,1,2,0.52,0.5,0.63,0.1642
16753,2012-12-05,4,1,12,19,0,3,1,1,0.38,0.3939,0.43,0.3582
16543,2012-11-27,4,1,11,0,0,2,1,2,0.32,0.3333,0.66,0.0896
15105,2012-09-26,4,1,9,13,0,3,1,1,0.7,0.6515,0.58,0.2239
17326,2012-12-29,1,1,12,18,0,6,0,1,0.3,0.2424,0.7,0.194
17152,2012-12-22,1,1,12,10,0,6,0,1,0.26,0.2273,0.48,0.3284
16144,2012-11-10,4,1,11,9,0,6,0,1,0.36,0.3485,0.66,0.194
16248,2012-11-14,4,1,11,17,0,3,1,1,0.32,0.3182,0.49,0.194
16094,2012-11-08,4,1,11,7,0,4,1,1,0.28,0.2576,0.36,0.3881
15986,2012-11-03,4,1,11,18,0,6,0,2,0.36,0.3333,0.46,0.2836
14961,2012-09-20,3,1,9,13,0,4,1,1,0.64,0.6212,0.44,0.1343
15743,2012-10-23,4,1,10,3,0,2,1,1,0.44,0.4394,0.77,0.1343
17240,2012-12-26,1,1,12,4,0,3,1,1,0.22,0.197,0.69,0.3582
14942,2012-09-19,3,1,9,18,0,3,1,1,0.58,0.5455,0.4,0.2836
14811,2012-09-14,3,1,9,7,0,5,1,2,0.56,0.5303,0.88,0
16032,2012-11-05,4,1,11,16,0,1,1,1,0.36,0.3333,0.43,0.2836
15113,2012-09-26,4,1,9,21,0,3,1,1,0.66,0.6212,0.65,0.194
16553,2012-11-27,4,1,11,10,0,2,1,3,0.32,0.3182,0.81,0.194
15556,2012-10-15,4,1,10,8,0,1,1,2,0.6,0.6061,0.64,0.3881
16201,2012-11-12,4,1,11,18,1,1,0,1,0.52,0.5,0.72,0.1343
15170,2012-09-29,4,1,9,6,0,6,0,1,0.5,0.4848,0.63,0.2537
16463,2012-11-23,4,1,11,16,0,5,1,2,0.48,0.4697,0.41,0.1045
16107,2012-11-08,4,1,11,20,0,4,1,1,0.38,0.3939,0.29,0.4627
15098,2012-09-26,4,1,9,6,0,3,1,1,0.54,0.5152,0.73,0.194
17254,2012-12-26,1,1,12,18,0,3,1,3,0.28,0.2576,0.93,0.2985
15341,2012-10-06,4,1,10,9,0,6,0,1,0.6,0.5909,0.73,0.194
15895,2012-10-30,4,1,10,23,0,2,1,1,0.3,0.303,0.81,0.1343
16658,2012-12-01,4,1,12,20,0,6,0,1,0.32,0.3485,0.81,0
15878,2012-10-28,4,1,10,18,0,0,0,3,0.42,0.4242,0.94,0.4925
15026,2012-09-23,4,1,9,6,0,0,0,1,0.44,0.4394,0.62,0.2537
14640,2012-09-07,3,1,9,4,0,5,1,1,0.62,0.5606,0.88,0
15658,2012-10-19,4,1,10,14,0,5,1,1,0.66,0.6212,0.61,0.2537
16541,2012-11-26,4,1,11,22,0,1,1,1,0.32,0.3485,0.61,0
16028,2012-11-05,4,1,11,12,0,1,1,1,0.36,0.3333,0.43,0.3284
15127,2012-09-27,4,1,9,11,0,4,1,2,0.72,0.6667,0.51,0.1642
16079,2012-11-07,4,1,11,15,0,3,1,2,0.32,0.303,0.53,0.2985
16401,2012-11-21,4,1,11,2,0,3,1,1,0.28,0.2879,0.87,0.1045
14610,2012-09-05,3,1,9,22,0,3,1,1,0.72,0.697,0.79,0
15320,2012-10-05,4,1,10,12,0,5,1,1,0.72,0.6515,0.42,0.1642
15157,2012-09-28,4,1,9,17,0,5,1,2,0.66,0.6212,0.54,0.2985
15971,2012-11-03,4,1,11,3,0,6,0,2,0.34,0.3182,0.49,0.2537
14551,2012-09-03,3,1,9,11,1,1,0,2,0.74,0.697,0.7,0.2836
17172,2012-12-23,1,1,12,6,0,0,0,1,0.16,0.197,0.64,0.0896
14618,2012-09-06,3,1,9,6,0,4,1,2,0.7,0.6667,0.84,0.0896
16190,2012-11-12,4,1,11,7,1,1,0,1,0.4,0.4091,0.87,0
15365,2012-10-07,4,1,10,9,0,0,0,3,0.4,0.4091,0.71,0.1343
14656,2012-09-07,3,1,9,20,0,5,1,1,0.72,0.6818,0.66,0.2239
14909,2012-09-18,3,1,9,9,0,2,1,2,0.66,0.6061,0.83,0.5821
16849,2012-12-09,4,1,12,19,0,0,0,3,0.38,0.3939,0.94,0.0896
16563,2012-11-27,4,1,11,20,0,2,1,1,0.26,0.2273,0.75,0.3284
15361,2012-10-07,4,1,10,5,0,0,0,2,0.44,0.4394,0.54,0.1343
15512,2012-10-13,4,1,10,12,0,6,0,1,0.44,0.4394,0.35,0
14880,2012-09-17,3,1,9,4,0,1,1,1,0.5,0.4848,0.77,0
16536,2012-11-26,4,1,11,17,0,1,1,1,0.42,0.4242,0.32,0
15065,2012-09-24,4,1,9,21,0,1,1,1,0.5,0.4848,0.51,0.1343
15839,2012-10-27,4,1,10,3,0,6,0,1,0.5,0.4848,0.88,0.1642
14999,2012-09-22,3,1,9,3,0,6,0,1,0.56,0.5303,0.83,0.2836
16368,2012-11-19,4,1,11,17,0,1,1,2,0.42,0.4242,0.58,0.194
15881,2012-10-28,4,1,10,21,0,0,0,3,0.44,0.4394,0.88,0.4179
15596,2012-10-17,4,1,10,0,0,3,1,1,0.38,0.3939,0.76,0
15894,2012-10-30,4,1,10,22,0,2,1,1,0.3,0.303,0.81,0.1343
15016,2012-09-22,3,1,9,20,0,6,0,1,0.7,0.6515,0.54,0.2537
14682,2012-09-08,3,1,9,22,0,6,0,2,0.58,0.5455,0.78,0.2985
15056,2012-09-24,4,1,9,12,0,1,1,1,0.56,0.5303,0.35,0.2985
15932,2012-11-01,4,1,11,12,0,4,1,3,0.38,0.3939,0.62,0.1642
16208,2012-11-13,4,1,11,1,0,2,1,3,0.44,0.4394,0.88,0.6418
14885,2012-09-17,3,1,9,9,0,1,1,1,0.58,0.5455,0.68,0.1343
15886,2012-10-30,4,1,10,14,0,2,1,3,0.3,0.2727,0.81,0.3582
15979,2012-11-03,4,1,11,11,0,6,0,2,0.36,0.3333,0.46,0.3881
16597,2012-11-29,4,1,11,7,0,4,1,1,0.2,0.2576,0.64,0
14495,2012-09-01,3,1,9,3,0,6,0,1,0.7,0.6515,0.7,0.1045
17328,2012-12-29,1,1,12,20,0,6,0,2,0.3,0.2424,0.56,0.5522
16353,2012-11-19,4,1,11,2,0,1,1,2,0.36,0.3333,0.66,0.2537
15019,2012-09-22,3,1,9,23,0,6,0,1,0.62,0.6212,0.5,0.194
17307,2012-12-28,1,1,12,23,0,5,1,2,0.24,0.2576,0.65,0.0896
16708,2012-12-03,4,1,12,22,0,1,1,1,0.42,0.4242,0.82,0.1045
17021,2012-12-16,4,1,12,23,0,0,0,2,0.36,0.3485,0.93,0.1343
16822,2012-12-08,4,1,12,16,0,6,0,1,0.42,0.4242,0.82,0.1642
14991,2012-09-21,3,1,9,19,0,5,1,1,0.64,0.6061,0.65,0.2537
15699,2012-10-21,4,1,10,7,0,0,0,1,0.4,0.4091,0.62,0
14719,2012-09-10,3,1,9,11,0,1,1,1,0.62,0.6212,0.43,0.2985
17083,2012-12-19,4,1,12,13,0,3,1,1,0.42,0.4242,0.5,0.194
15278,2012-10-03,4,1,10,18,0,3,1,1,0.7,0.6515,0.65,0
17178,2012-12-23,1,1,12,12,0,0,0,1,0.3,0.2879,0.42,0.194
15097,2012-09-26,4,1,9,5,0,3,1,1,0.56,0.5303,0.73,0.2239
17093,2012-12-19,4,1,12,23,0,3,1,1,0.32,0.3333,0.66,0.1343
17343,2012-12-30,1,1,12,11,0,0,0,1,0.26,0.2273,0.41,0.4179
16749,2012-12-05,4,1,12,15,0,3,1,1,0.48,0.4697,0.33,0.2836
16957,2012-12-14,4,1,12,7,0,5,1,1,0.2,0.2121,0.72,0.1045
15531,2012-10-14,4,1,10,7,0,0,0,1,0.42,0.4242,0.82,0.2239
15224,2012-10-01,4,1,10,12,0,1,1,2,0.6,0.6212,0.43,0.1642
16291,2012-11-16,4,1,11,12,0,5,1,1,0.4,0.4091,0.43,0.2836
14589,2012-09-05,3,1,9,1,0,3,1,1,0.7,0.6667,0.84,0.194
14627,2012-09-06,3,1,9,15,0,4,1,1,0.74,0.697,0.66,0.194
15491,2012-10-12,4,1,10,15,0,5,1,1,0.52,0.5,0.42,0.4478
16963,2012-12-14,4,1,12,13,0,5,1,1,0.36,0.3485,0.5,0.2239
16025,2012-11-05,4,1,11,9,0,1,1,2,0.3,0.2879,0.52,0.2836
16056,2012-11-06,4,1,11,16,0,2,1,1,0.34,0.3333,0.46,0.1642
16794,2012-12-07,4,1,12,12,0,5,1,2,0.34,0.3333,0.71,0.194
15507,2012-10-13,4,1,10,7,0,6,0,1,0.3,0.303,0.61,0.1642
15458,2012-10-11,4,1,10,6,0,4,1,1,0.36,0.3485,0.5,0.1642
17102,2012-12-20,4,1,12,8,0,4,1,2,0.3,0.3333,0.7,0
15424,2012-10-09,4,1,10,20,0,2,1,2,0.5,0.4848,0.72,0.1642
14823,2012-09-14,3,1,9,19,0,5,1,1,0.68,0.6364,0.57,0.1642
16130,2012-11-09,4,1,11,19,0,5,1,1,0.34,0.3485,0.71,0.0896
17150,2012-12-22,1,1,12,8,0,6,0,1,0.26,0.2121,0.44,0.6119
16265,2012-11-15,4,1,11,10,0,4,1,2,0.32,0.3333,0.66,0.1343
17327,2012-12-29,1,1,12,19,0,6,0,2,0.3,0.2424,0.61,0.2537
15593,2012-10-16,4,1,10,21,0,2,1,1,0.46,0.4545,0.63,0
16853,2012-12-09,4,1,12,23,0,0,0,3,0.36,0.3636,1,0.0896
16175,2012-11-11,4,1,11,16,0,0,0,1,0.54,0.5152,0.42,0.2239
16549,2012-11-27,4,1,11,6,0,2,1,2,0.3,0.303,0.81,0.1642
17369,2012-12-31,1,1,12,13,0,1,1,2,0.26,0.2576,0.44,0.1642
16990,2012-12-15,4,1,12,16,0,6,0,1,0.4,0.4091,0.5,0.1343
14866,2012-09-16,3,1,9,14,0,0,0,1,0.66,0.6212,0.39,0.1343
17122,2012-12-21,1,1,12,4,0,5,1,2,0.36,0.3182,0.71,0.4925
14533,2012-09-02,3,1,9,17,0,0,0,1,0.76,0.7273,0.66,0.0896
15134,2012-09-27,4,1,9,18,0,4,1,2,0.66,0.6212,0.69,0.2239
14662,2012-09-08,3,1,9,2,0,6,0,1,0.66,0.5909,0.89,0.3284
16046,2012-11-06,4,1,11,6,0,2,1,1,0.22,0.2273,0.69,0.1343
17047,2012-12-18,4,1,12,1,0,2,1,2,0.44,0.4394,0.94,0.1343
16174,2012-11-11,4,1,11,15,0,0,0,1,0.56,0.5303,0.37,0.2239
14950,2012-09-20,3,1,9,2,0,4,1,1,0.46,0.4545,0.72,0.0896
17229,2012-12-25,1,1,12,17,1,2,0,2,0.32,0.303,0.57,0.2537
14646,2012-09-07,3,1,9,10,0,5,1,1,0.72,0.697,0.74,0.1343
16927,2012-12-13,4,1,12,1,0,4,1,2,0.28,0.2576,0.52,0.2836
15509,2012-10-13,4,1,10,9,0,6,0,1,0.36,0.3636,0.5,0.0896
16065,2012-11-07,4,1,11,1,0,3,1,2,0.28,0.2727,0.61,0.2537
14709,2012-09-10,3,1,9,1,0,1,1,1,0.54,0.5152,0.6,0.194
17164,2012-12-22,1,1,12,22,0,6,0,1,0.22,0.2121,0.51,0.2836
16244,2012-11-14,4,1,11,13,0,3,1,1,0.36,0.3333,0.43,0.2537
16959,2012-12-14,4,1,12,9,0,5,1,1,0.24,0.2424,0.75,0.1343
15379,2012-10-07,4,1,10,23,0,0,0,1,0.36,0.3485,0.93,0.1343
16876,2012-12-10,4,1,12,22,0,1,1,2,0.5,0.4848,0.82,0.2239
14962,2012-09-20,3,1,9,14,0,4,1,1,0.64,0.6212,0.47,0.194
15933,2012-11-01,4,1,11,13,0,4,1,2,0.4,0.4091,0.58,0.1642
15546,2012-10-14,4,1,10,22,0,0,0,1,0.56,0.5303,0.73,0.3881
17053,2012-12-18,4,1,12,7,0,2,1,1,0.36,0.3485,0.93,0.1343
17155,2012-12-22,1,1,12,13,0,6,0,1,0.32,0.2879,0.36,0.4478
14583,2012-09-04,3,1,9,19,0,2,1,1,0.76,0.7273,0.7,0.2239
16818,2012-12-08,4,1,12,12,0,6,0,2,0.4,0.4091,0.87,0.2239
16790,2012-12-07,4,1,12,8,0,5,1,2,0.3,0.2879,0.75,0.194
15137,2012-09-27,4,1,9,21,0,4,1,3,0.62,0.5758,0.83,0.2985
15186,2012-09-29,4,1,9,22,0,6,0,1,0.5,0.4848,0.63,0.1045
16897,2012-12-11,4,1,12,19,0,2,1,1,0.32,0.303,0.53,0.2239
15132,2012-09-27,4,1,9,16,0,4,1,2,0.72,0.6667,0.58,0.3284
17359,2012-12-31,1,1,12,3,0,1,1,1,0.16,0.1818,0.59,0.1045
17136,2012-12-21,1,1,12,18,0,5,1,2,0.26,0.2273,0.56,0.2985
16097,2012-11-08,4,1,11,10,0,4,1,1,0.32,0.303,0.31,0.3284
16005,2012-11-04,4,1,11,13,0,0,0,1,0.4,0.4091,0.43,0.2239
15591,2012-10-16,4,1,10,19,0,2,1,1,0.48,0.4697,0.48,0
15314,2012-10-05,4,1,10,6,0,5,1,1,0.52,0.5,0.83,0
16527,2012-11-26,4,1,11,8,0,1,1,1,0.24,0.2879,0.65,0
16791,2012-12-07,4,1,12,9,0,5,1,2,0.3,0.303,0.81,0.1343
14995,2012-09-21,3,1,9,23,0,5,1,1,0.6,0.5909,0.73,0.3284
17075,2012-12-19,4,1,12,5,0,3,1,1,0.26,0.2879,0.75,0.0896
15435,2012-10-10,4,1,10,7,0,3,1,1,0.46,0.4545,0.82,0.1045
15364,2012-10-07,4,1,10,8,0,0,0,3,0.42,0.4242,0.67,0.1343
16132,2012-11-09,4,1,11,21,0,5,1,1,0.34,0.3636,0.76,0
14557,2012-09-03,3,1,9,17,1,1,0,1,0.74,0.697,0.7,0.1343
16019,2012-11-05,4,1,11,3,0,1,1,2,0.3,0.2879,0.56,0.2239
17011,2012-12-16,4,1,12,13,0,0,0,2,0.38,0.3939,0.76,0.194
15590,2012-10-16,4,1,10,18,0,2,1,1,0.5,0.4848,0.42,0.1642
16121,2012-11-09,4,1,11,10,0,5,1,1,0.36,0.3333,0.5,0.3284
14837,2012-09-15,3,1,9,9,0,6,0,1,0.6,0.6212,0.43,0.4179
16665,2012-12-02,4,1,12,3,0,0,0,2,0.26,0.303,0.93,0
14968,2012-09-20,3,1,9,20,0,4,1,1,0.56,0.5303,0.64,0.1343
16337,2012-11-18,4,1,11,10,0,0,0,1,0.34,0.303,0.66,0.2985
15838,2012-10-27,4,1,10,2,0,6,0,2,0.5,0.4848,0.88,0.194
17336,2012-12-30,1,1,12,4,0,0,0,2,0.26,0.2576,0.56,0.2239
14616,2012-09-06,3,1,9,4,0,4,1,2,0.7,0.6667,0.84,0.0896
17301,2012-12-28,1,1,12,17,0,5,1,1,0.24,0.2424,0.6,0.1343
17268,2012-12-27,1,1,12,8,0,4,1,1,0.26,0.2273,0.65,0.3582
14517,2012-09-02,3,1,9,1,0,0,0,1,0.66,0.5909,0.89,0
16349,2012-11-18,4,1,11,22,0,0,0,2,0.36,0.3333,0.66,0.2537
14912,2012-09-18,3,1,9,12,0,2,1,3,0.68,0.6364,0.83,0.4478
16608,2012-11-29,4,1,11,18,0,4,1,1,0.32,0.3182,0.49,0.1642
16934,2012-12-13,4,1,12,8,0,4,1,1,0.24,0.2273,0.6,0.194
16374,2012-11-19,4,1,11,23,0,1,1,1,0.34,0.3485,0.66,0.1045
14954,2012-09-20,3,1,9,6,0,4,1,1,0.44,0.4394,0.77,0
15559,2012-10-15,4,1,10,11,0,1,1,2,0.6,0.5909,0.73,0.3881
17046,2012-12-18,4,1,12,0,0,2,1,2,0.44,0.4394,0.94,0.1343
17139,2012-12-21,1,1,12,21,0,5,1,1,0.26,0.2273,0.41,0.4179
16835,2012-12-09,4,1,12,5,0,0,0,2,0.4,0.4091,0.87,0.1045
15857,2012-10-27,4,1,10,21,0,6,0,2,0.52,0.5,0.72,0.2239
15087,2012-09-25,4,1,9,19,0,2,1,1,0.62,0.6212,0.5,0.2537
15927,2012-11-01,4,1,11,7,0,4,1,2,0.36,0.3485,0.57,0.1642
15694,2012-10-21,4,1,10,2,0,0,0,1,0.4,0.4091,0.62,0.1642
15331,2012-10-05,4,1,10,23,0,5,1,1,0.58,0.5455,0.78,0.2239
16682,2012-12-02,4,1,12,20,0,0,0,2,0.42,0.4242,0.82,0.194
15315,2012-10-05,4,1,10,7,0,5,1,1,0.52,0.5,0.83,0.1045
15745,2012-10-23,4,1,10,5,0,2,1,1,0.44,0.4394,0.77,0.0896
16253,2012-11-14,4,1,11,22,0,3,1,1,0.28,0.3182,0.61,0
17052,2012-12-18,4,1,12,6,0,2,1,1,0.36,0.3485,0.93,0.1642
17206,2012-12-24,1,1,12,17,0,1,1,3,0.24,0.2424,0.93,0.1642
16902,2012-12-12,4,1,12,0,0,3,1,1,0.3,0.303,0.52,0.1642
15873,2012-10-28,4,1,10,13,0,0,0,2,0.48,0.4697,0.59,0.4179
16921,2012-12-12,4,1,12,19,0,3,1,2,0.3,0.2879,0.56,0.2239
16920,2012-12-12,4,1,12,18,0,3,1,2,0.32,0.303,0.49,0.2239
14779,2012-09-12,3,1,9,23,0,3,1,1,0.56,0.5303,0.68,0.1045
16578,2012-11-28,4,1,11,11,0,3,1,1,0.32,0.3182,0.45,0.1642
17251,2012-12-26,1,1,12,15,0,3,1,3,0.26,0.2273,0.87,0.3582
15001,2012-09-22,3,1,9,5,0,6,0,1,0.56,0.5303,0.83,0.3284
16331,2012-11-18,4,1,11,4,0,0,0,2,0.3,0.2879,0.81,0.194
15036,2012-09-23,4,1,9,16,0,0,0,1,0.6,0.6212,0.33,0.3284
16688,2012-12-03,4,1,12,2,0,1,1,1,0.42,0.4242,0.77,0.1642
15668,2012-10-20,4,1,10,0,0,6,0,1,0.46,0.4545,0.82,0.1343
15788,2012-10-25,4,1,10,0,0,4,1,2,0.6,0.6061,0.64,0.1045
16411,2012-11-21,4,1,11,12,0,3,1,1,0.44,0.4394,0.41,0.194
16657,2012-12-01,4,1,12,19,0,6,0,2,0.32,0.3485,0.81,0
15728,2012-10-22,4,1,10,12,0,1,1,1,0.58,0.5455,0.35,0
15813,2012-10-26,4,1,10,1,0,5,1,2,0.52,0.5,0.88,0.0896
16336,2012-11-18,4,1,11,9,0,0,0,1,0.32,0.303,0.7,0.2537
16702,2012-12-03,4,1,12,16,0,1,1,1,0.6,0.6212,0.53,0.1343
15441,2012-10-10,4,1,10,13,0,3,1,1,0.56,0.5303,0.49,0
17028,2012-12-17,4,1,12,6,0,1,1,2,0.36,0.3485,0.93,0.1343
15383,2012-10-08,4,1,10,3,1,1,0,1,0.34,0.3485,0.81,0.1045
16376,2012-11-20,4,1,11,1,0,2,1,1,0.34,0.3485,0.66,0.1045
17088,2012-12-19,4,1,12,18,0,3,1,1,0.38,0.3939,0.5,0.3582
14713,2012-09-10,3,1,9,5,0,1,1,1,0.5,0.4848,0.72,0.2537
14831,2012-09-15,3,1,9,3,0,6,0,1,0.6,0.5909,0.73,0.2537
14559,2012-09-03,3,1,9,19,1,1,0,1,0.72,0.697,0.74,0.194
14534,2012-09-02,3,1,9,18,0,0,0,1,0.74,0.7121,0.74,0
15005,2012-09-22,3,1,9,9,0,6,0,1,0.64,0.6061,0.69,0.2537
15874,2012-10-28,4,1,10,14,0,0,0,2,0.5,0.4848,0.59,0.4478
15409,2012-10-09,4,1,10,5,0,2,1,2,0.38,0.3939,0.82,0.194
15997,2012-11-04,4,1,11,5,0,0,0,1,0.26,0.2727,0.65,0.1045
15153,2012-09-28,4,1,9,13,0,5,1,2,0.7,0.6515,0.51,0.2537
17256,2012-12-26,1,1,12,20,0,3,1,3,0.32,0.303,0.93,0.2537
16329,2012-11-18,4,1,11,2,0,0,0,1,0.28,0.2879,0.81,0.1045
17049,2012-12-18,4,1,12,3,0,2,1,1,0.42,0.4242,0.88,0.194
16979,2012-12-15,4,1,12,5,0,6,0,2,0.26,0.303,0.75,0
16377,2012-11-20,4,1,11,2,0,2,1,2,0.32,0.3333,0.76,0.0896
15280,2012-10-03,4,1,10,20,0,3,1,1,0.7,0.6515,0.65,0
14579,2012-09-04,3,1,9,15,0,2,1,1,0.8,0.7727,0.59,0.4627
14655,2012-09-07,3,1,9,19,0,5,1,1,0.74,0.6818,0.62,0.2836
17266,2012-12-27,1,1,12,6,0,4,1,1,0.24,0.197,0.7,0.4925
15194,2012-09-30,4,1,9,6,0,0,0,1,0.44,0.4394,0.72,0.0896
16613,2012-11-29,4,1,11,23,0,4,1,1,0.28,0.3182,0.61,0
15937,2012-11-01,4,1,11,17,0,4,1,3,0.4,0.4091,0.5,0.2239
15148,2012-09-28,4,1,9,8,0,5,1,1,0.6,0.5606,0.83,0.0896
15995,2012-11-04,4,1,11,3,0,0,0,1,0.28,0.2879,0.61,0.1045
14660,2012-09-08,3,1,9,0,0,6,0,1,0.66,0.5909,0.89,0.2537
16120,2012-11-09,4,1,11,9,0,5,1,1,0.34,0.303,0.53,0.4179
15184,2012-09-29,4,1,9,20,0,6,0,1,0.52,0.5,0.55,0.194
17274,2012-12-27,1,1,12,14,0,4,1,2,0.26,0.2121,0.56,0.5224
15143,2012-09-28,4,1,9,3,0,5,1,2,0.6,0.5606,0.83,0.1343
14578,2012-09-04,3,1,9,14,0,2,1,1,0.8,0.7576,0.55,0.4179
15169,2012-09-29,4,1,9,5,0,6,0,1,0.5,0.4848,0.63,0.194
14981,2012-09-21,3,1,9,9,0,5,1,1,0.58,0.5455,0.68,0.1343
14564,2012-09-04,3,1,9,0,0,2,1,2,0.7,0.6667,0.84,0.2537
15793,2012-10-25,4,1,10,5,0,4,1,2,0.52,0.5,0.88,0.1642
15350,2012-10-06,4,1,10,18,0,6,0,1,0.52,0.5,0.48,0.4179
17043,2012-12-17,4,1,12,21,0,1,1,2,0.42,0.4242,0.94,0.1343
14561,2012-09-03,3,1,9,21,1,1,0,1,0.72,0.6818,0.76,0.1045
16409,2012-11-21,4,1,11,10,0,3,1,1,0.36,0.3788,0.62,0
15654,2012-10-19,4,1,10,10,0,5,1,2,0.58,0.5455,0.88,0.194
17080,2012-12-19,4,1,12,10,0,3,1,1,0.32,0.3333,0.7,0.1045
16676,2012-12-02,4,1,12,14,0,0,0,1,0.44,0.4394,0.62,0.2537
16593,2012-11-29,4,1,11,2,0,4,1,1,0.22,0.2727,0.64,0
15998,2012-11-04,4,1,11,6,0,0,0,1,0.28,0.2879,0.61,0.1343
16215,2012-11-13,4,1,11,8,0,2,1,3,0.32,0.303,0.87,0.2537
14492,2012-09-01,3,1,9,0,0,6,0,1,0.74,0.6818,0.62,0.1045
15774,2012-10-24,4,1,10,10,0,3,1,2,0.54,0.5152,0.73,0
17292,2012-12-28,1,1,12,8,0,5,1,2,0.24,0.2424,0.6,0.1343
16719,2012-12-04,4,1,12,9,0,2,1,1,0.46,0.4545,0.82,0.1045
16160,2012-11-11,4,1,11,1,0,0,0,1,0.34,0.3485,0.76,0.0896
16479,2012-11-24,4,1,11,8,0,6,0,2,0.26,0.2121,0.44,0.4627
16860,2012-12-10,4,1,12,6,0,1,1,2,0.38,0.3939,0.94,0.1642
14857,2012-09-16,3,1,9,5,0,0,0,1,0.5,0.4848,0.72,0
15047,2012-09-24,4,1,9,3,0,1,1,1,0.46,0.4545,0.63,0.1642
15106,2012-09-26,4,1,9,14,0,3,1,1,0.74,0.6667,0.48,0.2836
16156,2012-11-10,4,1,11,21,0,6,0,1,0.4,0.4091,0.66,0
16200,2012-11-12,4,1,11,17,1,1,0,1,0.56,0.5303,0.64,0.2836
14838,2012-09-15,3,1,9,10,0,6,0,1,0.62,0.6212,0.41,0.3881
15390,2012-10-08,4,1,10,10,1,1,0,2,0.38,0.3939,0.68,0.1343
14741,2012-09-11,3,1,9,9,0,2,1,1,0.6,0.6212,0.49,0
14704,2012-09-09,3,1,9,20,0,0,0,1,0.62,0.6212,0.41,0.2836
15692,2012-10-21,4,1,10,0,0,0,0,1,0.44,0.4394,0.54,0.1642
15540,2012-10-14,4,1,10,16,0,0,0,1,0.64,0.6212,0.41,0.2985
16497,2012-11-25,4,1,11,2,0,0,0,1,0.22,0.197,0.44,0.3582
15021,2012-09-23,4,1,9,1,0,0,0,1,0.54,0.5152,0.52,0.3582
16511,2012-11-25,4,1,11,16,0,0,0,1,0.3,0.2879,0.39,0.2239
17341,2012-12-30,1,1,12,9,0,0,0,1,0.24,0.2121,0.52,0.3881
15392,2012-10-08,4,1,10,12,1,1,0,2,0.42,0.4242,0.63,0.1642
15663,2012-10-19,4,1,10,19,0,5,1,1,0.54,0.5152,0.88,0.1642
15100,2012-09-26,4,1,9,8,0,3,1,1,0.56,0.5303,0.73,0.2985
16428,2012-11-22,4,1,11,5,1,4,0,1,0.24,0.2576,0.75,0.1045
16442,2012-11-22,4,1,11,19,1,4,0,1,0.36,0.3788,0.76,0
16599,2012-11-29,4,1,11,9,0,4,1,1,0.24,0.2879,0.6,0
14547,2012-09-03,3,1,9,7,1,1,0,1,0.68,0.6364,0.85,0
16780,2012-12-06,4,1,12,22,0,4,1,1,0.24,0.2424,0.65,0.1642
14549,2012-09-03,3,1,9,9,1,1,0,2,0.7,0.6667,0.84,0.1343
17262,2012-12-27,1,1,12,2,0,4,1,2,0.24,0.197,0.87,0.4478
15497,2012-10-12,4,1,10,21,0,5,1,1,0.4,0.4091,0.54,0.194
17176,2012-12-23,1,1,12,10,0,0,0,1,0.22,0.2273,0.64,0.194
15015,2012-09-22,3,1,9,19,0,6,0,1,0.7,0.6515,0.58,0.194
14529,2012-09-02,3,1,9,13,0,0,0,3,0.72,0.697,0.74,0.0896
17031,2012-12-17,4,1,12,9,0,1,1,2,0.4,0.4091,0.87,0
16842,2012-12-09,4,1,12,12,0,0,0,2,0.4,0.4091,0.82,0.2985
15571,2012-10-15,4,1,10,23,0,1,1,1,0.46,0.4545,0.63,0.2239
15558,2012-10-15,4,1,10,10,0,1,1,2,0.6,0.5909,0.73,0.3881
14901,2012-09-18,3,1,9,1,0,2,1,3,0.6,0.5152,0.94,0.194
15859,2012-10-27,4,1,10,23,0,6,0,2,0.52,0.5,0.68,0.3881
15811,2012-10-25,4,1,10,23,0,4,1,2,0.54,0.5152,0.83,0.1343
17337,2012-12-30,1,1,12,5,0,0,0,2,0.26,0.2273,0.48,0.2985
15411,2012-10-09,4,1,10,7,0,2,1,1,0.38,0.3939,0.83,0.2537
14937,2012-09-19,3,1,9,13,0,3,1,1,0.6,0.6212,0.4,0.2537
16072,2012-11-07,4,1,11,8,0,3,1,2,0.26,0.2424,0.6,0.2836
15736,2012-10-22,4,1,10,20,0,1,1,1,0.5,0.4848,0.59,0.1045
15387,2012-10-08,4,1,10,7,1,1,0,2,0.34,0.3333,0.76,0.1642
16407,2012-11-21,4,1,11,8,0,3,1,2,0.28,0.303,0.81,0.0896
16515,2012-11-25,4,1,11,20,0,0,0,1,0.24,0.2879,0.6,0
14977,2012-09-21,3,1,9,5,0,5,1,1,0.5,0.4848,0.82,0
16273,2012-11-15,4,1,11,18,0,4,1,2,0.36,0.3485,0.57,0.194
15916,2012-10-31,4,1,10,20,0,3,1,2,0.4,0.4091,0.5,0.194
14506,2012-09-01,3,1,9,14,0,6,0,2,0.86,0.7879,0.44,0.1642
15014,2012-09-22,3,1,9,18,0,6,0,1,0.72,0.6667,0.54,0.2836
17002,2012-12-16,4,1,12,4,0,0,0,2,0.34,0.3636,0.87,0
14917,2012-09-18,3,1,9,17,0,2,1,3,0.6,0.5455,0.88,0.194
15666,2012-10-19,4,1,10,22,0,5,1,1,0.5,0.4848,0.77,0.0896
16293,2012-11-16,4,1,11,14,0,5,1,1,0.42,0.4242,0.35,0.1045
16326,2012-11-17,4,1,11,23,0,6,0,2,0.3,0.3182,0.7,0.1045
17131,2012-12-21,1,1,12,13,0,5,1,2,0.32,0.2879,0.39,0.4179
14607,2012-09-05,3,1,9,19,0,3,1,1,0.74,0.697,0.7,0.1642
16294,2012-11-16,4,1,11,15,0,5,1,1,0.42,0.4242,0.38,0.1343
16026,2012-11-05,4,1,11,10,0,1,1,1,0.32,0.303,0.49,0.2836
15576,2012-10-16,4,1,10,4,0,2,1,1,0.42,0.4242,0.67,0.1642
15536,2012-10-14,4,1,10,12,0,0,0,1,0.62,0.6212,0.46,0.3284
16827,2012-12-08,4,1,12,21,0,6,0,2,0.36,0.3788,1,0
14768,2012-09-12,3,1,9,12,0,3,1,1,0.68,0.6364,0.36,0.1343
15852,2012-10-27,4,1,10,16,0,6,0,2,0.56,0.5303,0.64,0.2836
15976,2012-11-03,4,1,11,8,0,6,0,2,0.34,0.303,0.46,0.2985
16057,2012-11-06,4,1,11,17,0,2,1,1,0.32,0.303,0.53,0.2239
16473,2012-11-24,4,1,11,2,0,6,0,1,0.32,0.2727,0.39,0.6119
17244,2012-12-26,1,1,12,8,0,3,1,3,0.2,0.1818,0.86,0.3284
16583,2012-11-28,4,1,11,16,0,3,1,1,0.36,0.3333,0.29,0.2537
15454,2012-10-11,4,1,10,2,0,4,1,1,0.42,0.4242,0.5,0.1343
14722,2012-09-10,3,1,9,14,0,1,1,1,0.66,0.6212,0.36,0.2836
16117,2012-11-09,4,1,11,6,0,5,1,1,0.26,0.2727,0.65,0.1045
14718,2012-09-10,3,1,9,10,0,1,1,1,0.62,0.6212,0.5,0.2836
15651,2012-10-19,4,1,10,7,0,5,1,3,0.54,0.5152,0.94,0
16500,2012-11-25,4,1,11,5,0,0,0,2,0.22,0.2273,0.47,0.1642
15090,2012-09-25,4,1,9,22,0,2,1,1,0.6,0.6212,0.56,0.2836
15619,2012-10-17,4,1,10,23,0,3,1,1,0.46,0.4545,0.88,0.2239
16095,2012-11-08,4,1,11,8,0,4,1,1,0.3,0.2879,0.33,0.2836
15751,2012-10-23,4,1,10,11,0,2,1,1,0.6,0.6212,0.53,0
14785,2012-09-13,3,1,9,5,0,4,1,1,0.52,0.5,0.83,0
16297,2012-11-16,4,1,11,18,0,5,1,1,0.34,0.3333,0.53,0.1642
14911,2012-09-18,3,1,9,11,0,2,1,2,0.68,0.6364,0.79,0.6418
14877,2012-09-17,3,1,9,1,0,1,1,1,0.52,0.5,0.72,0.0896
15717,2012-10-22,4,1,10,1,0,1,1,1,0.4,0.4091,0.71,0
15408,2012-10-09,4,1,10,4,0,2,1,3,0.36,0.3485,0.87,0.1642
17373,2012-12-31,1,1,12,17,0,1,1,2,0.26,0.2879,0.48,0.0896
15938,2012-11-01,4,1,11,18,0,4,1,2,0.4,0.4091,0.5,0.1642
16861,2012-12-10,4,1,12,7,0,1,1,2,0.38,0.3939,0.94,0.2537
17318,2012-12-29,1,1,12,10,0,6,0,3,0.26,0.2424,0.81,0.1343
16318,2012-11-17,4,1,11,15,0,6,0,1,0.42,0.4242,0.35,0.2985
16433,2012-11-22,4,1,11,10,1,4,0,1,0.36,0.3636,0.57,0.1045
14625,2012-09-06,3,1,9,13,0,4,1,2,0.72,0.697,0.79,0.1045
14570,2012-09-04,3,1,9,6,0,2,1,2,0.68,0.6364,0.89,0.1045
16270,2012-11-15,4,1,11,15,0,4,1,2,0.38,0.3939,0.58,0.1642
16697,2012-12-03,4,1,12,11,0,1,1,1,0.48,0.4697,0.77,0.1343
16683,2012-12-02,4,1,12,21,0,0,0,2,0.44,0.4394,0.77,0.2239
15588,2012-10-16,4,1,10,16,0,2,1,1,0.54,0.5152,0.39,0.2836
16584,2012-11-28,4,1,11,17,0,3,1,1,0.34,0.3333,0.31,0.1343
15423,2012-10-09,4,1,10,19,0,2,1,2,0.5,0.4848,0.72,0.1642
16571,2012-11-28,4,1,11,4,0,3,1,2,0.26,0.2576,0.7,0.194
15449,2012-10-10,4,1,10,21,0,3,1,1,0.5,0.4848,0.51,0.3582
14803,2012-09-13,3,1,9,23,0,4,1,1,0.58,0.5455,0.73,0.1045
16096,2012-11-08,4,1,11,9,0,4,1,1,0.32,0.2879,0.31,0.3582
17057,2012-12-18,4,1,12,11,0,2,1,1,0.48,0.4697,0.63,0.2239
14963,2012-09-20,3,1,9,15,0,4,1,1,0.66,0.6212,0.47,0.194
15485,2012-10-12,4,1,10,9,0,5,1,1,0.5,0.4848,0.39,0.2985
16776,2012-12-06,4,1,12,18,0,4,1,1,0.28,0.2727,0.45,0.1642
17203,2012-12-24,1,1,12,14,0,1,1,3,0.24,0.2576,0.87,0.1045
16989,2012-12-15,4,1,12,15,0,6,0,1,0.42,0.4242,0.47,0
15828,2012-10-26,4,1,10,16,0,5,1,2,0.58,0.5455,0.73,0.1642
15210,2012-09-30,4,1,9,22,0,0,0,1,0.48,0.4697,0.72,0
16045,2012-11-06,4,1,11,5,0,2,1,2,0.22,0.2273,0.64,0.194
14548,2012-09-03,3,1,9,8,1,1,0,2,0.7,0.6667,0.84,0.1045
16650,2012-12-01,4,1,12,12,0,6,0,2,0.32,0.3333,0.81,0.0896
14535,2012-09-02,3,1,9,19,0,0,0,2,0.7,0.6667,0.84,0.2239
16843,2012-12-09,4,1,12,13,0,0,0,2,0.38,0.3939,0.87,0.2836
16917,2012-12-12,4,1,12,15,0,3,1,2,0.34,0.3485,0.46,0.1045
16243,2012-11-14,4,1,11,12,0,3,1,1,0.34,0.3333,0.46,0
16304,2012-11-17,4,1,11,1,0,6,0,1,0.26,0.2576,0.6,0.194
16249,2012-11-14,4,1,11,18,0,3,1,1,0.32,0.3182,0.53,0.1642
15158,2012-09-28,4,1,9,18,0,5,1,2,0.64,0.6212,0.5,0.2239
17174,2012-12-23,1,1,12,8,0,0,0,1,0.14,0.1667,0.69,0.1045
17204,2012-12-24,1,1,12,15,0,1,1,3,0.24,0.2273,0.87,0.2239
16742,2012-12-05,4,1,12,8,0,3,1,2,0.44,0.4394,0.58,0.2836
16198,2012-11-12,4,1,11,15,1,1,0,1,0.56,0.5303,0.64,0.2537
15737,2012-10-22,4,1,10,21,0,1,1,1,0.48,0.4697,0.67,0.0896
17103,2012-12-20,4,1,12,9,0,4,1,2,0.3,0.3333,0.7,0
17216,2012-12-25,1,1,12,4,1,2,0,2,0.24,0.2576,0.87,0.0896
16494,2012-11-24,4,1,11,23,0,6,0,1,0.24,0.2273,0.44,0.194
16390,2012-11-20,4,1,11,15,0,2,1,2,0.46,0.4545,0.55,0.1045
15821,2012-10-26,4,1,10,9,0,5,1,2,0.54,0.5152,0.88,0.1343
15505,2012-10-13,4,1,10,5,0,6,0,1,0.3,0.2879,0.61,0.194
15862,2012-10-28,4,1,10,2,0,0,0,2,0.5,0.4848,0.68,0.2985
17223,2012-12-25,1,1,12,11,1,2,0,1,0.3,0.3182,0.75,0.0896
15660,2012-10-19,4,1,10,16,0,5,1,3,0.62,0.6061,0.69,0.3582
15301,2012-10-04,4,1,10,17,0,4,1,1,0.7,0.6515,0.51,0.2239
17310,2012-12-29,1,1,12,2,0,6,0,2,0.24,0.2424,0.7,0
14835,2012-09-15,3,1,9,7,0,6,0,1,0.54,0.5152,0.52,0.2836
17305,2012-12-28,1,1,12,21,0,5,1,2,0.24,0.2424,0.7,0.1343
16694,2012-12-03,4,1,12,8,0,1,1,1,0.36,0.3788,0.93,0
16381,2012-11-20,4,1,11,6,0,2,1,2,0.34,0.3333,0.71,0.1642
14620,2012-09-06,3,1,9,8,0,4,1,3,0.7,0.6667,0.79,0
14985,2012-09-21,3,1,9,13,0,5,1,1,0.7,0.6515,0.54,0.1642
14764,2012-09-12,3,1,9,8,0,3,1,1,0.56,0.5303,0.64,0.1045
16206,2012-11-12,4,1,11,23,1,1,0,2,0.54,0.5152,0.77,0.2239
15778,2012-10-24,4,1,10,14,0,3,1,1,0.74,0.6515,0.3,0.2537
16574,2012-11-28,4,1,11,7,0,3,1,2,0.26,0.2576,0.56,0.194
16759,2012-12-06,4,1,12,1,0,4,1,1,0.26,0.2424,0.48,0.2836
15967,2012-11-02,4,1,11,23,0,5,1,1,0.34,0.303,0.53,0.2985
16609,2012-11-29,4,1,11,19,0,4,1,1,0.3,0.2879,0.52,0.194
15969,2012-11-03,4,1,11,1,0,6,0,2,0.34,0.303,0.49,0.3284
17051,2012-12-18,4,1,12,5,0,2,1,1,0.38,0.3939,0.87,0.0896
16365,2012-11-19,4,1,11,14,0,1,1,1,0.44,0.4394,0.54,0.2537
15763,2012-10-23,4,1,10,23,0,2,1,1,0.54,0.5152,0.73,0.1045
14946,2012-09-19,3,1,9,22,0,3,1,1,0.5,0.4848,0.63,0.0896
14530,2012-09-02,3,1,9,14,0,0,0,3,0.72,0.697,0.79,0.0896
16973,2012-12-14,4,1,12,23,0,5,1,1,0.28,0.303,0.75,0.0896
17185,2012-12-23,1,1,12,19,0,0,0,1,0.3,0.3333,0.42,0
14700,2012-09-09,3,1,9,16,0,0,0,1,0.68,0.6364,0.36,0.2836
15784,2012-10-24,4,1,10,20,0,3,1,2,0.62,0.6061,0.61,0.0896
15057,2012-09-24,4,1,9,13,0,1,1,1,0.6,0.6212,0.31,0.2985
15152,2012-09-28,4,1,9,12,0,5,1,2,0.7,0.6515,0.54,0.2537
14898,2012-09-17,3,1,9,22,0,1,1,3,0.62,0.5758,0.83,0.2537
16537,2012-11-26,4,1,11,18,0,1,1,1,0.36,0.3485,0.5,0.1642
15230,2012-10-01,4,1,10,18,0,1,1,3,0.56,0.5303,0.64,0.1045
16361,2012-11-19,4,1,11,10,0,1,1,2,0.36,0.3333,0.66,0.2537
15702,2012-10-21,4,1,10,10,0,0,0,1,0.5,0.4848,0.48,0.2985
14804,2012-09-14,3,1,9,0,0,5,1,1,0.56,0.5303,0.73,0.0896
15527,2012-10-14,4,1,10,3,0,0,0,1,0.42,0.4242,0.77,0.2985
16819,2012-12-08,4,1,12,13,0,6,0,2,0.4,0.4091,0.87,0.1642
16040,2012-11-06,4,1,11,0,0,2,1,1,0.24,0.2576,0.6,0.1045
17188,2012-12-23,1,1,12,22,0,0,0,1,0.24,0.2576,0.6,0.1045
14614,2012-09-06,3,1,9,2,0,4,1,1,0.72,0.697,0.79,0
17342,2012-12-30,1,1,12,10,0,0,0,1,0.26,0.2121,0.41,0.5821
17313,2012-12-29,1,1,12,5,0,6,0,2,0.24,0.2424,0.75,0.0896
14915,2012-09-18,3,1,9,15,0,2,1,3,0.6,0.5455,0.88,0.2537
15544,2012-10-14,4,1,10,20,0,0,0,1,0.54,0.5152,0.73,0.2239
15845,2012-10-27,4,1,10,9,0,6,0,1,0.5,0.4848,0.77,0.2537
17275,2012-12-27,1,1,12,15,0,4,1,2,0.26,0.2121,0.56,0.4478
16601,2012-11-29,4,1,11,11,0,4,1,1,0.36,0.3485,0.37,0.2239
14964,2012-09-20,3,1,9,16,0,4,1,1,0.64,0.6212,0.47,0.1642
14742,2012-09-11,3,1,9,10,0,2,1,1,0.62,0.6212,0.38,0
15646,2012-10-19,4,1,10,2,0,5,1,2,0.54,0.5152,0.88,0
14639,2012-09-07,3,1,9,3,0,5,1,1,0.62,0.5758,0.83,0.0896
15116,2012-09-27,4,1,9,0,0,4,1,1,0.6,0.5758,0.78,0.0896
16939,2012-12-13,4,1,12,13,0,4,1,1,0.36,0.3485,0.34,0.194
15313,2012-10-05,4,1,10,5,0,5,1,1,0.52,0.5,0.77,0
15685,2012-10-20,4,1,10,17,0,6,0,1,0.54,0.5152,0.37,0.2239
16656,2012-12-01,4,1,12,18,0,6,0,2,0.34,0.3636,0.76,0
15264,2012-10-03,4,1,10,4,0,3,1,2,0.6,0.5,1,0
16310,2012-11-17,4,1,11,7,0,6,0,1,0.24,0.2273,0.7,0.194
15756,2012-10-23,4,1,10,16,0,2,1,1,0.68,0.6364,0.44,0.0896
15108,2012-09-26,4,1,9,16,0,3,1,1,0.74,0.6667,0.45,0.2836
16654,2012-12-01,4,1,12,16,0,6,0,2,0.38,0.3939,0.66,0
17138,2012-12-21,1,1,12,20,0,5,1,1,0.28,0.2727,0.41,0.2537
14997,2012-09-22,3,1,9,1,0,6,0,1,0.58,0.5455,0.83,0.2985
15074,2012-09-25,4,1,9,6,0,2,1,1,0.44,0.4394,0.77,0.2239
15156,2012-09-28,4,1,9,16,0,5,1,2,0.66,0.6212,0.5,0.2239
16068,2012-11-07,4,1,11,4,0,3,1,2,0.28,0.2576,0.52,0.2985
15843,2012-10-27,4,1,10,7,0,6,0,1,0.48,0.4697,0.83,0.194
17179,2012-12-23,1,1,12,13,0,0,0,1,0.32,0.303,0.39,0.2239
15336,2012-10-06,4,1,10,4,0,6,0,1,0.54,0.5152,0.83,0.2537
17376,2012-12-31,1,1,12,20,0,1,1,2,0.26,0.2576,0.6,0.1642
17091,2012-12-19,4,1,12,21,0,3,1,1,0.34,0.3182,0.61,0.2239
16488,2012-11-24,4,1,11,17,0,6,0,1,0.26,0.2273,0.41,0.3881
15398,2012-10-08,4,1,10,18,1,1,0,2,0.42,0.4242,0.66,0.2836
15804,2012-10-25,4,1,10,16,0,4,1,1,0.6,0.5909,0.69,0.1642
15399,2012-10-08,4,1,10,19,1,1,0,2,0.4,0.4091,0.71,0.2537
16744,2012-12-05,4,1,12,10,0,3,1,2,0.44,0.4394,0.47,0.3582
14762,2012-09-12,3,1,9,6,0,3,1,1,0.5,0.4848,0.72,0.0896
15326,2012-10-05,4,1,10,18,0,5,1,1,0.64,0.6212,0.57,0.1343
15812,2012-10-26,4,1,10,0,0,5,1,2,0.54,0.5152,0.77,0
16961,2012-12-14,4,1,12,11,0,5,1,1,0.32,0.303,0.65,0.194
15939,2012-11-01,4,1,11,19,0,4,1,2,0.4,0.4091,0.5,0.1642
14611,2012-09-05,3,1,9,23,0,3,1,1,0.7,0.6667,0.84,0.0896
15504,2012-10-13,4,1,10,4,0,6,0,1,0.3,0.303,0.65,0.1642
14496,2012-09-01,3,1,9,4,0,6,0,1,0.7,0.6515,0.7,0
16143,2012-11-10,4,1,11,8,0,6,0,1,0.32,0.3485,0.76,0
17023,2012-12-17,4,1,12,1,0,1,1,2,0.38,0.3939,0.87,0.1045
16260,2012-11-15,4,1,11,5,0,4,1,2,0.3,0.2879,0.61,0.2239
16000,2012-11-04,4,1,11,8,0,0,0,1,0.3,0.303,0.56,0.1343
15931,2012-11-01,4,1,11,11,0,4,1,3,0.36,0.3485,0.62,0.194
16002,2012-11-04,4,1,11,10,0,0,0,1,0.34,0.3333,0.49,0.194
15467,2012-10-11,4,1,10,15,0,4,1,1,0.52,0.5,0.34,0.1642
17202,2012-12-24,1,1,12,13,0,1,1,3,0.24,0.2576,0.81,0.1045
14802,2012-09-13,3,1,9,22,0,4,1,1,0.6,0.5909,0.69,0.1343
14628,2012-09-06,3,1,9,16,0,4,1,1,0.74,0.697,0.7,0.2239
17319,2012-12-29,1,1,12,11,0,6,0,3,0.2,0.2424,0.93,0.0896
15456,2012-10-11,4,1,10,4,0,4,1,1,0.4,0.4091,0.5,0.2537
16317,2012-11-17,4,1,11,14,0,6,0,1,0.42,0.4242,0.38,0.194
17352,2012-12-30,1,1,12,20,0,0,0,1,0.22,0.197,0.47,0.3284
16689,2012-12-03,4,1,12,3,0,1,1,1,0.38,0.3939,0.87,0
16495,2012-11-25,4,1,11,0,0,0,0,1,0.22,0.2121,0.47,0.2537
17079,2012-12-19,4,1,12,9,0,3,1,1,0.28,0.2879,0.75,0.1045
15676,2012-10-20,4,1,10,8,0,6,0,1,0.46,0.4545,0.67,0.1343
17209,2012-12-24,1,1,12,20,0,1,1,3,0.24,0.2424,0.93,0.1343
16820,2012-12-08,4,1,12,14,0,6,0,2,0.4,0.4091,0.87,0.2836
16592,2012-11-29,4,1,11,1,0,4,1,1,0.22,0.2576,0.64,0.0896
15245,2012-10-02,4,1,10,9,0,2,1,3,0.58,0.5455,0.88,0.1343
15515,2012-10-13,4,1,10,15,0,6,0,1,0.5,0.4848,0.36,0.194
16733,2012-12-04,4,1,12,23,0,2,1,1,0.48,0.4697,0.67,0.2537
17220,2012-12-25,1,1,12,8,1,2,0,2,0.24,0.2879,0.87,0
15524,2012-10-14,4,1,10,0,0,0,0,1,0.4,0.4091,0.71,0.2537
16730,2012-12-04,4,1,12,20,0,2,1,2,0.5,0.4848,0.63,0.2239
14920,2012-09-18,3,1,9,20,0,2,1,2,0.6,0.5455,0.88,0.194
16279,2012-11-16,4,1,11,0,0,5,1,2,0.32,0.3333,0.66,0.1045
14519,2012-09-02,3,1,9,3,0,0,0,1,0.66,0.5909,0.89,0.0896
16386,2012-11-20,4,1,11,11,0,2,1,2,0.42,0.4242,0.67,0.0896
15359,2012-10-07,4,1,10,3,0,0,0,2,0.44,0.4394,0.62,0.1343
16345,2012-11-18,4,1,11,18,0,0,0,1,0.36,0.3485,0.66,0.2239
14537,2012-09-02,3,1,9,21,0,0,0,1,0.7,0.6515,0.7,0.1642
16420,2012-11-21,4,1,11,21,0,3,1,1,0.36,0.3788,0.5,0
17222,2012-12-25,1,1,12,10,1,2,0,1,0.28,0.3182,0.81,0
14606,2012-09-05,3,1,9,18,0,3,1,1,0.76,0.7424,0.75,0.194
16577,2012-11-28,4,1,11,10,0,3,1,1,0.3,0.3182,0.49,0.1045
16975,2012-12-15,4,1,12,1,0,6,0,2,0.26,0.2879,0.81,0.0896
15673,2012-10-20,4,1,10,5,0,6,0,1,0.4,0.4091,0.82,0
15343,2012-10-06,4,1,10,11,0,6,0,1,0.64,0.6061,0.65,0.2537
15618,2012-10-17,4,1,10,22,0,3,1,1,0.46,0.4545,0.88,0.2537
16485,2012-11-24,4,1,11,14,0,6,0,1,0.32,0.2879,0.33,0.4627
17317,2012-12-29,1,1,12,9,0,6,0,2,0.26,0.2424,0.81,0
16080,2012-11-07,4,1,11,16,0,3,1,2,0.32,0.2879,0.53,0.3582
17312,2012-12-29,1,1,12,4,0,6,0,2,0.24,0.2424,0.75,0.0896
16133,2012-11-09,4,1,11,22,0,5,1,1,0.34,0.3485,0.71,0.1045
16319,2012-11-17,4,1,11,16,0,6,0,1,0.4,0.4091,0.4,0.2239
15769,2012-10-24,4,1,10,5,0,3,1,1,0.5,0.4848,0.82,0
17073,2012-12-19,4,1,12,3,0,3,1,1,0.26,0.2727,0.75,0.1343
14702,2012-09-09,3,1,9,18,0,0,0,1,0.66,0.6212,0.36,0.2537
15902,2012-10-31,4,1,10,6,0,3,1,1,0.3,0.303,0.81,0.1642
16732,2012-12-04,4,1,12,22,0,2,1,2,0.5,0.4848,0.63,0.2985
15352,2012-10-06,4,1,10,20,0,6,0,1,0.48,0.4697,0.55,0.2537
15319,2012-10-05,4,1,10,11,0,5,1,1,0.7,0.6515,0.48,0.194
15298,2012-10-04,4,1,10,14,0,4,1,1,0.7,0.6515,0.61,0.2537
16191,2012-11-12,4,1,11,8,1,1,0,1,0.42,0.4242,0.82,0.1642
14717,2012-09-10,3,1,9,9,0,1,1,1,0.6,0.6212,0.53,0.2985
16472,2012-11-24,4,1,11,1,0,6,0,1,0.34,0.2879,0.42,0.4925
15354,2012-10-06,4,1,10,22,0,6,0,1,0.44,0.4394,0.62,0.1343
16854,2012-12-10,4,1,12,0,0,1,1,3,0.36,0.3636,1,0.0896
15508,2012-10-13,4,1,10,8,0,6,0,1,0.34,0.3485,0.53,0.1045
16922,2012-12-12,4,1,12,20,0,3,1,1,0.3,0.2879,0.52,0.2836
16098,2012-11-08,4,1,11,11,0,4,1,1,0.36,0.3333,0.29,0.3881
14806,2012-09-14,3,1,9,2,0,5,1,1,0.56,0.5303,0.73,0
15653,2012-10-19,4,1,10,9,0,5,1,2,0.54,0.5152,0.94,0.1045
14927,2012-09-19,3,1,9,3,0,3,1,2,0.52,0.5,0.63,0.2537
16113,2012-11-09,4,1,11,2,0,5,1,1,0.32,0.303,0.53,0.2537
16532,2012-11-26,4,1,11,13,0,1,1,1,0.42,0.4242,0.35,0.1045
15403,2012-10-08,4,1,10,23,1,1,0,2,0.4,0.4091,0.71,0.2239
16873,2012-12-10,4,1,12,19,0,1,1,1,0.52,0.5,0.77,0.2836
15519,2012-10-13,4,1,10,19,0,6,0,1,0.44,0.4394,0.44,0.1642
15033,2012-09-23,4,1,9,13,0,0,0,1,0.6,0.6212,0.38,0.1642
14871,2012-09-16,3,1,9,19,0,0,0,1,0.62,0.6212,0.5,0.1343
16725,2012-12-04,4,1,12,15,0,2,1,2,0.6,0.6212,0.49,0.2537
15732,2012-10-22,4,1,10,16,0,1,1,1,0.62,0.6212,0.33,0.1642
15601,2012-10-17,4,1,10,5,0,3,1,2,0.36,0.3788,0.81,0
15803,2012-10-25,4,1,10,15,0,4,1,1,0.62,0.6061,0.65,0.1343
16342,2012-11-18,4,1,11,15,0,0,0,1,0.42,0.4242,0.54,0.2836
17213,2012-12-25,1,1,12,0,1,2,0,3,0.24,0.2576,0.93,0.0896
16728,2012-12-04,4,1,12,18,0,2,1,1,0.5,0.4848,0.63,0.2239
17180,2012-12-23,1,1,12,14,0,0,0,1,0.34,0.303,0.31,0.2985
16653,2012-12-01,4,1,12,15,0,6,0,2,0.4,0.4091,0.62,0
15086,2012-09-25,4,1,9,18,0,2,1,1,0.64,0.6212,0.41,0.2239
17201,2012-12-24,1,1,12,12,0,1,1,2,0.28,0.303,0.56,0.0896
16074,2012-11-07,4,1,11,10,0,3,1,2,0.28,0.2576,0.56,0.2985
17300,2012-12-28,1,1,12,16,0,5,1,1,0.3,0.303,0.49,0.1343
15121,2012-09-27,4,1,9,5,0,4,1,1,0.58,0.5455,0.83,0
15629,2012-10-18,4,1,10,9,0,4,1,2,0.5,0.4848,0.77,0.1642
15484,2012-10-12,4,1,10,8,0,5,1,1,0.42,0.4242,0.71,0.0896
17094,2012-12-20,4,1,12,0,0,4,1,1,0.32,0.3333,0.61,0.1343
16223,2012-11-13,4,1,11,16,0,2,1,1,0.38,0.3939,0.4,0.2985
16140,2012-11-10,4,1,11,5,0,6,0,1,0.28,0.3182,0.87,0
14828,2012-09-15,3,1,9,0,0,6,0,1,0.6,0.5606,0.83,0.1045
15876,2012-10-28,4,1,10,16,0,0,0,3,0.48,0.4697,0.67,0.4627
15206,2012-09-30,4,1,9,18,0,0,0,1,0.52,0.5,0.59,0.4478
15078,2012-09-25,4,1,9,10,0,2,1,1,0.56,0.5303,0.52,0.2985
14794,2012-09-13,3,1,9,14,0,4,1,1,0.72,0.6515,0.39,0.1343
14829,2012-09-15,3,1,9,1,0,6,0,1,0.6,0.5909,0.73,0
15492,2012-10-12,4,1,10,16,0,5,1,1,0.46,0.4545,0.41,0.3582
16266,2012-11-15,4,1,11,11,0,4,1,2,0.34,0.3333,0.61,0.1343
15035,2012-09-23,4,1,9,15,0,0,0,1,0.6,0.6212,0.33,0.2239
15222,2012-10-01,4,1,10,10,0,1,1,1,0.54,0.5152,0.56,0
17014,2012-12-16,4,1,12,16,0,0,0,2,0.38,0.3939,0.82,0.1045
16053,2012-11-06,4,1,11,13,0,2,1,1,0.34,0.3333,0.46,0.1343
16985,2012-12-15,4,1,12,11,0,6,0,1,0.34,0.3485,0.61,0.0896
16389,2012-11-20,4,1,11,14,0,2,1,2,0.44,0.4394,0.58,0.1045
14600,2012-09-05,3,1,9,12,0,3,1,1,0.78,0.7727,0.7,0.1045
15377,2012-10-07,4,1,10,21,0,0,0,1,0.38,0.3939,0.87,0.1045
14652,2012-09-07,3,1,9,16,0,5,1,1,0.8,0.7576,0.55,0.2836
15118,2012-09-27,4,1,9,2,0,4,1,1,0.6,0.5758,0.78,0.0896
16051,2012-11-06,4,1,11,11,0,2,1,1,0.32,0.3333,0.45,0.1343
15304,2012-10-04,4,1,10,20,0,4,1,1,0.64,0.6061,0.65,0.1045
17055,2012-12-18,4,1,12,9,0,2,1,1,0.4,0.4091,0.87,0.0896
15946,2012-11-02,4,1,11,2,0,5,1,1,0.32,0.3182,0.66,0.1642
14971,2012-09-20,3,1,9,23,0,4,1,1,0.54,0.5152,0.68,0.1045
16226,2012-11-13,4,1,11,19,0,2,1,1,0.32,0.2879,0.49,0.3582
16315,2012-11-17,4,1,11,12,0,6,0,1,0.4,0.4091,0.4,0.1642
16370,2012-11-19,4,1,11,19,0,1,1,2,0.4,0.4091,0.58,0.2836
14669,2012-09-08,3,1,9,9,0,6,0,1,0.7,0.6667,0.74,0.3881
14733,2012-09-11,3,1,9,1,0,2,1,1,0.5,0.4848,0.63,0
15459,2012-10-11,4,1,10,7,0,4,1,1,0.36,0.3333,0.5,0.2537
16039,2012-11-05,4,1,11,23,0,1,1,1,0.26,0.2727,0.6,0.1343
15580,2012-10-16,4,1,10,8,0,2,1,1,0.44,0.4394,0.62,0
14836,2012-09-15,3,1,9,8,0,6,0,1,0.56,0.5303,0.49,0.4179
14536,2012-09-02,3,1,9,20,0,0,0,2,0.7,0.6667,0.84,0.1642
15541,2012-10-14,4,1,10,17,0,0,0,1,0.64,0.6212,0.44,0.194
16817,2012-12-08,4,1,12,11,0,6,0,2,0.4,0.4091,0.87,0.1045
16840,2012-12-09,4,1,12,10,0,0,0,2,0.4,0.4091,0.87,0.2836
17367,2012-12-31,1,1,12,11,0,1,1,2,0.22,0.2273,0.6,0.194
16507,2012-11-25,4,1,11,12,0,0,0,2,0.26,0.2576,0.41,0.2239
16851,2012-12-09,4,1,12,21,0,0,0,2,0.36,0.3636,1,0.1045
16761,2012-12-06,4,1,12,3,0,4,1,1,0.22,0.2273,0.55,0.194
15300,2012-10-04,4,1,10,16,0,4,1,1,0.7,0.6515,0.54,0.2836
15085,2012-09-25,4,1,9,17,0,2,1,1,0.66,0.6212,0.39,0.2836
14734,2012-09-11,3,1,9,2,0,2,1,1,0.48,0.4697,0.77,0.1642
16913,2012-12-12,4,1,12,11,0,3,1,2,0.32,0.303,0.49,0.2239
15473,2012-10-11,4,1,10,21,0,4,1,1,0.42,0.4242,0.62,0.1343
16333,2012-11-18,4,1,11,6,0,0,0,1,0.28,0.2727,0.81,0.1642
17272,2012-12-27,1,1,12,12,0,4,1,1,0.3,0.2727,0.49,0.4627
16172,2012-11-11,4,1,11,13,0,0,0,1,0.54,0.5152,0.45,0.1045
17370,2012-12-31,1,1,12,14,0,1,1,2,0.28,0.2727,0.45,0.2239
14772,2012-09-12,3,1,9,16,0,3,1,1,0.72,0.6515,0.37,0.1642
16793,2012-12-07,4,1,12,11,0,5,1,2,0.32,0.3182,0.76,0.194
17354,2012-12-30,1,1,12,22,0,0,0,1,0.2,0.197,0.55,0.194
16111,2012-11-09,4,1,11,0,0,5,1,1,0.34,0.303,0.49,0.3284
16746,2012-12-05,4,1,12,12,0,3,1,1,0.44,0.4394,0.41,0.2836
15114,2012-09-26,4,1,9,22,0,3,1,3,0.62,0.6061,0.69,0.194
15988,2012-11-03,4,1,11,20,0,6,0,1,0.34,0.3333,0.53,0.1343
16054,2012-11-06,4,1,11,14,0,2,1,1,0.36,0.3636,0.4,0.1045
15517,2012-10-13,4,1,10,17,0,6,0,1,0.46,0.4545,0.38,0.1642
15659,2012-10-19,4,1,10,15,0,5,1,1,0.64,0.6061,0.65,0.2985
15830,2012-10-26,4,1,10,18,0,5,1,2,0.56,0.5303,0.78,0.1343
16008,2012-11-04,4,1,11,16,0,0,0,1,0.4,0.4091,0.4,0.3284
15310,2012-10-05,4,1,10,2,0,5,1,1,0.54,0.5152,0.73,0.0896
17112,2012-12-20,4,1,12,18,0,4,1,2,0.34,0.3333,0.71,0.194
17290,2012-12-28,1,1,12,6,0,5,1,1,0.22,0.2121,0.64,0.2836
15178,2012-09-29,4,1,9,14,0,6,0,1,0.6,0.6212,0.4,0.2537
16754,2012-12-05,4,1,12,20,0,3,1,1,0.34,0.303,0.46,0.3881
16334,2012-11-18,4,1,11,7,0,0,0,1,0.28,0.2727,0.81,0.194
15032,2012-09-23,4,1,9,12,0,0,0,1,0.56,0.5303,0.43,0.1045
15847,2012-10-27,4,1,10,11,0,6,0,1,0.56,0.5303,0.64,0.2836
15867,2012-10-28,4,1,10,7,0,0,0,2,0.5,0.4848,0.59,0.2985
17085,2012-12-19,4,1,12,15,0,3,1,1,0.42,0.4242,0.5,0.2836
14924,2012-09-19,3,1,9,0,0,3,1,2,0.56,0.5303,0.68,0.2836
17304,2012-12-28,1,1,12,20,0,5,1,2,0.24,0.2576,0.65,0.1045
17235,2012-12-25,1,1,12,23,1,2,0,2,0.28,0.2727,0.65,0.2537
17351,2012-12-30,1,1,12,19,0,0,0,1,0.34,0.3636,0.61,0
15748,2012-10-23,4,1,10,8,0,2,1,2,0.46,0.4545,0.72,0.0896
15203,2012-09-30,4,1,9,15,0,0,0,1,0.64,0.6212,0.36,0.2537
16783,2012-12-07,4,1,12,1,0,5,1,2,0.24,0.2273,0.7,0.194
15076,2012-09-25,4,1,9,8,0,2,1,1,0.48,0.4697,0.67,0.194
16993,2012-12-15,4,1,12,19,0,6,0,1,0.36,0.3485,0.62,0.1343
15649,2012-10-19,4,1,10,5,0,5,1,2,0.54,0.5152,0.88,0
14807,2012-09-14,3,1,9,3,0,5,1,1,0.54,0.5152,0.77,0
16186,2012-11-12,4,1,11,3,1,1,0,1,0.4,0.4091,0.76,0.1343
17366,2012-12-31,1,1,12,10,0,1,1,2,0.2,0.2121,0.69,0.1343
16301,2012-11-16,4,1,11,22,0,5,1,1,0.32,0.303,0.53,0.2537
14724,2012-09-10,3,1,9,16,0,1,1,1,0.66,0.6212,0.34,0.3284
15344,2012-10-06,4,1,10,12,0,6,0,1,0.7,0.6515,0.54,0.1045
16192,2012-11-12,4,1,11,9,1,1,0,1,0.44,0.4394,0.88,0.1045
16617,2012-11-30,4,1,11,3,0,5,1,1,0.24,0.2879,0.75,0
16978,2012-12-15,4,1,12,4,0,6,0,2,0.24,0.2576,0.87,0.1045
16267,2012-11-15,4,1,11,12,0,4,1,2,0.36,0.3636,0.62,0.1045
15880,2012-10-28,4,1,10,20,0,0,0,3,0.42,0.4242,0.94,0.4627
16533,2012-11-26,4,1,11,14,0,1,1,1,0.42,0.4242,0.35,0
14761,2012-09-12,3,1,9,5,0,3,1,1,0.5,0.4848,0.72,0.0896
15577,2012-10-16,4,1,10,5,0,2,1,1,0.42,0.4242,0.67,0.2537
17019,2012-12-16,4,1,12,21,0,0,0,2,0.36,0.3788,0.93,0
14878,2012-09-17,3,1,9,2,0,1,1,1,0.52,0.5,0.72,0
14975,2012-09-21,3,1,9,3,0,5,1,1,0.5,0.4848,0.77,0.0896
17230,2012-12-25,1,1,12,18,1,2,0,2,0.32,0.303,0.66,0.2537
15322,2012-10-05,4,1,10,14,0,5,1,1,0.74,0.6515,0.37,0.2239
14743,2012-09-11,3,1,9,11,0,2,1,1,0.64,0.6212,0.33,0.0896
16950,2012-12-14,4,1,12,0,0,5,1,1,0.22,0.2576,0.64,0.0896
16967,2012-12-14,4,1,12,17,0,5,1,1,0.34,0.3333,0.57,0.1642
16786,2012-12-07,4,1,12,4,0,5,1,1,0.26,0.2727,0.75,0.1045
15149,2012-09-28,4,1,9,9,0,5,1,2,0.62,0.5758,0.83,0.1045
15234,2012-10-01,4,1,10,22,0,1,1,3,0.54,0.5152,0.77,0.0896
15947,2012-11-02,4,1,11,3,0,5,1,1,0.3,0.303,0.7,0.1642
17324,2012-12-29,1,1,12,16,0,6,0,1,0.3,0.2424,0.75,0.1045
15395,2012-10-08,4,1,10,15,1,1,0,3,0.42,0.4242,0.58,0.194
15048,2012-09-24,4,1,9,4,0,1,1,1,0.44,0.4394,0.67,0.1045
15909,2012-10-31,4,1,10,13,0,3,1,1,0.42,0.4242,0.5,0.2239
16932,2012-12-13,4,1,12,6,0,4,1,1,0.26,0.2424,0.56,0.2537
16980,2012-12-15,4,1,12,6,0,6,0,2,0.24,0.2879,0.75,0
14556,2012-09-03,3,1,9,16,1,1,0,1,0.74,0.697,0.7,0.2239
17037,2012-12-17,4,1,12,15,0,1,1,2,0.42,0.4242,0.88,0
14518,2012-09-02,3,1,9,2,0,0,0,1,0.66,0.5909,0.89,0
15101,2012-09-26,4,1,9,9,0,3,1,1,0.6,0.6061,0.64,0.194
14776,2012-09-12,3,1,9,20,0,3,1,1,0.62,0.6212,0.57,0.1343
16512,2012-11-25,4,1,11,17,0,0,0,1,0.28,0.2727,0.41,0.1642
16063,2012-11-06,4,1,11,23,0,2,1,1,0.3,0.2879,0.56,0.2239
15707,2012-10-21,4,1,10,15,0,0,0,1,0.56,0.5303,0.35,0.3284
16724,2012-12-04,4,1,12,14,0,2,1,2,0.58,0.5455,0.56,0.2239
14648,2012-09-07,3,1,9,12,0,5,1,1,0.78,0.7424,0.59,0.1642
14759,2012-09-12,3,1,9,3,0,3,1,1,0.5,0.4848,0.77,0.0896
16360,2012-11-19,4,1,11,9,0,1,1,2,0.36,0.3333,0.66,0.2537
17118,2012-12-21,1,1,12,0,0,5,1,3,0.42,0.4242,0.88,0.2985
14671,2012-09-08,3,1,9,11,0,6,0,1,0.76,0.7121,0.62,0.4478
14815,2012-09-14,3,1,9,11,0,5,1,2,0.68,0.6364,0.61,0.1045
14850,2012-09-15,3,1,9,22,0,6,0,1,0.56,0.5303,0.52,0
15220,2012-10-01,4,1,10,8,0,1,1,2,0.46,0.4545,0.77,0.1045
16953,2012-12-14,4,1,12,3,0,5,1,1,0.2,0.2273,0.69,0.1045
15560,2012-10-15,4,1,10,12,0,1,1,3,0.6,0.5758,0.78,0.3284
15765,2012-10-24,4,1,10,1,0,3,1,1,0.54,0.5152,0.68,0
16514,2012-11-25,4,1,11,19,0,0,0,1,0.26,0.303,0.41,0
17008,2012-12-16,4,1,12,10,0,0,0,2,0.36,0.3485,0.87,0.1343
16256,2012-11-15,4,1,11,1,0,4,1,2,0.26,0.2727,0.65,0.1045
17294,2012-12-28,1,1,12,10,0,5,1,2,0.26,0.2424,0.56,0.2537
15328,2012-10-05,4,1,10,20,0,5,1,1,0.6,0.5758,0.78,0.1343
14821,2012-09-14,3,1,9,17,0,5,1,1,0.72,0.6667,0.51,0.194
16648,2012-12-01,4,1,12,10,0,6,0,2,0.28,0.2727,0.89,0.1642
15981,2012-11-03,4,1,11,13,0,6,0,2,0.36,0.3333,0.46,0.3582
17157,2012-12-22,1,1,12,15,0,6,0,1,0.32,0.2727,0.33,0.5821
16516,2012-11-25,4,1,11,21,0,0,0,1,0.26,0.303,0.48,0
17263,2012-12-27,1,1,12,3,0,4,1,2,0.24,0.2273,0.87,0.2239
14554,2012-09-03,3,1,9,14,1,1,0,1,0.74,0.697,0.7,0.2985
15791,2012-10-25,4,1,10,3,0,4,1,2,0.52,0.5,0.88,0.1343
16983,2012-12-15,4,1,12,9,0,6,0,1,0.26,0.2727,0.75,0.1045
15555,2012-10-15,4,1,10,7,0,1,1,2,0.58,0.5455,0.68,0.3284
14825,2012-09-14,3,1,9,21,0,5,1,1,0.64,0.6061,0.73,0.2239
16883,2012-12-11,4,1,12,5,0,2,1,3,0.34,0.303,0.71,0.3284
16712,2012-12-04,4,1,12,2,0,2,1,1,0.42,0.4242,0.88,0.0896
16034,2012-11-05,4,1,11,18,0,1,1,1,0.34,0.3182,0.46,0.2239
16425,2012-11-22,4,1,11,2,1,4,0,1,0.24,0.2576,0.75,0.0896
14841,2012-09-15,3,1,9,13,0,6,0,1,0.68,0.6364,0.36,0.194
16306,2012-11-17,4,1,11,3,0,6,0,1,0.26,0.2576,0.65,0.194
16001,2012-11-04,4,1,11,9,0,0,0,1,0.32,0.3333,0.53,0
14505,2012-09-01,3,1,9,13,0,6,0,2,0.82,0.7727,0.52,0.0896
16901,2012-12-11,4,1,12,23,0,2,1,1,0.3,0.2879,0.52,0.2239
16526,2012-11-26,4,1,11,7,0,1,1,1,0.24,0.2879,0.65,0
17345,2012-12-30,1,1,12,13,0,0,0,1,0.3,0.2576,0.36,0.6567
14818,2012-09-14,3,1,9,14,0,5,1,2,0.72,0.6515,0.45,0.1642
16280,2012-11-16,4,1,11,1,0,5,1,2,0.3,0.3182,0.65,0.0896
16204,2012-11-12,4,1,11,21,1,1,0,3,0.54,0.5152,0.73,0.2239
16165,2012-11-11,4,1,11,6,0,0,0,1,0.3,0.3182,0.87,0.0896
15053,2012-09-24,4,1,9,9,0,1,1,1,0.52,0.5,0.52,0.194
16493,2012-11-24,4,1,11,22,0,6,0,1,0.24,0.2273,0.44,0.2537
15506,2012-10-13,4,1,10,6,0,6,0,1,0.3,0.2879,0.61,0.194
14988,2012-09-21,3,1,9,16,0,5,1,1,0.7,0.6515,0.54,0.194
15718,2012-10-22,4,1,10,2,0,1,1,1,0.38,0.3939,0.71,0
14905,2012-09-18,3,1,9,5,0,2,1,2,0.64,0.5758,0.89,0.3284
16031,2012-11-05,4,1,11,15,0,1,1,1,0.38,0.3939,0.4,0.2836
16012,2012-11-04,4,1,11,20,0,0,0,1,0.32,0.2879,0.53,0.3582
16836,2012-12-09,4,1,12,6,0,0,0,3,0.4,0.4091,0.94,0.1045
15140,2012-09-28,4,1,9,0,0,5,1,3,0.6,0.5455,0.88,0.1642
17120,2012-12-21,1,1,12,2,0,5,1,3,0.46,0.4545,0.94,0.3881
16300,2012-11-16,4,1,11,21,0,5,1,1,0.34,0.3333,0.49,0.194
15647,2012-10-19,4,1,10,3,0,5,1,2,0.56,0.5303,0.83,0
16408,2012-11-21,4,1,11,9,0,3,1,1,0.32,0.3333,0.76,0.0896
14974,2012-09-21,3,1,9,2,0,5,1,1,0.52,0.5,0.72,0
15523,2012-10-13,4,1,10,23,0,6,0,1,0.42,0.4242,0.58,0.2985
17302,2012-12-28,1,1,12,18,0,5,1,1,0.24,0.2424,0.6,0.1343
16309,2012-11-17,4,1,11,6,0,6,0,1,0.24,0.2273,0.7,0.2239
14982,2012-09-21,3,1,9,10,0,5,1,1,0.62,0.6061,0.61,0.2239
15123,2012-09-27,4,1,9,7,0,4,1,1,0.6,0.5758,0.78,0
15918,2012-10-31,4,1,10,22,0,3,1,1,0.36,0.3485,0.57,0.1343
14984,2012-09-21,3,1,9,12,0,5,1,1,0.68,0.6364,0.57,0.1642
15985,2012-11-03,4,1,11,17,0,6,0,2,0.36,0.3333,0.46,0.2985
16449,2012-11-23,4,1,11,2,0,5,1,1,0.26,0.2879,0.75,0.0896
15776,2012-10-24,4,1,10,12,0,3,1,1,0.62,0.6061,0.61,0.0896
15701,2012-10-21,4,1,10,9,0,0,0,1,0.46,0.4545,0.55,0.1642
16355,2012-11-19,4,1,11,4,0,1,1,2,0.36,0.3485,0.66,0.2239
15276,2012-10-03,4,1,10,16,0,3,1,2,0.72,0.6667,0.58,0
16926,2012-12-13,4,1,12,0,0,4,1,2,0.28,0.2727,0.52,0.2239
16755,2012-12-05,4,1,12,21,0,3,1,1,0.34,0.303,0.46,0.4179
16426,2012-11-22,4,1,11,3,1,4,0,1,0.24,0.2576,0.75,0.1045
15780,2012-10-24,4,1,10,16,0,3,1,1,0.74,0.6515,0.33,0.1343
16295,2012-11-16,4,1,11,16,0,5,1,1,0.42,0.4242,0.35,0.2836
14525,2012-09-02,3,1,9,9,0,0,0,2,0.7,0.6667,0.84,0
17309,2012-12-29,1,1,12,1,0,6,0,2,0.24,0.2424,0.75,0.0896
16644,2012-12-01,4,1,12,6,0,6,0,1,0.24,0.2424,0.87,0.1343
16594,2012-11-29,4,1,11,4,0,4,1,1,0.2,0.2273,0.75,0.0896
16141,2012-11-10,4,1,11,6,0,6,0,1,0.24,0.2576,0.93,0.0896
16572,2012-11-28,4,1,11,5,0,3,1,2,0.26,0.2727,0.7,0.1343
14703,2012-09-09,3,1,9,19,0,0,0,1,0.66,0.6212,0.36,0.2537
16587,2012-11-28,4,1,11,20,0,3,1,1,0.32,0.3333,0.36,0.1343
14701,2012-09-09,3,1,9,17,0,0,0,1,0.7,0.6364,0.37,0.2537
16151,2012-11-10,4,1,11,16,0,6,0,1,0.54,0.5152,0.37,0
15412,2012-10-09,4,1,10,8,0,2,1,2,0.42,0.4242,0.8,0.194
17067,2012-12-18,4,1,12,21,0,2,1,1,0.36,0.3485,0.5,0.2239
16557,2012-11-27,4,1,11,14,0,2,1,3,0.28,0.2576,0.87,0.3582
15566,2012-10-15,4,1,10,18,0,1,1,3,0.54,0.5152,0.77,0.1343
17332,2012-12-30,1,1,12,0,0,0,0,2,0.26,0.2576,0.6,0.1642
16044,2012-11-06,4,1,11,4,0,2,1,1,0.22,0.2576,0.69,0.0896
15103,2012-09-26,4,1,9,11,0,3,1,1,0.64,0.6212,0.61,0.2537
16050,2012-11-06,4,1,11,10,0,2,1,1,0.3,0.2879,0.49,0.194
16286,2012-11-16,4,1,11,7,0,5,1,2,0.3,0.303,0.61,0.1642
15160,2012-09-28,4,1,9,20,0,5,1,3,0.6,0.6212,0.53,0.1642
15945,2012-11-02,4,1,11,1,0,5,1,1,0.32,0.3182,0.66,0.1642
16302,2012-11-16,4,1,11,23,0,5,1,1,0.32,0.303,0.53,0.2239
15999,2012-11-04,4,1,11,7,0,0,0,1,0.26,0.2727,0.65,0.1045
15943,2012-11-01,4,1,11,23,0,4,1,1,0.34,0.3333,0.57,0.1642
14690,2012-09-09,3,1,9,6,0,0,0,1,0.52,0.5,0.77,0.194
16893,2012-12-11,4,1,12,15,0,2,1,2,0.38,0.3939,0.5,0.2239
16465,2012-11-23,4,1,11,18,0,5,1,2,0.46,0.4545,0.44,0
15478,2012-10-12,4,1,10,2,0,5,1,1,0.4,0.4091,0.66,0.0896
15809,2012-10-25,4,1,10,21,0,4,1,2,0.52,0.5,0.88,0.1343
15325,2012-10-05,4,1,10,17,0,5,1,1,0.7,0.6364,0.42,0.1642
17042,2012-12-17,4,1,12,20,0,1,1,2,0.42,0.4242,0.94,0.2537
14899,2012-09-17,3,1,9,23,0,1,1,3,0.6,0.5152,0.94,0.2537
15286,2012-10-04,4,1,10,2,0,4,1,1,0.64,0.5758,0.89,0
14685,2012-09-09,3,1,9,1,0,0,0,1,0.56,0.5303,0.73,0.2239
15752,2012-10-23,4,1,10,12,0,2,1,2,0.62,0.6212,0.46,0.0896
16629,2012-11-30,4,1,11,15,0,5,1,2,0.42,0.4242,0.38,0.1045
16007,2012-11-04,4,1,11,15,0,0,0,1,0.4,0.4091,0.4,0.2239
14744,2012-09-11,3,1,9,12,0,2,1,1,0.64,0.6212,0.33,0
17173,2012-12-23,1,1,12,7,0,0,0,1,0.16,0.197,0.64,0.0896
14886,2012-09-17,3,1,9,10,0,1,1,2,0.62,0.6061,0.65,0.194
14553,2012-09-03,3,1,9,13,1,1,0,2,0.76,0.7273,0.66,0.2537
15174,2012-09-29,4,1,9,10,0,6,0,1,0.54,0.5152,0.56,0.2537
15915,2012-10-31,4,1,10,19,0,3,1,2,0.4,0.4091,0.5,0.194
16257,2012-11-15,4,1,11,2,0,4,1,2,0.26,0.2576,0.7,0.1642
15045,2012-09-24,4,1,9,1,0,1,1,1,0.46,0.4545,0.67,0.1343
17287,2012-12-28,1,1,12,3,0,5,1,2,0.24,0.2424,0.6,0.1642
14624,2012-09-06,3,1,9,12,0,4,1,2,0.72,0.697,0.79,0.2239
16213,2012-11-13,4,1,11,6,0,2,1,3,0.32,0.2879,0.81,0.4627
17165,2012-12-22,1,1,12,23,0,6,0,1,0.22,0.2273,0.51,0.194
16773,2012-12-06,4,1,12,15,0,4,1,1,0.32,0.3485,0.39,0
15963,2012-11-02,4,1,11,19,0,5,1,2,0.38,0.3939,0.43,0.2985
16834,2012-12-09,4,1,12,4,0,0,0,2,0.4,0.4091,0.94,0.1045
15740,2012-10-23,4,1,10,0,0,2,1,1,0.46,0.4545,0.88,0.1642
15069,2012-09-25,4,1,9,1,0,2,1,1,0.44,0.4394,0.72,0.1343
16115,2012-11-09,4,1,11,4,0,5,1,1,0.32,0.2879,0.53,0.3582
15693,2012-10-21,4,1,10,1,0,0,0,1,0.42,0.4242,0.58,0.2239
14626,2012-09-06,3,1,9,14,0,4,1,1,0.74,0.7121,0.74,0.0896
15970,2012-11-03,4,1,11,2,0,6,0,2,0.34,0.3182,0.49,0.2537
16164,2012-11-11,4,1,11,5,0,0,0,1,0.3,0.303,0.87,0.1343
16414,2012-11-21,4,1,11,15,0,3,1,1,0.46,0.4545,0.36,0.0896
17125,2012-12-21,1,1,12,7,0,5,1,2,0.32,0.3182,0.57,0.194
16622,2012-11-30,4,1,11,8,0,5,1,2,0.22,0.2576,0.8,0.0896
16405,2012-11-21,4,1,11,6,0,3,1,1,0.28,0.303,0.87,0.0896
14619,2012-09-06,3,1,9,7,0,4,1,2,0.7,0.6667,0.84,0.1045
14688,2012-09-09,3,1,9,4,0,0,0,1,0.52,0.5,0.77,0.2537
16073,2012-11-07,4,1,11,9,0,3,1,2,0.26,0.2424,0.6,0.2836
15024,2012-09-23,4,1,9,4,0,0,0,1,0.46,0.4545,0.55,0.2239
17238,2012-12-26,1,1,12,2,0,3,1,2,0.26,0.2273,0.65,0.2985
15488,2012-10-12,4,1,10,12,0,5,1,1,0.54,0.5152,0.39,0.4627
15882,2012-10-28,4,1,10,22,0,0,0,3,0.44,0.4394,0.88,0.3582
16022,2012-11-05,4,1,11,6,0,1,1,2,0.3,0.2879,0.49,0.2836
16865,2012-12-10,4,1,12,11,0,1,1,3,0.46,0.4545,0.94,0.2239
14538,2012-09-02,3,1,9,22,0,0,0,3,0.68,0.6364,0.83,0.1343
16092,2012-11-08,4,1,11,5,0,4,1,2,0.3,0.2879,0.42,0.2239
15139,2012-09-27,4,1,9,23,0,4,1,3,0.62,0.5758,0.83,0.1642
16928,2012-12-13,4,1,12,2,0,4,1,2,0.26,0.2424,0.56,0.2537
17295,2012-12-28,1,1,12,11,0,5,1,2,0.28,0.2727,0.52,0.2239
15798,2012-10-25,4,1,10,10,0,4,1,2,0.54,0.5152,0.83,0.1343
15842,2012-10-27,4,1,10,6,0,6,0,2,0.5,0.4848,0.82,0.194
15457,2012-10-11,4,1,10,5,0,4,1,1,0.36,0.3485,0.5,0.1642
16177,2012-11-11,4,1,11,18,0,0,0,1,0.52,0.5,0.45,0.1343
15582,2012-10-16,4,1,10,10,0,2,1,1,0.5,0.4848,0.48,0.2836
17374,2012-12-31,1,1,12,18,0,1,1,2,0.26,0.2727,0.48,0.1343
14987,2012-09-21,3,1,9,15,0,5,1,1,0.7,0.6515,0.54,0.2239
15949,2012-11-02,4,1,11,5,0,5,1,2,0.32,0.3182,0.66,0.1642
14951,2012-09-20,3,1,9,3,0,4,1,1,0.44,0.4394,0.77,0
14834,2012-09-15,3,1,9,6,0,6,0,1,0.54,0.5152,0.49,0.4179
16955,2012-12-14,4,1,12,5,0,5,1,1,0.2,0.2273,0.69,0.1045
15236,2012-10-02,4,1,10,0,0,2,1,2,0.56,0.5303,0.73,0
14904,2012-09-18,3,1,9,4,0,2,1,2,0.62,0.5455,0.94,0.3582
17022,2012-12-17,4,1,12,0,0,1,1,2,0.38,0.3939,0.87,0
15172,2012-09-29,4,1,9,8,0,6,0,1,0.5,0.4848,0.68,0.2836
15258,2012-10-02,4,1,10,22,0,2,1,2,0.62,0.5455,0.94,0.1045
16670,2012-12-02,4,1,12,8,0,0,0,2,0.26,0.2879,0.93,0.0896
17034,2012-12-17,4,1,12,12,0,1,1,2,0.4,0.4091,0.87,0
15722,2012-10-22,4,1,10,6,0,1,1,1,0.36,0.3636,0.76,0.0896
15448,2012-10-10,4,1,10,20,0,3,1,1,0.52,0.5,0.48,0.4925
16575,2012-11-28,4,1,11,8,0,3,1,1,0.24,0.2121,0.6,0.2836
15040,2012-09-23,4,1,9,20,0,0,0,1,0.52,0.5,0.42,0.1642
15960,2012-11-02,4,1,11,16,0,5,1,1,0.38,0.3939,0.4,0.3284
16579,2012-11-28,4,1,11,12,0,3,1,1,0.34,0.303,0.42,0.3881
15550,2012-10-15,4,1,10,2,0,1,1,2,0.58,0.5455,0.64,0.3582
14528,2012-09-02,3,1,9,12,0,0,0,3,0.74,0.697,0.7,0
15007,2012-09-22,3,1,9,11,0,6,0,1,0.7,0.6515,0.58,0.2836
16383,2012-11-20,4,1,11,8,0,2,1,1,0.34,0.3333,0.71,0.1343
16672,2012-12-02,4,1,12,10,0,0,0,2,0.3,0.3333,0.87,0
16162,2012-11-11,4,1,11,3,0,0,0,1,0.34,0.3636,0.81,0
16701,2012-12-03,4,1,12,15,0,1,1,1,0.6,0.6212,0.56,0
15656,2012-10-19,4,1,10,12,0,5,1,1,0.64,0.6061,0.69,0.2239
16489,2012-11-24,4,1,11,18,0,6,0,1,0.26,0.2273,0.38,0.3881
16870,2012-12-10,4,1,12,16,0,1,1,2,0.5,0.4848,0.88,0.1045
15726,2012-10-22,4,1,10,10,0,1,1,1,0.5,0.4848,0.55,0
16458,2012-11-23,4,1,11,11,0,5,1,1,0.4,0.4091,0.5,0.194
16605,2012-11-29,4,1,11,15,0,4,1,1,0.36,0.3333,0.43,0.2836
15884,2012-10-29,4,1,10,0,0,1,1,3,0.44,0.4394,0.88,0.3582
14992,2012-09-21,3,1,9,20,0,5,1,1,0.62,0.6061,0.69,0.194
16229,2012-11-13,4,1,11,22,0,2,1,1,0.26,0.2273,0.56,0.3284
15248,2012-10-02,4,1,10,12,0,2,1,2,0.6,0.5455,0.88,0.194
16621,2012-11-30,4,1,11,7,0,5,1,1,0.22,0.2727,0.8,0
15781,2012-10-24,4,1,10,17,0,3,1,1,0.66,0.6212,0.47,0
17106,2012-12-20,4,1,12,12,0,4,1,2,0.36,0.3485,0.53,0.1642
15545,2012-10-14,4,1,10,21,0,0,0,1,0.56,0.5303,0.73,0.4478
15244,2012-10-02,4,1,10,8,0,2,1,3,0.6,0.5455,0.88,0
16874,2012-12-10,4,1,12,20,0,1,1,1,0.46,0.4545,0.88,0.2537
17060,2012-12-18,4,1,12,14,0,2,1,1,0.46,0.4545,0.47,0.4478
15327,2012-10-05,4,1,10,19,0,5,1,1,0.62,0.5909,0.73,0.1642
15235,2012-10-01,4,1,10,23,0,1,1,3,0.54,0.5152,0.77,0
15569,2012-10-15,4,1,10,21,0,1,1,1,0.52,0.5,0.59,0.3284
15570,2012-10-15,4,1,10,22,0,1,1,1,0.5,0.4848,0.59,0.2836
15122,2012-09-27,4,1,9,6,0,4,1,1,0.56,0.5303,0.88,0.0896
16136,2012-11-10,4,1,11,1,0,6,0,1,0.3,0.3182,0.81,0.0896
16639,2012-12-01,4,1,12,1,0,6,0,1,0.26,0.303,0.81,0
15898,2012-10-31,4,1,10,2,0,3,1,2,0.3,0.303,0.81,0.1343
16171,2012-11-11,4,1,11,12,0,0,0,1,0.5,0.4848,0.48,0.0896
16278,2012-11-15,4,1,11,23,0,4,1,2,0.32,0.3182,0.61,0.1642
17027,2012-12-17,4,1,12,5,0,1,1,2,0.38,0.3939,0.87,0
14683,2012-09-08,3,1,9,23,0,6,0,2,0.58,0.5455,0.73,0.1642
16193,2012-11-12,4,1,11,10,1,1,0,1,0.48,0.4697,0.77,0.1642
15382,2012-10-08,4,1,10,2,1,1,0,1,0.34,0.3333,0.81,0.194
16706,2012-12-03,4,1,12,20,0,1,1,2,0.46,0.4545,0.77,0
16471,2012-11-24,4,1,11,0,0,6,0,1,0.4,0.4091,0.37,0.4179
15068,2012-09-25,4,1,9,0,0,2,1,1,0.46,0.4545,0.67,0.1642
15597,2012-10-17,4,1,10,1,0,3,1,1,0.38,0.3939,0.76,0
16714,2012-12-04,4,1,12,4,0,2,1,2,0.4,0.4091,0.87,0.1343
16041,2012-11-06,4,1,11,1,0,2,1,1,0.24,0.2424,0.6,0.1642
15606,2012-10-17,4,1,10,10,0,3,1,2,0.46,0.4545,0.67,0
16687,2012-12-03,4,1,12,1,0,1,1,1,0.4,0.4091,0.82,0.1343
15259,2012-10-02,4,1,10,23,0,2,1,2,0.62,0.5455,0.94,0
16871,2012-12-10,4,1,12,17,0,1,1,2,0.48,0.4697,0.82,0.2836
16188,2012-11-12,4,1,11,5,1,1,0,1,0.38,0.3939,0.87,0
14569,2012-09-04,3,1,9,5,0,2,1,2,0.66,0.5909,0.89,0
15609,2012-10-17,4,1,10,13,0,3,1,2,0.54,0.5152,0.49,0.1343
17198,2012-12-24,1,1,12,9,0,1,1,2,0.24,0.2576,0.65,0.1045
15204,2012-09-30,4,1,9,16,0,0,0,1,0.64,0.6212,0.36,0.2239
16212,2012-11-13,4,1,11,5,0,2,1,2,0.34,0.3182,0.87,0.2836
15213,2012-10-01,4,1,10,1,0,1,1,1,0.44,0.4394,0.77,0.0896
16323,2012-11-17,4,1,11,20,0,6,0,2,0.34,0.3485,0.66,0.0896
17151,2012-12-22,1,1,12,9,0,6,0,1,0.26,0.2273,0.48,0.3881
15433,2012-10-10,4,1,10,5,0,3,1,2,0.46,0.4545,0.88,0.0896
15551,2012-10-15,4,1,10,3,0,1,1,2,0.56,0.5303,0.73,0.2537
15953,2012-11-02,4,1,11,9,0,5,1,1,0.34,0.3485,0.53,0.1045
14876,2012-09-17,3,1,9,0,0,1,1,1,0.54,0.5152,0.68,0.1642
16847,2012-12-09,4,1,12,17,0,0,0,3,0.36,0.3485,0.93,0.1343
16891,2012-12-11,4,1,12,13,0,2,1,2,0.38,0.3939,0.5,0.2239
17205,2012-12-24,1,1,12,16,0,1,1,3,0.24,0.2273,0.87,0.2239
16237,2012-11-14,4,1,11,6,0,3,1,1,0.24,0.2273,0.65,0.194
14715,2012-09-10,3,1,9,7,0,1,1,1,0.52,0.5,0.68,0.2239
15070,2012-09-25,4,1,9,2,0,2,1,1,0.42,0.4242,0.77,0.1343
14893,2012-09-17,3,1,9,17,0,1,1,2,0.64,0.6061,0.65,0.2239
17344,2012-12-30,1,1,12,12,0,0,0,1,0.28,0.2273,0.36,0.5821
16645,2012-12-01,4,1,12,7,0,6,0,2,0.24,0.2424,0.87,0.1343
16690,2012-12-03,4,1,12,4,0,1,1,1,0.36,0.3788,0.93,0
15289,2012-10-04,4,1,10,5,0,4,1,3,0.64,0.5758,0.89,0.1045
15290,2012-10-04,4,1,10,6,0,4,1,3,0.62,0.5455,0.94,0.0896
15530,2012-10-14,4,1,10,6,0,0,0,1,0.4,0.4091,0.82,0.1642
16371,2012-11-19,4,1,11,20,0,1,1,2,0.38,0.3939,0.62,0.2537
14668,2012-09-08,3,1,9,8,0,6,0,1,0.7,0.6667,0.79,0.3284
16018,2012-11-05,4,1,11,2,0,1,1,2,0.3,0.303,0.56,0.1642
16966,2012-12-14,4,1,12,16,0,5,1,1,0.38,0.3939,0.54,0.194
16352,2012-11-19,4,1,11,1,0,1,1,2,0.36,0.3485,0.66,0.2239
15107,2012-09-26,4,1,9,15,0,3,1,1,0.74,0.6667,0.48,0.2985
16350,2012-11-18,4,1,11,23,0,0,0,1,0.36,0.3485,0.66,0.2239
17260,2012-12-27,1,1,12,0,0,4,1,3,0.26,0.2273,0.87,0.2985
17012,2012-12-16,4,1,12,14,0,0,0,2,0.38,0.3939,0.76,0.1343
17255,2012-12-26,1,1,12,19,0,3,1,3,0.3,0.2879,0.87,0.194
17250,2012-12-26,1,1,12,14,0,3,1,3,0.22,0.2121,0.93,0.2537
14613,2012-09-06,3,1,9,1,0,4,1,2,0.7,0.6667,0.84,0
15317,2012-10-05,4,1,10,9,0,5,1,1,0.6,0.6061,0.6,0.0896
14839,2012-09-15,3,1,9,11,0,6,0,1,0.64,0.6212,0.38,0.3881
14515,2012-09-01,3,1,9,23,0,6,0,1,0.66,0.5909,0.89,0.0896
14882,2012-09-17,3,1,9,6,0,1,1,1,0.48,0.4697,0.82,0
16434,2012-11-22,4,1,11,11,1,4,0,1,0.42,0.4242,0.41,0.0896
15599,2012-10-17,4,1,10,3,0,3,1,1,0.36,0.3788,0.87,0
16105,2012-11-08,4,1,11,18,0,4,1,1,0.4,0.4091,0.24,0.4179
16720,2012-12-04,4,1,12,10,0,2,1,1,0.46,0.4545,0.82,0.194
15959,2012-11-02,4,1,11,15,0,5,1,2,0.4,0.4091,0.4,0.4179
14868,2012-09-16,3,1,9,16,0,0,0,1,0.64,0.6212,0.44,0.1642
16228,2012-11-13,4,1,11,21,0,2,1,1,0.3,0.2727,0.49,0.3582
17096,2012-12-20,4,1,12,2,0,4,1,1,0.32,0.3485,0.66,0
16880,2012-12-11,4,1,12,2,0,2,1,2,0.4,0.4091,0.66,0.3284
15440,2012-10-10,4,1,10,12,0,3,1,1,0.54,0.5152,0.56,0.2239
15906,2012-10-31,4,1,10,10,0,3,1,1,0.36,0.3333,0.71,0.2836
14932,2012-09-19,3,1,9,8,0,3,1,1,0.52,0.5,0.59,0.2239
15614,2012-10-17,4,1,10,18,0,3,1,1,0.52,0.5,0.59,0.1642
15430,2012-10-10,4,1,10,2,0,3,1,2,0.46,0.4545,0.88,0
17086,2012-12-19,4,1,12,16,0,3,1,1,0.42,0.4242,0.5,0.3582
14684,2012-09-09,3,1,9,0,0,0,0,2,0.56,0.5303,0.73,0.194
15652,2012-10-19,4,1,10,8,0,5,1,2,0.54,0.5152,0.94,0.1045
17024,2012-12-17,4,1,12,2,0,1,1,2,0.38,0.3939,0.94,0
14599,2012-09-05,3,1,9,11,0,3,1,2,0.78,0.7424,0.62,0.1642
16544,2012-11-27,4,1,11,1,0,2,1,2,0.32,0.3333,0.7,0.1343
15538,2012-10-14,4,1,10,14,0,0,0,1,0.66,0.6212,0.39,0.4179
16735,2012-12-05,4,1,12,1,0,3,1,1,0.52,0.5,0.55,0.3284
17189,2012-12-23,1,1,12,23,0,0,0,1,0.24,0.2879,0.6,0
17111,2012-12-20,4,1,12,17,0,4,1,2,0.34,0.3333,0.66,0.194
16831,2012-12-09,4,1,12,1,0,0,0,2,0.4,0.4091,0.87,0.1045
16520,2012-11-26,4,1,11,1,0,1,1,1,0.2,0.2576,0.69,0
14729,2012-09-10,3,1,9,21,0,1,1,1,0.56,0.5303,0.49,0.1642
15110,2012-09-26,4,1,9,18,0,3,1,1,0.74,0.6667,0.48,0.2239
16895,2012-12-11,4,1,12,17,0,2,1,1,0.32,0.303,0.53,0.2239
17299,2012-12-28,1,1,12,15,0,5,1,2,0.3,0.3182,0.49,0
15620,2012-10-18,4,1,10,0,0,4,1,1,0.46,0.4545,0.88,0.194
17361,2012-12-31,1,1,12,5,0,1,1,1,0.16,0.1515,0.64,0.194
16788,2012-12-07,4,1,12,6,0,5,1,2,0.28,0.2727,0.75,0.1642
14750,2012-09-11,3,1,9,18,0,2,1,1,0.64,0.6212,0.36,0.1642
15602,2012-10-17,4,1,10,6,0,3,1,1,0.38,0.3939,0.82,0
14993,2012-09-21,3,1,9,21,0,5,1,1,0.6,0.5909,0.73,0.2537
16908,2012-12-12,4,1,12,6,0,3,1,2,0.26,0.2424,0.6,0.2537
15753,2012-10-23,4,1,10,13,0,2,1,2,0.64,0.6212,0.44,0
14493,2012-09-01,3,1,9,1,0,6,0,1,0.72,0.697,0.74,0.1343
16671,2012-12-02,4,1,12,9,0,0,0,2,0.28,0.2727,0.93,0.1642
15144,2012-09-28,4,1,9,4,0,5,1,3,0.56,0.5303,0.88,0.1045
16385,2012-11-20,4,1,11,10,0,2,1,2,0.4,0.4091,0.66,0.0896
17215,2012-12-25,1,1,12,2,1,2,0,2,0.26,0.2576,0.87,0.1642
15285,2012-10-04,4,1,10,1,0,4,1,2,0.62,0.5455,0.94,0
16470,2012-11-23,4,1,11,23,0,5,1,1,0.42,0.4242,0.38,0.4478
15500,2012-10-13,4,1,10,0,0,6,0,1,0.36,0.3636,0.57,0.0896
16015,2012-11-04,4,1,11,23,0,0,0,2,0.3,0.303,0.56,0.1642
15486,2012-10-12,4,1,10,10,0,5,1,1,0.52,0.5,0.36,0.2985
14792,2012-09-13,3,1,9,12,0,4,1,1,0.68,0.6364,0.44,0.1045
16313,2012-11-17,4,1,11,10,0,6,0,1,0.36,0.3333,0.46,0.2537
15889,2012-10-30,4,1,10,17,0,2,1,3,0.3,0.2879,0.87,0.2239
15583,2012-10-16,4,1,10,11,0,2,1,1,0.5,0.4848,0.45,0.4179
16896,2012-12-11,4,1,12,18,0,2,1,1,0.32,0.303,0.53,0.2239
16659,2012-12-01,4,1,12,21,0,6,0,2,0.3,0.3333,0.87,0
15254,2012-10-02,4,1,10,18,0,2,1,3,0.62,0.5455,0.94,0.0896
17036,2012-12-17,4,1,12,14,0,1,1,2,0.4,0.4091,0.87,0.0896
15875,2012-10-28,4,1,10,15,0,0,0,2,0.5,0.4848,0.63,0.4925
14667,2012-09-08,3,1,9,7,0,6,0,1,0.66,0.5909,0.89,0.2836
17004,2012-12-16,4,1,12,6,0,0,0,2,0.34,0.3636,0.87,0
16482,2012-11-24,4,1,11,11,0,6,0,2,0.28,0.2576,0.41,0.2985
16194,2012-11-12,4,1,11,11,1,1,0,1,0.52,0.5,0.72,0.1642
17325,2012-12-29,1,1,12,17,0,6,0,1,0.26,0.2424,0.79,0.1045
14957,2012-09-20,3,1,9,9,0,4,1,1,0.56,0.5303,0.6,0.0896
14644,2012-09-07,3,1,9,8,0,5,1,1,0.66,0.6061,0.83,0.1045
15851,2012-10-27,4,1,10,15,0,6,0,2,0.56,0.5303,0.6,0.2836
15948,2012-11-02,4,1,11,4,0,5,1,1,0.3,0.3182,0.7,0.1045
16872,2012-12-10,4,1,12,18,0,1,1,2,0.46,0.4545,0.88,0.2836
14706,2012-09-09,3,1,9,22,0,0,0,1,0.58,0.5455,0.49,0.2537
15572,2012-10-16,4,1,10,0,0,2,1,1,0.46,0.4545,0.63,0.3881
16667,2012-12-02,4,1,12,5,0,0,0,2,0.26,0.303,0.93,0
16222,2012-11-13,4,1,11,15,0,2,1,1,0.4,0.4091,0.4,0.2985
15783,2012-10-24,4,1,10,19,0,3,1,2,0.64,0.6212,0.53,0.0896
16397,2012-11-20,4,1,11,22,0,2,1,1,0.36,0.3788,0.71,0
16596,2012-11-29,4,1,11,6,0,4,1,1,0.22,0.2727,0.69,0
14638,2012-09-07,3,1,9,2,0,5,1,1,0.62,0.5758,0.83,0.0896
15217,2012-10-01,4,1,10,5,0,1,1,1,0.44,0.4394,0.77,0
16148,2012-11-10,4,1,11,13,0,6,0,1,0.52,0.5,0.39,0
14696,2012-09-09,3,1,9,12,0,0,0,1,0.66,0.6212,0.47,0
15296,2012-10-04,4,1,10,12,0,4,1,2,0.72,0.6667,0.54,0.194
15520,2012-10-13,4,1,10,20,0,6,0,1,0.4,0.4091,0.54,0.0896
15240,2012-10-02,4,1,10,4,0,2,1,2,0.56,0.5303,0.83,0.0896
15824,2012-10-26,4,1,10,12,0,5,1,2,0.58,0.5455,0.73,0.194
15182,2012-09-29,4,1,9,18,0,6,0,1,0.56,0.5303,0.46,0.194
15227,2012-10-01,4,1,10,15,0,1,1,2,0.62,0.6212,0.43,0.1343
14516,2012-09-02,3,1,9,0,0,0,0,2,0.66,0.5909,0.89,0.0896
15797,2012-10-25,4,1,10,9,0,4,1,2,0.52,0.5,0.83,0.194
14566,2012-09-04,3,1,9,2,0,2,1,1,0.68,0.6364,0.82,0.1343
15384,2012-10-08,4,1,10,4,1,1,0,1,0.32,0.3333,0.87,0.1343
15723,2012-10-22,4,1,10,7,0,1,1,1,0.38,0.3939,0.66,0.0896
15511,2012-10-13,4,1,10,11,0,6,0,1,0.42,0.4242,0.35,0.1343
15808,2012-10-25,4,1,10,20,0,4,1,2,0.52,0.5,0.88,0.1343
16399,2012-11-21,4,1,11,0,0,3,1,1,0.34,0.3636,0.81,0
17207,2012-12-24,1,1,12,18,0,1,1,3,0.24,0.2576,0.93,0.1045
14728,2012-09-10,3,1,9,20,0,1,1,1,0.6,0.6212,0.4,0.194
17224,2012-12-25,1,1,12,12,1,2,0,1,0.32,0.3333,0.76,0.0896
16185,2012-11-12,4,1,11,2,1,1,0,1,0.4,0.4091,0.76,0.1343
15725,2012-10-22,4,1,10,9,0,1,1,1,0.46,0.4545,0.63,0.0896
15064,2012-09-24,4,1,9,20,0,1,1,1,0.52,0.5,0.52,0.1045
15750,2012-10-23,4,1,10,10,0,2,1,1,0.54,0.5152,0.6,0
14869,2012-09-16,3,1,9,17,0,0,0,1,0.66,0.6212,0.41,0
17314,2012-12-29,1,1,12,6,0,6,0,2,0.26,0.2424,0.7,0.1045
15316,2012-10-05,4,1,10,8,0,5,1,1,0.58,0.5455,0.64,0
15954,2012-11-02,4,1,11,10,0,5,1,1,0.38,0.3939,0.46,0.2985
17166,2012-12-23,1,1,12,0,0,0,0,1,0.22,0.2121,0.47,0.2836
15674,2012-10-20,4,1,10,6,0,6,0,1,0.42,0.4242,0.71,0
15595,2012-10-16,4,1,10,23,0,2,1,1,0.4,0.4091,0.71,0
16388,2012-11-20,4,1,11,13,0,2,1,2,0.44,0.4394,0.58,0
15669,2012-10-20,4,1,10,1,0,6,0,1,0.46,0.4545,0.72,0.1343
16829,2012-12-08,4,1,12,23,0,6,0,2,0.4,0.4091,0.94,0
14503,2012-09-01,3,1,9,11,0,6,0,2,0.8,0.7576,0.55,0.2239
15302,2012-10-04,4,1,10,18,0,4,1,1,0.66,0.6212,0.57,0.1045
15706,2012-10-21,4,1,10,14,0,0,0,1,0.56,0.5303,0.35,0.194
17267,2012-12-27,1,1,12,7,0,4,1,1,0.24,0.2273,0.7,0.2239
15667,2012-10-19,4,1,10,23,0,5,1,1,0.46,0.4545,0.88,0.1045
15677,2012-10-20,4,1,10,9,0,6,0,1,0.5,0.4848,0.59,0.1343
15585,2012-10-16,4,1,10,13,0,2,1,1,0.52,0.5,0.45,0.2836
16804,2012-12-07,4,1,12,22,0,5,1,2,0.36,0.3636,0.93,0.0896
15785,2012-10-24,4,1,10,21,0,3,1,2,0.62,0.6061,0.61,0.1045
17338,2012-12-30,1,1,12,6,0,0,0,2,0.24,0.197,0.52,0.4179
16982,2012-12-15,4,1,12,8,0,6,0,2,0.26,0.2879,0.75,0.0896
16159,2012-11-11,4,1,11,0,0,0,0,1,0.34,0.3485,0.81,0.0896
16417,2012-11-21,4,1,11,18,0,3,1,1,0.42,0.4242,0.38,0.1045
16327,2012-11-18,4,1,11,0,0,0,0,2,0.3,0.303,0.7,0.1642
15853,2012-10-27,4,1,10,17,0,6,0,2,0.56,0.5303,0.64,0.2836
15466,2012-10-11,4,1,10,14,0,4,1,1,0.52,0.5,0.32,0.0896
15066,2012-09-24,4,1,9,22,0,1,1,1,0.5,0.4848,0.51,0.2239
15623,2012-10-18,4,1,10,3,0,4,1,1,0.44,0.4394,0.88,0.2239
15578,2012-10-16,4,1,10,6,0,2,1,1,0.42,0.4242,0.67,0.1642
15262,2012-10-03,4,1,10,2,0,3,1,2,0.62,0.5455,0.94,0
15034,2012-09-23,4,1,9,14,0,0,0,1,0.6,0.6212,0.38,0.194
15357,2012-10-07,4,1,10,1,0,0,0,1,0.44,0.4394,0.54,0.2239
15212,2012-10-01,4,1,10,0,0,1,1,1,0.46,0.4545,0.72,0.1045
17101,2012-12-20,4,1,12,7,0,4,1,2,0.3,0.3333,0.7,0
15869,2012-10-28,4,1,10,9,0,0,0,2,0.5,0.4848,0.55,0.4179
15641,2012-10-18,4,1,10,21,0,4,1,2,0.54,0.5152,0.77,0.194
14790,2012-09-13,3,1,9,10,0,4,1,1,0.64,0.6212,0.61,0.0896
14594,2012-09-05,3,1,9,6,0,3,1,1,0.7,0.6667,0.79,0.2836
15627,2012-10-18,4,1,10,7,0,4,1,1,0.44,0.4394,0.88,0.2537
16997,2012-12-15,4,1,12,23,0,6,0,2,0.36,0.3485,0.62,0.1343
16600,2012-11-29,4,1,11,10,0,4,1,1,0.28,0.303,0.65,0.0896
16030,2012-11-05,4,1,11,14,0,1,1,1,0.38,0.3939,0.4,0.1642
14918,2012-09-18,3,1,9,18,0,2,1,2,0.6,0.5455,0.88,0.1642
15342,2012-10-06,4,1,10,10,0,6,0,1,0.62,0.6061,0.69,0.2836
14826,2012-09-14,3,1,9,22,0,5,1,1,0.62,0.5758,0.83,0.194
16099,2012-11-08,4,1,11,12,0,4,1,1,0.4,0.4091,0.24,0.4925
15990,2012-11-03,4,1,11,22,0,6,0,1,0.32,0.3333,0.57,0.1045
15347,2012-10-06,4,1,10,15,0,6,0,1,0.6,0.6212,0.46,0.4179
16852,2012-12-09,4,1,12,22,0,0,0,3,0.36,0.3636,0.93,0.1045
14941,2012-09-19,3,1,9,17,0,3,1,1,0.6,0.6212,0.38,0.2239
14906,2012-09-18,3,1,9,6,0,2,1,2,0.64,0.5758,0.89,0.3284
17090,2012-12-19,4,1,12,20,0,3,1,1,0.36,0.3485,0.57,0.2239
15684,2012-10-20,4,1,10,16,0,6,0,1,0.54,0.5152,0.42,0.2836
16994,2012-12-15,4,1,12,20,0,6,0,2,0.36,0.3485,0.57,0.194
15993,2012-11-04,4,1,11,1,0,0,0,1,0.26,0.2879,0.81,0.0896
16231,2012-11-14,4,1,11,0,0,3,1,1,0.26,0.2424,0.56,0.2836
16551,2012-11-27,4,1,11,8,0,2,1,3,0.32,0.3182,0.81,0.1642
14861,2012-09-16,3,1,9,9,0,0,0,1,0.58,0.5455,0.6,0.1343
16330,2012-11-18,4,1,11,3,0,0,0,2,0.3,0.303,0.81,0.1642
16481,2012-11-24,4,1,11,10,0,6,0,2,0.26,0.2273,0.44,0.2985
16480,2012-11-24,4,1,11,9,0,6,0,2,0.26,0.2121,0.41,0.4478
14575,2012-09-04,3,1,9,11,0,2,1,2,0.74,0.697,0.7,0.2836
16943,2012-12-13,4,1,12,17,0,4,1,1,0.32,0.3333,0.42,0.1045
17208,2012-12-24,1,1,12,19,0,1,1,2,0.24,0.2424,0.93,0.1343
16726,2012-12-04,4,1,12,16,0,2,1,1,0.58,0.5455,0.49,0.2836
16275,2012-11-15,4,1,11,20,0,4,1,1,0.34,0.3485,0.61,0.1045
15983,2012-11-03,4,1,11,15,0,6,0,2,0.36,0.3182,0.46,0.4478
15683,2012-10-20,4,1,10,15,0,6,0,1,0.56,0.5303,0.43,0
15574,2012-10-16,4,1,10,2,0,2,1,1,0.44,0.4394,0.67,0.1343
15099,2012-09-26,4,1,9,7,0,3,1,1,0.54,0.5152,0.77,0.1343
16373,2012-11-19,4,1,11,22,0,1,1,1,0.34,0.3485,0.66,0.1045
16122,2012-11-09,4,1,11,11,0,5,1,1,0.4,0.4091,0.47,0.2985
16178,2012-11-11,4,1,11,19,0,0,0,1,0.48,0.4697,0.55,0.1343
14953,2012-09-20,3,1,9,5,0,4,1,1,0.44,0.4394,0.77,0.1045
17211,2012-12-24,1,1,12,22,0,1,1,2,0.24,0.2879,0.93,0
16106,2012-11-08,4,1,11,19,0,4,1,1,0.38,0.3939,0.27,0.3582
16606,2012-11-29,4,1,11,16,0,4,1,1,0.36,0.3485,0.4,0.2239
16661,2012-12-01,4,1,12,23,0,6,0,2,0.32,0.3485,0.81,0
14944,2012-09-19,3,1,9,20,0,3,1,1,0.52,0.5,0.48,0.1642
16459,2012-11-23,4,1,11,12,0,5,1,1,0.44,0.4394,0.38,0.2537
14933,2012-09-19,3,1,9,9,0,3,1,1,0.54,0.5152,0.6,0.2537
16328,2012-11-18,4,1,11,1,0,0,0,1,0.3,0.2879,0.7,0.194
15427,2012-10-09,4,1,10,23,0,2,1,2,0.48,0.4697,0.77,0.0896
16455,2012-11-23,4,1,11,8,0,5,1,1,0.24,0.2576,0.87,0.0896
14966,2012-09-20,3,1,9,18,0,4,1,1,0.6,0.6212,0.56,0.2537
17335,2012-12-30,1,1,12,3,0,0,0,2,0.26,0.2273,0.56,0.4179
15834,2012-10-26,4,1,10,22,0,5,1,2,0.52,0.5,0.83,0.1343
15059,2012-09-24,4,1,9,15,0,1,1,1,0.6,0.6212,0.31,0
16888,2012-12-11,4,1,12,10,0,2,1,1,0.36,0.3333,0.57,0.3284
14617,2012-09-06,3,1,9,5,0,4,1,2,0.7,0.6667,0.84,0.194
16774,2012-12-06,4,1,12,16,0,4,1,1,0.32,0.3485,0.42,0
15124,2012-09-27,4,1,9,8,0,4,1,1,0.62,0.6061,0.71,0.0896
16636,2012-11-30,4,1,11,22,0,5,1,1,0.3,0.3333,0.75,0
15992,2012-11-04,4,1,11,0,0,0,0,1,0.3,0.3182,0.61,0.1045
17378,2012-12-31,1,1,12,22,0,1,1,1,0.26,0.2727,0.56,0.1343
16564,2012-11-27,4,1,11,21,0,2,1,1,0.24,0.2121,0.81,0.2836
16580,2012-11-28,4,1,11,13,0,3,1,1,0.34,0.3333,0.42,0.194
15841,2012-10-27,4,1,10,5,0,6,0,2,0.5,0.4848,0.82,0.194
14720,2012-09-10,3,1,9,12,0,1,1,1,0.64,0.6212,0.44,0.3881
16540,2012-11-26,4,1,11,21,0,1,1,1,0.34,0.3636,0.49,0
14958,2012-09-20,3,1,9,10,0,4,1,1,0.58,0.5455,0.53,0.0896
16691,2012-12-03,4,1,12,5,0,1,1,1,0.34,0.3485,0.93,0.0896
16202,2012-11-12,4,1,11,19,1,1,0,1,0.54,0.5152,0.73,0.2836
15795,2012-10-25,4,1,10,7,0,4,1,2,0.52,0.5,0.88,0.194
14820,2012-09-14,3,1,9,16,0,5,1,2,0.72,0.6667,0.51,0
14929,2012-09-19,3,1,9,5,0,3,1,2,0.52,0.5,0.68,0.2836
15644,2012-10-19,4,1,10,0,0,5,1,2,0.56,0.5303,0.83,0.1045
15050,2012-09-24,4,1,9,6,0,1,1,1,0.46,0.4545,0.59,0
17077,2012-12-19,4,1,12,7,0,3,1,1,0.26,0.2727,0.75,0.1343
16362,2012-11-19,4,1,11,11,0,1,1,2,0.38,0.3939,0.66,0.2537
16263,2012-11-15,4,1,11,8,0,4,1,2,0.3,0.2879,0.61,0.2239
15308,2012-10-05,4,1,10,0,0,5,1,1,0.56,0.5303,0.73,0
15477,2012-10-12,4,1,10,1,0,5,1,1,0.4,0.4091,0.66,0.0896
14677,2012-09-08,3,1,9,17,0,6,0,3,0.58,0.5455,0.83,0.194
14814,2012-09-14,3,1,9,10,0,5,1,2,0.68,0.6364,0.65,0
15840,2012-10-27,4,1,10,4,0,6,0,2,0.5,0.4848,0.88,0.1642
17193,2012-12-24,1,1,12,3,0,1,1,1,0.2,0.2576,0.75,0
15445,2012-10-10,4,1,10,17,0,3,1,1,0.58,0.5455,0.43,0.2239
15425,2012-10-09,4,1,10,21,0,2,1,2,0.48,0.4697,0.77,0.1343
15117,2012-09-27,4,1,9,1,0,4,1,1,0.6,0.5758,0.78,0.0896
16124,2012-11-09,4,1,11,13,0,5,1,1,0.46,0.4545,0.38,0.2985
16531,2012-11-26,4,1,11,12,0,1,1,1,0.42,0.4242,0.35,0.1045
14784,2012-09-13,3,1,9,4,0,4,1,1,0.52,0.5,0.83,0
14960,2012-09-20,3,1,9,12,0,4,1,1,0.62,0.6212,0.43,0.1343
15952,2012-11-02,4,1,11,8,0,5,1,1,0.32,0.3333,0.57,0.1045
15712,2012-10-21,4,1,10,20,0,0,0,1,0.48,0.4697,0.44,0.194
15330,2012-10-05,4,1,10,22,0,5,1,1,0.6,0.5909,0.73,0.2836
14789,2012-09-13,3,1,9,9,0,4,1,1,0.6,0.6061,0.64,0.0896
14629,2012-09-06,3,1,9,17,0,4,1,1,0.74,0.697,0.7,0.2537
17248,2012-12-26,1,1,12,12,0,3,1,3,0.22,0.197,0.87,0.3284
15632,2012-10-18,4,1,10,12,0,4,1,2,0.6,0.6212,0.53,0.2537
16607,2012-11-29,4,1,11,17,0,4,1,1,0.34,0.3333,0.39,0.194
14852,2012-09-16,3,1,9,0,0,0,0,1,0.54,0.5152,0.64,0
16589,2012-11-28,4,1,11,22,0,3,1,1,0.28,0.2727,0.45,0.1642
14853,2012-09-16,3,1,9,1,0,0,0,1,0.54,0.5152,0.64,0
14747,2012-09-11,3,1,9,15,0,2,1,1,0.7,0.6364,0.28,0.1045
16179,2012-11-11,4,1,11,20,0,0,0,1,0.44,0.4394,0.62,0.1642
15450,2012-10-10,4,1,10,22,0,3,1,1,0.46,0.4545,0.55,0.2985
14661,2012-09-08,3,1,9,1,0,6,0,2,0.66,0.5909,0.89,0.2836
14692,2012-09-09,3,1,9,8,0,0,0,1,0.58,0.5455,0.68,0.2239
17141,2012-12-21,1,1,12,23,0,5,1,1,0.26,0.2424,0.44,0.2836
14842,2012-09-15,3,1,9,14,0,6,0,1,0.68,0.6364,0.34,0.3284
16686,2012-12-03,4,1,12,0,0,1,1,2,0.42,0.4242,0.82,0.1642
15849,2012-10-27,4,1,10,13,0,6,0,1,0.6,0.6212,0.43,0.2537
15547,2012-10-14,4,1,10,23,0,0,0,2,0.56,0.5303,0.68,0.2836
16011,2012-11-04,4,1,11,19,0,0,0,1,0.36,0.3333,0.43,0.2537
17186,2012-12-23,1,1,12,20,0,0,0,1,0.26,0.303,0.65,0
16803,2012-12-07,4,1,12,21,0,5,1,2,0.36,0.3636,0.93,0.1045
15279,2012-10-03,4,1,10,19,0,3,1,1,0.7,0.6515,0.65,0
16344,2012-11-18,4,1,11,17,0,0,0,2,0.38,0.3939,0.66,0.2537
16640,2012-12-01,4,1,12,2,0,6,0,2,0.26,0.303,0.81,0
14949,2012-09-20,3,1,9,1,0,4,1,1,0.46,0.4545,0.72,0.1045
16282,2012-11-16,4,1,11,3,0,5,1,2,0.3,0.303,0.65,0.1343
15935,2012-11-01,4,1,11,15,0,4,1,2,0.4,0.4091,0.54,0.1642
17129,2012-12-21,1,1,12,11,0,5,1,2,0.32,0.2879,0.42,0.4179
16524,2012-11-26,4,1,11,5,0,1,1,1,0.22,0.2273,0.69,0.1642
16394,2012-11-20,4,1,11,19,0,2,1,2,0.4,0.4091,0.71,0
16393,2012-11-20,4,1,11,18,0,2,1,2,0.4,0.4091,0.66,0.0896
15883,2012-10-28,4,1,10,23,0,0,0,3,0.42,0.4242,0.94,0.3582
15900,2012-10-31,4,1,10,4,0,3,1,2,0.3,0.2879,0.87,0.194
17270,2012-12-27,1,1,12,10,0,4,1,1,0.28,0.2273,0.56,0.5224
16010,2012-11-04,4,1,11,18,0,0,0,1,0.36,0.3485,0.43,0.2239
15253,2012-10-02,4,1,10,17,0,2,1,3,0.62,0.5606,0.88,0.1045
15061,2012-09-24,4,1,9,17,0,1,1,1,0.58,0.5455,0.3,0
16598,2012-11-29,4,1,11,8,0,4,1,1,0.2,0.2273,0.69,0.1045
16262,2012-11-15,4,1,11,7,0,4,1,2,0.3,0.2879,0.65,0.194
16845,2012-12-09,4,1,12,15,0,0,0,3,0.36,0.3485,0.93,0.1642
17171,2012-12-23,1,1,12,5,0,0,0,1,0.2,0.2576,0.51,0
15356,2012-10-07,4,1,10,0,0,0,0,1,0.44,0.4394,0.62,0.1642
17315,2012-12-29,1,1,12,7,0,6,0,2,0.26,0.2424,0.7,0.1343
15724,2012-10-22,4,1,10,8,0,1,1,1,0.44,0.4394,0.67,0
15630,2012-10-18,4,1,10,10,0,4,1,2,0.52,0.5,0.68,0.2239
16799,2012-12-07,4,1,12,17,0,5,1,2,0.38,0.3939,0.66,0
16145,2012-11-10,4,1,11,10,0,6,0,1,0.4,0.4091,0.58,0
15171,2012-09-29,4,1,9,7,0,6,0,1,0.48,0.4697,0.67,0.2836
14903,2012-09-18,3,1,9,3,0,2,1,2,0.62,0.5455,0.94,0.2836
16830,2012-12-09,4,1,12,0,0,0,0,2,0.4,0.4091,0.87,0.1343
17127,2012-12-21,1,1,12,9,0,5,1,2,0.32,0.2727,0.45,0.5522
16020,2012-11-05,4,1,11,4,0,1,1,2,0.3,0.2879,0.52,0.2537
14737,2012-09-11,3,1,9,5,0,2,1,1,0.46,0.4545,0.72,0.0896
15686,2012-10-20,4,1,10,18,0,6,0,1,0.52,0.5,0.39,0.2239
17196,2012-12-24,1,1,12,7,0,1,1,1,0.2,0.2576,0.69,0
15080,2012-09-25,4,1,9,12,0,2,1,1,0.62,0.6212,0.43,0.2836
17175,2012-12-23,1,1,12,9,0,0,0,1,0.2,0.2273,0.59,0.1045
15490,2012-10-12,4,1,10,14,0,5,1,1,0.56,0.5303,0.37,0.4627
15012,2012-09-22,3,1,9,16,0,6,0,1,0.74,0.6667,0.51,0.3284
14587,2012-09-04,3,1,9,23,0,2,1,1,0.72,0.697,0.74,0.2985
17288,2012-12-28,1,1,12,4,0,5,1,2,0.24,0.2576,0.6,0.1045
16093,2012-11-08,4,1,11,6,0,4,1,1,0.3,0.2879,0.39,0.2239
15934,2012-11-01,4,1,11,14,0,4,1,2,0.4,0.4091,0.5,0.2239
15729,2012-10-22,4,1,10,13,0,1,1,1,0.62,0.6212,0.29,0.1642
15437,2012-10-10,4,1,10,9,0,3,1,1,0.54,0.5152,0.6,0.2836
15000,2012-09-22,3,1,9,4,0,6,0,1,0.56,0.5303,0.83,0.2836
15746,2012-10-23,4,1,10,6,0,2,1,1,0.4,0.4091,0.82,0.0896
17253,2012-12-26,1,1,12,17,0,3,1,3,0.26,0.2273,0.93,0.3582
16070,2012-11-07,4,1,11,6,0,3,1,2,0.26,0.2424,0.56,0.2836
17033,2012-12-17,4,1,12,11,0,1,1,2,0.4,0.4091,0.87,0.0896
16259,2012-11-15,4,1,11,4,0,4,1,2,0.28,0.2879,0.65,0.1343
14859,2012-09-16,3,1,9,7,0,0,0,1,0.5,0.4848,0.77,0.1045
17104,2012-12-20,4,1,12,10,0,4,1,2,0.32,0.3333,0.66,0
15984,2012-11-03,4,1,11,16,0,6,0,2,0.36,0.3333,0.46,0.3284
16384,2012-11-20,4,1,11,9,0,2,1,2,0.36,0.3788,0.71,0
17009,2012-12-16,4,1,12,11,0,0,0,2,0.36,0.3485,0.87,0.1343
16678,2012-12-02,4,1,12,16,0,0,0,2,0.44,0.4394,0.67,0.1045
15755,2012-10-23,4,1,10,15,0,2,1,1,0.68,0.6364,0.41,0.2239
14952,2012-09-20,3,1,9,4,0,4,1,1,0.44,0.4394,0.77,0.1045
16116,2012-11-09,4,1,11,5,0,5,1,1,0.3,0.2879,0.56,0.194
14634,2012-09-06,3,1,9,22,0,4,1,1,0.64,0.5758,0.89,0.1642
16023,2012-11-05,4,1,11,7,0,1,1,2,0.3,0.2879,0.49,0.2537
15991,2012-11-03,4,1,11,23,0,6,0,1,0.32,0.3333,0.57,0.1045
14972,2012-09-21,3,1,9,0,0,5,1,1,0.54,0.5152,0.68,0
15563,2012-10-15,4,1,10,15,0,1,1,1,0.6,0.5758,0.78,0.3284
16340,2012-11-18,4,1,11,13,0,0,0,1,0.4,0.4091,0.62,0.3284
17346,2012-12-30,1,1,12,14,0,0,0,1,0.3,0.2727,0.36,0.4627
15340,2012-10-06,4,1,10,8,0,6,0,1,0.56,0.5303,0.83,0.194
17258,2012-12-26,1,1,12,22,0,3,1,3,0.24,0.197,0.93,0.4478
14752,2012-09-11,3,1,9,20,0,2,1,1,0.58,0.5455,0.56,0.1343
15241,2012-10-02,4,1,10,5,0,2,1,2,0.56,0.5303,0.83,0.1343
15822,2012-10-26,4,1,10,10,0,5,1,2,0.54,0.5152,0.88,0.1045
15715,2012-10-21,4,1,10,23,0,0,0,1,0.44,0.4394,0.54,0
16419,2012-11-21,4,1,11,20,0,3,1,1,0.34,0.3485,0.61,0.1045
14687,2012-09-09,3,1,9,3,0,0,0,1,0.54,0.5152,0.73,0.2239
16347,2012-11-18,4,1,11,20,0,0,0,1,0.36,0.3485,0.66,0.1642
15633,2012-10-18,4,1,10,13,0,4,1,1,0.62,0.6212,0.53,0.3582
14558,2012-09-03,3,1,9,18,1,1,0,1,0.74,0.697,0.66,0.1642
16952,2012-12-14,4,1,12,2,0,5,1,1,0.22,0.2727,0.69,0
16392,2012-11-20,4,1,11,17,0,2,1,2,0.4,0.4091,0.71,0.1642
15294,2012-10-04,4,1,10,10,0,4,1,2,0.66,0.6061,0.83,0.1343
15072,2012-09-25,4,1,9,4,0,2,1,1,0.42,0.4242,0.71,0.1343
16446,2012-11-22,4,1,11,23,1,4,0,1,0.3,0.3333,0.7,0
16196,2012-11-12,4,1,11,13,1,1,0,1,0.6,0.6061,0.6,0.2239
15329,2012-10-05,4,1,10,21,0,5,1,1,0.6,0.5909,0.69,0.2239
16504,2012-11-25,4,1,11,9,0,0,0,2,0.24,0.2273,0.48,0.2239
16456,2012-11-23,4,1,11,9,0,5,1,1,0.28,0.2879,0.75,0.1045
15381,2012-10-08,4,1,10,1,1,1,0,1,0.34,0.3333,0.87,0.1642
16108,2012-11-08,4,1,11,21,0,4,1,1,0.36,0.3333,0.37,0.3881
15218,2012-10-01,4,1,10,6,0,1,1,1,0.44,0.4394,0.77,0.1045
14800,2012-09-13,3,1,9,20,0,4,1,1,0.62,0.6061,0.69,0.1045
15973,2012-11-03,4,1,11,5,0,6,0,2,0.32,0.303,0.49,0.2537
15553,2012-10-15,4,1,10,5,0,1,1,2,0.56,0.5303,0.73,0.2836
15260,2012-10-03,4,1,10,0,0,3,1,3,0.62,0.5455,0.94,0
15261,2012-10-03,4,1,10,1,0,3,1,2,0.62,0.5455,0.94,0
14935,2012-09-19,3,1,9,11,0,3,1,1,0.6,0.6212,0.43,0.2537
15923,2012-11-01,4,1,11,3,0,4,1,1,0.34,0.3333,0.61,0.1343
14921,2012-09-18,3,1,9,21,0,2,1,2,0.6,0.5455,0.88,0.194
17278,2012-12-27,1,1,12,18,0,4,1,2,0.24,0.2273,0.6,0.2537
17221,2012-12-25,1,1,12,9,1,2,0,2,0.24,0.2576,0.87,0
17218,2012-12-25,1,1,12,6,1,2,0,2,0.22,0.2273,0.93,0.1343
16931,2012-12-13,4,1,12,5,0,4,1,2,0.26,0.2576,0.56,0.1642
16777,2012-12-06,4,1,12,19,0,4,1,1,0.26,0.2576,0.6,0.194
15996,2012-11-04,4,1,11,4,0,0,0,1,0.26,0.2727,0.65,0.1343
16946,2012-12-13,4,1,12,20,0,4,1,1,0.3,0.3333,0.45,0
17234,2012-12-25,1,1,12,22,1,2,0,2,0.3,0.303,0.7,0.1642
14562,2012-09-03,3,1,9,22,1,1,0,2,0.7,0.6667,0.84,0.1343
16058,2012-11-06,4,1,11,18,0,2,1,1,0.32,0.303,0.57,0.2985
17158,2012-12-22,1,1,12,16,0,6,0,1,0.3,0.2727,0.39,0.4478
16823,2012-12-08,4,1,12,17,0,6,0,1,0.38,0.3939,0.87,0.1343
16292,2012-11-16,4,1,11,13,0,5,1,1,0.42,0.4242,0.38,0.194
16134,2012-11-09,4,1,11,23,0,5,1,1,0.32,0.3333,0.81,0.0896
16559,2012-11-27,4,1,11,16,0,2,1,2,0.3,0.2727,0.75,0.2985
16378,2012-11-20,4,1,11,3,0,2,1,2,0.34,0.3485,0.71,0.1045
16800,2012-12-07,4,1,12,18,0,5,1,2,0.38,0.3939,0.71,0.1045
16173,2012-11-11,4,1,11,14,0,0,0,1,0.6,0.6212,0.33,0.1642
16354,2012-11-19,4,1,11,3,0,1,1,2,0.36,0.3485,0.66,0.2239
15661,2012-10-19,4,1,10,17,0,5,1,3,0.62,0.6061,0.69,0.3582
14887,2012-09-17,3,1,9,11,0,1,1,2,0.62,0.6061,0.69,0.2239
14816,2012-09-14,3,1,9,12,0,5,1,2,0.7,0.6515,0.54,0.194
16324,2012-11-17,4,1,11,21,0,6,0,2,0.32,0.3333,0.57,0.1045
15766,2012-10-24,4,1,10,2,0,3,1,1,0.54,0.5152,0.68,0
16916,2012-12-12,4,1,12,14,0,3,1,2,0.34,0.3636,0.46,0
14998,2012-09-22,3,1,9,2,0,6,0,1,0.56,0.5303,0.88,0.2537
16545,2012-11-27,4,1,11,2,0,2,1,2,0.32,0.3182,0.7,0.1642
17357,2012-12-31,1,1,12,1,0,1,1,1,0.18,0.1818,0.55,0.194
17045,2012-12-17,4,1,12,23,0,1,1,3,0.42,0.4242,0.94,0.2239
15389,2012-10-08,4,1,10,9,1,1,0,2,0.38,0.3939,0.66,0.1642
16348,2012-11-18,4,1,11,21,0,0,0,1,0.36,0.3333,0.66,0.2537
15112,2012-09-26,4,1,9,20,0,3,1,1,0.66,0.6212,0.69,0.194
16882,2012-12-11,4,1,12,4,0,2,1,2,0.34,0.3182,0.76,0.2836
16460,2012-11-23,4,1,11,13,0,5,1,1,0.46,0.4545,0.38,0.2836
15696,2012-10-21,4,1,10,4,0,0,0,1,0.36,0.3485,0.71,0.1642
15011,2012-09-22,3,1,9,15,0,6,0,1,0.74,0.6667,0.48,0.3881
14771,2012-09-12,3,1,9,15,0,3,1,1,0.72,0.6515,0.37,0.1343
14541,2012-09-03,3,1,9,1,1,1,0,2,0.68,0.6364,0.89,0.1642
16437,2012-11-22,4,1,11,14,1,4,0,1,0.48,0.4697,0.29,0
15594,2012-10-16,4,1,10,22,0,2,1,1,0.4,0.4091,0.71,0.0896
16501,2012-11-25,4,1,11,6,0,0,0,2,0.22,0.2424,0.47,0.1045
14714,2012-09-10,3,1,9,6,0,1,1,1,0.5,0.4848,0.72,0.1343
17003,2012-12-16,4,1,12,5,0,0,0,2,0.34,0.3636,0.87,0
16064,2012-11-07,4,1,11,0,0,3,1,2,0.3,0.2879,0.56,0.2836
15393,2012-10-08,4,1,10,13,1,1,0,2,0.42,0.4242,0.62,0.194
15493,2012-10-12,4,1,10,17,0,5,1,1,0.46,0.4545,0.38,0.3881
15283,2012-10-03,4,1,10,23,0,3,1,2,0.66,0.6061,0.78,0
16131,2012-11-09,4,1,11,20,0,5,1,1,0.36,0.3485,0.66,0.1343
15592,2012-10-16,4,1,10,20,0,2,1,1,0.46,0.4545,0.55,0
15662,2012-10-19,4,1,10,18,0,5,1,1,0.56,0.5303,0.83,0.1045
15704,2012-10-21,4,1,10,12,0,0,0,1,0.54,0.5152,0.39,0.3284
14822,2012-09-14,3,1,9,18,0,5,1,1,0.72,0.6515,0.45,0.2239
17029,2012-12-17,4,1,12,7,0,1,1,2,0.36,0.3485,0.93,0.1343
14873,2012-09-16,3,1,9,21,0,0,0,1,0.6,0.6212,0.56,0.1045
15925,2012-11-01,4,1,11,5,0,4,1,1,0.34,0.3333,0.66,0.1343
15311,2012-10-05,4,1,10,3,0,5,1,1,0.54,0.5152,0.73,0
15077,2012-09-25,4,1,9,9,0,2,1,1,0.54,0.5152,0.56,0.2537
15587,2012-10-16,4,1,10,15,0,2,1,1,0.54,0.5152,0.41,0.3284
17228,2012-12-25,1,1,12,16,1,2,0,2,0.36,0.3333,0.5,0.2537
17285,2012-12-28,1,1,12,1,0,5,1,1,0.24,0.2273,0.6,0.194
15052,2012-09-24,4,1,9,8,0,1,1,1,0.5,0.4848,0.55,0.194
16619,2012-11-30,4,1,11,5,0,5,1,1,0.2,0.2576,0.8,0
16464,2012-11-23,4,1,11,17,0,5,1,2,0.48,0.4697,0.39,0.0896
15761,2012-10-23,4,1,10,21,0,2,1,1,0.56,0.5303,0.68,0
16314,2012-11-17,4,1,11,11,0,6,0,1,0.38,0.3939,0.43,0.194
15542,2012-10-14,4,1,10,18,0,0,0,1,0.58,0.5455,0.6,0.2537
16634,2012-11-30,4,1,11,20,0,5,1,1,0.32,0.3485,0.66,0
16841,2012-12-09,4,1,12,11,0,0,0,2,0.4,0.4091,0.87,0.2985
16071,2012-11-07,4,1,11,7,0,3,1,2,0.26,0.2273,0.56,0.2985
17168,2012-12-23,1,1,12,2,0,0,0,1,0.2,0.2121,0.51,0.1642
16802,2012-12-07,4,1,12,20,0,5,1,3,0.38,0.3939,0.76,0.1045
14615,2012-09-06,3,1,9,3,0,4,1,1,0.7,0.6667,0.84,0.1045
16182,2012-11-11,4,1,11,23,0,0,0,1,0.42,0.4242,0.71,0.194
14847,2012-09-15,3,1,9,19,0,6,0,1,0.62,0.6212,0.41,0.1642
16150,2012-11-10,4,1,11,15,0,6,0,1,0.52,0.5,0.45,0
15017,2012-09-22,3,1,9,21,0,6,0,1,0.64,0.6212,0.57,0.2537
16199,2012-11-12,4,1,11,16,1,1,0,1,0.56,0.5303,0.64,0.1642
16850,2012-12-09,4,1,12,20,0,0,0,3,0.36,0.3636,1,0.0896
14782,2012-09-13,3,1,9,2,0,4,1,1,0.54,0.5152,0.77,0
14844,2012-09-15,3,1,9,16,0,6,0,2,0.66,0.6212,0.36,0.2239
16886,2012-12-11,4,1,12,8,0,2,1,2,0.34,0.303,0.61,0.2985
16427,2012-11-22,4,1,11,4,1,4,0,1,0.22,0.2273,0.8,0.1343
16673,2012-12-02,4,1,12,11,0,0,0,2,0.32,0.3182,0.81,0.1642
15339,2012-10-06,4,1,10,7,0,6,0,1,0.54,0.5152,0.83,0.2985
15908,2012-10-31,4,1,10,12,0,3,1,1,0.4,0.4091,0.58,0.194
14723,2012-09-10,3,1,9,15,0,1,1,1,0.66,0.6212,0.31,0.3881
16281,2012-11-16,4,1,11,2,0,5,1,2,0.3,0.303,0.7,0.1642
14694,2012-09-09,3,1,9,10,0,0,0,1,0.64,0.6212,0.57,0.2985
16075,2012-11-07,4,1,11,11,0,3,1,2,0.32,0.2879,0.51,0.3582
17113,2012-12-20,4,1,12,19,0,4,1,3,0.34,0.3182,0.71,0.2537
16801,2012-12-07,4,1,12,19,0,5,1,2,0.38,0.3939,0.76,0
15422,2012-10-09,4,1,10,18,0,2,1,2,0.5,0.4848,0.72,0.2239
17181,2012-12-23,1,1,12,15,0,0,0,1,0.34,0.3333,0.34,0.1343
14805,2012-09-14,3,1,9,1,0,5,1,1,0.56,0.5303,0.73,0.0896
15955,2012-11-02,4,1,11,11,0,5,1,1,0.42,0.4242,0.41,0.4179
15476,2012-10-12,4,1,10,0,0,5,1,1,0.4,0.4091,0.66,0.1045
16764,2012-12-06,4,1,12,6,0,4,1,1,0.22,0.2121,0.55,0.2985
16614,2012-11-30,4,1,11,0,0,5,1,1,0.26,0.2576,0.7,0.1642
14913,2012-09-18,3,1,9,13,0,2,1,2,0.7,0.6667,0.74,0.5821
17239,2012-12-26,1,1,12,3,0,3,1,2,0.24,0.2121,0.7,0.3582
15487,2012-10-12,4,1,10,11,0,5,1,1,0.54,0.5152,0.37,0.3582
14867,2012-09-16,3,1,9,15,0,0,0,1,0.64,0.6212,0.41,0.1642
15396,2012-10-08,4,1,10,16,1,1,0,3,0.42,0.4242,0.58,0.194
16915,2012-12-12,4,1,12,13,0,3,1,2,0.34,0.3636,0.42,0
16049,2012-11-06,4,1,11,9,0,2,1,1,0.26,0.2576,0.6,0.1642
16848,2012-12-09,4,1,12,18,0,0,0,3,0.36,0.3636,0.93,0.0896
14603,2012-09-05,3,1,9,15,0,3,1,1,0.78,0.7727,0.7,0.194
15009,2012-09-22,3,1,9,13,0,6,0,1,0.74,0.6667,0.51,0.3582
15941,2012-11-01,4,1,11,21,0,4,1,2,0.38,0.3939,0.54,0.1343
14711,2012-09-10,3,1,9,3,0,1,1,1,0.52,0.5,0.68,0.2836
15965,2012-11-02,4,1,11,21,0,5,1,2,0.36,0.3333,0.46,0.3582
16004,2012-11-04,4,1,11,12,0,0,0,1,0.38,0.3939,0.46,0.2239
15483,2012-10-12,4,1,10,7,0,5,1,1,0.36,0.3636,0.81,0.0896
15779,2012-10-24,4,1,10,15,0,3,1,1,0.7,0.6364,0.39,0.1045
15420,2012-10-09,4,1,10,16,0,2,1,2,0.5,0.4848,0.72,0.1642
14577,2012-09-04,3,1,9,13,0,2,1,1,0.8,0.7576,0.55,0.4478
15905,2012-10-31,4,1,10,9,0,3,1,1,0.34,0.3333,0.76,0.1343
16129,2012-11-09,4,1,11,18,0,5,1,1,0.42,0.4242,0.44,0.1045
15472,2012-10-11,4,1,10,20,0,4,1,1,0.42,0.4242,0.62,0.1642
16241,2012-11-14,4,1,11,10,0,3,1,1,0.32,0.2879,0.45,0.3582
16135,2012-11-10,4,1,11,0,0,6,0,1,0.32,0.3333,0.76,0.0896
15735,2012-10-22,4,1,10,19,0,1,1,1,0.52,0.5,0.52,0.1045
15155,2012-09-28,4,1,9,15,0,5,1,2,0.68,0.6364,0.54,0.2836
17092,2012-12-19,4,1,12,22,0,3,1,1,0.34,0.3485,0.61,0.0896
14746,2012-09-11,3,1,9,14,0,2,1,1,0.68,0.6212,0.3,0.0896
16311,2012-11-17,4,1,11,8,0,6,0,1,0.26,0.2576,0.65,0.2239
15251,2012-10-02,4,1,10,15,0,2,1,3,0.62,0.5758,0.83,0.1343
17063,2012-12-18,4,1,12,17,0,2,1,1,0.4,0.4091,0.47,0.4478
15281,2012-10-03,4,1,10,21,0,3,1,2,0.66,0.6212,0.74,0
16535,2012-11-26,4,1,11,16,0,1,1,1,0.44,0.4394,0.3,0
16195,2012-11-12,4,1,11,12,1,1,0,1,0.56,0.5303,0.64,0.2239
15861,2012-10-28,4,1,10,1,0,0,0,2,0.5,0.4848,0.72,0.2836
15514,2012-10-13,4,1,10,14,0,6,0,1,0.48,0.4697,0.33,0.194
17098,2012-12-20,4,1,12,4,0,4,1,2,0.3,0.3182,0.7,0.0896
16510,2012-11-25,4,1,11,15,0,0,0,1,0.3,0.2879,0.42,0.2537
16864,2012-12-10,4,1,12,10,0,1,1,2,0.44,0.4394,0.94,0.2239
16250,2012-11-14,4,1,11,19,0,3,1,1,0.3,0.303,0.52,0.1642
15611,2012-10-17,4,1,10,15,0,3,1,2,0.58,0.5455,0.43,0.2239
17069,2012-12-18,4,1,12,23,0,2,1,1,0.34,0.3485,0.49,0.0896
14840,2012-09-15,3,1,9,12,0,6,0,1,0.66,0.6212,0.36,0.3582
14572,2012-09-04,3,1,9,8,0,2,1,1,0.7,0.6667,0.84,0.1642
14581,2012-09-04,3,1,9,17,0,2,1,1,0.76,0.7273,0.7,0.3582
14808,2012-09-14,3,1,9,4,0,5,1,1,0.54,0.5152,0.77,0
14721,2012-09-10,3,1,9,13,0,1,1,1,0.64,0.6212,0.38,0.2239
15133,2012-09-27,4,1,9,17,0,4,1,2,0.66,0.6212,0.69,0.2985
16155,2012-11-10,4,1,11,20,0,6,0,1,0.44,0.4394,0.54,0
14943,2012-09-19,3,1,9,19,0,3,1,1,0.56,0.5303,0.43,0.2239
15940,2012-11-01,4,1,11,20,0,4,1,2,0.38,0.3939,0.54,0.2537
16623,2012-11-30,4,1,11,9,0,5,1,1,0.24,0.2576,0.75,0.0896
15129,2012-09-27,4,1,9,13,0,4,1,2,0.74,0.6667,0.48,0
15008,2012-09-22,3,1,9,12,0,6,0,1,0.72,0.6667,0.54,0.2985
16214,2012-11-13,4,1,11,7,0,2,1,3,0.32,0.303,0.87,0.2537
16486,2012-11-24,4,1,11,15,0,6,0,1,0.3,0.2727,0.36,0.4627
14654,2012-09-07,3,1,9,18,0,5,1,1,0.76,0.7121,0.62,0.2985
14653,2012-09-07,3,1,9,17,0,5,1,1,0.78,0.7424,0.59,0.3284
15215,2012-10-01,4,1,10,3,0,1,1,1,0.44,0.4394,0.77,0
15438,2012-10-10,4,1,10,10,0,3,1,1,0.56,0.5303,0.52,0.2985
16492,2012-11-24,4,1,11,21,0,6,0,1,0.24,0.2273,0.44,0.194
16879,2012-12-11,4,1,12,1,0,2,1,1,0.42,0.4242,0.71,0.4478
15671,2012-10-20,4,1,10,3,0,6,0,1,0.42,0.4242,0.77,0.1343
17194,2012-12-24,1,1,12,5,0,1,1,1,0.18,0.197,0.8,0.1343
14695,2012-09-09,3,1,9,11,0,0,0,1,0.66,0.6212,0.47,0.2537
15446,2012-10-10,4,1,10,18,0,3,1,2,0.56,0.5303,0.49,0.1642
17061,2012-12-18,4,1,12,15,0,2,1,1,0.46,0.4545,0.44,0.4925
16821,2012-12-08,4,1,12,15,0,6,0,1,0.42,0.4242,0.82,0.1642
16233,2012-11-14,4,1,11,2,0,3,1,1,0.24,0.2121,0.6,0.2985
17371,2012-12-31,1,1,12,15,0,1,1,2,0.28,0.2879,0.45,0.1343
15200,2012-09-30,4,1,9,12,0,0,0,1,0.62,0.6212,0.41,0.2985
15272,2012-10-03,4,1,10,12,0,3,1,2,0.7,0.6515,0.7,0.1045
17114,2012-12-20,4,1,12,20,0,4,1,3,0.34,0.3333,0.76,0.1642
15231,2012-10-01,4,1,10,19,0,1,1,2,0.54,0.5152,0.68,0.1045
16632,2012-11-30,4,1,11,18,0,5,1,2,0.34,0.3636,0.61,0
14819,2012-09-14,3,1,9,15,0,5,1,2,0.72,0.6667,0.48,0.1343
17081,2012-12-19,4,1,12,11,0,3,1,1,0.4,0.4091,0.54,0.2239
15265,2012-10-03,4,1,10,5,0,3,1,2,0.62,0.5455,0.94,0.1045
17017,2012-12-16,4,1,12,19,0,0,0,1,0.36,0.3485,0.93,0.1343
15525,2012-10-14,4,1,10,1,0,0,0,1,0.42,0.4242,0.77,0.2836
15711,2012-10-21,4,1,10,19,0,0,0,1,0.5,0.4848,0.42,0.1642
15167,2012-09-29,4,1,9,3,0,6,0,2,0.52,0.5,0.59,0.194
16367,2012-11-19,4,1,11,16,0,1,1,1,0.42,0.4242,0.58,0.2537
16528,2012-11-26,4,1,11,9,0,1,1,1,0.28,0.303,0.56,0.0896
16432,2012-11-22,4,1,11,9,1,4,0,1,0.3,0.3333,0.65,0
17148,2012-12-22,1,1,12,6,0,6,0,1,0.26,0.2273,0.44,0.4179
15823,2012-10-26,4,1,10,11,0,5,1,2,0.56,0.5303,0.78,0.1642
15188,2012-09-30,4,1,9,0,0,0,0,1,0.5,0.4848,0.59,0
15348,2012-10-06,4,1,10,16,0,6,0,1,0.6,0.6212,0.43,0.5224
17358,2012-12-31,1,1,12,2,0,1,1,1,0.16,0.1667,0.59,0.1642
14509,2012-09-01,3,1,9,17,0,6,0,2,0.82,0.7727,0.52,0
17200,2012-12-24,1,1,12,11,0,1,1,2,0.26,0.2576,0.6,0.1642
14710,2012-09-10,3,1,9,2,0,1,1,1,0.54,0.5152,0.6,0.3582
15911,2012-10-31,4,1,10,15,0,3,1,1,0.42,0.4242,0.54,0.1642
14767,2012-09-12,3,1,9,11,0,3,1,1,0.66,0.6212,0.5,0.194
16986,2012-12-15,4,1,12,12,0,6,0,1,0.38,0.3939,0.5,0.0896
16276,2012-11-15,4,1,11,21,0,4,1,2,0.32,0.3333,0.66,0.1045
16795,2012-12-07,4,1,12,13,0,5,1,2,0.36,0.3485,0.66,0.1343
15197,2012-09-30,4,1,9,9,0,0,0,1,0.52,0.5,0.63,0.1045
16218,2012-11-13,4,1,11,11,0,2,1,1,0.32,0.303,0.7,0.2537
14945,2012-09-19,3,1,9,21,0,3,1,1,0.5,0.4848,0.59,0.1642
15727,2012-10-22,4,1,10,11,0,1,1,1,0.56,0.5303,0.37,0.1642
16521,2012-11-26,4,1,11,2,0,1,1,1,0.2,0.2576,0.69,0
15191,2012-09-30,4,1,9,3,0,0,0,1,0.46,0.4545,0.67,0.0896
14926,2012-09-19,3,1,9,2,0,3,1,2,0.54,0.5152,0.64,0.3284
15870,2012-10-28,4,1,10,10,0,0,0,2,0.48,0.4697,0.51,0.4179
14996,2012-09-22,3,1,9,0,0,6,0,1,0.6,0.5909,0.73,0.2836
14769,2012-09-12,3,1,9,13,0,3,1,1,0.7,0.6364,0.34,0.1343
14726,2012-09-10,3,1,9,18,0,1,1,1,0.62,0.6212,0.35,0.2985
16363,2012-11-19,4,1,11,12,0,1,1,2,0.4,0.4091,0.62,0.2836
17277,2012-12-27,1,1,12,17,0,4,1,2,0.26,0.2424,0.52,0.2836
