instant,dteday,season,yr,mnth,hr,holiday,weekday,workingday,weathersit,temp,atemp,hum,windspeed,casual,registered,cnt
10267,2012-03-08,1,1,3,20,0,4,1,2,0.6,0.6212,0.43,0.3881,20,282,302
10395,2012-03-14,1,1,3,5,0,3,1,1,0.44,0.4394,0.82,0.1343,2,25,27
10926,2012-04-05,2,1,4,9,0,4,1,1,0.4,0.4091,0.37,0.2537,61,290,351
10541,2012-03-20,1,1,3,7,0,2,1,3,0.52,0.5,0.94,0.2239,3,167,170
10320,2012-03-11,1,1,3,1,0,0,0,1,0.24,0.2424,0.52,0.1642,4,57,61
11408,2012-04-25,2,1,4,12,0,3,1,1,0.54,0.5152,0.28,0.2836,49,220,269
10106,2012-03-02,1,1,3,3,0,5,1,1,0.32,0.3182,0.57,0.194,0,3,3
11299,2012-04-20,2,1,4,23,0,5,1,1,0.52,0.5,0.72,0.1343,31,156,187
10101,2012-03-01,1,1,3,22,0,4,1,1,0.38,0.3939,0.5,0.2537,3,123,126
10469,2012-03-17,1,1,3,7,0,6,0,2,0.4,0.4091,1,0.1343,29,57,86
11034,2012-04-09,2,1,4,21,0,1,1,3,0.48,0.4697,0.41,0.4179,14,151,165
11399,2012-04-25,2,1,4,3,0,3,1,1,0.32,0.3333,0.7,0.0896,0,3,3
10486,2012-03-18,1,1,3,0,0,0,0,1,0.46,0.4545,0.88,0.194,27,80,107
10812,2012-03-31,2,1,3,14,0,6,0,2,0.5,0.4848,0.63,0.2537,240,311,551
10534,2012-03-20,1,1,3,0,0,2,1,2,0.56,0.5303,0.78,0.0896,5,24,29
11123,2012-04-13,2,1,4,15,0,5,1,1,0.54,0.5152,0.28,0.2537,115,237,352
10376,2012-03-13,1,1,3,10,0,2,1,1,0.52,0.5,0.77,0.2239,28,115,143
11064,2012-04-11,2,1,4,3,0,3,1,1,0.3,0.2879,0.49,0.2239,0,2,2
10672,2012-03-25,2,1,3,18,0,0,0,1,0.5,0.4848,0.72,0.0896,202,289,491
11292,2012-04-20,2,1,4,16,0,5,1,1,0.66,0.6212,0.44,0.194,151,429,580
11454,2012-04-27,2,1,4,10,0,5,1,1,0.44,0.4394,0.38,0.4179,64,172,236
10582,2012-03-22,2,1,3,0,0,4,1,1,0.52,0.5,0.83,0.0896,9,32,41
11511,2012-04-29,2,1,4,19,0,0,0,1,0.56,0.5303,0.35,0.1343,128,247,375
11229,2012-04-18,2,1,4,1,0,3,1,1,0.52,0.5,0.34,0.194,1,13,14
11470,2012-04-28,2,1,4,2,0,6,0,1,0.36,0.3485,0.43,0.1642,8,49,57
10877,2012-04-03,2,1,4,8,0,2,1,1,0.34,0.3636,0.57,0,27,577,604
11343,2012-04-22,2,1,4,19,0,0,0,3,0.36,0.3182,0.87,0.5224,1,34,35
11419,2012-04-25,2,1,4,23,0,3,1,2,0.5,0.4848,0.51,0.0896,10,94,104
10706,2012-03-27,2,1,3,4,0,2,1,1,0.24,0.2121,0.32,0.3582,0,3,3
10890,2012-04-03,2,1,4,21,0,2,1,1,0.54,0.5152,0.45,0,33,210,243
10110,2012-03-02,1,1,3,7,0,5,1,1,0.3,0.3333,0.7,0,4,258,262
11195,2012-04-16,2,1,4,15,1,1,0,1,0.8,0.697,0.33,0.4478,81,194,275
10640,2012-03-24,2,1,3,10,0,6,0,2,0.52,0.5,0.88,0.194,148,197,345
10459,2012-03-16,1,1,3,21,0,5,1,2,0.44,0.4394,0.94,0,8,144,152
11436,2012-04-26,2,1,4,16,0,4,1,2,0.52,0.5,0.83,0.2239,37,281,318
10118,2012-03-02,1,1,3,15,0,5,1,2,0.42,0.4242,0.5,0.2985,5,73,78
10671,2012-03-25,2,1,3,17,0,0,0,1,0.5,0.4848,0.72,0.0896,146,273,419
11199,2012-04-16,2,1,4,19,1,1,0,1,0.76,0.6667,0.35,0.3881,61,461,522
10550,2012-03-20,1,1,3,16,0,2,1,1,0.62,0.6061,0.66,0.2239,99,332,431
10297,2012-03-10,1,1,3,2,0,6,0,1,0.26,0.2424,0.41,0.2537,12,30,42
10479,2012-03-17,1,1,3,17,0,6,0,1,0.64,0.6212,0.5,0.1343,291,357,648
10762,2012-03-29,2,1,3,12,0,4,1,1,0.5,0.4848,0.42,0.4925,64,228,292
10428,2012-03-15,1,1,3,14,0,4,1,2,0.72,0.6515,0.3,0.1045,81,177,258
11252,2012-04-19,2,1,4,0,0,4,1,3,0.42,0.4242,0.77,0,5,20,25
11040,2012-04-10,2,1,4,3,0,2,1,1,0.36,0.3485,0.71,0.1343,0,2,2
10829,2012-04-01,2,1,4,7,0,0,0,2,0.36,0.3485,0.71,0.1343,29,55,84
10630,2012-03-24,2,1,3,0,0,6,0,1,0.58,0.5455,0.68,0,45,111,156
11146,2012-04-14,2,1,4,14,0,6,0,2,0.64,0.6212,0.27,0.4478,288,372,660
10511,2012-03-19,1,1,3,1,0,1,1,1,0.46,0.4545,0.88,0.1045,0,15,15
10358,2012-03-12,1,1,3,16,0,1,1,1,0.62,0.6212,0.35,0.4478,77,255,332
10791,2012-03-30,2,1,3,17,0,5,1,2,0.4,0.4091,0.62,0.2239,93,513,606
10364,2012-03-12,1,1,3,22,0,1,1,2,0.56,0.5303,0.56,0.2239,17,116,133
10174,2012-03-04,1,1,3,23,0,0,0,1,0.26,0.2576,0.41,0.194,2,24,26
11395,2012-04-24,2,1,4,23,0,2,1,1,0.42,0.4242,0.38,0.0896,4,69,73
10736,2012-03-28,2,1,3,10,0,3,1,1,0.46,0.4545,0.41,0.4179,33,140,173
10575,2012-03-21,2,1,3,17,0,3,1,1,0.6,0.5909,0.69,0.0896,113,616,729
11430,2012-04-26,2,1,4,10,0,4,1,2,0.46,0.4545,0.94,0.1642,14,125,139
10819,2012-03-31,2,1,3,21,0,6,0,2,0.4,0.4091,0.71,0.3284,36,107,143
11373,2012-04-24,2,1,4,1,0,2,1,2,0.32,0.3333,0.81,0.1343,1,6,7
10875,2012-04-03,2,1,4,6,0,2,1,1,0.3,0.3182,0.61,0.0896,2,98,100
10250,2012-03-08,1,1,3,3,0,4,1,1,0.46,0.4545,0.63,0.3881,0,3,3
11382,2012-04-24,2,1,4,10,0,2,1,1,0.42,0.4242,0.47,0.2985,33,129,162
11236,2012-04-18,2,1,4,8,0,3,1,3,0.5,0.4848,0.39,0.194,25,551,576
10444,2012-03-16,1,1,3,6,0,5,1,2,0.4,0.4091,0.87,0.1642,3,96,99
10605,2012-03-22,2,1,3,23,0,4,1,1,0.56,0.5303,0.83,0.0896,34,117,151
10104,2012-03-02,1,1,3,1,0,5,1,1,0.34,0.3182,0.49,0.2239,2,18,20
10783,2012-03-30,2,1,3,9,0,5,1,1,0.34,0.3333,0.57,0.1642,29,292,321
11459,2012-04-27,2,1,4,15,0,5,1,1,0.52,0.5,0.29,0.4925,101,223,324
10957,2012-04-06,2,1,4,16,0,5,1,1,0.5,0.4848,0.22,0.4179,184,352,536
10473,2012-03-17,1,1,3,11,0,6,0,2,0.52,0.5,0.77,0.1343,226,359,585
10702,2012-03-27,2,1,3,0,0,2,1,1,0.32,0.2879,0.26,0.5224,1,9,10
11507,2012-04-29,2,1,4,15,0,0,0,1,0.56,0.5303,0.37,0.1343,279,324,603
10706,2012-03-27,2,1,3,4,0,2,1,1,0.24,0.2121,0.32,0.3582,0,3,3
11124,2012-04-13,2,1,4,16,0,5,1,1,0.56,0.5303,0.26,0.2537,113,350,463
10212,2012-03-06,1,1,3,13,0,2,1,1,0.3,0.303,0.39,0.1343,16,148,164
10958,2012-04-06,2,1,4,17,0,5,1,1,0.52,0.5,0.23,0.4179,172,483,655
10505,2012-03-18,1,1,3,19,0,0,0,1,0.56,0.5303,0.64,0.1642,118,234,352
10311,2012-03-10,1,1,3,16,0,6,0,1,0.36,0.3636,0.23,0,115,275,390
10823,2012-04-01,2,1,4,1,0,0,0,2,0.36,0.3485,0.76,0.1642,13,49,62
10561,2012-03-21,2,1,3,3,0,3,1,2,0.5,0.4848,0.88,0.194,1,7,8
10945,2012-04-06,2,1,4,4,0,5,1,1,0.34,0.3182,0.49,0.2537,2,3,5
11438,2012-04-26,2,1,4,18,0,4,1,2,0.54,0.5152,0.77,0.194,75,589,664
10422,2012-03-15,1,1,3,8,0,4,1,1,0.44,0.4394,0.77,0.1045,21,602,623
10965,2012-04-07,2,1,4,0,0,6,0,1,0.42,0.4242,0.26,0.2985,9,85,94
10520,2012-03-19,1,1,3,10,0,1,1,1,0.52,0.5,0.72,0.1343,56,128,184
11482,2012-04-28,2,1,4,14,0,6,0,1,0.42,0.4242,0.38,0.1045,147,293,440
10972,2012-04-07,2,1,4,7,0,6,0,1,0.32,0.303,0.33,0.2836,14,40,54
11003,2012-04-08,2,1,4,14,0,0,0,1,0.6,0.5909,0.18,0.4478,254,249,503
10328,2012-03-11,1,1,3,10,0,0,0,1,0.32,0.303,0.49,0.2836,71,147,218
11088,2012-04-12,2,1,4,4,0,4,1,1,0.3,0.2879,0.61,0.2239,0,1,1
10276,2012-03-09,1,1,3,5,0,5,1,3,0.4,0.4091,0.66,0.2836,2,27,29
10681,2012-03-26,2,1,3,3,0,1,1,1,0.46,0.4545,0.82,0.194,0,1,1
10698,2012-03-26,2,1,3,20,0,1,1,1,0.4,0.4091,0.26,0.5224,12,209,221
10554,2012-03-20,1,1,3,20,0,2,1,1,0.58,0.5455,0.68,0.0896,78,299,377
11300,2012-04-21,2,1,4,0,0,6,0,1,0.52,0.5,0.77,0.2239,31,111,142
11433,2012-04-26,2,1,4,13,0,4,1,2,0.5,0.4848,0.82,0.1642,19,178,197
10695,2012-03-26,2,1,3,17,0,1,1,1,0.46,0.4545,0.24,0.4478,65,599,664
10294,2012-03-09,1,1,3,23,0,5,1,1,0.32,0.303,0.33,0.2985,9,77,86
11184,2012-04-16,2,1,4,4,1,1,0,1,0.54,0.5152,0.77,0.2239,0,6,6
10896,2012-04-04,2,1,4,3,0,3,1,1,0.44,0.4394,0.58,0.0896,0,3,3
11254,2012-04-19,2,1,4,2,0,4,1,2,0.42,0.4242,0.77,0,2,4,6
11293,2012-04-20,2,1,4,17,0,5,1,1,0.64,0.6212,0.47,0.2836,122,697,819
10991,2012-04-08,2,1,4,2,0,0,0,1,0.44,0.4394,0.24,0.2239,7,25,32
10327,2012-03-11,1,1,3,9,0,0,0,1,0.26,0.2576,0.6,0.2239,20,70,90
11100,2012-04-12,2,1,4,16,0,4,1,1,0.48,0.4697,0.31,0.2836,54,299,353
10192,2012-03-05,1,1,3,17,0,1,1,3,0.3,0.2727,0.45,0.2985,11,376,387
11285,2012-04-20,2,1,4,9,0,5,1,1,0.46,0.4545,0.88,0.0896,30,329,359
10632,2012-03-24,2,1,3,2,0,6,0,1,0.54,0.5152,0.77,0.1045,14,55,69
10784,2012-03-30,2,1,3,10,0,5,1,2,0.36,0.3636,0.57,0.1045,50,137,187
10721,2012-03-27,2,1,3,19,0,2,1,1,0.42,0.4242,0.17,0,40,377,417
10366,2012-03-13,1,1,3,0,0,2,1,2,0.56,0.5303,0.52,0.194,5,21,26
10100,2012-03-01,1,1,3,21,0,4,1,1,0.42,0.4242,0.47,0.4627,7,190,197
10287,2012-03-09,1,1,3,16,0,5,1,1,0.48,0.4697,0.23,0.4179,51,292,343
10700,2012-03-26,2,1,3,22,0,1,1,1,0.36,0.3333,0.25,0.3582,13,80,93
10778,2012-03-30,2,1,3,4,0,5,1,1,0.34,0.3485,0.53,0.0896,1,1,2
10838,2012-04-01,2,1,4,16,0,0,0,1,0.52,0.5,0.52,0.2537,236,275,511
11169,2012-04-15,2,1,4,13,0,0,0,1,0.66,0.6212,0.44,0.2836,298,383,681
11329,2012-04-22,2,1,4,5,0,0,0,2,0.44,0.4394,0.77,0.2239,0,6,6
10740,2012-03-28,2,1,3,14,0,3,1,1,0.62,0.6212,0.38,0.3582,52,169,221
10863,2012-04-02,2,1,4,18,0,1,1,1,0.5,0.4848,0.27,0.2537,75,543,618
10455,2012-03-16,1,1,3,17,0,5,1,3,0.48,0.4697,0.82,0.0896,23,235,258
11066,2012-04-11,2,1,4,6,0,3,1,1,0.28,0.2879,0.56,0.1045,3,103,106
11452,2012-04-27,2,1,4,8,0,5,1,1,0.4,0.4091,0.5,0,17,575,592
10347,2012-03-12,1,1,3,5,0,1,1,1,0.34,0.3333,0.61,0.194,1,15,16
10155,2012-03-04,1,1,3,4,0,0,0,2,0.34,0.3333,0.46,0.194,3,11,14
10348,2012-03-12,1,1,3,6,0,1,1,1,0.34,0.3485,0.57,0.1045,2,86,88
11392,2012-04-24,2,1,4,20,0,2,1,1,0.48,0.4697,0.21,0.3284,16,269,285
10951,2012-04-06,2,1,4,10,0,5,1,1,0.36,0.3333,0.4,0.3284,81,157,238
10839,2012-04-01,2,1,4,17,0,0,0,1,0.52,0.5,0.55,0.2836,232,323,555
11427,2012-04-26,2,1,4,7,0,4,1,3,0.46,0.4545,0.82,0.3582,3,222,225
10374,2012-03-13,1,1,3,8,0,2,1,1,0.46,0.4545,0.82,0.2836,22,571,593
11509,2012-04-29,2,1,4,17,0,0,0,1,0.62,0.6061,0.27,0.2985,188,334,522
10936,2012-04-05,2,1,4,19,0,4,1,1,0.48,0.4697,0.31,0.2537,64,423,487
10481,2012-03-17,1,1,3,19,0,6,0,1,0.58,0.5455,0.64,0.2836,155,262,417
10195,2012-03-05,1,1,3,20,0,1,1,1,0.26,0.2273,0.37,0.4627,8,171,179
10677,2012-03-25,2,1,3,23,0,0,0,1,0.48,0.4697,0.82,0.1343,9,56,65
10470,2012-03-17,1,1,3,8,0,6,0,2,0.42,0.4242,0.94,0.1045,63,155,218
10710,2012-03-27,2,1,3,8,0,2,1,1,0.22,0.2121,0.37,0.2985,14,567,581
10835,2012-04-01,2,1,4,13,0,0,0,2,0.44,0.4394,0.62,0.194,190,274,464
11519,2012-04-30,2,1,4,3,0,1,1,1,0.4,0.4091,0.76,0.1642,0,4,4
10158,2012-03-04,1,1,3,7,0,0,0,2,0.3,0.2727,0.52,0.2985,2,21,23
11302,2012-04-21,2,1,4,2,0,6,0,1,0.52,0.5,0.77,0.1343,12,69,81
10453,2012-03-16,1,1,3,15,0,5,1,3,0.46,0.4545,0.82,0.1045,19,88,107
10744,2012-03-28,2,1,3,18,0,3,1,1,0.6,0.6061,0.6,0.2239,61,580,641
11073,2012-04-11,2,1,4,13,0,3,1,2,0.4,0.4091,0.4,0.3582,16,147,163
10940,2012-04-05,2,1,4,23,0,4,1,1,0.4,0.4091,0.5,0.1343,12,124,136
10557,2012-03-20,1,1,3,23,0,2,1,1,0.52,0.5,0.83,0,10,80,90
10332,2012-03-11,1,1,3,14,0,0,0,1,0.46,0.4545,0.31,0.2836,212,289,501
10742,2012-03-28,2,1,3,16,0,3,1,3,0.62,0.6212,0.43,0.0896,51,170,221
11266,2012-04-19,2,1,4,14,0,4,1,1,0.58,0.5455,0.43,0,54,183,237
10617,2012-03-23,2,1,3,11,0,5,1,2,0.62,0.5909,0.73,0.1045,131,187,318
10667,2012-03-25,2,1,3,13,0,0,0,2,0.42,0.4242,0.88,0.1642,110,257,367
10148,2012-03-03,1,1,3,21,0,6,0,1,0.46,0.4545,0.19,0.3284,24,130,154
10712,2012-03-27,2,1,3,10,0,2,1,1,0.26,0.2576,0.35,0.2239,20,118,138
10383,2012-03-13,1,1,3,17,0,2,1,1,0.7,0.6364,0.37,0.1045,62,614,676
10085,2012-03-01,1,1,3,6,0,4,1,2,0.42,0.4242,0.94,0,2,107,109
11079,2012-04-11,2,1,4,19,0,3,1,1,0.4,0.4091,0.4,0.3582,28,356,384
10216,2012-03-06,1,1,3,17,0,2,1,1,0.36,0.3333,0.34,0.2836,21,425,446
10385,2012-03-13,1,1,3,19,0,2,1,1,0.64,0.6212,0.47,0.2239,50,429,479
11008,2012-04-08,2,1,4,19,0,0,0,1,0.6,0.6061,0.23,0.3881,89,187,276
11124,2012-04-13,2,1,4,16,0,5,1,1,0.56,0.5303,0.26,0.2537,113,350,463
11369,2012-04-23,2,1,4,21,0,1,1,2,0.32,0.303,0.81,0.2239,7,145,152
11422,2012-04-26,2,1,4,2,0,4,1,2,0.48,0.4697,0.55,0.1045,3,10,13
10901,2012-04-04,2,1,4,8,0,3,1,2,0.44,0.4394,0.72,0.1045,31,653,684
11154,2012-04-14,2,1,4,22,0,6,0,2,0.54,0.5152,0.52,0.1642,64,148,212
10086,2012-03-01,1,1,3,7,0,4,1,2,0.44,0.4394,0.94,0.1343,8,296,304
10953,2012-04-06,2,1,4,12,0,5,1,1,0.42,0.4242,0.35,0.2985,113,224,337
11198,2012-04-16,2,1,4,18,1,1,0,1,0.8,0.697,0.31,0.3881,87,589,676
10160,2012-03-04,1,1,3,9,0,0,0,1,0.3,0.2727,0.49,0.4478,14,104,118
10389,2012-03-13,1,1,3,23,0,2,1,1,0.56,0.5303,0.56,0.1343,8,79,87
11301,2012-04-21,2,1,4,1,0,6,0,1,0.52,0.5,0.77,0.2239,24,64,88
11233,2012-04-18,2,1,4,5,0,3,1,2,0.5,0.4848,0.39,0.2836,0,34,34
11127,2012-04-13,2,1,4,19,0,5,1,1,0.54,0.5152,0.24,0.1642,75,352,427
10587,2012-03-22,2,1,3,5,0,4,1,2,0.48,0.4697,1,0.0896,2,32,34
11194,2012-04-16,2,1,4,14,1,1,0,1,0.76,0.6818,0.45,0.3284,105,183,288
10273,2012-03-09,1,1,3,2,0,5,1,3,0.48,0.4697,0.77,0.4179,2,9,11
11476,2012-04-28,2,1,4,8,0,6,0,1,0.38,0.3939,0.4,0.1343,24,134,158
11052,2012-04-10,2,1,4,15,0,2,1,1,0.56,0.5303,0.21,0.2985,46,157,203
11005,2012-04-08,2,1,4,16,0,0,0,1,0.64,0.6061,0.19,0.3284,232,244,476
10628,2012-03-23,2,1,3,22,0,5,1,1,0.6,0.6061,0.64,0.2836,53,218,271
10487,2012-03-18,1,1,3,1,0,0,0,1,0.46,0.4545,0.82,0.1343,25,88,113
10475,2012-03-17,1,1,3,13,0,6,0,1,0.6,0.6061,0.6,0.1045,286,400,686
11070,2012-04-11,2,1,4,10,0,3,1,2,0.34,0.303,0.49,0.3284,26,127,153
10997,2012-04-08,2,1,4,8,0,0,0,1,0.4,0.4091,0.3,0.194,19,65,84
11531,2012-04-30,2,1,4,15,0,1,1,2,0.52,0.5,0.55,0.1045,55,176,231
10443,2012-03-16,1,1,3,5,0,5,1,2,0.4,0.4091,0.87,0.2239,2,30,32
10590,2012-03-22,2,1,3,8,0,4,1,2,0.5,0.4848,0.94,0.0896,51,598,649
10782,2012-03-30,2,1,3,8,0,5,1,1,0.32,0.3182,0.66,0.1642,38,555,593
10675,2012-03-25,2,1,3,21,0,0,0,1,0.48,0.4697,0.77,0.1642,25,124,149
11326,2012-04-22,2,1,4,2,0,0,0,1,0.46,0.4545,0.72,0.2836,7,49,56
10616,2012-03-23,2,1,3,10,0,5,1,2,0.56,0.5303,0.88,0.1045,125,150,275
11007,2012-04-08,2,1,4,18,0,0,0,1,0.62,0.6061,0.25,0.3284,151,159,310
11499,2012-04-29,2,1,4,7,0,0,0,2,0.34,0.3333,0.87,0.1343,7,20,27
10295,2012-03-10,1,1,3,0,0,6,0,1,0.3,0.2727,0.36,0.3582,9,68,77
10912,2012-04-04,2,1,4,19,0,3,1,1,0.66,0.6212,0.39,0.2239,75,419,494
10248,2012-03-08,1,1,3,1,0,4,1,1,0.46,0.4545,0.63,0.3284,4,17,21
11074,2012-04-11,2,1,4,14,0,3,1,1,0.36,0.3485,0.57,0.194,34,101,135
10988,2012-04-07,2,1,4,23,0,6,0,1,0.46,0.4545,0.23,0.2239,32,86,118
10346,2012-03-12,1,1,3,4,0,1,1,1,0.34,0.3333,0.61,0.194,0,3,3
10087,2012-03-01,1,1,3,8,0,4,1,1,0.42,0.4242,0.94,0.1343,15,579,594
10331,2012-03-11,1,1,3,13,0,0,0,1,0.42,0.4242,0.41,0.2985,176,288,464
11390,2012-04-24,2,1,4,18,0,2,1,1,0.5,0.4848,0.18,0,52,580,632
10323,2012-03-11,1,1,3,5,0,0,0,1,0.24,0.2424,0.6,0.1642,2,5,7
10799,2012-03-31,2,1,3,1,0,6,0,2,0.4,0.4091,0.76,0.194,17,65,82
10383,2012-03-13,1,1,3,17,0,2,1,1,0.7,0.6364,0.37,0.1045,62,614,676
10856,2012-04-02,2,1,4,11,0,1,1,1,0.42,0.4242,0.47,0.4478,81,128,209
10544,2012-03-20,1,1,3,10,0,2,1,1,0.54,0.5152,0.88,0.194,44,119,163
10282,2012-03-09,1,1,3,11,0,5,1,2,0.36,0.3333,0.34,0.3582,17,170,187
11122,2012-04-13,2,1,4,14,0,5,1,1,0.52,0.5,0.27,0,125,223,348
11200,2012-04-16,2,1,4,20,1,1,0,1,0.74,0.6515,0.37,0.2985,48,327,375
10202,2012-03-06,1,1,3,3,0,2,1,1,0.18,0.1667,0.51,0.2836,0,1,1
10440,2012-03-16,1,1,3,2,0,5,1,2,0.42,0.4242,0.82,0.194,0,4,4
10987,2012-04-07,2,1,4,22,0,6,0,1,0.48,0.4697,0.2,0.194,76,106,182
11464,2012-04-27,2,1,4,20,0,5,1,1,0.46,0.4545,0.31,0.2836,49,240,289
10246,2012-03-07,1,1,3,23,0,3,1,1,0.44,0.4394,0.62,0.3284,4,58,62
10636,2012-03-24,2,1,3,6,0,6,0,2,0.52,0.5,0.83,0.1642,4,24,28
10283,2012-03-09,1,1,3,12,0,5,1,1,0.36,0.3333,0.34,0.4179,27,174,201
11271,2012-04-19,2,1,4,19,0,4,1,1,0.58,0.5455,0.46,0.1343,70,516,586
10614,2012-03-23,2,1,3,8,0,5,1,2,0.5,0.4848,0.94,0.1343,47,615,662
11108,2012-04-13,2,1,4,0,0,5,1,1,0.4,0.4091,0.37,0.2537,14,41,55
10513,2012-03-19,1,1,3,3,0,1,1,1,0.46,0.4545,0.88,0.0896,0,2,2
10900,2012-04-04,2,1,4,7,0,3,1,2,0.44,0.4394,0.62,0,12,354,366
10602,2012-03-22,2,1,3,20,0,4,1,1,0.62,0.5909,0.73,0.2836,64,360,424
10562,2012-03-21,2,1,3,4,0,3,1,2,0.5,0.4848,0.88,0.1343,0,4,4
10318,2012-03-10,1,1,3,23,0,6,0,1,0.26,0.2576,0.41,0.194,6,77,83
10368,2012-03-13,1,1,3,2,0,2,1,3,0.52,0.5,0.72,0.2985,0,1,1
11406,2012-04-25,2,1,4,10,0,3,1,1,0.52,0.5,0.34,0,44,138,182
11101,2012-04-12,2,1,4,17,0,4,1,1,0.5,0.4848,0.27,0.3881,60,596,656
10738,2012-03-28,2,1,3,12,0,3,1,2,0.54,0.5152,0.39,0.3582,50,218,268
10834,2012-04-01,2,1,4,12,0,0,0,2,0.42,0.4242,0.67,0.2239,187,258,445
11396,2012-04-25,2,1,4,0,0,3,1,1,0.44,0.4394,0.38,0,13,23,36
11490,2012-04-28,2,1,4,22,0,6,0,2,0.36,0.3485,0.71,0.1343,17,66,83
10423,2012-03-15,1,1,3,9,0,4,1,1,0.48,0.4697,0.77,0.0896,30,285,315
10182,2012-03-05,1,1,3,7,0,1,1,1,0.18,0.197,0.59,0.1343,7,253,260
11232,2012-04-18,2,1,4,4,0,3,1,2,0.5,0.4848,0.42,0.2836,0,7,7
10731,2012-03-28,2,1,3,5,0,3,1,1,0.36,0.3333,0.43,0.2985,2,38,40
10866,2012-04-02,2,1,4,21,0,1,1,1,0.46,0.4545,0.28,0.1343,24,214,238
11359,2012-04-23,2,1,4,11,0,1,1,2,0.32,0.2879,0.7,0.3582,10,91,101
10337,2012-03-11,1,1,3,19,0,0,0,1,0.5,0.4848,0.31,0.2836,55,203,258
10502,2012-03-18,1,1,3,16,0,0,0,1,0.54,0.5152,0.73,0.0896,229,312,541
11265,2012-04-19,2,1,4,13,0,4,1,1,0.56,0.5303,0.46,0,52,186,238
11181,2012-04-16,2,1,4,1,1,1,0,1,0.62,0.6061,0.61,0.3582,7,21,28
11403,2012-04-25,2,1,4,7,0,3,1,1,0.34,0.3636,0.71,0,13,376,389
10787,2012-03-30,2,1,3,13,0,5,1,3,0.4,0.4091,0.5,0,44,198,242
11317,2012-04-21,2,1,4,17,0,6,0,2,0.74,0.6515,0.3,0.3881,259,309,568
10356,2012-03-12,1,1,3,14,0,1,1,2,0.58,0.5455,0.32,0.2836,76,145,221
11131,2012-04-13,2,1,4,23,0,5,1,1,0.42,0.4242,0.62,0.0896,35,163,198
10409,2012-03-14,1,1,3,19,0,3,1,1,0.64,0.6212,0.33,0.1642,70,402,472
11389,2012-04-24,2,1,4,17,0,2,1,1,0.52,0.5,0.22,0.3881,72,619,691
10181,2012-03-05,1,1,3,6,0,1,1,1,0.18,0.197,0.59,0.1343,2,89,91
10354,2012-03-12,1,1,3,12,0,1,1,1,0.48,0.4697,0.39,0.2239,59,162,221
10441,2012-03-16,1,1,3,3,0,5,1,2,0.4,0.4091,0.87,0.2836,0,3,3
10402,2012-03-14,1,1,3,12,0,3,1,2,0.64,0.6212,0.29,0,55,212,267
10279,2012-03-09,1,1,3,8,0,5,1,2,0.34,0.2879,0.42,0.5224,17,484,501
11255,2012-04-19,2,1,4,3,0,4,1,2,0.42,0.4242,0.77,0,1,3,4
11469,2012-04-28,2,1,4,1,0,6,0,1,0.36,0.3333,0.5,0.2985,7,60,67
10873,2012-04-03,2,1,4,4,0,2,1,1,0.32,0.3333,0.66,0.0896,0,1,1
10222,2012-03-06,1,1,3,23,0,2,1,1,0.28,0.2727,0.61,0.2239,3,51,54
11532,2012-04-30,2,1,4,16,0,1,1,1,0.56,0.5303,0.6,0.194,44,303,347
10177,2012-03-05,1,1,3,2,0,1,1,1,0.24,0.2424,0.48,0.1343,1,3,4
11247,2012-04-18,2,1,4,19,0,3,1,2,0.42,0.4242,0.77,0.1343,26,342,368
11483,2012-04-28,2,1,4,15,0,6,0,1,0.42,0.4242,0.41,0.2239,148,260,408
11332,2012-04-22,2,1,4,8,0,0,0,3,0.4,0.4091,0.82,0.2537,8,43,51
10142,2012-03-03,1,1,3,15,0,6,0,1,0.48,0.4697,0.29,0.2985,145,254,399
11368,2012-04-23,2,1,4,20,0,1,1,2,0.32,0.3182,0.76,0.1642,17,186,203
10811,2012-03-31,2,1,3,13,0,6,0,1,0.54,0.5152,0.6,0.1343,265,373,638
11379,2012-04-24,2,1,4,7,0,2,1,1,0.32,0.303,0.66,0.2836,3,387,390
11188,2012-04-16,2,1,4,8,1,1,0,2,0.56,0.5303,0.83,0.1642,48,549,597
11441,2012-04-26,2,1,4,21,0,4,1,1,0.52,0.5,0.83,0.2239,28,222,250
10992,2012-04-08,2,1,4,3,0,0,0,1,0.42,0.4242,0.26,0.1343,8,18,26
10186,2012-03-05,1,1,3,11,0,1,1,2,0.26,0.2727,0.56,0.1343,17,86,103
10961,2012-04-06,2,1,4,20,0,5,1,1,0.46,0.4545,0.24,0.2836,61,191,252
10754,2012-03-29,2,1,3,4,0,4,1,1,0.52,0.5,0.36,0.2537,1,8,9
11193,2012-04-16,2,1,4,13,1,1,0,1,0.74,0.6667,0.45,0.2985,79,184,263
11447,2012-04-27,2,1,4,3,0,5,1,1,0.44,0.4394,0.47,0.4925,1,2,3
10117,2012-03-02,1,1,3,14,0,5,1,2,0.44,0.4394,0.44,0.2836,29,176,205
10466,2012-03-17,1,1,3,4,0,6,0,2,0.42,0.4242,0.94,0,0,2,2
10898,2012-04-04,2,1,4,5,0,3,1,1,0.42,0.4242,0.67,0.0896,0,27,27
10224,2012-03-07,1,1,3,1,0,3,1,1,0.3,0.2727,0.61,0.2985,1,4,5
10595,2012-03-22,2,1,3,13,0,4,1,1,0.58,0.5455,0.78,0.0896,83,215,298
10982,2012-04-07,2,1,4,17,0,6,0,1,0.54,0.5152,0.19,0.4179,299,268,567
10122,2012-03-02,1,1,3,19,0,5,1,3,0.36,0.3485,0.87,0.194,12,162,174
10994,2012-04-08,2,1,4,5,0,0,0,1,0.38,0.3939,0.46,0,4,8,12
10922,2012-04-05,2,1,4,5,0,4,1,1,0.38,0.3939,0.43,0.2836,1,28,29
10585,2012-03-22,2,1,3,3,0,4,1,1,0.52,0.5,0.83,0.0896,0,7,7
11111,2012-04-13,2,1,4,3,0,5,1,1,0.34,0.3333,0.61,0.1642,3,8,11
11291,2012-04-20,2,1,4,15,0,5,1,1,0.64,0.6212,0.47,0.194,145,262,407
11155,2012-04-14,2,1,4,23,0,6,0,2,0.54,0.5152,0.56,0.194,45,151,196
10292,2012-03-09,1,1,3,21,0,5,1,1,0.36,0.3333,0.34,0.3284,8,133,141
10570,2012-03-21,2,1,3,12,0,3,1,2,0.54,0.5152,0.77,0,58,171,229
11202,2012-04-16,2,1,4,22,1,1,0,1,0.68,0.6364,0.51,0.2537,35,179,214
11029,2012-04-09,2,1,4,16,0,1,1,1,0.56,0.5303,0.3,0.4179,81,310,391
11487,2012-04-28,2,1,4,19,0,6,0,3,0.36,0.3485,0.71,0.1343,29,110,139
10865,2012-04-02,2,1,4,20,0,1,1,1,0.46,0.4545,0.31,0.1642,48,281,329
11325,2012-04-22,2,1,4,1,0,0,0,2,0.46,0.4545,0.82,0.3284,10,63,73
11260,2012-04-19,2,1,4,8,0,4,1,2,0.42,0.4242,0.82,0.1045,26,651,677
11165,2012-04-15,2,1,4,9,0,0,0,1,0.54,0.5152,0.56,0.2239,97,154,251
11135,2012-04-14,2,1,4,3,0,6,0,1,0.36,0.3636,0.66,0.0896,6,26,32
11257,2012-04-19,2,1,4,5,0,4,1,1,0.4,0.4091,0.82,0,0,30,30
11241,2012-04-18,2,1,4,13,0,3,1,3,0.46,0.4545,0.59,0,13,51,64
11351,2012-04-23,2,1,4,3,0,1,1,2,0.32,0.303,0.81,0.2836,0,1,1
11501,2012-04-29,2,1,4,9,0,0,0,1,0.4,0.4091,0.71,0.1343,52,133,185
11106,2012-04-12,2,1,4,22,0,4,1,1,0.42,0.4242,0.35,0.194,15,143,158
11217,2012-04-17,2,1,4,13,0,2,1,1,0.62,0.6212,0.29,0.2537,52,187,239
10474,2012-03-17,1,1,3,12,0,6,0,1,0.56,0.5303,0.68,0.1642,286,365,651
11533,2012-04-30,2,1,4,17,0,1,1,1,0.56,0.5303,0.6,0.1642,66,617,683
10649,2012-03-24,2,1,3,19,0,6,0,3,0.46,0.4545,0.94,0.1343,28,105,133
11458,2012-04-27,2,1,4,14,0,5,1,1,0.46,0.4545,0.33,0.3284,94,206,300
11354,2012-04-23,2,1,4,6,0,1,1,2,0.3,0.2727,0.81,0.2985,2,43,45
10772,2012-03-29,2,1,3,22,0,4,1,1,0.42,0.4242,0.44,0.2836,17,135,152
11075,2012-04-11,2,1,4,15,0,3,1,3,0.38,0.3939,0.46,0.2239,50,152,202
10339,2012-03-11,1,1,3,21,0,0,0,1,0.42,0.4242,0.54,0.2239,37,110,147
11196,2012-04-16,2,1,4,16,1,1,0,1,0.8,0.697,0.33,0.4627,92,266,358
11348,2012-04-23,2,1,4,0,0,1,1,3,0.36,0.3333,0.81,0.4179,0,6,6
10521,2012-03-19,1,1,3,11,0,1,1,1,0.56,0.5303,0.68,0.1642,56,145,201
10418,2012-03-15,1,1,3,4,0,4,1,1,0.44,0.4394,0.77,0.1045,11,3,14
11457,2012-04-27,2,1,4,13,0,5,1,1,0.46,0.4545,0.33,0.3881,94,212,306
11107,2012-04-12,2,1,4,23,0,4,1,1,0.42,0.4242,0.35,0.194,8,86,94
10503,2012-03-18,1,1,3,17,0,0,0,1,0.56,0.5303,0.64,0.0896,233,308,541
10147,2012-03-03,1,1,3,20,0,6,0,1,0.44,0.4394,0.3,0.1343,28,121,149
10504,2012-03-18,1,1,3,18,0,0,0,1,0.56,0.5303,0.64,0.1642,165,294,459
11012,2012-04-08,2,1,4,23,0,0,0,1,0.5,0.4848,0.39,0.2537,10,41,51
10697,2012-03-26,2,1,3,19,0,1,1,1,0.42,0.4242,0.24,0.3582,41,417,458
10238,2012-03-07,1,1,3,15,0,3,1,1,0.54,0.5152,0.37,0.4478,44,165,209
10851,2012-04-02,2,1,4,6,0,1,1,1,0.36,0.3182,0.71,0.4627,6,104,110
10419,2012-03-15,1,1,3,5,0,4,1,1,0.46,0.4545,0.67,0,2,24,26
11191,2012-04-16,2,1,4,11,1,1,0,1,0.64,0.6061,0.65,0.2537,115,136,251
10596,2012-03-22,2,1,3,14,0,4,1,1,0.6,0.5909,0.73,0.1045,96,161,257
10362,2012-03-12,1,1,3,20,0,1,1,2,0.56,0.5303,0.49,0.2239,49,237,286
11085,2012-04-12,2,1,4,1,0,4,1,1,0.32,0.303,0.66,0.2239,2,7,9
10259,2012-03-08,1,1,3,12,0,4,1,2,0.56,0.5303,0.6,0.4478,27,224,251
10683,2012-03-26,2,1,3,5,0,1,1,1,0.44,0.4394,0.77,0.1642,0,36,36
10692,2012-03-26,2,1,3,14,0,1,1,1,0.48,0.4697,0.33,0.4478,58,159,217
11153,2012-04-14,2,1,4,21,0,6,0,2,0.56,0.5303,0.43,0.1343,53,167,220
10592,2012-03-22,2,1,3,10,0,4,1,2,0.5,0.4848,1,0.0896,32,110,142
10959,2012-04-06,2,1,4,18,0,5,1,1,0.5,0.4848,0.22,0.4627,104,380,484
10204,2012-03-06,1,1,3,5,0,2,1,1,0.18,0.1818,0.51,0.2239,0,25,25
10929,2012-04-05,2,1,4,12,0,4,1,1,0.44,0.4394,0.33,0,66,210,276
10277,2012-03-09,1,1,3,6,0,5,1,2,0.4,0.4091,0.5,0.3582,2,83,85
10426,2012-03-15,1,1,3,12,0,4,1,2,0.62,0.6212,0.5,0.1343,59,206,265
11297,2012-04-20,2,1,4,21,0,5,1,1,0.56,0.5303,0.68,0.1343,35,252,287
11022,2012-04-09,2,1,4,9,0,1,1,1,0.46,0.4545,0.31,0.3582,50,236,286
10509,2012-03-18,1,1,3,23,0,0,0,1,0.48,0.4697,0.82,0.1642,7,39,46
10910,2012-04-04,2,1,4,17,0,3,1,1,0.66,0.6212,0.41,0.2985,99,645,744
11019,2012-04-09,2,1,4,6,0,1,1,1,0.42,0.4242,0.26,0.2239,3,108,111
10978,2012-04-07,2,1,4,13,0,6,0,1,0.5,0.4848,0.22,0.194,355,288,643
10494,2012-03-18,1,1,3,8,0,0,0,2,0.42,0.4242,0.88,0.1045,25,71,96
10529,2012-03-19,1,1,3,19,0,1,1,1,0.62,0.6061,0.61,0.2239,86,463,549
11402,2012-04-25,2,1,4,6,0,3,1,1,0.34,0.3636,0.66,0,3,103,106
10264,2012-03-08,1,1,3,17,0,4,1,1,0.62,0.6212,0.38,0.6567,52,545,597
11333,2012-04-22,2,1,4,9,0,0,0,3,0.4,0.4091,0.82,0.2537,8,71,79
11023,2012-04-09,2,1,4,10,0,1,1,1,0.5,0.4848,0.27,0.4925,65,113,178
10986,2012-04-07,2,1,4,21,0,6,0,1,0.5,0.4848,0.2,0.194,75,159,234
10708,2012-03-27,2,1,3,6,0,2,1,1,0.22,0.2273,0.37,0.194,5,96,101
10547,2012-03-20,1,1,3,13,0,2,1,1,0.6,0.5758,0.78,0.194,77,207,284
10390,2012-03-14,1,1,3,0,0,3,1,1,0.54,0.5152,0.6,0.1045,5,34,39
10858,2012-04-02,2,1,4,13,0,1,1,1,0.46,0.4545,0.36,0.2985,97,184,281
10326,2012-03-11,1,1,3,8,0,0,0,1,0.22,0.2273,0.69,0.1343,4,68,72
10808,2012-03-31,2,1,3,10,0,6,0,2,0.4,0.4091,0.76,0.1343,108,205,313
10244,2012-03-07,1,1,3,21,0,3,1,1,0.44,0.4394,0.62,0.2537,11,177,188
11280,2012-04-20,2,1,4,4,0,5,1,1,0.42,0.4242,0.94,0.1045,0,3,3
11338,2012-04-22,2,1,4,14,0,0,0,3,0.38,0.3939,0.87,0.3284,3,50,53
10526,2012-03-19,1,1,3,16,0,1,1,1,0.66,0.6212,0.5,0.2239,65,320,385
11190,2012-04-16,2,1,4,10,1,1,0,1,0.62,0.6061,0.69,0.2537,75,149,224
10881,2012-04-03,2,1,4,12,0,2,1,1,0.52,0.5,0.25,0,101,230,331
10934,2012-04-05,2,1,4,17,0,4,1,1,0.5,0.4848,0.31,0.1642,145,677,822
11201,2012-04-16,2,1,4,21,1,1,0,1,0.68,0.6364,0.51,0.2537,39,232,271
11204,2012-04-17,2,1,4,0,0,2,1,1,0.66,0.6212,0.54,0.194,10,33,43
10567,2012-03-21,2,1,3,9,0,3,1,2,0.5,0.4848,0.88,0.1642,38,255,293
10123,2012-03-02,1,1,3,20,0,5,1,2,0.36,0.3485,0.87,0.194,7,93,100
10669,2012-03-25,2,1,3,15,0,0,0,2,0.44,0.4394,0.88,0.194,139,282,421
10432,2012-03-15,1,1,3,18,0,4,1,1,0.66,0.6212,0.44,0.2836,98,648,746
11315,2012-04-21,2,1,4,15,0,6,0,1,0.72,0.6515,0.39,0.2537,267,361,628
10448,2012-03-16,1,1,3,10,0,5,1,2,0.4,0.4091,0.87,0.0896,44,136,180
11425,2012-04-26,2,1,4,5,0,4,1,2,0.48,0.4697,0.63,0.1343,0,17,17
10088,2012-03-01,1,1,3,9,0,4,1,1,0.46,0.4545,0.77,0.2537,5,281,286
11477,2012-04-28,2,1,4,9,0,6,0,2,0.38,0.3939,0.37,0,45,169,214
11013,2012-04-09,2,1,4,0,0,1,1,1,0.48,0.4697,0.39,0.2836,8,29,37
10735,2012-03-28,2,1,3,9,0,3,1,1,0.4,0.4091,0.43,0.4478,16,298,314
10757,2012-03-29,2,1,3,7,0,4,1,1,0.46,0.4545,0.51,0.3582,14,353,367
10189,2012-03-05,1,1,3,14,0,1,1,2,0.28,0.2576,0.57,0.3582,13,115,128
11516,2012-04-30,2,1,4,0,0,1,1,1,0.44,0.4394,0.72,0.1045,12,36,48
10457,2012-03-16,1,1,3,19,0,5,1,2,0.46,0.4545,0.88,0,23,273,296
10109,2012-03-02,1,1,3,6,0,5,1,1,0.3,0.3333,0.7,0,4,88,92
11103,2012-04-12,2,1,4,19,0,4,1,1,0.46,0.4545,0.31,0.2985,50,383,433
11197,2012-04-16,2,1,4,17,1,1,0,1,0.8,0.697,0.33,0.3881,111,601,712
10968,2012-04-07,2,1,4,3,0,6,0,1,0.36,0.3333,0.32,0.2537,7,21,28
10732,2012-03-28,2,1,3,6,0,3,1,1,0.36,0.3333,0.46,0.3582,4,111,115
10971,2012-04-07,2,1,4,6,0,6,0,1,0.32,0.3182,0.36,0.194,1,18,19
11493,2012-04-29,2,1,4,1,0,0,0,2,0.36,0.3485,0.81,0.1343,5,37,42
10507,2012-03-18,1,1,3,21,0,0,0,1,0.52,0.5,0.72,0.0896,44,129,173
10876,2012-04-03,2,1,4,7,0,2,1,1,0.32,0.3333,0.66,0.0896,14,327,341
10269,2012-03-08,1,1,3,22,0,4,1,1,0.56,0.5303,0.49,0.3284,12,141,153
11411,2012-04-25,2,1,4,15,0,3,1,1,0.58,0.5455,0.19,0.1642,47,182,229
10854,2012-04-02,2,1,4,9,0,1,1,1,0.38,0.3939,0.54,0.3582,52,265,317
11448,2012-04-27,2,1,4,4,0,5,1,1,0.42,0.4242,0.44,0.2537,0,6,6
10619,2012-03-23,2,1,3,13,0,5,1,2,0.7,0.6515,0.48,0,172,256,428
11443,2012-04-26,2,1,4,23,0,4,1,1,0.5,0.4848,0.88,0.1642,6,106,112
11504,2012-04-29,2,1,4,12,0,0,0,1,0.48,0.4697,0.44,0.1045,223,361,584
10446,2012-03-16,1,1,3,8,0,5,1,2,0.4,0.4091,0.87,0.2239,28,534,562
10537,2012-03-20,1,1,3,3,0,2,1,2,0.54,0.5152,0.88,0,0,3,3
10852,2012-04-02,2,1,4,7,0,1,1,1,0.34,0.303,0.66,0.3881,12,294,306
10497,2012-03-18,1,1,3,11,0,0,0,2,0.44,0.4394,0.82,0.1642,129,239,368
10775,2012-03-30,2,1,3,1,0,5,1,1,0.38,0.3939,0.5,0.2836,6,21,27
10718,2012-03-27,2,1,3,16,0,2,1,1,0.42,0.4242,0.2,0,38,267,305
10604,2012-03-22,2,1,3,22,0,4,1,1,0.56,0.5303,0.83,0.194,56,164,220
11529,2012-04-30,2,1,4,13,0,1,1,2,0.48,0.4697,0.51,0.0896,48,199,247
11440,2012-04-26,2,1,4,20,0,4,1,1,0.54,0.5152,0.77,0.194,23,314,337
11209,2012-04-17,2,1,4,5,0,2,1,1,0.6,0.6212,0.53,0.2537,1,29,30
10342,2012-03-12,1,1,3,0,0,1,1,1,0.38,0.3939,0.54,0.194,4,20,24
10883,2012-04-03,2,1,4,14,0,2,1,1,0.56,0.5303,0.21,0.2239,120,191,311
10980,2012-04-07,2,1,4,15,0,6,0,1,0.52,0.5,0.19,0.4179,321,305,626
11174,2012-04-15,2,1,4,18,0,0,0,1,0.7,0.6364,0.42,0.2537,184,295,479
10913,2012-04-04,2,1,4,20,0,3,1,1,0.64,0.6212,0.27,0.2239,39,333,372
11041,2012-04-10,2,1,4,4,0,2,1,1,0.34,0.3333,0.71,0.1343,0,2,2
10827,2012-04-01,2,1,4,5,0,0,0,2,0.34,0.3485,0.81,0.0896,8,10,18
10201,2012-03-06,1,1,3,2,0,2,1,1,0.2,0.197,0.44,0.2239,0,4,4
10353,2012-03-12,1,1,3,11,0,1,1,1,0.44,0.4394,0.44,0.2239,39,111,150
11356,2012-04-23,2,1,4,8,0,1,1,2,0.3,0.2727,0.75,0.3284,11,471,482
11104,2012-04-12,2,1,4,20,0,4,1,1,0.44,0.4394,0.33,0.2537,26,254,280
10733,2012-03-28,2,1,3,7,0,3,1,1,0.36,0.3333,0.46,0.3284,10,348,358
11171,2012-04-15,2,1,4,15,0,0,0,1,0.7,0.6364,0.39,0.3881,266,351,617
10739,2012-03-28,2,1,3,13,0,3,1,1,0.56,0.5303,0.43,0.3284,60,213,273
11105,2012-04-12,2,1,4,21,0,4,1,1,0.42,0.4242,0.35,0.1343,13,174,187
11335,2012-04-22,2,1,4,11,0,0,0,3,0.38,0.3939,0.87,0.2985,7,70,77
10998,2012-04-08,2,1,4,9,0,0,0,1,0.44,0.4394,0.26,0.2239,71,108,179
10462,2012-03-17,1,1,3,0,0,6,0,2,0.44,0.4394,0.94,0.0896,13,87,100
11114,2012-04-13,2,1,4,6,0,5,1,1,0.32,0.3182,0.57,0.1642,0,84,84
11257,2012-04-19,2,1,4,5,0,4,1,1,0.4,0.4091,0.82,0,0,30,30
10381,2012-03-13,1,1,3,15,0,2,1,1,0.7,0.6364,0.39,0.2239,68,196,264
10730,2012-03-28,2,1,3,4,0,3,1,1,0.36,0.3333,0.43,0.2985,1,0,1
11166,2012-04-15,2,1,4,10,0,0,0,1,0.58,0.5455,0.53,0.2239,186,235,421
10781,2012-03-30,2,1,3,7,0,5,1,1,0.32,0.3182,0.57,0.1642,9,280,289
11489,2012-04-28,2,1,4,21,0,6,0,3,0.36,0.3485,0.71,0.194,12,72,84
11357,2012-04-23,2,1,4,9,0,1,1,2,0.3,0.2727,0.75,0.3881,17,255,272
10449,2012-03-16,1,1,3,11,0,5,1,2,0.44,0.4394,0.77,0,40,167,207
11067,2012-04-11,2,1,4,7,0,3,1,1,0.28,0.2879,0.52,0.1343,18,303,321
10175,2012-03-05,1,1,3,0,0,1,1,1,0.24,0.2273,0.44,0.194,2,15,17
11372,2012-04-24,2,1,4,0,0,2,1,2,0.32,0.3333,0.76,0.1343,0,13,13
10217,2012-03-06,1,1,3,18,0,2,1,1,0.34,0.303,0.42,0.3284,15,442,457
10670,2012-03-25,2,1,3,16,0,0,0,1,0.48,0.4697,0.77,0,153,339,492
11245,2012-04-18,2,1,4,17,0,3,1,2,0.42,0.4242,0.77,0.194,46,442,488
10099,2012-03-01,1,1,3,20,0,4,1,1,0.44,0.4394,0.44,0.4179,12,242,254
10412,2012-03-14,1,1,3,22,0,3,1,1,0.52,0.5,0.55,0.1343,43,159,202
10137,2012-03-03,1,1,3,10,0,6,0,2,0.4,0.4091,0.87,0,31,137,168
11358,2012-04-23,2,1,4,10,0,1,1,2,0.32,0.303,0.7,0.3284,12,88,100
10682,2012-03-26,2,1,3,4,0,1,1,1,0.44,0.4394,0.82,0.1642,0,4,4
10480,2012-03-17,1,1,3,18,0,6,0,1,0.62,0.6212,0.57,0.2985,221,339,560
10948,2012-04-06,2,1,4,7,0,5,1,1,0.3,0.2879,0.49,0.2836,15,231,246
10760,2012-03-29,2,1,3,10,0,4,1,1,0.46,0.4545,0.47,0.4478,42,124,166
10591,2012-03-22,2,1,3,9,0,4,1,2,0.5,0.4848,0.94,0.0896,41,277,318
11503,2012-04-29,2,1,4,11,0,0,0,1,0.46,0.4545,0.51,0,128,283,411
11118,2012-04-13,2,1,4,10,0,5,1,1,0.44,0.4394,0.38,0.194,59,133,192
10403,2012-03-14,1,1,3,13,0,3,1,1,0.66,0.6212,0.27,0.2239,57,197,254
10140,2012-03-03,1,1,3,13,0,6,0,1,0.44,0.4394,0.51,0.2836,87,252,339
11057,2012-04-10,2,1,4,20,0,2,1,1,0.46,0.4545,0.28,0.3881,34,248,282
10425,2012-03-15,1,1,3,11,0,4,1,1,0.56,0.5303,0.6,0.1343,60,151,211
10847,2012-04-02,2,1,4,1,0,1,1,3,0.42,0.4242,0.88,0.0896,0,5,5
10322,2012-03-11,1,1,3,4,0,0,0,1,0.24,0.2424,0.6,0.1343,7,15,22
10649,2012-03-24,2,1,3,19,0,6,0,3,0.46,0.4545,0.94,0.1343,28,105,133
11539,2012-04-30,2,1,4,23,0,1,1,2,0.52,0.5,0.55,0.2239,10,50,60
10095,2012-03-01,1,1,3,16,0,4,1,1,0.58,0.5455,0.32,0.2985,38,323,361
11039,2012-04-10,2,1,4,2,0,2,1,1,0.36,0.3485,0.71,0.1343,0,2,2
10751,2012-03-29,2,1,3,1,0,4,1,1,0.56,0.5303,0.6,0.1343,15,18,33
10644,2012-03-24,2,1,3,14,0,6,0,3,0.52,0.5,0.88,0.3582,63,160,223
11031,2012-04-09,2,1,4,18,0,1,1,1,0.54,0.5152,0.34,0.2985,60,586,646
10445,2012-03-16,1,1,3,7,0,5,1,2,0.4,0.4091,0.87,0.194,13,265,278
10615,2012-03-23,2,1,3,9,0,5,1,2,0.52,0.5,0.9,0.0896,75,305,380
10380,2012-03-13,1,1,3,14,0,2,1,1,0.64,0.6212,0.53,0.3284,52,160,212
11296,2012-04-20,2,1,4,20,0,5,1,1,0.58,0.5455,0.56,0.1642,52,289,341
10234,2012-03-07,1,1,3,11,0,3,1,1,0.42,0.4242,0.38,0.2985,33,128,161
11234,2012-04-18,2,1,4,6,0,3,1,2,0.5,0.4848,0.39,0.2836,6,128,134
10584,2012-03-22,2,1,3,2,0,4,1,1,0.52,0.5,0.83,0.0896,1,5,6
11238,2012-04-18,2,1,4,10,0,3,1,3,0.48,0.4697,0.47,0.2239,31,116,147
10981,2012-04-07,2,1,4,16,0,6,0,1,0.54,0.5152,0.19,0.3881,354,261,615
10265,2012-03-08,1,1,3,18,0,4,1,2,0.62,0.6212,0.38,0.5522,45,545,590
10497,2012-03-18,1,1,3,11,0,0,0,2,0.44,0.4394,0.82,0.1642,129,239,368
11162,2012-04-15,2,1,4,6,0,0,0,1,0.5,0.4848,0.63,0.1343,5,11,16
10152,2012-03-04,1,1,3,1,0,0,0,2,0.38,0.3939,0.34,0.194,16,60,76
10766,2012-03-29,2,1,3,16,0,4,1,1,0.52,0.5,0.36,0.3284,67,321,388
10624,2012-03-23,2,1,3,18,0,5,1,1,0.7,0.6364,0.45,0.1642,237,593,830
11067,2012-04-11,2,1,4,7,0,3,1,1,0.28,0.2879,0.52,0.1343,18,303,321
10080,2012-03-01,1,1,3,1,0,4,1,3,0.46,0.4545,0.94,0.1045,0,12,12
10741,2012-03-28,2,1,3,15,0,3,1,2,0.62,0.6212,0.41,0.2985,47,152,199
11110,2012-04-13,2,1,4,2,0,5,1,1,0.34,0.3333,0.49,0.194,6,5,11
10105,2012-03-02,1,1,3,2,0,5,1,1,0.34,0.3182,0.53,0.2836,2,4,6
10918,2012-04-05,2,1,4,1,0,4,1,1,0.48,0.4697,0.27,0.3284,4,9,13
10565,2012-03-21,2,1,3,7,0,3,1,3,0.48,0.4697,0.94,0.194,34,338,372
10938,2012-04-05,2,1,4,21,0,4,1,1,0.42,0.4242,0.47,0.194,25,209,234
10092,2012-03-01,1,1,3,13,0,4,1,1,0.58,0.5455,0.32,0.2537,24,187,211
10896,2012-04-04,2,1,4,3,0,3,1,1,0.44,0.4394,0.58,0.0896,0,3,3
10656,2012-03-25,2,1,3,2,0,0,0,3,0.42,0.4242,1,0.2985,6,29,35
11130,2012-04-13,2,1,4,22,0,5,1,1,0.44,0.4394,0.62,0.1045,34,181,215
10536,2012-03-20,1,1,3,2,0,2,1,1,0.54,0.5152,0.88,0.0896,2,8,10
10717,2012-03-27,2,1,3,15,0,2,1,1,0.42,0.4242,0.2,0,42,158,200
11158,2012-04-15,2,1,4,2,0,0,0,2,0.54,0.5152,0.56,0.1045,20,54,74
11219,2012-04-17,2,1,4,15,0,2,1,1,0.66,0.6212,0.24,0.3284,91,217,308
11374,2012-04-24,2,1,4,2,0,2,1,1,0.32,0.3182,0.81,0.194,0,3,3
10519,2012-03-19,1,1,3,9,0,1,1,1,0.5,0.4848,0.72,0.1642,55,276,331
10836,2012-04-01,2,1,4,14,0,0,0,2,0.48,0.4697,0.55,0.2239,283,278,561
10307,2012-03-10,1,1,3,12,0,6,0,1,0.3,0.2727,0.33,0.3284,88,241,329
10226,2012-03-07,1,1,3,3,0,3,1,1,0.3,0.2727,0.56,0.3582,1,2,3
10579,2012-03-21,2,1,3,21,0,3,1,1,0.54,0.5152,0.83,0.1045,47,204,251
10991,2012-04-08,2,1,4,2,0,0,0,1,0.44,0.4394,0.24,0.2239,7,25,32
11200,2012-04-16,2,1,4,20,1,1,0,1,0.74,0.6515,0.37,0.2985,48,327,375
10382,2012-03-13,1,1,3,16,0,2,1,1,0.72,0.6515,0.34,0.3881,53,312,365
10187,2012-03-05,1,1,3,12,0,1,1,2,0.26,0.303,0.52,0,15,122,137
10388,2012-03-13,1,1,3,22,0,2,1,1,0.56,0.5303,0.6,0.0896,24,146,170
11288,2012-04-20,2,1,4,12,0,5,1,1,0.58,0.5455,0.53,0.194,102,260,362
10272,2012-03-09,1,1,3,1,0,5,1,3,0.56,0.5303,0.52,0.4925,4,22,26
10716,2012-03-27,2,1,3,14,0,2,1,1,0.4,0.4091,0.24,0.1343,37,147,184
10894,2012-04-04,2,1,4,1,0,3,1,1,0.46,0.4545,0.59,0,0,11,11
11091,2012-04-12,2,1,4,7,0,4,1,1,0.3,0.2727,0.65,0.3284,12,294,306
10416,2012-03-15,1,1,3,2,0,4,1,1,0.5,0.4848,0.59,0,14,5,19
11218,2012-04-17,2,1,4,14,0,2,1,1,0.64,0.6212,0.27,0.2836,59,198,257
10454,2012-03-16,1,1,3,16,0,5,1,3,0.48,0.4697,0.77,0,18,111,129
11205,2012-04-17,2,1,4,1,0,2,1,1,0.64,0.6212,0.57,0.1642,6,5,11
11219,2012-04-17,2,1,4,15,0,2,1,1,0.66,0.6212,0.24,0.3284,91,217,308
11269,2012-04-19,2,1,4,17,0,4,1,1,0.6,0.6212,0.43,0.0896,85,663,748
11156,2012-04-15,2,1,4,0,0,0,0,2,0.54,0.5152,0.56,0.194,30,94,124
11049,2012-04-10,2,1,4,12,0,2,1,1,0.54,0.5152,0.22,0.2836,75,184,259
10933,2012-04-05,2,1,4,16,0,4,1,1,0.5,0.4848,0.31,0.194,84,318,402
11228,2012-04-18,2,1,4,0,0,3,1,1,0.54,0.5152,0.32,0.1642,3,35,38
10523,2012-03-19,1,1,3,13,0,1,1,1,0.62,0.6061,0.61,0.2537,69,194,263
10492,2012-03-18,1,1,3,6,0,0,0,2,0.4,0.4091,0.94,0.1045,2,9,11
10963,2012-04-06,2,1,4,22,0,5,1,1,0.4,0.4091,0.35,0.2239,34,124,158
11058,2012-04-10,2,1,4,21,0,2,1,1,0.44,0.4394,0.3,0.4478,15,191,206
11485,2012-04-28,2,1,4,17,0,6,0,2,0.42,0.4242,0.41,0.1343,98,224,322
10335,2012-03-11,1,1,3,17,0,0,0,1,0.52,0.5,0.27,0.2985,199,299,498
11424,2012-04-26,2,1,4,4,0,4,1,2,0.48,0.4697,0.59,0.0896,1,2,3
11020,2012-04-09,2,1,4,7,0,1,1,1,0.42,0.4242,0.28,0.194,11,320,331
10508,2012-03-18,1,1,3,22,0,0,0,1,0.5,0.4848,0.77,0.1045,21,79,100
10659,2012-03-25,2,1,3,5,0,0,0,2,0.4,0.4091,1,0.2537,0,6,6
10917,2012-04-05,2,1,4,0,0,4,1,1,0.52,0.5,0.23,0.4179,12,33,45
11428,2012-04-26,2,1,4,8,0,4,1,3,0.46,0.4545,0.82,0.194,4,358,362
10606,2012-03-23,2,1,3,0,0,5,1,1,0.56,0.5303,0.83,0,30,65,95
11410,2012-04-25,2,1,4,14,0,3,1,1,0.56,0.5303,0.22,0.3582,47,176,223
10807,2012-03-31,2,1,3,9,0,6,0,2,0.4,0.4091,0.76,0.194,62,161,223
10493,2012-03-18,1,1,3,7,0,0,0,3,0.42,0.4242,0.88,0.1642,17,25,42
11187,2012-04-16,2,1,4,7,1,1,0,1,0.52,0.5,0.83,0.1343,20,367,387
11523,2012-04-30,2,1,4,7,0,1,1,1,0.4,0.4091,0.5,0.194,6,343,349
10258,2012-03-08,1,1,3,11,0,4,1,2,0.54,0.5152,0.6,0.4627,48,156,204
11535,2012-04-30,2,1,4,19,0,1,1,2,0.54,0.5152,0.64,0.2537,51,420,471
11249,2012-04-18,2,1,4,21,0,3,1,2,0.42,0.4242,0.82,0.0896,24,165,189
10355,2012-03-12,1,1,3,13,0,1,1,2,0.54,0.5152,0.32,0.2537,74,176,250
11284,2012-04-20,2,1,4,8,0,5,1,1,0.44,0.4394,0.94,0,32,668,700
11521,2012-04-30,2,1,4,5,0,1,1,1,0.38,0.3939,0.62,0.2537,1,19,20
10801,2012-03-31,2,1,3,3,0,6,0,1,0.4,0.4091,0.82,0.2537,10,21,31
10621,2012-03-23,2,1,3,15,0,5,1,2,0.72,0.6515,0.42,0.1343,191,281,472
11139,2012-04-14,2,1,4,7,0,6,0,1,0.36,0.3636,0.71,0.1045,8,56,64
10577,2012-03-21,2,1,3,19,0,3,1,1,0.6,0.6061,0.64,0,86,496,582
11515,2012-04-29,2,1,4,23,0,0,0,1,0.48,0.4697,0.59,0,15,67,82
10801,2012-03-31,2,1,3,3,0,6,0,1,0.4,0.4091,0.82,0.2537,10,21,31
10083,2012-03-01,1,1,3,4,0,4,1,1,0.48,0.4697,0.88,0.194,0,5,5
10843,2012-04-01,2,1,4,21,0,0,0,2,0.5,0.4848,0.59,0.1642,33,101,134
11502,2012-04-29,2,1,4,10,0,0,0,1,0.42,0.4242,0.67,0.0896,127,253,380
10737,2012-03-28,2,1,3,11,0,3,1,1,0.5,0.4848,0.42,0.3881,54,168,222
10405,2012-03-14,1,1,3,15,0,3,1,1,0.7,0.6364,0.24,0,86,197,283
10769,2012-03-29,2,1,3,19,0,4,1,1,0.48,0.4697,0.39,0.2836,47,421,468
10345,2012-03-12,1,1,3,3,0,1,1,1,0.36,0.3485,0.5,0.1343,0,2,2
11078,2012-04-11,2,1,4,18,0,3,1,3,0.4,0.4091,0.43,0.4179,39,546,585
11475,2012-04-28,2,1,4,7,0,6,0,1,0.34,0.3333,0.49,0.1642,10,45,55
11112,2012-04-13,2,1,4,4,0,5,1,2,0.34,0.3333,0.53,0.1343,1,4,5
11240,2012-04-18,2,1,4,12,0,3,1,3,0.46,0.4545,0.51,0.1045,15,95,110
11164,2012-04-15,2,1,4,8,0,0,0,1,0.52,0.5,0.59,0,33,64,97
10654,2012-03-25,2,1,3,0,0,0,0,2,0.44,0.4394,0.94,0.2836,18,62,80
10786,2012-03-30,2,1,3,12,0,5,1,2,0.38,0.3939,0.54,0,62,208,270
10725,2012-03-27,2,1,3,23,0,2,1,1,0.36,0.3485,0.37,0.194,5,59,64
10915,2012-04-04,2,1,4,22,0,3,1,1,0.56,0.5303,0.22,0.1642,30,151,181
10357,2012-03-12,1,1,3,15,0,1,1,1,0.56,0.5303,0.4,0.1343,74,159,233
10154,2012-03-04,1,1,3,3,0,0,0,2,0.36,0.3485,0.43,0.1343,5,21,26
10361,2012-03-12,1,1,3,19,0,1,1,2,0.56,0.5303,0.49,0.2239,67,379,446
10840,2012-04-01,2,1,4,18,0,0,0,1,0.52,0.5,0.52,0.2985,153,279,432
11439,2012-04-26,2,1,4,19,0,4,1,2,0.54,0.5152,0.77,0.2239,57,407,464
10127,2012-03-03,1,1,3,0,0,6,0,3,0.36,0.3636,0.93,0.0896,1,21,22
10563,2012-03-21,2,1,3,5,0,3,1,2,0.5,0.4848,0.88,0.1343,4,35,39
10643,2012-03-24,2,1,3,13,0,6,0,3,0.52,0.5,0.94,0.2537,62,134,196
11270,2012-04-19,2,1,4,18,0,4,1,1,0.6,0.6212,0.43,0.0896,99,677,776
11417,2012-04-25,2,1,4,21,0,3,1,1,0.52,0.5,0.52,0.1343,27,212,239
10750,2012-03-29,2,1,3,0,0,4,1,1,0.54,0.5152,0.68,0.194,10,38,48
10966,2012-04-07,2,1,4,1,0,6,0,1,0.4,0.4091,0.28,0.2537,9,60,69
11230,2012-04-18,2,1,4,2,0,3,1,2,0.5,0.4848,0.42,0.194,1,8,9
11344,2012-04-22,2,1,4,20,0,0,0,3,0.36,0.3333,0.93,0.4179,1,34,35
10535,2012-03-20,1,1,3,1,0,2,1,1,0.54,0.5152,0.88,0,6,9,15
10309,2012-03-10,1,1,3,14,0,6,0,1,0.34,0.3182,0.27,0.2836,117,262,379
10514,2012-03-19,1,1,3,4,0,1,1,1,0.44,0.4394,0.94,0,0,3,3
10163,2012-03-04,1,1,3,12,0,0,0,1,0.34,0.303,0.42,0.3582,71,256,327
11453,2012-04-27,2,1,4,9,0,5,1,1,0.42,0.4242,0.44,0.4925,42,292,334
11386,2012-04-24,2,1,4,14,0,2,1,1,0.5,0.4848,0.25,0.3881,50,166,216
10530,2012-03-19,1,1,3,20,0,1,1,1,0.6,0.6061,0.64,0.2239,34,296,330
10625,2012-03-23,2,1,3,19,0,5,1,1,0.66,0.6212,0.5,0.194,213,473,686
11024,2012-04-09,2,1,4,11,0,1,1,1,0.52,0.5,0.27,0.4179,96,127,223
10531,2012-03-19,1,1,3,21,0,1,1,1,0.6,0.6061,0.64,0.1642,33,190,223
11537,2012-04-30,2,1,4,21,0,1,1,2,0.52,0.5,0.59,0.194,26,195,221
10694,2012-03-26,2,1,3,16,0,1,1,1,0.48,0.4697,0.25,0.6418,60,245,305
10252,2012-03-08,1,1,3,5,0,4,1,1,0.42,0.4242,0.77,0.2239,1,28,29
11492,2012-04-29,2,1,4,0,0,0,0,3,0.36,0.3485,0.81,0.1343,0,36,36
10668,2012-03-25,2,1,3,14,0,0,0,2,0.44,0.4394,0.88,0.1642,123,291,414
10539,2012-03-20,1,1,3,5,0,2,1,2,0.52,0.5,0.94,0,0,20,20
10818,2012-03-31,2,1,3,20,0,6,0,2,0.4,0.4091,0.71,0.3284,52,156,208
10200,2012-03-06,1,1,3,1,0,2,1,1,0.2,0.197,0.44,0.2537,0,6,6
11305,2012-04-21,2,1,4,5,0,6,0,1,0.5,0.4848,0.82,0.2537,0,1,1
11353,2012-04-23,2,1,4,5,0,1,1,3,0.3,0.2879,0.81,0.2836,0,14,14
11512,2012-04-29,2,1,4,20,0,0,0,1,0.56,0.5303,0.32,0.0896,45,198,243
10285,2012-03-09,1,1,3,14,0,5,1,1,0.42,0.4242,0.28,0.4627,49,129,178
11415,2012-04-25,2,1,4,19,0,3,1,1,0.6,0.5909,0.2,0.194,42,501,543
10391,2012-03-14,1,1,3,1,0,3,1,1,0.52,0.5,0.63,0.0896,2,25,27
11534,2012-04-30,2,1,4,18,0,1,1,2,0.56,0.5303,0.6,0.2239,53,611,664
10559,2012-03-21,2,1,3,1,0,3,1,1,0.52,0.5,0.83,0.0896,4,22,26
10724,2012-03-27,2,1,3,22,0,2,1,1,0.36,0.3485,0.37,0.1343,7,127,134
10909,2012-04-04,2,1,4,16,0,3,1,2,0.64,0.6212,0.44,0.2836,86,304,390
10782,2012-03-30,2,1,3,8,0,5,1,1,0.32,0.3182,0.66,0.1642,38,555,593
10408,2012-03-14,1,1,3,18,0,3,1,1,0.7,0.6364,0.32,0,102,647,749
10260,2012-03-08,1,1,3,13,0,4,1,2,0.6,0.6212,0.49,0.6418,35,198,233
10289,2012-03-09,1,1,3,18,0,5,1,1,0.44,0.4394,0.26,0.5224,30,440,470
11390,2012-04-24,2,1,4,18,0,2,1,1,0.5,0.4848,0.18,0,52,580,632
10451,2012-03-16,1,1,3,13,0,5,1,2,0.46,0.4545,0.77,0.0896,52,208,260
11488,2012-04-28,2,1,4,20,0,6,0,2,0.38,0.3939,0.66,0,21,81,102
11364,2012-04-23,2,1,4,16,0,1,1,3,0.3,0.2727,0.81,0.3582,10,93,103
10349,2012-03-12,1,1,3,7,0,1,1,1,0.34,0.3485,0.53,0.1045,9,259,268
10749,2012-03-28,2,1,3,23,0,3,1,1,0.54,0.5152,0.68,0.1343,12,81,93
10872,2012-04-03,2,1,4,3,0,2,1,1,0.38,0.3939,0.46,0,0,3,3
11371,2012-04-23,2,1,4,23,0,1,1,1,0.32,0.3182,0.76,0.1642,10,49,59
10768,2012-03-29,2,1,3,18,0,4,1,1,0.5,0.4848,0.39,0.2985,83,598,681
10668,2012-03-25,2,1,3,14,0,0,0,2,0.44,0.4394,0.88,0.1642,123,291,414
10858,2012-04-02,2,1,4,13,0,1,1,1,0.46,0.4545,0.36,0.2985,97,184,281
10107,2012-03-02,1,1,3,4,0,5,1,1,0.32,0.3485,0.61,0,0,2,2
10249,2012-03-08,1,1,3,2,0,4,1,1,0.46,0.4545,0.63,0.3881,6,5,11
10771,2012-03-29,2,1,3,21,0,4,1,1,0.44,0.4394,0.44,0.2836,10,214,224
10888,2012-04-03,2,1,4,19,0,2,1,1,0.56,0.5303,0.26,0.1045,98,460,558
10919,2012-04-05,2,1,4,2,0,4,1,1,0.46,0.4545,0.33,0.4478,7,11,18
10239,2012-03-07,1,1,3,16,0,3,1,1,0.56,0.5303,0.37,0.4179,34,254,288
10743,2012-03-28,2,1,3,17,0,3,1,1,0.6,0.6061,0.6,0.2239,72,532,604
10726,2012-03-28,2,1,3,0,0,3,1,1,0.36,0.3333,0.4,0.2836,1,29,30
10877,2012-04-03,2,1,4,8,0,2,1,1,0.34,0.3636,0.57,0,27,577,604
10566,2012-03-21,2,1,3,8,0,3,1,3,0.48,0.4697,0.94,0.1045,33,502,535
10478,2012-03-17,1,1,3,16,0,6,0,1,0.64,0.6212,0.5,0,367,318,685
11071,2012-04-11,2,1,4,11,0,3,1,2,0.38,0.3939,0.43,0.3284,38,142,180
10663,2012-03-25,2,1,3,9,0,0,0,2,0.4,0.4091,0.94,0.2537,26,92,118
10867,2012-04-02,2,1,4,22,0,1,1,1,0.42,0.4242,0.44,0.194,17,106,123
10864,2012-04-02,2,1,4,19,0,1,1,1,0.5,0.4848,0.27,0.2537,66,428,494
10280,2012-03-09,1,1,3,9,0,5,1,2,0.34,0.2879,0.42,0.5224,17,267,284
10639,2012-03-24,2,1,3,9,0,6,0,2,0.52,0.5,0.83,0.1343,96,153,249
11087,2012-04-12,2,1,4,3,0,4,1,1,0.32,0.303,0.61,0.2537,2,3,5
10678,2012-03-26,2,1,3,0,0,1,1,2,0.48,0.4697,0.82,0.1642,10,23,33
10897,2012-04-04,2,1,4,4,0,3,1,1,0.42,0.4242,0.67,0.0896,0,1,1
11463,2012-04-27,2,1,4,19,0,5,1,1,0.5,0.4848,0.27,0.3881,62,379,441
10806,2012-03-31,2,1,3,8,0,6,0,2,0.36,0.3485,0.87,0.194,19,126,145
10646,2012-03-24,2,1,3,16,0,6,0,3,0.5,0.4848,0.94,0.2985,49,128,177
10826,2012-04-01,2,1,4,4,0,0,0,2,0.34,0.3485,0.81,0.0896,3,9,12
10528,2012-03-19,1,1,3,18,0,1,1,1,0.64,0.6212,0.57,0.2537,120,681,801
11314,2012-04-21,2,1,4,14,0,6,0,1,0.7,0.6364,0.45,0.2836,278,331,609
11319,2012-04-21,2,1,4,19,0,6,0,3,0.56,0.5303,0.73,0.4925,9,45,54
11307,2012-04-21,2,1,4,7,0,6,0,1,0.5,0.4848,0.82,0.2836,21,55,76
10119,2012-03-02,1,1,3,16,0,5,1,3,0.4,0.4091,0.58,0.2985,1,49,50
11496,2012-04-29,2,1,4,4,0,0,0,2,0.36,0.3485,0.87,0.1343,0,4,4
10962,2012-04-06,2,1,4,21,0,5,1,1,0.44,0.4394,0.26,0.1343,54,136,190
11210,2012-04-17,2,1,4,6,0,2,1,1,0.6,0.6212,0.46,0.2537,8,136,144
11295,2012-04-20,2,1,4,19,0,5,1,1,0.6,0.6212,0.53,0.194,82,410,492
10869,2012-04-03,2,1,4,0,0,2,1,1,0.4,0.4091,0.43,0.1343,1,32,33
10275,2012-03-09,1,1,3,4,0,5,1,3,0.4,0.4091,0.66,0.2836,0,1,1
10589,2012-03-22,2,1,3,7,0,4,1,2,0.48,0.4697,1,0.0896,29,332,361
11086,2012-04-12,2,1,4,2,0,4,1,1,0.32,0.303,0.61,0.2836,0,4,4
10461,2012-03-16,1,1,3,23,0,5,1,2,0.44,0.4394,0.94,0,22,104,126
10679,2012-03-26,2,1,3,1,0,1,1,1,0.48,0.4697,0.82,0.2537,18,10,28
10684,2012-03-26,2,1,3,6,0,1,1,1,0.42,0.4242,0.82,0.194,7,110,117
11268,2012-04-19,2,1,4,16,0,4,1,1,0.62,0.6212,0.41,0.1045,63,324,387
10319,2012-03-11,1,1,3,0,0,0,0,1,0.26,0.2879,0.44,0.0896,7,62,69
11059,2012-04-10,2,1,4,22,0,2,1,1,0.4,0.4091,0.37,0.4925,9,118,127
11173,2012-04-15,2,1,4,17,0,0,0,1,0.7,0.6364,0.42,0.3284,262,361,623
10401,2012-03-14,1,1,3,11,0,3,1,2,0.62,0.6212,0.41,0.1642,65,155,220
10853,2012-04-02,2,1,4,8,0,1,1,1,0.36,0.3333,0.57,0.3284,36,553,589
11323,2012-04-21,2,1,4,23,0,6,0,2,0.46,0.4545,0.82,0.2836,18,73,91
10809,2012-03-31,2,1,3,11,0,6,0,1,0.46,0.4545,0.72,0.1343,184,279,463
10792,2012-03-30,2,1,3,18,0,5,1,1,0.42,0.4242,0.54,0.194,68,492,560
11309,2012-04-21,2,1,4,9,0,6,0,1,0.54,0.5152,0.77,0.1642,115,216,331
11128,2012-04-13,2,1,4,20,0,5,1,1,0.5,0.4848,0.29,0.1343,44,242,286
10744,2012-03-28,2,1,3,18,0,3,1,1,0.6,0.6061,0.6,0.2239,61,580,641
10855,2012-04-02,2,1,4,10,0,1,1,1,0.4,0.4091,0.5,0.5224,85,119,204
10172,2012-03-04,1,1,3,21,0,0,0,1,0.28,0.2727,0.36,0.2239,9,70,79
11420,2012-04-26,2,1,4,0,0,4,1,2,0.48,0.4697,0.63,0,1,42,43
11371,2012-04-23,2,1,4,23,0,1,1,1,0.32,0.3182,0.76,0.1642,10,49,59
10798,2012-03-31,2,1,3,0,0,6,0,1,0.38,0.3939,0.82,0.194,12,80,92
10655,2012-03-25,2,1,3,1,0,0,0,2,0.42,0.4242,1,0.2537,24,65,89
11282,2012-04-20,2,1,4,6,0,5,1,1,0.42,0.4242,0.88,0,8,105,113
11341,2012-04-22,2,1,4,17,0,0,0,3,0.36,0.3182,0.93,0.4478,2,25,27
11377,2012-04-24,2,1,4,5,0,2,1,1,0.3,0.2879,0.7,0.194,0,22,22
11471,2012-04-28,2,1,4,3,0,6,0,1,0.34,0.3182,0.49,0.2239,3,23,26
10168,2012-03-04,1,1,3,17,0,0,0,1,0.34,0.2879,0.31,0.5522,49,214,263
10588,2012-03-22,2,1,3,6,0,4,1,2,0.48,0.4697,1,0.0896,10,126,136
10627,2012-03-23,2,1,3,21,0,5,1,1,0.62,0.6212,0.53,0.1045,64,220,284
10763,2012-03-29,2,1,3,13,0,4,1,1,0.46,0.4545,0.44,0.3284,50,223,273
11342,2012-04-22,2,1,4,18,0,0,0,3,0.36,0.3182,0.93,0.4478,1,38,39
11089,2012-04-12,2,1,4,5,0,4,1,1,0.3,0.2879,0.61,0.2239,0,21,21
10159,2012-03-04,1,1,3,8,0,0,0,1,0.3,0.2727,0.52,0.3284,12,54,66
10707,2012-03-27,2,1,3,5,0,2,1,1,0.22,0.2121,0.37,0.2836,1,16,17
10410,2012-03-14,1,1,3,20,0,3,1,1,0.62,0.6212,0.35,0.1045,44,286,330
10430,2012-03-15,1,1,3,16,0,4,1,1,0.72,0.6515,0.37,0.3881,95,331,426
10572,2012-03-21,2,1,3,14,0,3,1,2,0.56,0.5303,0.78,0,74,151,225
11160,2012-04-15,2,1,4,4,0,0,0,2,0.54,0.5152,0.52,0,2,10,12
11528,2012-04-30,2,1,4,12,0,1,1,2,0.44,0.4394,0.47,0.1343,45,180,225
10398,2012-03-14,1,1,3,8,0,3,1,1,0.44,0.4394,0.82,0,34,628,662
11446,2012-04-27,2,1,4,2,0,5,1,1,0.48,0.4697,0.59,0.4179,4,18,22
10452,2012-03-16,1,1,3,14,0,5,1,2,0.48,0.4697,0.72,0,56,146,202
11526,2012-04-30,2,1,4,10,0,1,1,2,0.42,0.4242,0.41,0.1642,41,116,157
10139,2012-03-03,1,1,3,12,0,6,0,2,0.42,0.4242,0.67,0.2537,47,252,299
11513,2012-04-29,2,1,4,21,0,0,0,1,0.52,0.5,0.48,0.1343,65,139,204
10082,2012-03-01,1,1,3,3,0,4,1,1,0.46,0.4545,0.94,0.2239,0,3,3
10666,2012-03-25,2,1,3,12,0,0,0,2,0.4,0.4091,0.94,0.2239,122,238,360
11393,2012-04-24,2,1,4,21,0,2,1,2,0.46,0.4545,0.28,0.1642,13,213,226
10117,2012-03-02,1,1,3,14,0,5,1,2,0.44,0.4394,0.44,0.2836,29,176,205
11189,2012-04-16,2,1,4,9,1,1,0,1,0.62,0.6061,0.69,0.2239,59,238,297
10902,2012-04-04,2,1,4,9,0,3,1,2,0.48,0.4697,0.55,0.1343,47,316,363
10704,2012-03-27,2,1,3,2,0,2,1,1,0.26,0.2273,0.3,0.2985,1,6,7
11098,2012-04-12,2,1,4,14,0,4,1,1,0.5,0.4848,0.31,0.3284,74,150,224
11157,2012-04-15,2,1,4,1,0,0,0,2,0.54,0.5152,0.56,0.1642,17,89,106
10169,2012-03-04,1,1,3,18,0,0,0,1,0.32,0.2727,0.33,0.6119,20,164,184
10411,2012-03-14,1,1,3,21,0,3,1,1,0.6,0.6212,0.4,0.0896,47,241,288
11276,2012-04-20,2,1,4,0,0,5,1,1,0.48,0.4697,0.67,0.1045,5,59,64
10269,2012-03-08,1,1,3,22,0,4,1,1,0.56,0.5303,0.49,0.3284,12,141,153
10638,2012-03-24,2,1,3,8,0,6,0,2,0.5,0.4848,0.94,0.194,41,113,154
10220,2012-03-06,1,1,3,21,0,2,1,1,0.32,0.3182,0.49,0.194,5,143,148
10254,2012-03-08,1,1,3,7,0,4,1,1,0.42,0.4242,0.77,0.3582,8,326,334
11401,2012-04-25,2,1,4,5,0,3,1,1,0.34,0.3636,0.66,0,0,24,24
10942,2012-04-06,2,1,4,1,0,5,1,1,0.36,0.3485,0.62,0.1343,10,28,38
10841,2012-04-01,2,1,4,19,0,0,0,1,0.52,0.5,0.55,0.2239,110,236,346
11361,2012-04-23,2,1,4,13,0,1,1,3,0.34,0.303,0.66,0.3881,9,98,107
11115,2012-04-13,2,1,4,7,0,5,1,1,0.34,0.3182,0.61,0.2239,13,283,296
10227,2012-03-07,1,1,3,4,0,3,1,1,0.28,0.2576,0.61,0.3284,0,3,3
10800,2012-03-31,2,1,3,2,0,6,0,2,0.42,0.4242,0.77,0.2537,14,55,69
11045,2012-04-10,2,1,4,8,0,2,1,1,0.38,0.3939,0.62,0.1343,22,670,692
10687,2012-03-26,2,1,3,9,0,1,1,1,0.46,0.4545,0.47,0.2836,37,245,282
10906,2012-04-04,2,1,4,13,0,3,1,2,0.6,0.6212,0.46,0.2537,70,181,251
10215,2012-03-06,1,1,3,16,0,2,1,1,0.36,0.3333,0.32,0.2836,22,228,250
10601,2012-03-22,2,1,3,19,0,4,1,1,0.66,0.6212,0.61,0,117,469,586
10690,2012-03-26,2,1,3,12,0,1,1,1,0.48,0.4697,0.33,0.5224,63,216,279
10476,2012-03-17,1,1,3,14,0,6,0,1,0.62,0.6212,0.53,0.0896,352,338,690
11472,2012-04-28,2,1,4,4,0,6,0,1,0.34,0.3333,0.49,0.1642,0,2,2
10930,2012-04-05,2,1,4,13,0,4,1,1,0.46,0.4545,0.31,0,89,202,291
11203,2012-04-16,2,1,4,23,1,1,0,1,0.7,0.6364,0.45,0.2985,24,97,121
11014,2012-04-09,2,1,4,1,0,1,1,1,0.46,0.4545,0.41,0.1343,4,12,16
11347,2012-04-22,2,1,4,23,0,0,0,3,0.36,0.3182,0.81,0.4627,0,17,17
10387,2012-03-13,1,1,3,21,0,2,1,1,0.58,0.5455,0.56,0.1045,44,200,244
11144,2012-04-14,2,1,4,12,0,6,0,1,0.58,0.5455,0.35,0.2537,274,404,678
11510,2012-04-29,2,1,4,18,0,0,0,1,0.6,0.6061,0.26,0.2836,164,323,487
11207,2012-04-17,2,1,4,3,0,2,1,1,0.56,0.5303,0.83,0.0896,0,6,6
11295,2012-04-20,2,1,4,19,0,5,1,1,0.6,0.6212,0.53,0.194,82,410,492
11320,2012-04-21,2,1,4,20,0,6,0,3,0.5,0.4848,0.82,0.2985,5,34,39
10871,2012-04-03,2,1,4,2,0,2,1,1,0.36,0.3485,0.53,0.1642,0,5,5
10214,2012-03-06,1,1,3,15,0,2,1,1,0.34,0.303,0.36,0.2985,24,142,166
10954,2012-04-06,2,1,4,13,0,5,1,1,0.44,0.4394,0.33,0.3284,173,238,411
10491,2012-03-18,1,1,3,5,0,0,0,2,0.4,0.4091,0.94,0.1045,0,6,6
10343,2012-03-12,1,1,3,1,0,1,1,1,0.38,0.3939,0.5,0.1343,1,9,10
10635,2012-03-24,2,1,3,5,0,6,0,2,0.52,0.5,0.83,0.1642,0,4,4
10830,2012-04-01,2,1,4,8,0,0,0,2,0.36,0.3636,0.76,0.0896,37,88,125
11414,2012-04-25,2,1,4,18,0,3,1,1,0.6,0.5909,0.2,0.2836,60,649,709
11105,2012-04-12,2,1,4,21,0,4,1,1,0.42,0.4242,0.35,0.1343,13,174,187
10571,2012-03-21,2,1,3,13,0,3,1,2,0.54,0.5152,0.83,0,81,222,303
10770,2012-03-29,2,1,3,20,0,4,1,1,0.46,0.4545,0.38,0.2985,34,301,335
11304,2012-04-21,2,1,4,4,0,6,0,1,0.5,0.4848,0.82,0.2537,0,9,9
10642,2012-03-24,2,1,3,12,0,6,0,3,0.52,0.5,0.94,0.2239,61,122,183
10162,2012-03-04,1,1,3,11,0,0,0,1,0.32,0.2879,0.45,0.3881,64,192,256
11226,2012-04-17,2,1,4,22,0,2,1,1,0.54,0.5152,0.3,0.2537,18,144,162
10199,2012-03-06,1,1,3,0,0,2,1,1,0.22,0.2121,0.37,0.2985,0,8,8
10594,2012-03-22,2,1,3,12,0,4,1,2,0.54,0.5152,0.88,0.194,48,224,272
11331,2012-04-22,2,1,4,7,0,0,0,3,0.42,0.4242,0.77,0.3881,2,22,24
11117,2012-04-13,2,1,4,9,0,5,1,1,0.42,0.4242,0.41,0.1642,36,294,330
11481,2012-04-28,2,1,4,13,0,6,0,2,0.4,0.4091,0.37,0,120,269,389
10436,2012-03-15,1,1,3,22,0,4,1,1,0.52,0.5,0.68,0.1343,32,137,169
10345,2012-03-12,1,1,3,3,0,1,1,1,0.36,0.3485,0.5,0.1343,0,2,2
11211,2012-04-17,2,1,4,7,0,2,1,1,0.6,0.6212,0.43,0.2537,18,443,461
10813,2012-03-31,2,1,3,15,0,6,0,2,0.52,0.5,0.59,0.2836,275,330,605
11054,2012-04-10,2,1,4,17,0,2,1,1,0.56,0.5303,0.21,0.5224,88,656,744
10984,2012-04-07,2,1,4,19,0,6,0,1,0.54,0.5152,0.16,0.3284,170,243,413
11409,2012-04-25,2,1,4,13,0,3,1,1,0.56,0.5303,0.26,0.2239,35,193,228
11047,2012-04-10,2,1,4,10,0,2,1,1,0.46,0.4545,0.47,0.1642,49,132,181
11418,2012-04-25,2,1,4,22,0,3,1,1,0.5,0.4848,0.51,0,22,170,192
10153,2012-03-04,1,1,3,2,0,0,0,2,0.36,0.3485,0.4,0.1642,14,66,80
10746,2012-03-28,2,1,3,20,0,3,1,1,0.6,0.6212,0.56,0.2985,38,324,362
10600,2012-03-22,2,1,3,18,0,4,1,1,0.66,0.6212,0.65,0.1642,147,654,801
11143,2012-04-14,2,1,4,11,0,6,0,1,0.52,0.5,0.45,0.194,207,357,564
10198,2012-03-05,1,1,3,23,0,1,1,1,0.22,0.1818,0.37,0.5821,2,29,31
11391,2012-04-24,2,1,4,19,0,2,1,1,0.5,0.4848,0.18,0.2537,33,449,482
11404,2012-04-25,2,1,4,8,0,3,1,1,0.36,0.3636,0.76,0.0896,20,634,654
10180,2012-03-05,1,1,3,5,0,1,1,1,0.2,0.2273,0.55,0.0896,1,17,18
11185,2012-04-16,2,1,4,5,1,1,0,1,0.54,0.5152,0.77,0.2239,4,34,38
10630,2012-03-24,2,1,3,0,0,6,0,1,0.58,0.5455,0.68,0,45,111,156
10774,2012-03-30,2,1,3,0,0,5,1,1,0.4,0.4091,0.47,0.2985,10,49,59
10271,2012-03-09,1,1,3,0,0,5,1,2,0.58,0.5455,0.49,0.4627,3,51,54
10758,2012-03-29,2,1,3,8,0,4,1,1,0.46,0.4545,0.47,0.4179,26,628,654
11283,2012-04-20,2,1,4,7,0,5,1,1,0.42,0.4242,0.94,0,9,350,359
11275,2012-04-19,2,1,4,23,0,4,1,1,0.5,0.4848,0.63,0.1045,20,124,144
10156,2012-03-04,1,1,3,5,0,0,0,2,0.34,0.3182,0.46,0.2239,0,5,5
10247,2012-03-08,1,1,3,0,0,4,1,1,0.44,0.4394,0.62,0.3284,11,35,46
11216,2012-04-17,2,1,4,12,0,2,1,1,0.6,0.6212,0.33,0.3582,65,179,244
11384,2012-04-24,2,1,4,12,0,2,1,1,0.48,0.4697,0.29,0.3881,36,188,224
10870,2012-04-03,2,1,4,1,0,2,1,1,0.38,0.3939,0.46,0.2239,0,11,11
10274,2012-03-09,1,1,3,3,0,5,1,1,0.46,0.4545,0.77,0.5224,0,7,7
11177,2012-04-15,2,1,4,21,0,0,0,1,0.62,0.6212,0.57,0.2537,76,153,229
10143,2012-03-03,1,1,3,16,0,6,0,1,0.5,0.4848,0.27,0.2985,167,300,467
10613,2012-03-23,2,1,3,7,0,5,1,2,0.5,0.4848,0.93,0.1343,28,318,346
10450,2012-03-16,1,1,3,12,0,5,1,2,0.44,0.4394,0.82,0.1343,72,222,294
10439,2012-03-16,1,1,3,1,0,5,1,2,0.42,0.4242,0.82,0.3284,4,22,26
10465,2012-03-17,1,1,3,3,0,6,0,2,0.44,0.4394,0.88,0,2,24,26
10932,2012-04-05,2,1,4,15,0,4,1,1,0.5,0.4848,0.31,0.1045,98,171,269
10482,2012-03-17,1,1,3,20,0,6,0,1,0.56,0.5303,0.64,0.194,89,182,271
10157,2012-03-04,1,1,3,6,0,0,0,2,0.3,0.2727,0.52,0.2985,0,5,5
10985,2012-04-07,2,1,4,20,0,6,0,1,0.5,0.4848,0.2,0.2239,73,135,208
11278,2012-04-20,2,1,4,2,0,5,1,1,0.44,0.4394,0.88,0.194,3,18,21
11352,2012-04-23,2,1,4,4,0,1,1,3,0.3,0.2879,0.81,0.2836,0,3,3
11355,2012-04-23,2,1,4,7,0,1,1,3,0.3,0.2879,0.81,0.2537,1,206,207
10431,2012-03-15,1,1,3,17,0,4,1,1,0.7,0.6364,0.39,0.2537,79,634,713
11046,2012-04-10,2,1,4,9,0,2,1,1,0.42,0.4242,0.67,0.194,16,303,319
10501,2012-03-18,1,1,3,15,0,0,0,1,0.54,0.5152,0.68,0.0896,240,314,554
10862,2012-04-02,2,1,4,17,0,1,1,1,0.5,0.4848,0.29,0.2836,128,601,729
11524,2012-04-30,2,1,4,8,0,1,1,1,0.4,0.4091,0.43,0.194,17,579,596
10599,2012-03-22,2,1,3,17,0,4,1,1,0.66,0.6212,0.65,0.1642,154,656,810
10598,2012-03-22,2,1,3,16,0,4,1,1,0.64,0.6061,0.65,0.194,125,300,425
10551,2012-03-20,1,1,3,17,0,2,1,1,0.6,0.5909,0.73,0.194,108,642,750
10251,2012-03-08,1,1,3,4,0,4,1,1,0.44,0.4394,0.72,0.2836,0,2,2
10145,2012-03-03,1,1,3,18,0,6,0,1,0.5,0.4848,0.25,0.2537,53,250,303
11508,2012-04-29,2,1,4,16,0,0,0,1,0.6,0.6061,0.28,0.194,240,347,587
10235,2012-03-07,1,1,3,12,0,3,1,1,0.44,0.4394,0.38,0.3881,40,175,215
11182,2012-04-16,2,1,4,2,1,1,0,1,0.6,0.6061,0.64,0.2537,5,9,14
11143,2012-04-14,2,1,4,11,0,6,0,1,0.52,0.5,0.45,0.194,207,357,564
11010,2012-04-08,2,1,4,21,0,0,0,1,0.52,0.5,0.34,0.2239,53,77,130
11152,2012-04-14,2,1,4,20,0,6,0,2,0.56,0.5303,0.46,0.1343,112,209,321
10303,2012-03-10,1,1,3,8,0,6,0,1,0.22,0.2121,0.44,0.2985,15,96,111
11272,2012-04-19,2,1,4,20,0,4,1,1,0.56,0.5303,0.49,0.2239,52,352,404
10648,2012-03-24,2,1,3,18,0,6,0,3,0.46,0.4545,0.94,0.2239,27,110,137
10723,2012-03-27,2,1,3,21,0,2,1,1,0.36,0.3485,0.37,0.1642,21,200,221
10950,2012-04-06,2,1,4,9,0,5,1,1,0.34,0.303,0.42,0.3284,58,318,376
11243,2012-04-18,2,1,4,15,0,3,1,3,0.42,0.4242,0.77,0.194,10,88,98
10132,2012-03-03,1,1,3,5,0,6,0,2,0.36,0.3636,0.93,0.0896,1,1,2
11262,2012-04-19,2,1,4,10,0,4,1,1,0.48,0.4697,0.63,0.0896,46,143,189
10797,2012-03-30,2,1,3,23,0,5,1,1,0.36,0.3788,0.71,0,16,107,123
10923,2012-04-05,2,1,4,6,0,4,1,1,0.36,0.3333,0.46,0.3284,8,118,126
10367,2012-03-13,1,1,3,1,0,2,1,2,0.52,0.5,0.59,0.2239,2,14,16
11394,2012-04-24,2,1,4,22,0,2,1,1,0.44,0.4394,0.35,0.1045,8,149,157
11310,2012-04-21,2,1,4,10,0,6,0,1,0.6,0.6061,0.64,0.2836,183,299,482
10266,2012-03-08,1,1,3,19,0,4,1,2,0.6,0.6212,0.4,0.4478,21,395,416
10815,2012-03-31,2,1,3,17,0,6,0,1,0.48,0.4697,0.67,0.4179,238,305,543
10512,2012-03-19,1,1,3,2,0,1,1,1,0.46,0.4545,0.88,0.1642,1,7,8
10685,2012-03-26,2,1,3,7,0,1,1,1,0.44,0.4394,0.72,0.194,15,355,370
10560,2012-03-21,2,1,3,2,0,3,1,1,0.5,0.4848,0.88,0.1343,2,8,10
11474,2012-04-28,2,1,4,6,0,6,0,1,0.34,0.3333,0.49,0.194,10,18,28
10150,2012-03-03,1,1,3,23,0,6,0,1,0.42,0.4242,0.24,0,12,94,106
10837,2012-04-01,2,1,4,15,0,0,0,1,0.5,0.4848,0.55,0.2537,295,278,573
11480,2012-04-28,2,1,4,12,0,6,0,2,0.38,0.3939,0.43,0,105,276,381
10652,2012-03-24,2,1,3,22,0,6,0,3,0.44,0.4394,1,0.2537,12,71,83
10378,2012-03-13,1,1,3,12,0,2,1,1,0.6,0.6061,0.6,0.2836,47,197,244
10194,2012-03-05,1,1,3,19,0,1,1,1,0.26,0.2576,0.53,0.2239,6,220,226
11084,2012-04-12,2,1,4,0,0,4,1,1,0.32,0.303,0.66,0.2836,1,22,23
10765,2012-03-29,2,1,3,15,0,4,1,1,0.52,0.5,0.39,0.3582,109,198,307
10805,2012-03-31,2,1,3,7,0,6,0,2,0.36,0.3485,0.87,0.1642,5,39,44
10330,2012-03-11,1,1,3,12,0,0,0,1,0.4,0.4091,0.37,0.2985,146,264,410
10686,2012-03-26,2,1,3,8,0,1,1,1,0.44,0.4394,0.62,0.2239,32,625,657
11413,2012-04-25,2,1,4,17,0,3,1,1,0.6,0.5909,0.2,0.2985,68,664,732
11337,2012-04-22,2,1,4,13,0,0,0,3,0.38,0.3939,0.82,0.3582,5,47,52
11119,2012-04-13,2,1,4,11,0,5,1,1,0.46,0.4545,0.36,0.1343,75,158,233
11346,2012-04-22,2,1,4,22,0,0,0,3,0.34,0.2879,0.87,0.5224,0,13,13
10720,2012-03-27,2,1,3,18,0,2,1,1,0.42,0.4242,0.17,0.0896,67,577,644
10091,2012-03-01,1,1,3,12,0,4,1,1,0.56,0.5303,0.37,0.2239,16,204,220
10816,2012-03-31,2,1,3,18,0,6,0,2,0.44,0.4394,0.72,0.4627,102,239,341
11242,2012-04-18,2,1,4,14,0,3,1,3,0.44,0.4394,0.72,0.1045,8,43,51
10296,2012-03-10,1,1,3,1,0,6,0,1,0.3,0.2879,0.36,0.2537,1,50,51
10817,2012-03-31,2,1,3,19,0,6,0,1,0.42,0.4242,0.71,0.4478,93,191,284
10440,2012-03-16,1,1,3,2,0,5,1,2,0.42,0.4242,0.82,0.194,0,4,4
10112,2012-03-02,1,1,3,9,0,5,1,1,0.3,0.3333,0.81,0,15,299,314
10824,2012-04-01,2,1,4,2,0,0,0,2,0.36,0.3485,0.76,0.1642,20,61,81
10719,2012-03-27,2,1,3,17,0,2,1,1,0.44,0.4394,0.16,0,72,542,614
10789,2012-03-30,2,1,3,15,0,5,1,3,0.42,0.4242,0.54,0,73,207,280
10094,2012-03-01,1,1,3,15,0,4,1,1,0.6,0.6212,0.31,0.2537,31,192,223
10149,2012-03-03,1,1,3,22,0,6,0,1,0.44,0.4394,0.21,0.1343,19,115,134
10814,2012-03-31,2,1,3,16,0,6,0,2,0.5,0.4848,0.63,0.2985,243,292,535
10658,2012-03-25,2,1,3,4,0,0,0,2,0.42,0.4242,0.94,0.3284,1,7,8
10176,2012-03-05,1,1,3,1,0,1,1,1,0.24,0.2424,0.48,0.1343,3,3,6
11062,2012-04-11,2,1,4,1,0,3,1,1,0.34,0.3182,0.39,0.2836,3,9,12
11495,2012-04-29,2,1,4,3,0,0,0,2,0.36,0.3485,0.87,0.194,2,14,16
10763,2012-03-29,2,1,3,13,0,4,1,1,0.46,0.4545,0.44,0.3284,50,223,273
11044,2012-04-10,2,1,4,7,0,2,1,1,0.34,0.3485,0.71,0.1045,16,368,384
11032,2012-04-09,2,1,4,19,0,1,1,1,0.52,0.5,0.34,0.3582,35,386,421
11460,2012-04-27,2,1,4,16,0,5,1,1,0.52,0.5,0.29,0.2537,105,335,440
10788,2012-03-30,2,1,3,14,0,5,1,3,0.4,0.4091,0.54,0,56,173,229
11069,2012-04-11,2,1,4,9,0,3,1,2,0.32,0.303,0.49,0.2985,20,282,302
11352,2012-04-23,2,1,4,4,0,1,1,3,0.3,0.2879,0.81,0.2836,0,3,3
10647,2012-03-24,2,1,3,17,0,6,0,3,0.5,0.4848,0.88,0.2239,47,68,115
10221,2012-03-06,1,1,3,22,0,2,1,1,0.28,0.2727,0.56,0.1642,5,101,106
10920,2012-04-05,2,1,4,3,0,4,1,1,0.42,0.4242,0.41,0.2985,0,5,5
11303,2012-04-21,2,1,4,3,0,6,0,1,0.5,0.4848,0.82,0.2239,4,25,29
11287,2012-04-20,2,1,4,11,0,5,1,1,0.54,0.5152,0.68,0.1642,64,190,254
11456,2012-04-27,2,1,4,12,0,5,1,1,0.46,0.4545,0.36,0.3582,63,244,307
11026,2012-04-09,2,1,4,13,0,1,1,1,0.54,0.5152,0.28,0.5821,108,173,281
10831,2012-04-01,2,1,4,9,0,0,0,2,0.36,0.3485,0.81,0.1343,102,173,275
10892,2012-04-03,2,1,4,23,0,2,1,1,0.5,0.4848,0.59,0,13,66,79
10506,2012-03-18,1,1,3,20,0,0,0,1,0.52,0.5,0.77,0.1343,59,139,198
10687,2012-03-26,2,1,3,9,0,1,1,1,0.46,0.4545,0.47,0.2836,37,245,282
10151,2012-03-04,1,1,3,0,0,0,0,2,0.4,0.4091,0.3,0.3582,5,67,72
10903,2012-04-04,2,1,4,10,0,3,1,2,0.54,0.5152,0.45,0.1343,68,99,167
10960,2012-04-06,2,1,4,19,0,5,1,1,0.48,0.4697,0.23,0.2985,115,297,412
10618,2012-03-23,2,1,3,12,0,5,1,2,0.66,0.6212,0.61,0.2239,199,272,471
10874,2012-04-03,2,1,4,5,0,2,1,1,0.32,0.3333,0.66,0.0896,2,25,27
10225,2012-03-07,1,1,3,2,0,3,1,1,0.3,0.2879,0.56,0.2836,0,4,4
10759,2012-03-29,2,1,3,9,0,4,1,1,0.48,0.4697,0.48,0.4179,22,299,321
10714,2012-03-27,2,1,3,12,0,2,1,1,0.32,0.3182,0.31,0.1642,34,186,220
10290,2012-03-09,1,1,3,19,0,5,1,1,0.42,0.4242,0.28,0.6119,12,232,244
10820,2012-03-31,2,1,3,22,0,6,0,2,0.38,0.3939,0.71,0.2537,40,116,156
10795,2012-03-30,2,1,3,21,0,5,1,1,0.38,0.3939,0.66,0.1343,30,190,220
10907,2012-04-04,2,1,4,14,0,3,1,2,0.62,0.6212,0.46,0.194,82,176,258
10828,2012-04-01,2,1,4,6,0,0,0,2,0.36,0.3485,0.76,0.1343,9,88,97
10964,2012-04-06,2,1,4,23,0,5,1,1,0.42,0.4242,0.3,0.2836,21,92,113
10886,2012-04-03,2,1,4,17,0,2,1,1,0.62,0.6061,0.17,0.194,123,634,757
10524,2012-03-19,1,1,3,14,0,1,1,2,0.64,0.6212,0.57,0.194,60,200,260
11094,2012-04-12,2,1,4,10,0,4,1,1,0.4,0.4091,0.5,0.2985,38,103,141
11192,2012-04-16,2,1,4,12,1,1,0,1,0.68,0.6364,0.57,0.2537,75,196,271
11015,2012-04-09,2,1,4,2,0,1,1,1,0.46,0.4545,0.31,0.194,2,4,6
10725,2012-03-27,2,1,3,23,0,2,1,1,0.36,0.3485,0.37,0.194,5,59,64
11518,2012-04-30,2,1,4,2,0,1,1,1,0.42,0.4242,0.71,0.1343,3,5,8
10393,2012-03-14,1,1,3,3,0,3,1,1,0.48,0.4697,0.72,0.194,1,3,4
10270,2012-03-08,1,1,3,23,0,4,1,2,0.56,0.5303,0.49,0.4478,6,88,94
10136,2012-03-03,1,1,3,9,0,6,0,3,0.38,0.3939,0.87,0.0896,7,87,94
10928,2012-04-05,2,1,4,11,0,4,1,2,0.42,0.4242,0.38,0.2239,109,159,268
10135,2012-03-03,1,1,3,8,0,6,0,3,0.36,0.3788,0.93,0,2,46,48
11072,2012-04-11,2,1,4,12,0,3,1,2,0.36,0.3333,0.46,0.3881,35,147,182
10850,2012-04-02,2,1,4,5,0,1,1,1,0.4,0.4091,0.76,0.4925,2,22,24
10549,2012-03-20,1,1,3,15,0,2,1,2,0.62,0.6061,0.69,0.1045,67,177,244
10317,2012-03-10,1,1,3,22,0,6,0,1,0.26,0.2576,0.44,0.1642,19,81,100
10352,2012-03-12,1,1,3,10,0,1,1,1,0.4,0.4091,0.5,0.2239,39,98,137
10825,2012-04-01,2,1,4,3,0,0,0,2,0.34,0.3333,0.81,0.1343,4,21,25
10263,2012-03-08,1,1,3,16,0,4,1,2,0.62,0.6212,0.41,0.6418,37,305,342
10415,2012-03-15,1,1,3,1,0,4,1,1,0.5,0.4848,0.59,0.1045,15,8,23
10916,2012-04-04,2,1,4,23,0,3,1,1,0.52,0.5,0.23,0.4179,19,112,131
11263,2012-04-19,2,1,4,11,0,4,1,1,0.52,0.5,0.48,0,46,183,229
10241,2012-03-07,1,1,3,18,0,3,1,1,0.56,0.5303,0.4,0.4627,35,509,544
11362,2012-04-23,2,1,4,14,0,1,1,3,0.36,0.3182,0.62,0.4478,12,102,114
11179,2012-04-15,2,1,4,23,0,0,0,1,0.66,0.6212,0.5,0.3881,25,65,90
10943,2012-04-06,2,1,4,2,0,5,1,1,0.36,0.3333,0.5,0.3881,6,5,11
10301,2012-03-10,1,1,3,6,0,6,0,1,0.22,0.2121,0.44,0.2836,1,11,12
10608,2012-03-23,2,1,3,2,0,5,1,1,0.54,0.5152,0.88,0.0896,12,20,32
11491,2012-04-28,2,1,4,23,0,6,0,2,0.38,0.3939,0.76,0.0896,5,37,42
10261,2012-03-08,1,1,3,14,0,4,1,2,0.62,0.6212,0.43,0.6418,48,155,203
10611,2012-03-23,2,1,3,5,0,5,1,2,0.5,0.4848,0.94,0,5,29,34
11080,2012-04-11,2,1,4,20,0,3,1,1,0.36,0.3333,0.46,0.3284,22,213,235
10983,2012-04-07,2,1,4,18,0,6,0,1,0.54,0.5152,0.18,0.2985,227,290,517
10478,2012-03-17,1,1,3,16,0,6,0,1,0.64,0.6212,0.5,0,367,318,685
11333,2012-04-22,2,1,4,9,0,0,0,3,0.4,0.4091,0.82,0.2537,8,71,79
11081,2012-04-11,2,1,4,21,0,3,1,1,0.34,0.303,0.57,0.3881,11,154,165
10113,2012-03-02,1,1,3,10,0,5,1,1,0.36,0.3485,0.5,0.1642,14,118,132
11318,2012-04-21,2,1,4,18,0,6,0,2,0.68,0.6364,0.47,0.4925,133,283,416
11298,2012-04-20,2,1,4,22,0,5,1,1,0.54,0.5152,0.68,0.2537,26,176,202
11286,2012-04-20,2,1,4,10,0,5,1,1,0.5,0.4848,0.77,0.194,67,170,237
10999,2012-04-08,2,1,4,10,0,0,0,1,0.5,0.4848,0.25,0.2239,113,186,299
10351,2012-03-12,1,1,3,9,0,1,1,1,0.38,0.3939,0.54,0.1642,21,260,281
10972,2012-04-07,2,1,4,7,0,6,0,1,0.32,0.303,0.33,0.2836,14,40,54
11021,2012-04-09,2,1,4,8,0,1,1,1,0.44,0.4394,0.3,0.194,22,595,617
11431,2012-04-26,2,1,4,11,0,4,1,2,0.46,0.4545,0.94,0.2239,16,135,151
10179,2012-03-05,1,1,3,4,0,1,1,1,0.2,0.2273,0.55,0.0896,0,1,1
10676,2012-03-25,2,1,3,22,0,0,0,1,0.46,0.4545,0.82,0.1343,19,92,111
10728,2012-03-28,2,1,3,2,0,3,1,1,0.34,0.303,0.49,0.2985,0,3,3
11077,2012-04-11,2,1,4,17,0,3,1,1,0.42,0.4242,0.35,0.3881,52,527,579
10780,2012-03-30,2,1,3,6,0,5,1,1,0.32,0.3333,0.57,0.1343,5,81,86
10210,2012-03-06,1,1,3,11,0,2,1,1,0.26,0.2576,0.41,0.1642,20,110,130
10576,2012-03-21,2,1,3,18,0,3,1,1,0.6,0.5909,0.69,0,152,627,779
10084,2012-03-01,1,1,3,5,0,4,1,1,0.48,0.4697,0.88,0.1642,0,18,18
10535,2012-03-20,1,1,3,1,0,2,1,1,0.54,0.5152,0.88,0,6,9,15
11363,2012-04-23,2,1,4,15,0,1,1,2,0.36,0.3333,0.62,0.3881,11,101,112
10973,2012-04-07,2,1,4,8,0,6,0,1,0.34,0.3182,0.34,0.2537,29,94,123
11148,2012-04-14,2,1,4,16,0,6,0,2,0.64,0.6212,0.27,0.3582,253,329,582
10134,2012-03-03,1,1,3,7,0,6,0,2,0.36,0.3485,0.93,0.1343,2,14,16
10532,2012-03-19,1,1,3,22,0,1,1,2,0.56,0.5303,0.73,0.1642,17,131,148
11340,2012-04-22,2,1,4,16,0,0,0,3,0.38,0.3939,0.87,0.4478,4,32,36
11037,2012-04-10,2,1,4,0,0,2,1,2,0.44,0.4394,0.47,0.2836,3,23,26
10861,2012-04-02,2,1,4,16,0,1,1,1,0.5,0.4848,0.34,0.3284,104,291,395
10822,2012-04-01,2,1,4,0,0,0,0,2,0.36,0.3333,0.76,0.2537,8,59,67
10810,2012-03-31,2,1,3,12,0,6,0,1,0.48,0.4697,0.67,0,263,358,621
10421,2012-03-15,1,1,3,7,0,4,1,1,0.44,0.4394,0.72,0.0896,14,367,381
10098,2012-03-01,1,1,3,19,0,4,1,1,0.48,0.4697,0.41,0.3284,11,317,328
10516,2012-03-19,1,1,3,6,0,1,1,1,0.46,0.4545,0.88,0.1343,2,118,120
11432,2012-04-26,2,1,4,12,0,4,1,2,0.52,0.5,0.83,0.1343,24,180,204
10641,2012-03-24,2,1,3,11,0,6,0,2,0.5,0.4848,0.94,0.194,98,175,273
10185,2012-03-05,1,1,3,10,0,1,1,2,0.24,0.2576,0.6,0,12,74,86
10307,2012-03-10,1,1,3,12,0,6,0,1,0.3,0.2727,0.33,0.3284,88,241,329
10699,2012-03-26,2,1,3,21,0,1,1,1,0.38,0.3939,0.25,0.4925,11,175,186
11168,2012-04-15,2,1,4,12,0,0,0,1,0.64,0.6212,0.44,0.2836,275,360,635
11055,2012-04-10,2,1,4,18,0,2,1,1,0.54,0.5152,0.22,0.4179,78,626,704
10696,2012-03-26,2,1,3,18,0,1,1,1,0.44,0.4394,0.26,0.4478,90,594,684
11038,2012-04-10,2,1,4,1,0,2,1,1,0.42,0.4242,0.5,0.2239,0,9,9
10510,2012-03-19,1,1,3,0,0,1,1,1,0.48,0.4697,0.82,0.1045,4,19,23
10914,2012-04-04,2,1,4,21,0,3,1,1,0.6,0.6061,0.23,0.3284,43,255,298
10924,2012-04-05,2,1,4,7,0,4,1,1,0.34,0.3333,0.49,0.194,15,339,354
11328,2012-04-22,2,1,4,4,0,0,0,2,0.44,0.4394,0.77,0.1642,0,7,7
10115,2012-03-02,1,1,3,12,0,5,1,1,0.4,0.4091,0.43,0.1642,40,194,234
11213,2012-04-17,2,1,4,9,0,2,1,1,0.6,0.6212,0.38,0.4925,71,329,400
10404,2012-03-14,1,1,3,14,0,3,1,1,0.7,0.6364,0.23,0.3284,61,163,224
11308,2012-04-21,2,1,4,8,0,6,0,1,0.52,0.5,0.81,0.2537,52,149,201
10583,2012-03-22,2,1,3,1,0,4,1,1,0.52,0.5,0.83,0.0896,14,16,30
11223,2012-04-17,2,1,4,19,0,2,1,1,0.6,0.6061,0.26,0.2537,73,464,537
11159,2012-04-15,2,1,4,3,0,0,0,2,0.52,0.5,0.59,0.1343,18,27,45
10121,2012-03-02,1,1,3,18,0,5,1,3,0.36,0.3485,0.87,0.194,6,154,160
10569,2012-03-21,2,1,3,11,0,3,1,2,0.52,0.5,0.83,0.1642,38,154,192
10904,2012-04-04,2,1,4,11,0,3,1,2,0.6,0.6212,0.43,0.3582,61,152,213
10447,2012-03-16,1,1,3,9,0,5,1,2,0.42,0.4242,0.82,0,35,277,312
11350,2012-04-23,2,1,4,2,0,1,1,2,0.32,0.303,0.87,0.3284,1,3,4
10859,2012-04-02,2,1,4,14,0,1,1,1,0.46,0.4545,0.31,0.4179,127,141,268
11136,2012-04-14,2,1,4,4,0,6,0,1,0.36,0.3636,0.71,0.1045,5,9,14
10944,2012-04-06,2,1,4,3,0,5,1,1,0.34,0.303,0.53,0.3284,3,5,8
10552,2012-03-20,1,1,3,18,0,2,1,1,0.6,0.5909,0.69,0.2537,136,665,801
10097,2012-03-01,1,1,3,18,0,4,1,1,0.54,0.5152,0.34,0.3582,27,498,525
10434,2012-03-15,1,1,3,20,0,4,1,2,0.58,0.5455,0.6,0.3582,60,270,330
11224,2012-04-17,2,1,4,20,0,2,1,1,0.6,0.6061,0.23,0.2836,44,358,402
10164,2012-03-04,1,1,3,13,0,0,0,1,0.36,0.3333,0.37,0.3582,108,256,364
11231,2012-04-18,2,1,4,3,0,3,1,2,0.5,0.4848,0.42,0.2239,0,6,6
11324,2012-04-22,2,1,4,0,0,0,0,2,0.46,0.4545,0.82,0.194,32,85,117
10934,2012-04-05,2,1,4,17,0,4,1,1,0.5,0.4848,0.31,0.1642,145,677,822
10243,2012-03-07,1,1,3,20,0,3,1,1,0.5,0.4848,0.51,0.2537,18,242,260
10860,2012-04-02,2,1,4,15,0,1,1,1,0.48,0.4697,0.33,0.4179,132,192,324
11002,2012-04-08,2,1,4,13,0,0,0,1,0.58,0.5455,0.23,0.1642,229,254,483
10141,2012-03-03,1,1,3,14,0,6,0,2,0.46,0.4545,0.44,0.3582,151,279,430
11099,2012-04-12,2,1,4,15,0,4,1,1,0.48,0.4697,0.31,0.2537,42,169,211
11444,2012-04-27,2,1,4,0,0,5,1,1,0.54,0.5152,0.68,0.5522,12,61,73
10705,2012-03-27,2,1,3,3,0,2,1,1,0.26,0.2273,0.3,0.3284,0,4,4
10573,2012-03-21,2,1,3,15,0,3,1,2,0.56,0.5303,0.78,0,68,175,243
11428,2012-04-26,2,1,4,8,0,4,1,3,0.46,0.4545,0.82,0.194,4,358,362
10908,2012-04-04,2,1,4,15,0,3,1,2,0.64,0.6212,0.44,0.2836,86,182,268
10130,2012-03-03,1,1,3,3,0,6,0,2,0.36,0.3485,0.93,0.1642,1,20,21
10364,2012-03-12,1,1,3,22,0,1,1,2,0.56,0.5303,0.56,0.2239,17,116,133
10108,2012-03-02,1,1,3,5,0,5,1,1,0.3,0.3333,0.7,0,0,24,24
10114,2012-03-02,1,1,3,11,0,5,1,1,0.38,0.3939,0.46,0.194,40,154,194
10386,2012-03-13,1,1,3,20,0,2,1,1,0.6,0.6212,0.49,0.1642,45,306,351
10993,2012-04-08,2,1,4,4,0,0,0,1,0.4,0.4091,0.4,0,0,7,7
10231,2012-03-07,1,1,3,8,0,3,1,1,0.28,0.2576,0.61,0.2985,12,554,566
10905,2012-04-04,2,1,4,12,0,3,1,2,0.6,0.6212,0.46,0.4179,73,210,283
10485,2012-03-17,1,1,3,23,0,6,0,1,0.5,0.4848,0.77,0.1642,34,151,185
11259,2012-04-19,2,1,4,7,0,4,1,2,0.4,0.4091,0.82,0.1343,15,391,406
11451,2012-04-27,2,1,4,7,0,5,1,1,0.38,0.3939,0.5,0.2836,10,305,315
10136,2012-03-03,1,1,3,9,0,6,0,3,0.38,0.3939,0.87,0.0896,7,87,94
10219,2012-03-06,1,1,3,20,0,2,1,1,0.32,0.3182,0.49,0.194,3,184,187
11498,2012-04-29,2,1,4,6,0,0,0,1,0.34,0.3333,0.87,0.1343,1,6,7
10213,2012-03-06,1,1,3,14,0,2,1,1,0.32,0.303,0.36,0.2239,20,116,136
10542,2012-03-20,1,1,3,8,0,2,1,2,0.52,0.5,0.88,0.1045,28,488,516
11381,2012-04-24,2,1,4,9,0,2,1,1,0.4,0.4091,0.47,0.3582,6,302,308
10245,2012-03-07,1,1,3,22,0,3,1,1,0.46,0.4545,0.59,0.2985,10,149,159
11506,2012-04-29,2,1,4,14,0,0,0,1,0.54,0.5152,0.34,0,281,372,653
10764,2012-03-29,2,1,3,14,0,4,1,1,0.5,0.4848,0.42,0.3582,63,175,238
11035,2012-04-09,2,1,4,22,0,1,1,2,0.46,0.4545,0.41,0.4925,6,102,108
11061,2012-04-11,2,1,4,0,0,3,1,1,0.34,0.303,0.36,0.4179,8,22,30
10262,2012-03-08,1,1,3,15,0,4,1,1,0.64,0.6212,0.38,0.6866,24,161,185
10406,2012-03-14,1,1,3,16,0,3,1,1,0.72,0.6364,0.25,0.194,78,278,356
11479,2012-04-28,2,1,4,11,0,6,0,2,0.38,0.3939,0.4,0.1045,96,262,358
11048,2012-04-10,2,1,4,11,0,2,1,1,0.5,0.4848,0.36,0,78,161,239
10548,2012-03-20,1,1,3,14,0,2,1,2,0.6,0.5909,0.73,0.1642,66,182,248
11248,2012-04-18,2,1,4,20,0,3,1,2,0.42,0.4242,0.77,0.1045,8,252,260
11121,2012-04-13,2,1,4,13,0,5,1,1,0.52,0.5,0.27,0.2836,112,246,358
11253,2012-04-19,2,1,4,1,0,4,1,3,0.42,0.4242,0.77,0.1045,2,11,13
10472,2012-03-17,1,1,3,10,0,6,0,2,0.5,0.4848,0.77,0.0896,140,303,443
11388,2012-04-24,2,1,4,16,0,2,1,1,0.5,0.4848,0.23,0.194,54,308,362
11170,2012-04-15,2,1,4,14,0,0,0,1,0.7,0.6364,0.39,0.2836,282,346,628
10178,2012-03-05,1,1,3,3,0,1,1,1,0.22,0.2273,0.51,0.1642,0,1,1
10120,2012-03-02,1,1,3,17,0,5,1,3,0.36,0.3485,0.81,0.2239,5,123,128
10500,2012-03-18,1,1,3,14,0,0,0,2,0.5,0.4848,0.77,0.0896,218,303,521
10995,2012-04-08,2,1,4,6,0,0,0,1,0.36,0.3788,0.37,0,7,21,28
10802,2012-03-31,2,1,3,4,0,6,0,1,0.42,0.4242,0.77,0.4179,4,4,8
10312,2012-03-10,1,1,3,17,0,6,0,1,0.36,0.3788,0.23,0,104,250,354
10096,2012-03-01,1,1,3,17,0,4,1,1,0.56,0.5303,0.35,0.2985,49,551,600
11214,2012-04-17,2,1,4,10,0,2,1,1,0.6,0.6212,0.38,0.4179,52,165,217
10093,2012-03-01,1,1,3,14,0,4,1,1,0.58,0.5455,0.35,0.2239,37,174,211
10558,2012-03-21,2,1,3,0,0,3,1,1,0.52,0.5,0.88,0,4,29,33
10756,2012-03-29,2,1,3,6,0,4,1,1,0.46,0.4545,0.59,0.2537,3,114,117
10359,2012-03-12,1,1,3,17,0,1,1,2,0.62,0.6212,0.38,0.4179,87,557,644
11163,2012-04-15,2,1,4,7,0,0,0,1,0.5,0.4848,0.63,0.1045,16,30,46
11378,2012-04-24,2,1,4,6,0,2,1,1,0.3,0.2879,0.7,0.2239,3,117,120
11367,2012-04-23,2,1,4,19,0,1,1,2,0.34,0.3182,0.76,0.2239,11,287,298
11313,2012-04-21,2,1,4,13,0,6,0,1,0.66,0.6212,0.54,0.2239,291,358,649
10701,2012-03-26,2,1,3,23,0,1,1,1,0.34,0.2879,0.25,0.5224,2,46,48
11349,2012-04-23,2,1,4,1,0,1,1,3,0.34,0.303,0.87,0.3582,1,1,2
10990,2012-04-08,2,1,4,1,0,0,0,1,0.44,0.4394,0.24,0.2239,14,50,64
10533,2012-03-19,1,1,3,23,0,1,1,2,0.56,0.5303,0.78,0.1343,9,45,54
10540,2012-03-20,1,1,3,6,0,2,1,2,0.52,0.5,0.94,0.1642,6,94,100
10496,2012-03-18,1,1,3,10,0,0,0,2,0.42,0.4242,0.88,0.1045,139,212,351
10748,2012-03-28,2,1,3,22,0,3,1,1,0.56,0.5303,0.64,0.1343,21,151,172
11048,2012-04-10,2,1,4,11,0,2,1,1,0.5,0.4848,0.36,0,78,161,239
10293,2012-03-09,1,1,3,22,0,5,1,1,0.34,0.2879,0.31,0.4925,7,100,107
10887,2012-04-03,2,1,4,18,0,2,1,1,0.6,0.6061,0.26,0.1642,139,661,800
11522,2012-04-30,2,1,4,6,0,1,1,1,0.4,0.4091,0.47,0.194,2,121,123
10188,2012-03-05,1,1,3,13,0,1,1,2,0.26,0.2576,0.55,0.2985,11,109,120
10623,2012-03-23,2,1,3,17,0,5,1,2,0.72,0.6515,0.42,0.1642,264,693,957
11290,2012-04-20,2,1,4,14,0,5,1,1,0.64,0.6212,0.44,0.2239,156,238,394
11063,2012-04-11,2,1,4,2,0,3,1,1,0.32,0.303,0.45,0.2836,0,2,2
10785,2012-03-30,2,1,3,11,0,5,1,2,0.36,0.3788,0.53,0,48,153,201
11468,2012-04-28,2,1,4,0,0,6,0,1,0.38,0.3939,0.43,0.1642,4,99,103
10240,2012-03-07,1,1,3,17,0,3,1,1,0.56,0.5303,0.43,0.4925,58,554,612
10396,2012-03-14,1,1,3,6,0,3,1,1,0.44,0.4394,0.82,0.0896,1,120,121
10878,2012-04-03,2,1,4,9,0,2,1,1,0.42,0.4242,0.38,0.0896,54,354,408
10208,2012-03-06,1,1,3,9,0,2,1,1,0.22,0.2727,0.47,0,11,222,233
10167,2012-03-04,1,1,3,16,0,0,0,1,0.36,0.3182,0.29,0.4925,68,231,299
11025,2012-04-09,2,1,4,12,0,1,1,1,0.54,0.5152,0.28,0.7164,94,186,280
11246,2012-04-18,2,1,4,18,0,3,1,2,0.42,0.4242,0.77,0,27,478,505
10231,2012-03-07,1,1,3,8,0,3,1,1,0.28,0.2576,0.61,0.2985,12,554,566
10612,2012-03-23,2,1,3,6,0,5,1,2,0.5,0.4848,0.88,0,6,110,116
11056,2012-04-10,2,1,4,19,0,2,1,1,0.52,0.5,0.2,0.3582,51,428,479
10753,2012-03-29,2,1,3,3,0,4,1,1,0.58,0.5455,0.28,0.2537,1,4,5
10680,2012-03-26,2,1,3,2,0,1,1,1,0.46,0.4545,0.88,0.2239,14,6,20
11345,2012-04-22,2,1,4,21,0,0,0,3,0.36,0.3333,0.87,0.3881,0,11,11
10522,2012-03-19,1,1,3,12,0,1,1,1,0.6,0.6061,0.64,0.2537,71,211,282
10637,2012-03-24,2,1,3,7,0,6,0,2,0.5,0.4848,0.88,0.1343,25,45,70
10435,2012-03-15,1,1,3,21,0,4,1,1,0.54,0.5152,0.68,0.2836,36,207,243
10657,2012-03-25,2,1,3,3,0,0,0,3,0.42,0.4242,0.94,0.2985,8,10,18
10291,2012-03-09,1,1,3,20,0,5,1,1,0.38,0.3939,0.32,0.3582,3,156,159
10773,2012-03-29,2,1,3,23,0,4,1,1,0.42,0.4242,0.47,0.2985,17,77,94
10518,2012-03-19,1,1,3,8,0,1,1,1,0.46,0.4545,0.88,0.1045,16,563,579
11186,2012-04-16,2,1,4,6,1,1,0,1,0.52,0.5,0.83,0.1642,10,123,133
10310,2012-03-10,1,1,3,15,0,6,0,1,0.34,0.3636,0.25,0,132,274,406
11426,2012-04-26,2,1,4,6,0,4,1,2,0.48,0.4697,0.63,0.2537,5,122,127
10525,2012-03-19,1,1,3,15,0,1,1,1,0.64,0.6212,0.57,0.2239,97,189,286
10413,2012-03-14,1,1,3,23,0,3,1,1,0.56,0.5303,0.43,0.1642,19,72,91
10498,2012-03-18,1,1,3,12,0,0,0,2,0.44,0.4394,0.88,0.1343,222,281,503
11279,2012-04-20,2,1,4,3,0,5,1,1,0.44,0.4394,0.88,0.1045,1,9,10
11109,2012-04-13,2,1,4,1,0,5,1,1,0.36,0.3485,0.46,0.194,2,28,30
10653,2012-03-24,2,1,3,23,0,6,0,2,0.44,0.4394,0.94,0.2836,17,88,105
10622,2012-03-23,2,1,3,16,0,5,1,2,0.72,0.6515,0.42,0.1642,219,370,589
10184,2012-03-05,1,1,3,9,0,1,1,2,0.22,0.2576,0.6,0.0896,11,186,197
11520,2012-04-30,2,1,4,4,0,1,1,1,0.38,0.3939,0.62,0.2537,0,2,2
11137,2012-04-14,2,1,4,5,0,6,0,1,0.36,0.3636,0.66,0.1045,2,5,7
11322,2012-04-21,2,1,4,22,0,6,0,1,0.48,0.4697,0.82,0.2985,20,90,110
11442,2012-04-26,2,1,4,22,0,4,1,1,0.52,0.5,0.83,0.1642,20,163,183
10460,2012-03-16,1,1,3,22,0,5,1,2,0.44,0.4394,0.94,0,16,132,148
11149,2012-04-14,2,1,4,17,0,6,0,2,0.62,0.6212,0.33,0.2537,251,309,560
10882,2012-04-03,2,1,4,13,0,2,1,1,0.56,0.5303,0.19,0.2537,120,225,345
11027,2012-04-09,2,1,4,14,0,1,1,1,0.56,0.5303,0.28,0.5522,66,152,218
10230,2012-03-07,1,1,3,7,0,3,1,1,0.26,0.2273,0.65,0.3881,12,332,344
11043,2012-04-10,2,1,4,6,0,2,1,1,0.34,0.3485,0.71,0.1045,3,100,103
11400,2012-04-25,2,1,4,4,0,3,1,1,0.34,0.3485,0.66,0.0896,0,6,6
10880,2012-04-03,2,1,4,11,0,2,1,1,0.48,0.4697,0.23,0,91,167,258
11497,2012-04-29,2,1,4,5,0,0,0,1,0.34,0.3636,0.87,0,0,6,6
11221,2012-04-17,2,1,4,17,0,2,1,1,0.64,0.6061,0.25,0.2985,108,673,781
11083,2012-04-11,2,1,4,23,0,3,1,1,0.34,0.303,0.57,0.2985,9,52,61
11220,2012-04-17,2,1,4,16,0,2,1,1,0.68,0.6212,0.22,0.3582,50,320,370
11527,2012-04-30,2,1,4,11,0,1,1,2,0.44,0.4394,0.44,0.1045,52,111,163
11461,2012-04-27,2,1,4,17,0,5,1,1,0.54,0.5152,0.24,0.3881,89,613,702
11473,2012-04-28,2,1,4,5,0,6,0,1,0.34,0.3333,0.46,0.1343,2,3,5
11251,2012-04-18,2,1,4,23,0,3,1,2,0.42,0.4242,0.77,0,14,56,70
10779,2012-03-30,2,1,3,5,0,5,1,1,0.32,0.3333,0.61,0.0896,0,26,26
11383,2012-04-24,2,1,4,11,0,2,1,1,0.46,0.4545,0.31,0.3881,27,157,184
10206,2012-03-06,1,1,3,7,0,2,1,1,0.16,0.1818,0.55,0.1343,5,270,275
10131,2012-03-03,1,1,3,4,0,6,0,2,0.36,0.3485,0.93,0.194,0,2,2
11113,2012-04-13,2,1,4,5,0,5,1,2,0.34,0.3333,0.53,0.1642,2,19,21
11412,2012-04-25,2,1,4,16,0,3,1,1,0.6,0.5909,0.2,0.3284,49,327,376
10193,2012-03-05,1,1,3,18,0,1,1,3,0.28,0.2273,0.55,0.6567,12,363,375
10369,2012-03-13,1,1,3,3,0,2,1,3,0.52,0.5,0.72,0.2985,0,2,2
10456,2012-03-16,1,1,3,18,0,5,1,3,0.48,0.4697,0.82,0.0896,31,377,408
10796,2012-03-30,2,1,3,22,0,5,1,1,0.36,0.3485,0.71,0.1642,23,130,153
10344,2012-03-12,1,1,3,2,0,1,1,1,0.38,0.3939,0.54,0.1045,4,5,9
11140,2012-04-14,2,1,4,8,0,6,0,1,0.36,0.3485,0.71,0.1343,24,136,160
11138,2012-04-14,2,1,4,6,0,6,0,1,0.34,0.3333,0.76,0.1642,2,19,21
10935,2012-04-05,2,1,4,18,0,4,1,1,0.5,0.4848,0.31,0.1045,80,618,698
10931,2012-04-05,2,1,4,14,0,4,1,1,0.46,0.4545,0.33,0.1642,143,144,287
10868,2012-04-02,2,1,4,23,0,1,1,1,0.44,0.4394,0.35,0.1642,6,60,66
10927,2012-04-05,2,1,4,10,0,4,1,1,0.42,0.4242,0.35,0.2836,88,158,246
11445,2012-04-27,2,1,4,1,0,5,1,1,0.5,0.4848,0.59,0.4478,3,32,35
11141,2012-04-14,2,1,4,9,0,6,0,1,0.42,0.4242,0.54,0.1343,59,206,265
11142,2012-04-14,2,1,4,10,0,6,0,1,0.46,0.4545,0.51,0.1642,139,267,406
11339,2012-04-22,2,1,4,15,0,0,0,3,0.38,0.3939,0.87,0.3881,0,38,38
10794,2012-03-30,2,1,3,20,0,5,1,1,0.4,0.4091,0.62,0.1642,17,192,209
10471,2012-03-17,1,1,3,9,0,6,0,2,0.44,0.4394,0.88,0.0896,104,217,321
10665,2012-03-25,2,1,3,11,0,0,0,2,0.4,0.4091,0.94,0.2537,106,217,323
11097,2012-04-12,2,1,4,13,0,4,1,1,0.48,0.4697,0.36,0.4478,55,148,203
11018,2012-04-09,2,1,4,5,0,1,1,1,0.44,0.4394,0.24,0.194,2,30,32
11449,2012-04-27,2,1,4,5,0,5,1,1,0.42,0.4242,0.44,0.3582,0,19,19
11215,2012-04-17,2,1,4,11,0,2,1,1,0.6,0.6212,0.33,0.4179,65,174,239
10839,2012-04-01,2,1,4,17,0,0,0,1,0.52,0.5,0.55,0.2836,232,323,555
10129,2012-03-03,1,1,3,2,0,6,0,3,0.36,0.3636,0.93,0.0896,4,34,38
10969,2012-04-07,2,1,4,4,0,6,0,1,0.32,0.3182,0.36,0.1642,3,4,7
11484,2012-04-28,2,1,4,16,0,6,0,2,0.44,0.4394,0.38,0.194,132,244,376
10848,2012-04-02,2,1,4,2,0,1,1,3,0.44,0.4394,0.94,0.1343,2,3,5
10414,2012-03-15,1,1,3,0,0,4,1,1,0.54,0.5152,0.49,0.1343,14,46,60
10989,2012-04-08,2,1,4,0,0,0,0,1,0.44,0.4394,0.24,0.2239,21,64,85
10970,2012-04-07,2,1,4,5,0,6,0,1,0.32,0.3182,0.33,0.1642,0,2,2
10755,2012-03-29,2,1,3,5,0,4,1,1,0.5,0.4848,0.45,0.2239,2,30,32
11261,2012-04-19,2,1,4,9,0,4,1,2,0.46,0.4545,0.72,0,31,270,301
10977,2012-04-07,2,1,4,12,0,6,0,1,0.46,0.4545,0.23,0.3881,320,270,590
11244,2012-04-18,2,1,4,16,0,3,1,2,0.42,0.4242,0.77,0.2239,36,199,235
11437,2012-04-26,2,1,4,17,0,4,1,1,0.54,0.5152,0.77,0.1642,49,565,614
10884,2012-04-03,2,1,4,15,0,2,1,1,0.6,0.5909,0.2,0.194,109,207,316
10128,2012-03-03,1,1,3,1,0,6,0,3,0.36,0.3788,0.93,0,0,44,44
10463,2012-03-17,1,1,3,1,0,6,0,2,0.44,0.4394,0.94,0,12,57,69
10081,2012-03-01,1,1,3,2,0,4,1,2,0.46,0.4545,0.94,0.2836,0,6,6
11385,2012-04-24,2,1,4,13,0,2,1,1,0.5,0.4848,0.29,0.3881,35,189,224
10747,2012-03-28,2,1,3,21,0,3,1,1,0.58,0.5455,0.6,0.2537,28,233,261
10564,2012-03-21,2,1,3,6,0,3,1,2,0.48,0.4697,0.94,0.2239,10,139,149
11161,2012-04-15,2,1,4,5,0,0,0,1,0.5,0.4848,0.68,0.1642,4,6,10
10315,2012-03-10,1,1,3,20,0,6,0,1,0.32,0.3333,0.33,0.1343,20,101,121
10611,2012-03-23,2,1,3,5,0,5,1,2,0.5,0.4848,0.94,0,5,29,34
10761,2012-03-29,2,1,3,11,0,4,1,1,0.5,0.4848,0.45,0.4179,54,166,220
10580,2012-03-21,2,1,3,22,0,3,1,1,0.52,0.5,0.83,0.1642,41,156,197
11237,2012-04-18,2,1,4,9,0,3,1,3,0.48,0.4697,0.44,0.2985,20,245,265
10975,2012-04-07,2,1,4,10,0,6,0,1,0.42,0.4242,0.28,0.2537,187,176,363
10098,2012-03-01,1,1,3,19,0,4,1,1,0.48,0.4697,0.41,0.3284,11,317,328
10650,2012-03-24,2,1,3,20,0,6,0,3,0.44,0.4394,1,0.194,31,80,111
10937,2012-04-05,2,1,4,20,0,4,1,1,0.44,0.4394,0.41,0.194,33,279,312
10324,2012-03-11,1,1,3,6,0,0,0,1,0.24,0.2424,0.7,0.1642,2,8,10
11366,2012-04-23,2,1,4,18,0,1,1,3,0.32,0.3333,0.81,0.1343,10,369,379
11053,2012-04-10,2,1,4,16,0,2,1,1,0.58,0.5455,0.21,0.2537,66,296,362
10209,2012-03-06,1,1,3,10,0,2,1,1,0.24,0.2576,0.44,0,16,113,129
10734,2012-03-28,2,1,3,8,0,3,1,1,0.38,0.3939,0.46,0.3582,19,639,658
11465,2012-04-27,2,1,4,21,0,5,1,1,0.44,0.4394,0.33,0.2985,23,185,208
10722,2012-03-27,2,1,3,20,0,2,1,1,0.42,0.4242,0.17,0.0896,28,266,294
11538,2012-04-30,2,1,4,22,0,1,1,2,0.52,0.5,0.55,0.1642,11,123,134
10193,2012-03-05,1,1,3,18,0,1,1,3,0.28,0.2273,0.55,0.6567,12,363,375
11009,2012-04-08,2,1,4,20,0,0,0,1,0.56,0.5303,0.28,0.4179,65,146,211
10651,2012-03-24,2,1,3,21,0,6,0,3,0.44,0.4394,1,0.194,16,88,104
11505,2012-04-29,2,1,4,13,0,0,0,1,0.5,0.4848,0.45,0.1045,226,369,595
10288,2012-03-09,1,1,3,17,0,5,1,1,0.46,0.4545,0.24,0.3881,68,498,566
10468,2012-03-17,1,1,3,6,0,6,0,2,0.42,0.4242,0.94,0.194,1,29,30
10939,2012-04-05,2,1,4,22,0,4,1,1,0.4,0.4091,0.47,0.194,20,129,149
10372,2012-03-13,1,1,3,6,0,2,1,3,0.46,0.4545,0.82,0.194,5,108,113
10893,2012-04-04,2,1,4,0,0,3,1,1,0.48,0.4697,0.48,0,18,23,41
11090,2012-04-12,2,1,4,6,0,4,1,1,0.3,0.2879,0.65,0.2537,2,94,96
11235,2012-04-18,2,1,4,7,0,3,1,2,0.5,0.4848,0.39,0.194,10,408,418
10384,2012-03-13,1,1,3,18,0,2,1,1,0.7,0.6364,0.34,0.2985,96,638,734
10633,2012-03-24,2,1,3,3,0,6,0,1,0.54,0.5152,0.77,0.1045,10,22,32
10845,2012-04-01,2,1,4,23,0,0,0,3,0.46,0.4545,0.72,0,10,53,63
10191,2012-03-05,1,1,3,16,0,1,1,1,0.3,0.2727,0.45,0.2985,30,180,210
11238,2012-04-18,2,1,4,10,0,3,1,3,0.48,0.4697,0.47,0.2239,31,116,147
10891,2012-04-03,2,1,4,22,0,2,1,1,0.5,0.4848,0.51,0,25,133,158
10155,2012-03-04,1,1,3,4,0,0,0,2,0.34,0.3333,0.46,0.194,3,11,14
10885,2012-04-03,2,1,4,16,0,2,1,1,0.62,0.6061,0.21,0.1642,145,340,485
11036,2012-04-09,2,1,4,23,0,1,1,1,0.44,0.4394,0.44,0.2985,6,61,67
10218,2012-03-06,1,1,3,19,0,2,1,1,0.34,0.303,0.46,0.2985,9,278,287
10517,2012-03-19,1,1,3,7,0,1,1,1,0.46,0.4545,0.88,0.194,25,329,354
10484,2012-03-17,1,1,3,22,0,6,0,1,0.54,0.5152,0.68,0,58,153,211
11000,2012-04-08,2,1,4,11,0,0,0,1,0.5,0.4848,0.25,0.2836,195,209,404
11256,2012-04-19,2,1,4,4,0,4,1,2,0.42,0.4242,0.71,0,0,4,4
11525,2012-04-30,2,1,4,9,0,1,1,2,0.4,0.4091,0.43,0.194,29,239,268
11120,2012-04-13,2,1,4,12,0,5,1,1,0.5,0.4848,0.31,0,104,218,322
10833,2012-04-01,2,1,4,11,0,0,0,2,0.4,0.4091,0.71,0.194,180,271,451
10553,2012-03-20,1,1,3,19,0,2,1,1,0.58,0.5455,0.73,0.1343,75,480,555
10546,2012-03-20,1,1,3,12,0,2,1,1,0.6,0.5758,0.78,0.2537,56,205,261
10752,2012-03-29,2,1,3,2,0,4,1,1,0.6,0.6061,0.28,0.2985,0,6,6
10228,2012-03-07,1,1,3,5,0,3,1,1,0.28,0.2576,0.56,0.2985,0,18,18
11517,2012-04-30,2,1,4,1,0,1,1,1,0.42,0.4242,0.77,0.0896,9,15,24
10350,2012-03-12,1,1,3,8,0,1,1,1,0.34,0.3333,0.61,0.1343,17,547,564
11365,2012-04-23,2,1,4,17,0,1,1,3,0.3,0.2727,0.82,0.3284,13,219,232
10693,2012-03-26,2,1,3,15,0,1,1,1,0.48,0.4697,0.29,0.6119,66,157,223
11289,2012-04-20,2,1,4,13,0,5,1,1,0.62,0.6212,0.43,0.194,105,276,381
10660,2012-03-25,2,1,3,6,0,0,0,2,0.4,0.4091,1,0.2537,5,13,18
10711,2012-03-27,2,1,3,9,0,2,1,1,0.24,0.2273,0.38,0.194,8,259,267
10340,2012-03-11,1,1,3,22,0,0,0,1,0.4,0.4091,0.54,0.194,13,81,94
10631,2012-03-24,2,1,3,1,0,6,0,1,0.56,0.5303,0.73,0.0896,20,108,128
11033,2012-04-09,2,1,4,20,0,1,1,1,0.5,0.4848,0.36,0.4478,21,255,276
10729,2012-03-28,2,1,3,3,0,3,1,1,0.34,0.303,0.42,0.3284,1,4,5
11212,2012-04-17,2,1,4,8,0,2,1,1,0.6,0.6212,0.43,0.2239,42,631,673
11281,2012-04-20,2,1,4,5,0,5,1,1,0.42,0.4242,0.94,0,1,24,25
10203,2012-03-06,1,1,3,4,0,2,1,1,0.18,0.1667,0.51,0.2985,0,3,3
10955,2012-04-06,2,1,4,14,0,5,1,1,0.48,0.4697,0.29,0.3881,240,250,490
10334,2012-03-11,1,1,3,16,0,0,0,1,0.5,0.4848,0.31,0.3582,208,301,509
11082,2012-04-11,2,1,4,22,0,3,1,1,0.34,0.303,0.57,0.3284,4,130,134
10308,2012-03-10,1,1,3,13,0,6,0,1,0.32,0.303,0.29,0.2836,89,268,357
10161,2012-03-04,1,1,3,10,0,0,0,1,0.3,0.2727,0.49,0.3284,31,161,192
11125,2012-04-13,2,1,4,17,0,5,1,1,0.56,0.5303,0.24,0.1642,117,621,738
10257,2012-03-08,1,1,3,10,0,4,1,1,0.5,0.4848,0.68,0.4627,19,119,138
10102,2012-03-01,1,1,3,23,0,4,1,1,0.36,0.3485,0.5,0.2239,9,76,85
10767,2012-03-29,2,1,3,17,0,4,1,1,0.52,0.5,0.38,0.3881,83,620,703
11208,2012-04-17,2,1,4,4,0,2,1,1,0.66,0.6212,0.44,0.2239,3,6,9
10691,2012-03-26,2,1,3,13,0,1,1,1,0.48,0.4697,0.29,0.6866,79,222,301
11276,2012-04-20,2,1,4,0,0,5,1,1,0.48,0.4697,0.67,0.1045,5,59,64
10302,2012-03-10,1,1,3,7,0,6,0,1,0.22,0.2121,0.44,0.2537,4,36,40
10166,2012-03-04,1,1,3,15,0,0,0,1,0.36,0.3182,0.32,0.5224,82,252,334
10341,2012-03-11,1,1,3,23,0,0,0,1,0.4,0.4091,0.5,0.1642,12,40,52
11478,2012-04-28,2,1,4,10,0,6,0,2,0.38,0.3939,0.4,0.1642,60,231,291
10281,2012-03-09,1,1,3,10,0,5,1,2,0.34,0.2879,0.36,0.4925,14,145,159
10483,2012-03-17,1,1,3,21,0,6,0,1,0.54,0.5152,0.68,0.1642,54,169,223
10237,2012-03-07,1,1,3,14,0,3,1,1,0.52,0.5,0.36,0.3284,38,137,175
10417,2012-03-15,1,1,3,3,0,4,1,1,0.5,0.4848,0.63,0,0,7,7
10170,2012-03-04,1,1,3,19,0,0,0,1,0.3,0.2576,0.36,0.4925,12,120,132
10250,2012-03-08,1,1,3,3,0,4,1,1,0.46,0.4545,0.63,0.3881,0,3,3
10899,2012-04-04,2,1,4,6,0,3,1,2,0.42,0.4242,0.58,0,6,120,126
11060,2012-04-10,2,1,4,23,0,2,1,1,0.36,0.3333,0.4,0.4179,14,48,62
11145,2012-04-14,2,1,4,13,0,6,0,1,0.62,0.6212,0.33,0.2985,308,370,678
10488,2012-03-18,1,1,3,2,0,0,0,2,0.46,0.4545,0.82,0.1045,15,41,56
11225,2012-04-17,2,1,4,21,0,2,1,1,0.56,0.5303,0.26,0.2985,37,260,297
10593,2012-03-22,2,1,3,11,0,4,1,2,0.52,0.5,0.94,0,53,166,219
11264,2012-04-19,2,1,4,12,0,4,1,1,0.54,0.5152,0.49,0,51,213,264
10397,2012-03-14,1,1,3,7,0,3,1,1,0.44,0.4394,0.82,0.1045,20,348,368
10233,2012-03-07,1,1,3,10,0,3,1,1,0.36,0.3333,0.5,0.2985,20,127,147
11277,2012-04-20,2,1,4,1,0,5,1,1,0.46,0.4545,0.82,0.194,3,22,25
11466,2012-04-27,2,1,4,22,0,5,1,1,0.42,0.4242,0.38,0.2537,24,134,158
10360,2012-03-12,1,1,3,18,0,1,1,2,0.6,0.6212,0.43,0.194,89,623,712
11334,2012-04-22,2,1,4,10,0,0,0,3,0.38,0.3939,0.82,0.3284,11,57,68
10392,2012-03-14,1,1,3,2,0,3,1,1,0.5,0.4848,0.68,0.194,0,2,2
11178,2012-04-15,2,1,4,22,0,0,0,1,0.68,0.6364,0.44,0.3582,37,97,134
10442,2012-03-16,1,1,3,4,0,5,1,2,0.4,0.4091,0.87,0.2537,0,3,3
10253,2012-03-08,1,1,3,6,0,4,1,1,0.42,0.4242,0.77,0.2537,4,105,109
10190,2012-03-05,1,1,3,15,0,1,1,2,0.3,0.2879,0.53,0.194,20,110,130
10673,2012-03-25,2,1,3,19,0,0,0,1,0.5,0.4848,0.72,0.2537,114,261,375
10211,2012-03-06,1,1,3,12,0,2,1,1,0.26,0.2727,0.41,0.1045,9,129,138
10133,2012-03-03,1,1,3,6,0,6,0,2,0.36,0.3636,0.93,0.0896,1,6,7
10489,2012-03-18,1,1,3,3,0,0,0,2,0.44,0.4394,0.88,0.1343,3,15,18
11093,2012-04-12,2,1,4,9,0,4,1,1,0.36,0.3333,0.57,0.3582,16,271,287
11397,2012-04-25,2,1,4,1,0,3,1,1,0.42,0.4242,0.41,0,8,17,25
11421,2012-04-26,2,1,4,1,0,4,1,2,0.48,0.4697,0.48,0.0896,1,22,23
11274,2012-04-19,2,1,4,22,0,4,1,1,0.52,0.5,0.59,0.194,29,219,248
11006,2012-04-08,2,1,4,17,0,0,0,1,0.62,0.6061,0.22,0.2985,185,226,411
10146,2012-03-03,1,1,3,19,0,6,0,1,0.46,0.4545,0.33,0.1642,34,191,225
10947,2012-04-06,2,1,4,6,0,5,1,1,0.3,0.2727,0.49,0.3881,0,80,80
10299,2012-03-10,1,1,3,4,0,6,0,1,0.24,0.2121,0.41,0.3582,1,3,4
11450,2012-04-27,2,1,4,6,0,5,1,1,0.4,0.4091,0.43,0.2537,5,115,120
11312,2012-04-21,2,1,4,12,0,6,0,1,0.64,0.6212,0.57,0.2239,262,378,640
10857,2012-04-02,2,1,4,12,0,1,1,1,0.44,0.4394,0.44,0.4478,100,181,281
11435,2012-04-26,2,1,4,15,0,4,1,2,0.52,0.5,0.83,0.3284,39,165,204
10407,2012-03-14,1,1,3,17,0,3,1,1,0.7,0.6364,0.28,0.0896,140,642,782
10402,2012-03-14,1,1,3,12,0,3,1,2,0.64,0.6212,0.29,0,55,212,267
10545,2012-03-20,1,1,3,11,0,2,1,1,0.58,0.5455,0.83,0.1343,74,156,230
10256,2012-03-08,1,1,3,9,0,4,1,1,0.46,0.4545,0.72,0.4627,19,282,301
10543,2012-03-20,1,1,3,9,0,2,1,2,0.54,0.5152,0.88,0.1642,41,284,325
10956,2012-04-06,2,1,4,15,0,5,1,1,0.5,0.4848,0.27,0.2836,218,319,537
10777,2012-03-30,2,1,3,3,0,5,1,1,0.34,0.3333,0.61,0.1343,0,7,7
10236,2012-03-07,1,1,3,13,0,3,1,1,0.5,0.4848,0.34,0.4179,26,179,205
11405,2012-04-25,2,1,4,9,0,3,1,1,0.42,0.4242,0.54,0,33,288,321
10207,2012-03-06,1,1,3,8,0,2,1,1,0.16,0.1818,0.59,0.1045,14,487,501
11294,2012-04-20,2,1,4,18,0,5,1,1,0.62,0.6212,0.5,0.2836,110,558,668
11028,2012-04-09,2,1,4,15,0,1,1,1,0.58,0.5455,0.28,0.5522,82,173,255
10941,2012-04-06,2,1,4,0,0,5,1,1,0.4,0.4091,0.43,0,12,49,61
10495,2012-03-18,1,1,3,9,0,0,0,2,0.42,0.4242,0.88,0.0896,65,113,178
10849,2012-04-02,2,1,4,4,0,1,1,1,0.4,0.4091,0.76,0.4925,2,2,4
10846,2012-04-02,2,1,4,0,0,1,1,3,0.44,0.4394,0.82,0.1045,6,11,17
10298,2012-03-10,1,1,3,3,0,6,0,1,0.26,0.2273,0.41,0.2985,0,16,16
10399,2012-03-14,1,1,3,9,0,3,1,1,0.52,0.5,0.68,0,26,325,351
10974,2012-04-07,2,1,4,9,0,6,0,1,0.4,0.4091,0.3,0.2537,103,173,276
10183,2012-03-05,1,1,3,8,0,1,1,1,0.2,0.2273,0.59,0.1045,13,415,428
10373,2012-03-13,1,1,3,7,0,2,1,2,0.46,0.4545,0.82,0.2836,16,292,308
10375,2012-03-13,1,1,3,9,0,2,1,1,0.48,0.4697,0.82,0.2836,18,324,342
10212,2012-03-06,1,1,3,13,0,2,1,1,0.3,0.303,0.39,0.1343,16,148,164
10709,2012-03-27,2,1,3,7,0,2,1,1,0.22,0.2273,0.37,0.194,9,277,286
10626,2012-03-23,2,1,3,20,0,5,1,1,0.66,0.6212,0.47,0.1343,117,328,445
11467,2012-04-27,2,1,4,23,0,5,1,1,0.4,0.4091,0.4,0.2537,11,105,116
10844,2012-04-01,2,1,4,22,0,0,0,3,0.5,0.4848,0.63,0.1045,7,61,68
10464,2012-03-17,1,1,3,2,0,6,0,2,0.44,0.4394,0.88,0,10,32,42
11434,2012-04-26,2,1,4,14,0,4,1,2,0.54,0.5152,0.77,0.194,37,132,169
11321,2012-04-21,2,1,4,21,0,6,0,3,0.5,0.4848,0.82,0.3881,20,82,102
10727,2012-03-28,2,1,3,1,0,3,1,1,0.36,0.3333,0.46,0.2985,0,8,8
10915,2012-04-04,2,1,4,22,0,3,1,1,0.56,0.5303,0.22,0.1642,30,151,181
11086,2012-04-12,2,1,4,2,0,4,1,1,0.32,0.303,0.61,0.2836,0,4,4
10306,2012-03-10,1,1,3,11,0,6,0,1,0.3,0.2727,0.33,0.3284,56,218,274
10370,2012-03-13,1,1,3,4,0,2,1,2,0.46,0.4545,0.82,0.194,0,1,1
10116,2012-03-02,1,1,3,13,0,5,1,1,0.42,0.4242,0.44,0.2239,31,191,222
10313,2012-03-10,1,1,3,18,0,6,0,1,0.36,0.3636,0.21,0.0896,67,230,297
10610,2012-03-23,2,1,3,4,0,5,1,2,0.5,0.4848,0.94,0.1045,0,3,3
10467,2012-03-17,1,1,3,5,0,6,0,2,0.42,0.4242,0.94,0.0896,5,3,8
10165,2012-03-04,1,1,3,14,0,0,0,1,0.36,0.3333,0.34,0.3582,106,226,332
11010,2012-04-08,2,1,4,21,0,0,0,1,0.52,0.5,0.34,0.2239,53,77,130
10255,2012-03-08,1,1,3,8,0,4,1,1,0.44,0.4394,0.77,0.3881,12,573,585
11172,2012-04-15,2,1,4,16,0,0,0,1,0.72,0.6515,0.39,0.3582,286,330,616
11129,2012-04-13,2,1,4,21,0,5,1,1,0.5,0.4848,0.36,0,36,153,189
10515,2012-03-19,1,1,3,5,0,1,1,1,0.44,0.4394,0.94,0,0,31,31
11311,2012-04-21,2,1,4,11,0,6,0,1,0.62,0.6061,0.61,0.3284,260,348,608
10953,2012-04-06,2,1,4,12,0,5,1,1,0.42,0.4242,0.35,0.2985,113,224,337
10745,2012-03-28,2,1,3,19,0,3,1,1,0.6,0.6212,0.56,0.194,41,415,456
10490,2012-03-18,1,1,3,4,0,0,0,2,0.42,0.4242,0.94,0.1642,6,8,14
11455,2012-04-27,2,1,4,11,0,5,1,1,0.44,0.4394,0.38,0.3284,47,186,233
10586,2012-03-22,2,1,3,4,0,4,1,2,0.48,0.4697,1,0.0896,0,6,6
11096,2012-04-12,2,1,4,12,0,4,1,1,0.46,0.4545,0.41,0.4478,60,199,259
10379,2012-03-13,1,1,3,13,0,2,1,1,0.6,0.6061,0.6,0.3881,53,180,233
10629,2012-03-23,2,1,3,23,0,5,1,1,0.6,0.5909,0.69,0.2537,51,125,176
10949,2012-04-06,2,1,4,8,0,5,1,1,0.3,0.2727,0.49,0.3284,19,489,508
10103,2012-03-02,1,1,3,0,0,5,1,1,0.34,0.3333,0.53,0.1642,1,45,46
10573,2012-03-21,2,1,3,15,0,3,1,2,0.56,0.5303,0.78,0,68,175,243
10538,2012-03-20,1,1,3,4,0,2,1,2,0.52,0.5,0.88,0.1343,0,6,6
10458,2012-03-16,1,1,3,20,0,5,1,1,0.46,0.4545,0.88,0,31,204,235
11132,2012-04-14,2,1,4,0,0,6,0,1,0.4,0.4091,0.58,0.1343,11,85,96
10363,2012-03-12,1,1,3,21,0,1,1,2,0.54,0.5152,0.56,0.2239,22,183,205
10967,2012-04-07,2,1,4,2,0,6,0,1,0.36,0.3333,0.29,0.3582,11,25,36
10124,2012-03-02,1,1,3,21,0,5,1,3,0.36,0.3636,0.87,0.0896,2,99,101
10820,2012-03-31,2,1,3,22,0,6,0,2,0.38,0.3939,0.71,0.2537,40,116,156
10996,2012-04-08,2,1,4,7,0,0,0,1,0.38,0.3939,0.27,0.1642,12,25,37
10286,2012-03-09,1,1,3,15,0,5,1,1,0.46,0.4545,0.24,0.2537,50,188,238
10661,2012-03-25,2,1,3,7,0,0,0,2,0.4,0.4091,0.94,0.3284,14,25,39
10979,2012-04-07,2,1,4,14,0,6,0,1,0.5,0.4848,0.22,0.2985,326,252,578
10477,2012-03-17,1,1,3,15,0,6,0,1,0.64,0.6212,0.53,0.1343,357,322,679
10645,2012-03-24,2,1,3,15,0,6,0,3,0.5,0.4848,0.94,0.4179,118,172,290
10715,2012-03-27,2,1,3,13,0,2,1,1,0.36,0.3485,0.27,0,46,165,211
10427,2012-03-15,1,1,3,13,0,4,1,2,0.66,0.6212,0.41,0.0896,62,211,273
11462,2012-04-27,2,1,4,18,0,5,1,1,0.52,0.5,0.25,0.3582,94,560,654
10278,2012-03-09,1,1,3,7,0,5,1,2,0.38,0.3939,0.4,0.2985,6,262,268
11175,2012-04-15,2,1,4,19,0,0,0,1,0.7,0.6364,0.42,0.2537,114,265,379
10568,2012-03-21,2,1,3,10,0,3,1,2,0.52,0.5,0.83,0.1642,30,124,154
10581,2012-03-21,2,1,3,23,0,3,1,1,0.54,0.5152,0.77,0,37,88,125
11095,2012-04-12,2,1,4,11,0,4,1,1,0.42,0.4242,0.47,0.2985,50,174,224
10459,2012-03-16,1,1,3,21,0,5,1,2,0.44,0.4394,0.94,0,8,144,152
10232,2012-03-07,1,1,3,9,0,3,1,1,0.3,0.2727,0.61,0.3284,12,252,264
10079,2012-03-01,1,1,3,0,0,4,1,2,0.42,0.4242,0.94,0,1,10,11
10776,2012-03-30,2,1,3,2,0,5,1,1,0.36,0.3333,0.53,0.2985,1,6,7
11147,2012-04-14,2,1,4,15,0,6,0,2,0.64,0.6212,0.27,0.3582,311,347,658
10911,2012-04-04,2,1,4,18,0,3,1,1,0.66,0.6212,0.41,0.2537,113,646,759
10079,2012-03-01,1,1,3,0,0,4,1,2,0.42,0.4242,0.94,0,1,10,11
10804,2012-03-31,2,1,3,6,0,6,0,2,0.36,0.3485,0.87,0.1642,7,16,23
10284,2012-03-09,1,1,3,13,0,5,1,2,0.38,0.3939,0.29,0.3881,49,175,224
10607,2012-03-23,2,1,3,1,0,5,1,1,0.54,0.5152,0.88,0,18,32,50
10111,2012-03-02,1,1,3,8,0,5,1,1,0.28,0.303,0.75,0.0896,16,533,549
10790,2012-03-30,2,1,3,16,0,5,1,3,0.4,0.4091,0.62,0.2836,75,292,367
11134,2012-04-14,2,1,4,2,0,6,0,1,0.38,0.3939,0.66,0.1343,3,53,56
11273,2012-04-19,2,1,4,21,0,4,1,1,0.52,0.5,0.55,0.1045,27,240,267
10326,2012-03-11,1,1,3,8,0,0,0,1,0.22,0.2273,0.69,0.1343,4,68,72
11409,2012-04-25,2,1,4,13,0,3,1,1,0.56,0.5303,0.26,0.2239,35,193,228
10832,2012-04-01,2,1,4,10,0,0,0,2,0.4,0.4091,0.71,0.1045,132,228,360
10138,2012-03-03,1,1,3,11,0,6,0,2,0.4,0.4091,0.87,0.0896,33,181,214
11206,2012-04-17,2,1,4,2,0,2,1,1,0.56,0.5303,0.83,0.1045,1,3,4
10976,2012-04-07,2,1,4,11,0,6,0,1,0.44,0.4394,0.24,0.2985,251,244,495
11387,2012-04-24,2,1,4,15,0,2,1,1,0.5,0.4848,0.23,0.4179,60,176,236
10365,2012-03-12,1,1,3,23,0,1,1,1,0.56,0.5303,0.56,0.2239,10,53,63
10664,2012-03-25,2,1,3,10,0,0,0,2,0.4,0.4091,0.87,0.3284,78,172,250
11429,2012-04-26,2,1,4,9,0,4,1,3,0.46,0.4545,0.88,0.1642,12,189,201
11227,2012-04-17,2,1,4,23,0,2,1,1,0.54,0.5152,0.32,0.2239,10,72,82
11001,2012-04-08,2,1,4,12,0,0,0,1,0.54,0.5152,0.24,0.2537,198,259,457
11336,2012-04-22,2,1,4,12,0,0,0,3,0.38,0.3939,0.87,0.3284,5,56,61
10556,2012-03-20,1,1,3,22,0,2,1,1,0.54,0.5152,0.77,0,32,156,188
11030,2012-04-09,2,1,4,17,0,1,1,1,0.54,0.5152,0.32,0.4179,67,565,632
10196,2012-03-05,1,1,3,21,0,1,1,1,0.26,0.2273,0.37,0.3881,4,116,120
11423,2012-04-26,2,1,4,3,0,4,1,2,0.48,0.4697,0.55,0.0896,1,5,6
10703,2012-03-27,2,1,3,1,0,2,1,1,0.3,0.2727,0.26,0.4627,1,4,5
10400,2012-03-14,1,1,3,10,0,3,1,1,0.56,0.5303,0.56,0.1045,38,150,188
11375,2012-04-24,2,1,4,3,0,2,1,1,0.32,0.303,0.81,0.2239,0,2,2
10205,2012-03-06,1,1,3,6,0,2,1,1,0.18,0.2121,0.51,0.1045,3,99,102
10433,2012-03-15,1,1,3,19,0,4,1,2,0.64,0.6212,0.5,0.194,72,353,425
11133,2012-04-14,2,1,4,1,0,6,0,1,0.4,0.4091,0.58,0.1343,10,60,70
10305,2012-03-10,1,1,3,10,0,6,0,1,0.26,0.2273,0.35,0.4179,47,176,223
10620,2012-03-23,2,1,3,14,0,5,1,2,0.72,0.6515,0.42,0.1045,208,224,432
10333,2012-03-11,1,1,3,15,0,0,0,1,0.5,0.4848,0.29,0.2985,201,286,487
11314,2012-04-21,2,1,4,14,0,6,0,1,0.7,0.6364,0.45,0.2836,278,331,609
10597,2012-03-22,2,1,3,15,0,4,1,1,0.62,0.6061,0.69,0.194,102,202,304
11370,2012-04-23,2,1,4,22,0,1,1,1,0.32,0.3182,0.76,0.194,18,71,89
10925,2012-04-05,2,1,4,8,0,4,1,1,0.36,0.3485,0.46,0.2239,28,610,638
11500,2012-04-29,2,1,4,8,0,0,0,1,0.38,0.3939,0.76,0.1343,26,81,107
10126,2012-03-02,1,1,3,23,0,5,1,2,0.36,0.3788,0.87,0,4,19,23
10689,2012-03-26,2,1,3,11,0,1,1,1,0.48,0.4697,0.31,0.5821,47,131,178
11250,2012-04-18,2,1,4,22,0,3,1,2,0.42,0.4242,0.77,0.0896,9,153,162
11536,2012-04-30,2,1,4,20,0,1,1,2,0.52,0.5,0.59,0.194,28,281,309
10421,2012-03-15,1,1,3,7,0,4,1,1,0.44,0.4394,0.72,0.0896,14,367,381
11051,2012-04-10,2,1,4,14,0,2,1,1,0.54,0.5152,0.24,0.194,75,149,224
11011,2012-04-08,2,1,4,22,0,0,0,1,0.5,0.4848,0.36,0.2239,33,85,118
10527,2012-03-19,1,1,3,17,0,1,1,1,0.64,0.6212,0.53,0.2239,106,615,721
11222,2012-04-17,2,1,4,18,0,2,1,1,0.64,0.6061,0.25,0.2836,105,670,775
10089,2012-03-01,1,1,3,10,0,4,1,1,0.52,0.5,0.55,0.1642,11,122,133
10429,2012-03-15,1,1,3,15,0,4,1,1,0.72,0.6515,0.32,0.2239,100,187,287
10090,2012-03-01,1,1,3,11,0,4,1,1,0.56,0.5303,0.43,0.194,19,149,168
11327,2012-04-22,2,1,4,3,0,0,0,2,0.44,0.4394,0.82,0.1642,7,33,40
10688,2012-03-26,2,1,3,10,0,1,1,1,0.5,0.4848,0.36,0.5821,55,98,153
11042,2012-04-10,2,1,4,5,0,2,1,1,0.34,0.3333,0.71,0.1343,0,24,24
11116,2012-04-13,2,1,4,8,0,5,1,1,0.38,0.3939,0.46,0.1642,24,539,563
10174,2012-03-04,1,1,3,23,0,0,0,1,0.26,0.2576,0.41,0.194,2,24,26
10125,2012-03-02,1,1,3,22,0,5,1,2,0.36,0.3788,0.87,0,6,69,75
11150,2012-04-14,2,1,4,18,0,6,0,2,0.62,0.6212,0.35,0.2239,197,284,481
11065,2012-04-11,2,1,4,5,0,3,1,1,0.28,0.2727,0.56,0.194,1,26,27
10554,2012-03-20,1,1,3,20,0,2,1,1,0.58,0.5455,0.68,0.0896,78,299,377
10946,2012-04-06,2,1,4,5,0,5,1,1,0.32,0.303,0.53,0.3284,0,23,23
11494,2012-04-29,2,1,4,2,0,0,0,2,0.36,0.3636,0.87,0.1045,4,36,40
10821,2012-03-31,2,1,3,23,0,6,0,2,0.36,0.3333,0.76,0.2836,12,100,112
10336,2012-03-11,1,1,3,18,0,0,0,1,0.52,0.5,0.29,0.2836,133,256,389
11398,2012-04-25,2,1,4,2,0,3,1,1,0.36,0.3788,0.62,0,1,6,7
10242,2012-03-07,1,1,3,19,0,3,1,1,0.54,0.5152,0.42,0.3582,16,345,361
11376,2012-04-24,2,1,4,4,0,2,1,1,0.3,0.2879,0.7,0.194,0,3,3
11258,2012-04-19,2,1,4,6,0,4,1,2,0.4,0.4091,0.82,0.1045,4,116,120
10879,2012-04-03,2,1,4,10,0,2,1,1,0.44,0.4394,0.33,0,77,142,219
10304,2012-03-10,1,1,3,9,0,6,0,1,0.24,0.2121,0.41,0.3284,21,127,148
11016,2012-04-09,2,1,4,3,0,1,1,1,0.44,0.4394,0.3,0.1642,0,3,3
11068,2012-04-11,2,1,4,8,0,3,1,1,0.3,0.2879,0.49,0.2239,14,581,595
10803,2012-03-31,2,1,3,5,0,6,0,1,0.4,0.4091,0.82,0.2239,0,5,5
10921,2012-04-05,2,1,4,4,0,4,1,1,0.38,0.3939,0.43,0.2836,0,1,1
11004,2012-04-08,2,1,4,15,0,0,0,1,0.62,0.6061,0.17,0.3582,260,226,486
10578,2012-03-21,2,1,3,20,0,3,1,1,0.56,0.5303,0.78,0.0896,76,298,374
11514,2012-04-29,2,1,4,22,0,0,0,1,0.5,0.4848,0.45,0,23,85,108
10420,2012-03-15,1,1,3,6,0,4,1,1,0.44,0.4394,0.72,0.0896,4,113,117
10952,2012-04-06,2,1,4,11,0,5,1,1,0.4,0.4091,0.37,0.2985,112,179,291
10424,2012-03-15,1,1,3,10,0,4,1,1,0.52,0.5,0.68,0.1045,34,130,164
10609,2012-03-23,2,1,3,3,0,5,1,1,0.52,0.5,0.88,0.1045,4,6,10
10437,2012-03-15,1,1,3,23,0,4,1,1,0.48,0.4697,0.72,0.194,12,85,97
10842,2012-04-01,2,1,4,20,0,0,0,2,0.5,0.4848,0.59,0.2239,66,166,232
11029,2012-04-09,2,1,4,16,0,1,1,1,0.56,0.5303,0.3,0.4179,81,310,391
11092,2012-04-12,2,1,4,8,0,4,1,1,0.32,0.303,0.66,0.3284,20,604,624
11151,2012-04-14,2,1,4,19,0,6,0,2,0.6,0.6212,0.4,0.1642,163,296,459
10793,2012-03-30,2,1,3,19,0,5,1,1,0.4,0.4091,0.62,0.2239,42,353,395
10674,2012-03-25,2,1,3,20,0,0,0,1,0.48,0.4697,0.77,0.2239,63,196,259
10377,2012-03-13,1,1,3,11,0,2,1,1,0.54,0.5152,0.73,0.2836,64,155,219
11180,2012-04-16,2,1,4,0,1,1,0,1,0.64,0.6212,0.53,0.3284,15,26,41
10314,2012-03-10,1,1,3,19,0,6,0,1,0.34,0.3636,0.25,0,25,159,184
10662,2012-03-25,2,1,3,8,0,0,0,2,0.4,0.4091,0.94,0.3284,21,68,89
11181,2012-04-16,2,1,4,1,1,1,0,1,0.62,0.6061,0.61,0.3582,7,21,28
10288,2012-03-09,1,1,3,17,0,5,1,1,0.46,0.4545,0.24,0.3881,68,498,566
11407,2012-04-25,2,1,4,11,0,3,1,1,0.52,0.5,0.32,0.1343,42,177,219
10603,2012-03-22,2,1,3,21,0,4,1,1,0.58,0.5455,0.78,0.1642,66,308,374
11162,2012-04-15,2,1,4,6,0,0,0,1,0.5,0.4848,0.63,0.1343,5,11,16
11267,2012-04-19,2,1,4,15,0,4,1,1,0.6,0.6212,0.43,0,66,196,262
11530,2012-04-30,2,1,4,14,0,1,1,2,0.5,0.4848,0.55,0.1343,56,162,218
10592,2012-03-22,2,1,3,10,0,4,1,2,0.5,0.4848,1,0.0896,32,110,142
10574,2012-03-21,2,1,3,16,0,3,1,1,0.58,0.5455,0.73,0,91,287,378
11380,2012-04-24,2,1,4,8,0,2,1,1,0.34,0.3182,0.61,0.2537,12,599,611
10197,2012-03-05,1,1,3,22,0,1,1,1,0.24,0.2121,0.35,0.3284,2,76,78
11183,2012-04-16,2,1,4,3,1,1,0,1,0.58,0.5455,0.68,0.194,3,5,8
10634,2012-03-24,2,1,3,4,0,6,0,1,0.52,0.5,0.83,0.0896,1,6,7
11330,2012-04-22,2,1,4,6,0,0,0,2,0.44,0.4394,0.72,0.3284,6,6,12
10329,2012-03-11,1,1,3,11,0,0,0,1,0.36,0.3333,0.43,0.2836,90,209,299
11486,2012-04-28,2,1,4,18,0,6,0,3,0.4,0.4091,0.47,0,17,73,90
11102,2012-04-12,2,1,4,18,0,4,1,1,0.5,0.4848,0.27,0.3881,63,547,610
11017,2012-04-09,2,1,4,4,0,1,1,1,0.44,0.4394,0.24,0.194,2,3,5
11176,2012-04-15,2,1,4,20,0,0,0,1,0.64,0.6212,0.5,0.2239,86,205,291
11416,2012-04-25,2,1,4,20,0,3,1,1,0.56,0.5303,0.22,0.0896,22,358,380
10325,2012-03-11,1,1,3,7,0,0,0,1,0.22,0.2273,0.69,0.1343,2,15,17
10555,2012-03-20,1,1,3,21,0,2,1,1,0.56,0.5303,0.73,0,38,239,277
11076,2012-04-11,2,1,4,16,0,3,1,1,0.44,0.4394,0.33,0.2985,51,256,307
10895,2012-04-04,2,1,4,2,0,3,1,1,0.46,0.4545,0.51,0,0,5,5
11239,2012-04-18,2,1,4,11,0,3,1,3,0.46,0.4545,0.47,0.2537,14,105,119
10144,2012-03-03,1,1,3,17,0,6,0,1,0.5,0.4848,0.23,0.3284,106,279,385
10371,2012-03-13,1,1,3,5,0,2,1,2,0.46,0.4545,0.82,0.194,0,24,24
10268,2012-03-08,1,1,3,21,0,4,1,1,0.6,0.6212,0.43,0.3881,27,206,233
10321,2012-03-11,1,1,3,3,0,0,0,1,0.24,0.2424,0.6,0.1343,15,51,66
10516,2012-03-19,1,1,3,6,0,1,1,1,0.46,0.4545,0.88,0.1343,2,118,120
10171,2012-03-04,1,1,3,20,0,0,0,1,0.28,0.2727,0.38,0.2537,8,80,88
11306,2012-04-21,2,1,4,6,0,6,0,1,0.5,0.4848,0.82,0.2239,10,21,31
10300,2012-03-10,1,1,3,5,0,6,0,1,0.22,0.2121,0.42,0.2836,3,7,10
10438,2012-03-16,1,1,3,0,0,5,1,1,0.44,0.4394,0.77,0.2537,8,49,57
10223,2012-03-07,1,1,3,0,0,3,1,1,0.28,0.2576,0.65,0.2836,3,12,15
10889,2012-04-03,2,1,4,20,0,2,1,1,0.56,0.5303,0.24,0.1343,54,325,379
10316,2012-03-10,1,1,3,21,0,6,0,1,0.3,0.2879,0.39,0.2239,16,94,110
10338,2012-03-11,1,1,3,20,0,0,0,1,0.44,0.4394,0.47,0.2239,42,129,171
10499,2012-03-18,1,1,3,13,0,0,0,2,0.46,0.4545,0.82,0.1642,198,346,544
11126,2012-04-13,2,1,4,18,0,5,1,1,0.54,0.5152,0.26,0.1343,107,564,671
10394,2012-03-14,1,1,3,4,0,3,1,1,0.48,0.4697,0.67,0.0896,1,4,5
10713,2012-03-27,2,1,3,11,0,2,1,1,0.3,0.303,0.31,0.1642,34,141,175
11360,2012-04-23,2,1,4,12,0,1,1,3,0.34,0.303,0.71,0.3582,12,117,129
10229,2012-03-07,1,1,3,6,0,3,1,1,0.28,0.2576,0.61,0.3881,4,104,108
10173,2012-03-04,1,1,3,22,0,0,0,1,0.26,0.2424,0.41,0.2537,9,53,62
11316,2012-04-21,2,1,4,16,0,6,0,1,0.7,0.6364,0.42,0.3284,267,372,639
11167,2012-04-15,2,1,4,11,0,0,0,1,0.62,0.6212,0.46,0.2985,227,301,528
11050,2012-04-10,2,1,4,13,0,2,1,1,0.52,0.5,0.23,0.1642,81,202,283
