encounter_id,patient_nbr,race,gender,age,weight,admission_type_id,discharge_disposition_id,admission_source_id,time_in_hospital,payer_code,medical_specialty,num_lab_procedures,num_procedures,num_medications,number_outpatient,number_emergency,number_inpatient,diag_1,diag_2,diag_3,number_diagnoses,max_glu_serum,A1Cresult,metformin,repaglinide,nateglinide,chlorpropamide,glimepiride,acetohexamide,glipizide,glyburide,tolbutamide,pioglitazone,rosiglitazone,acarbose,miglitol,troglitazone,tolazamide,examide,citoglipton,insulin,glyburide-metformin,glipizide-metformin,glimepiride-pioglitazone,metformin-rosiglitazone,metformin-pioglitazone,change,diabetesMed
160477326,25305705,Caucasian,Female,[60-70),?,1,3,7,11,MC,InternalMedicine,54,1,20,0,0,0,584,427,348,5,,,No,No,No,No,Steady,No,No,No,No,No,No,No,No,No,No,No,No,Up,No,No,No,No,No,Ch,Yes
160478292,42502365,Caucasian,Female,[80-90),?,1,3,7,4,MC,?,59,0,18,0,0,0,288,154,250,4,,,No,No,No,No,No,No,Steady,No,No,No,No,No,No,No,No,No,No,No,No,No,No,No,No,No,Yes
160478382,29591433,Hispanic,Female,[40-50),?,3,1,1,3,SP,Pulmonology,36,0,19,0,0,0,493,250,530,5,,>7,Steady,Steady,No,No,No,No,No,No,No,No,No,No,No,No,No,No,No,Down,No,No,No,No,No,Ch,Yes
160479480,93443589,Caucasian,Male,[70-80),?,2,1,1,4,?,Cardiology,33,0,8,1,0,1,453,414,401,4,,,No,No,No,No,No,No,Steady,No,No,No,No,No,No,No,No,No,No,No,No,No,No,No,No,No,Yes
160479546,65137536,Caucasian,Female,[70-80),?,1,1,7,4,?,?,47,0,11,0,0,0,682,416,250,6,,,No,No,No,No,No,No,No,No,No,No,No,No,No,No,No,No,No,No,No,No,No,No,No,No,No
160479738,61952940,AfricanAmerican,Male,[60-70),?,1,4,7,4,?,?,37,0,9,1,0,3,434,425,682,9,,,Steady,No,No,No,No,No,No,No,No,No,Steady,No,No,No,No,No,No,No,No,No,No,No,No,Ch,Yes
160480872,100267245,Caucasian,Male,[70-80),?,2,3,7,4,UN,Emergency/Trauma,65,2,17,0,0,0,820,496,162,8,,,No,No,No,No,No,No,No,No,No,No,Steady,No,No,No,No,No,No,No,No,No,No,No,No,No,Yes
160481682,89939142,AfricanAmerican,Female,[40-50),?,1,6,7,10,BC,?,51,0,23,1,1,1,486,710,276,5,>300,,No,No,No,No,No,No,Up,No,No,Steady,No,No,No,No,No,No,No,No,No,No,No,No,No,Ch,Yes
160481874,92320191,Caucasian,Female,[60-70),?,2,1,7,2,MC,Emergency/Trauma,51,0,22,0,0,1,787,518,560,9,,,Steady,No,No,No,No,No,No,No,No,Steady,No,No,No,No,No,No,No,Down,No,No,No,No,No,Ch,Yes
160482846,43864677,Caucasian,Male,[50-60),?,3,1,1,3,SP,Urology,19,2,22,0,0,0,600,250,V45,3,,,No,No,No,No,No,No,No,No,No,Steady,No,No,No,No,No,No,No,Steady,No,No,No,No,No,Ch,Yes
160487454,99600021,Hispanic,Female,[30-40),?,2,1,7,4,MD,Emergency/Trauma,40,0,14,0,1,2,493,250,311,3,,>7,Down,No,No,No,No,No,No,No,No,No,No,No,No,No,No,No,No,Down,No,No,No,No,No,Ch,Yes
160489002,88966710,AfricanAmerican,Male,[50-60),?,1,1,7,4,?,?,31,0,14,0,1,2,434,425,571,9,,,Steady,No,No,No,Steady,No,No,No,No,No,No,No,No,No,No,No,No,Steady,No,No,No,No,No,Ch,Yes
160489038,57107862,AfricanAmerican,Female,[30-40),?,1,1,7,12,?,?,50,2,21,0,0,0,560,564,250,5,,,No,No,No,No,No,No,No,No,No,No,No,No,No,No,No,No,No,No,No,No,No,No,No,No,No
160489086,78277599,AfricanAmerican,Female,[50-60),?,1,1,1,6,?,?,36,0,12,1,1,6,403,250.42,276,9,,,No,No,No,No,No,No,No,No,No,No,No,No,No,No,No,No,No,Down,No,No,No,No,No,Ch,Yes
160489260,59697594,AfricanAmerican,Female,[90-100),?,1,6,7,3,MC,?,33,1,15,0,0,0,440,292,585,7,,,No,No,No,No,No,No,No,No,No,No,No,No,No,No,No,No,No,No,No,No,No,No,No,No,No
160490532,80348247,Caucasian,Male,[80-90),?,1,1,7,4,?,?,58,0,14,0,0,0,486,424,250,7,,,No,No,No,No,No,No,Steady,No,No,No,No,No,No,No,No,No,No,No,No,No,No,No,No,No,Yes
160491126,24438915,Caucasian,Female,[70-80),?,1,1,7,5,MC,InternalMedicine,43,0,16,0,0,0,790,276,599,9,,,No,No,Steady,No,Up,No,No,No,No,No,No,No,No,No,No,No,No,Steady,No,No,No,No,No,Ch,Yes
160491156,36174114,Caucasian,Male,[70-80),?,5,1,1,2,MC,?,45,0,14,1,0,0,428,424,397,9,,Norm,No,No,No,No,No,No,No,No,No,Steady,No,No,No,No,No,No,No,Steady,No,No,No,No,No,Ch,Yes
160491192,84379014,Caucasian,Male,[70-80),?,1,1,7,2,MC,?,59,0,10,0,0,0,789,585,276,9,,Norm,Steady,No,No,No,No,No,No,No,No,No,No,No,No,No,No,No,No,No,No,No,No,No,No,No,Yes
160497156,86400963,Caucasian,Male,[70-80),?,3,22,1,6,HM,?,28,5,37,0,0,0,198,155,197,9,,,No,No,No,No,No,No,No,Steady,No,No,No,No,No,No,No,No,No,No,No,No,No,No,No,No,Yes
160497582,43547877,Caucasian,Male,[60-70),?,3,6,1,6,HM,?,35,1,31,1,0,0,715,250,401,9,,,No,No,No,No,No,No,Steady,No,No,No,No,No,No,No,No,No,No,No,No,No,No,No,No,No,Yes
160506714,29069784,Caucasian,Female,[60-70),?,3,3,1,7,MC,Orthopedics,40,2,19,0,0,0,715,427,401,6,,,No,No,No,No,No,No,No,No,No,No,No,No,No,No,No,No,No,No,No,No,No,No,No,No,No
160506924,77833584,Caucasian,Male,[80-90),?,3,6,1,9,?,Surgery-General,43,1,35,0,0,0,154,285,414,7,,,No,No,No,No,No,No,No,No,No,No,No,No,No,No,No,No,No,Steady,No,No,No,No,No,No,Yes
160510938,40453992,Caucasian,Female,[50-60),?,5,1,1,4,HM,?,7,3,16,1,0,0,278,864,401,9,,,No,No,No,No,No,No,No,No,No,No,Steady,No,No,No,No,No,No,Down,No,No,No,No,No,Ch,Yes
160515090,52848720,Caucasian,Male,[40-50),?,2,1,1,3,CP,?,51,1,15,3,0,0,V58,201,250,3,,,Steady,No,No,No,No,No,No,No,No,No,No,No,No,No,No,No,No,Steady,No,No,No,No,No,Ch,Yes
160515780,107739900,Caucasian,Male,[70-80),?,3,1,1,1,HM,Cardiology,30,2,18,0,1,0,427,401,250,4,,,No,No,No,No,Steady,No,No,No,No,No,Steady,No,No,No,No,No,No,No,No,No,No,No,No,Ch,Yes
160518324,25116543,AfricanAmerican,Female,[70-80),?,1,3,7,9,MC,Nephrology,47,4,25,0,0,0,428,996,403,9,,,No,No,No,No,No,No,No,No,No,No,No,No,No,No,No,No,No,No,No,No,No,No,No,No,No
160525284,61934022,Caucasian,Male,[40-50),?,2,6,1,7,?,Surgery-Vascular,35,2,28,0,0,1,997,250.7,276,9,,,No,No,No,No,No,No,No,No,No,No,No,No,No,No,No,No,No,Up,No,No,No,No,No,Ch,Yes
160537782,41425650,Caucasian,Female,[70-80),?,3,1,1,7,MC,?,57,0,20,0,0,0,38,287,276,6,,,No,No,No,No,No,No,No,No,No,No,No,No,No,No,No,No,No,No,No,No,No,No,No,No,No
160537800,58188654,Caucasian,Female,[40-50),?,3,6,1,4,HM,?,35,6,14,0,0,0,617,998,614,9,,,No,No,No,No,No,No,No,No,No,No,No,No,No,No,No,No,No,No,No,No,No,No,No,No,No
160541004,26975538,Caucasian,Female,[60-70),?,3,1,1,1,MC,Radiologist,35,6,20,0,0,0,414,397,424,9,,,No,No,No,No,No,No,No,No,No,No,Steady,No,No,No,No,No,No,Up,No,No,No,No,No,Ch,Yes
160541016,38188305,Caucasian,Male,[60-70),?,3,1,1,2,MC,Urology,28,2,6,0,0,0,600,601,401,5,,Norm,Steady,No,No,No,No,No,No,No,No,No,No,No,No,No,No,No,No,Up,No,No,No,No,No,Ch,Yes
160541352,85292676,Caucasian,Female,[60-70),?,5,6,1,3,HM,?,12,2,26,1,0,0,715,285,250,8,,,No,No,No,No,No,No,Steady,No,No,No,No,No,No,No,No,No,No,No,No,No,No,No,No,No,Yes
160542144,23261310,AfricanAmerican,Male,[50-60),?,3,1,1,2,BC,Family/GeneralPractice,26,0,5,0,0,1,250.9,276,493,3,,,Steady,No,No,No,No,No,No,Steady,No,No,No,No,No,No,No,No,No,Up,No,No,No,No,No,Ch,Yes
160542636,52771536,Caucasian,Female,[80-90),?,1,1,7,7,MC,?,50,1,21,0,0,0,560,276,599,9,,,No,No,No,No,No,No,No,No,No,No,No,No,No,No,No,No,No,Steady,No,No,No,No,No,No,Yes
160547556,95320629,Caucasian,Male,[60-70),?,2,1,7,5,CM,Emergency/Trauma,31,0,11,0,0,2,427,276,441,7,,,No,No,No,No,No,No,No,No,No,No,No,No,No,No,No,No,No,No,No,No,No,No,No,No,No
160550244,58878963,Caucasian,Female,[30-40),?,3,1,1,2,DM,ObstetricsandGynecology,54,2,10,10,0,0,648,250,401,9,,,No,No,No,No,No,No,No,No,No,No,No,No,No,No,No,No,No,Down,No,No,No,No,No,Ch,Yes
160552464,110463471,Caucasian,Male,[60-70),?,2,3,7,11,BC,Family/GeneralPractice,60,6,29,0,0,1,996,996,790,9,,,No,Steady,No,No,No,No,No,No,No,No,No,No,No,No,No,No,No,Up,No,No,No,No,No,Ch,Yes
160555878,23316453,Caucasian,Female,[60-70),?,1,1,7,2,MC,InternalMedicine,41,0,12,0,0,0,435,585,250,4,,,No,No,No,No,No,No,No,Steady,No,No,No,No,No,No,No,No,No,Steady,No,No,No,No,No,Ch,Yes
160555992,112244553,Asian,Female,[70-80),?,3,3,1,13,MC,Orthopedics,47,2,13,0,0,1,996,41,V43,8,,,No,No,No,No,No,No,No,No,No,No,No,No,No,No,No,No,No,Down,No,No,No,No,No,Ch,Yes
160557180,66463317,Caucasian,Male,[50-60),?,1,1,7,3,BC,?,68,0,11,0,0,0,682,250,601,5,,>7,No,No,No,No,No,No,Steady,Steady,No,No,No,No,No,No,No,No,No,No,No,No,No,No,No,Ch,Yes
160562904,41627070,Caucasian,Male,[70-80),?,3,1,1,1,UN,Cardiology,34,2,6,0,0,0,433,414,440,9,,,No,No,No,No,No,No,No,No,No,No,No,No,No,No,No,No,No,No,No,No,No,No,No,No,No
160563750,41627367,Caucasian,Female,[70-80),?,3,1,1,6,SP,?,37,1,10,0,0,2,578,285,250,8,,,Steady,No,No,No,No,No,No,No,No,No,No,No,No,No,No,No,No,No,No,No,No,No,No,No,Yes
160563972,25067322,AfricanAmerican,Female,[80-90),?,1,1,7,11,MC,InternalMedicine,54,1,13,0,0,2,599,276,585,9,,,No,No,No,No,No,No,No,No,No,No,No,No,No,No,No,No,No,Steady,No,No,No,No,No,No,Yes
160564884,95977755,Caucasian,Female,[80-90),?,6,3,17,2,?,InternalMedicine,48,1,12,5,0,1,786,403,585,9,,,No,No,No,No,No,No,No,No,No,No,No,No,No,No,No,No,No,Up,No,No,No,No,No,Ch,Yes
160567860,102187692,Caucasian,Male,[60-70),?,3,1,1,4,OG,Podiatry,38,1,12,0,0,0,250.8,707,785,9,,>7,Down,No,No,No,No,No,No,No,No,No,Steady,No,No,No,No,No,No,Steady,No,No,No,No,No,Ch,Yes
160568238,23230467,AfricanAmerican,Male,[40-50),?,1,1,7,6,MC,Cardiology,43,1,16,0,1,2,428,425,585,9,,,No,No,No,No,No,No,No,No,No,No,No,No,No,No,No,No,No,Steady,No,No,No,No,No,No,Yes
160569660,49801644,Caucasian,Female,[80-90),?,1,1,7,1,?,?,40,0,9,0,0,0,250.8,414,401,6,,Norm,Steady,No,No,No,No,No,No,No,No,No,No,No,No,No,No,No,No,No,No,No,No,No,No,No,Yes
160569768,1807038,Caucasian,Female,[70-80),?,1,4,7,2,MC,Family/GeneralPractice,49,0,15,0,0,2,486,518,38,9,,,No,No,No,No,No,No,No,No,No,No,No,No,No,No,No,No,No,Steady,No,No,No,No,No,No,Yes
160571208,69748812,Caucasian,Female,[40-50),?,3,1,1,6,?,?,3,0,11,0,0,0,296,250,810,9,,,Steady,No,No,No,No,No,No,No,No,No,No,No,No,No,No,No,No,No,No,No,No,No,No,No,Yes
160571532,41192757,Caucasian,Female,[30-40),?,1,28,7,1,SP,?,37,0,9,0,0,0,969,250.02,969,9,,,No,No,No,No,No,No,No,No,No,No,No,No,No,No,No,No,No,No,Steady,No,No,No,No,No,Yes
160578732,91852848,Caucasian,Male,[50-60),?,2,1,7,2,BC,Emergency/Trauma,57,1,2,0,0,0,434,368,781,8,,,No,No,No,No,No,No,No,No,No,No,No,No,No,No,No,No,No,No,No,No,No,No,No,No,No
160578966,25300881,Caucasian,Female,[50-60),?,3,1,1,1,BC,Oncology,18,0,8,0,0,0,780,785,174,4,,,No,No,No,No,No,No,No,No,No,No,No,No,No,No,No,No,No,No,No,No,No,No,No,No,No
160583094,88323147,Caucasian,Female,[60-70),?,1,1,7,3,MC,?,56,0,12,0,0,0,427,496,305,8,,,No,No,No,No,No,No,No,No,No,No,No,No,No,No,No,No,No,No,No,No,No,No,No,No,No
160583412,43834014,Caucasian,Male,[50-60),?,3,1,1,3,SP,Surgery-General,48,2,14,0,0,1,530,530,250,6,,,Steady,No,No,No,No,No,No,No,No,No,No,No,No,No,No,No,No,Steady,No,No,No,No,No,Ch,Yes
160583562,84541383,Caucasian,Male,[50-60),?,2,1,1,4,HM,?,34,0,17,0,0,1,728,728,786,6,,,No,No,No,No,No,No,Steady,No,No,No,No,No,No,No,No,No,No,No,No,No,No,No,No,No,Yes
160585008,41888565,Caucasian,Male,[40-50),?,3,1,1,6,SP,?,49,2,14,1,1,1,440,250,305,5,,,No,No,No,No,No,No,No,No,No,No,No,No,No,No,No,No,No,Up,No,No,No,No,No,Ch,Yes
160585440,25041087,AfricanAmerican,Male,[30-40),?,1,1,7,4,SP,InternalMedicine,41,0,13,0,0,0,682,250,V58,7,,>7,Steady,No,No,No,No,No,Steady,No,No,No,No,No,No,No,No,No,No,Steady,No,No,No,No,No,Ch,Yes
160588680,88699842,Caucasian,Female,[80-90),?,1,6,7,4,MC,?,38,0,16,0,0,0,491,518,453,9,,,No,No,No,No,No,No,No,No,No,No,No,No,No,No,No,No,No,No,No,No,No,No,No,No,No
160588686,78405480,Caucasian,Male,[60-70),?,2,14,1,14,CP,Gastroenterology,46,1,12,0,0,4,571,572,276,6,,,No,No,No,No,No,No,No,No,No,No,No,No,No,No,No,No,No,Steady,No,No,No,No,No,No,Yes
160589160,62463843,AfricanAmerican,Female,[70-80),?,1,15,1,3,?,Emergency/Trauma,45,0,22,1,1,4,428,599,585,9,,,No,No,No,No,No,No,No,No,No,No,No,No,No,No,No,No,No,Down,No,No,No,No,No,Ch,Yes
160590828,41612751,Caucasian,Female,[70-80),?,3,1,1,2,MC,?,44,0,6,0,0,0,427,424,250,4,,,Steady,No,No,No,No,No,No,No,No,No,No,No,No,No,No,No,No,No,No,No,No,No,No,No,Yes
160590870,25301016,AfricanAmerican,Female,[20-30),?,1,1,7,1,BC,InternalMedicine,35,0,3,0,0,0,250.2,276,?,2,,,No,No,No,No,No,No,No,No,No,No,No,No,No,No,No,No,No,Steady,No,No,No,No,No,No,Yes
160592094,86459436,Other,Male,[70-80),?,5,3,1,5,MC,?,52,0,22,0,0,1,486,491,427,9,,,No,No,No,No,No,No,No,Steady,No,No,No,No,No,No,No,No,No,Steady,No,No,No,No,No,Ch,Yes
160592652,54662337,Caucasian,Male,[60-70),?,1,1,7,3,BC,?,55,1,12,0,0,0,250.13,276,305,9,,>8,No,No,No,No,No,No,No,No,No,No,No,No,No,No,No,No,No,Up,No,No,No,No,No,Ch,Yes
160594674,24032277,Caucasian,Female,[70-80),?,3,1,1,8,MC,Cardiology,36,6,33,0,0,0,414,402,428,9,,,No,No,No,No,No,No,No,No,No,No,No,No,No,No,No,No,No,Up,No,No,No,No,No,Ch,Yes
160597290,89605449,Caucasian,Male,[80-90),?,1,3,7,8,MC,Family/GeneralPractice,68,1,20,0,0,4,996,599,285,9,,,Steady,No,No,No,Steady,No,No,No,No,No,No,No,No,No,No,No,No,Steady,No,No,No,No,No,Ch,Yes
160598874,95331690,Caucasian,Female,[30-40),?,1,1,7,3,MD,Surgery-General,39,2,4,1,0,0,575,575,571,7,,,No,No,No,No,No,No,No,No,No,No,No,No,No,No,No,No,No,No,No,No,No,No,No,No,No
160599006,31807692,Caucasian,Female,[70-80),?,1,3,7,6,MC,?,49,0,15,0,0,0,486,491,250,9,,,Steady,No,No,No,No,No,No,No,No,No,No,No,No,No,No,No,No,No,No,No,No,No,No,No,Yes
160600188,112824369,AfricanAmerican,Female,[80-90),?,2,1,1,8,?,Psychiatry,25,0,16,0,0,0,298,294,401,9,,,No,No,No,No,Steady,No,No,No,No,No,No,No,No,No,No,No,No,No,No,No,No,No,No,No,Yes
160602594,59257458,Caucasian,Female,[50-60),?,2,1,7,8,?,Family/GeneralPractice,37,0,9,0,2,2,295,296,250,4,,Norm,Steady,No,No,No,No,No,No,No,No,No,No,No,No,No,No,No,No,No,No,No,No,No,No,No,Yes
160607142,25104294,AfricanAmerican,Female,[70-80),?,1,1,7,3,MC,InternalMedicine,43,4,16,0,0,1,428,425,250,5,,,Steady,No,No,No,No,No,Steady,No,No,No,No,No,No,No,No,No,No,No,No,No,No,No,No,Ch,Yes
160608198,73281069,Caucasian,Female,[80-90),?,1,1,7,2,?,InternalMedicine,71,0,18,5,0,0,434,276,599,9,,,No,No,No,No,No,No,No,No,No,Steady,No,No,No,No,No,No,No,No,No,No,No,No,No,No,Yes
160609152,40086135,Caucasian,Female,[60-70),?,1,6,7,5,MC,?,36,0,20,0,0,1,491,300,301,7,,,Steady,No,No,No,No,No,No,No,No,No,No,No,No,No,No,No,No,Steady,No,No,No,No,No,Ch,Yes
160610472,42543432,Caucasian,Male,[70-80),?,1,1,7,4,SP,?,85,5,25,0,0,1,496,250.02,428,9,,>8,No,No,No,No,No,No,No,Steady,No,No,No,No,No,No,No,No,No,Down,No,No,No,No,No,Ch,Yes
160611594,58005981,AfricanAmerican,Male,[70-80),?,1,1,7,2,?,?,1,0,15,0,0,0,786,428,496,7,,,No,No,No,No,No,No,Steady,No,No,No,No,No,No,No,No,No,No,No,No,No,No,No,No,No,Yes
160611600,53271432,Caucasian,Female,[90-100),?,1,14,7,6,CM,?,62,0,15,0,0,0,599,276,428,9,,,No,No,No,No,No,No,No,No,No,No,No,No,No,No,No,No,No,Steady,No,No,No,No,No,No,Yes
160611756,57902751,Caucasian,Female,[50-60),?,1,1,7,2,MC,?,51,1,15,0,0,2,536,276,786,9,,,No,No,No,No,No,No,No,No,No,No,No,No,No,No,No,No,No,No,No,No,No,No,No,No,No
160612392,25040313,Caucasian,Female,[80-90),?,1,1,7,1,MC,InternalMedicine,44,0,11,0,2,1,491,401,416,9,,,No,No,No,No,No,No,No,No,No,No,No,No,No,No,No,No,No,Down,No,No,No,No,No,Ch,Yes
160612632,85020858,Caucasian,Male,[50-60),?,1,1,7,2,CH,?,44,0,14,0,0,0,386,427,E942,9,,,Steady,No,No,No,No,No,No,Steady,No,Steady,No,No,No,No,No,No,No,No,No,No,No,No,No,Ch,Yes
160612698,40752171,Caucasian,Male,[40-50),?,1,3,7,13,SP,?,59,1,20,2,0,5,577,303,304,9,,,No,No,No,No,No,No,No,No,No,No,No,No,No,No,No,No,No,No,No,No,No,No,No,No,No
160612854,36553662,Caucasian,Male,[40-50),?,5,6,1,14,BC,?,42,4,28,0,0,0,998,682,998,9,,,Steady,No,No,No,No,No,No,No,No,No,No,No,No,No,No,No,No,Down,No,No,No,No,No,Ch,Yes
160613172,85180266,Caucasian,Male,[80-90),?,1,1,7,3,MC,?,44,0,10,0,0,0,428,411,427,9,,,No,No,No,No,No,No,No,No,No,No,No,No,No,No,No,No,No,No,No,No,No,No,No,No,No
160613250,59439474,AfricanAmerican,Female,[50-60),?,1,1,7,7,DM,?,69,5,30,0,0,0,518,428,410,9,,,No,No,No,No,No,No,No,No,No,No,No,No,No,No,No,No,No,Steady,No,No,No,No,No,No,Yes
160613436,24256719,AfricanAmerican,Female,[60-70),?,3,1,1,8,BC,Surgery-Cardiovascular/Thoracic,38,2,32,1,0,1,515,204,V45,5,,,No,No,No,No,No,No,No,No,No,No,No,No,No,No,No,No,No,Steady,No,No,No,No,No,No,Yes
160613586,23327550,AfricanAmerican,Male,[60-70),?,1,1,7,2,MC,InternalMedicine,43,0,15,1,0,1,402,585,425,9,,,No,No,Steady,No,No,No,No,No,No,No,No,No,No,No,No,No,No,Steady,No,No,No,No,No,Ch,Yes
160613820,58264470,Caucasian,Male,[50-60),?,1,1,7,1,?,?,30,0,9,1,0,3,562,427,428,9,,,No,No,No,No,No,No,No,No,No,No,No,No,No,No,No,No,No,Steady,No,No,No,No,No,No,Yes
160614228,106034652,Caucasian,Male,[70-80),?,3,3,1,3,MC,Orthopedics,28,2,14,0,0,2,715,414,250,4,,,No,No,No,No,Steady,No,No,No,No,No,No,No,No,No,No,No,No,No,No,No,No,No,No,No,Yes
160617864,61578513,Caucasian,Female,[80-90),?,1,11,7,12,?,?,44,4,19,2,0,0,410,428,518,9,,,No,No,No,No,No,No,No,No,No,No,No,No,No,No,No,No,No,Steady,No,No,No,No,No,No,Yes
160620966,56600451,Caucasian,Male,[70-80),?,1,22,7,9,?,?,54,0,19,0,0,1,8,453,276,6,,,No,No,No,No,No,No,No,No,No,No,No,No,No,No,No,No,No,No,No,No,No,No,No,No,No
160627872,65823021,Caucasian,Female,[60-70),?,5,3,1,4,MC,?,51,3,28,0,0,0,715,285,250,5,,,Down,No,No,No,No,No,No,Steady,No,Steady,No,No,No,No,No,No,No,No,No,No,No,No,No,Ch,Yes
160643526,24959295,Caucasian,Male,[60-70),?,2,1,1,1,MC,Surgery-General,30,2,22,0,0,0,574,571,401,5,,,Steady,No,No,No,No,No,No,No,No,No,No,No,No,No,No,No,No,Up,No,No,No,No,No,Ch,Yes
160648236,50570811,Caucasian,Female,[70-80),?,2,24,1,6,?,Cardiology,31,0,25,18,0,0,428,493,585,9,,,No,No,No,No,No,No,No,No,No,No,No,No,No,No,No,No,No,No,No,No,No,No,No,No,No
160656162,76491054,Caucasian,Female,[60-70),?,8,1,1,1,?,Orthopedics-Reconstructive,37,1,18,3,0,0,812,250,244,5,,,No,No,No,No,No,No,Steady,No,No,No,No,No,No,No,No,No,No,Steady,No,No,No,No,No,Ch,Yes
160659618,25213329,Caucasian,Male,[70-80),?,1,3,7,6,MC,InternalMedicine,44,0,27,0,1,0,530,250.6,496,9,,>8,Steady,No,No,No,No,No,No,Steady,No,No,No,No,No,No,No,No,No,Up,No,No,No,No,No,Ch,Yes
160659888,55876500,Caucasian,Male,[50-60),?,1,1,7,8,?,?,41,2,24,0,0,0,562,569,250,3,,,No,No,No,No,No,No,No,No,No,No,No,No,No,No,No,No,No,No,No,No,No,No,No,No,No
160660992,104704110,Caucasian,Female,[70-80),[50-75),3,1,1,1,MC,Surgery-General,28,3,12,0,0,0,722,585,721,7,,,No,No,Steady,No,No,No,No,No,No,No,No,No,No,No,No,No,No,No,No,No,No,No,No,No,Yes
160662258,43290036,Caucasian,Male,[40-50),?,3,3,1,6,MD,?,33,1,28,0,1,0,821,E888,E849,7,,,Steady,No,No,No,No,No,No,Steady,No,No,No,No,No,No,No,No,No,Steady,No,No,No,No,No,Ch,Yes
160663254,96212943,Caucasian,Male,[80-90),?,2,1,7,4,MC,Emergency/Trauma,53,2,15,0,0,0,415,453,250,7,,>7,No,No,No,No,Down,No,No,No,No,No,No,No,No,No,No,No,No,Down,No,No,No,No,No,Ch,Yes
160669236,78829146,Caucasian,Female,[80-90),?,1,1,7,2,MC,?,60,0,15,0,0,0,486,276,728,9,,>7,No,No,No,No,Steady,No,No,No,No,No,No,No,No,No,No,No,No,Steady,No,No,No,No,No,Ch,Yes
160670622,95256261,AfricanAmerican,Female,[50-60),?,3,1,1,7,SP,Emergency/Trauma,27,0,26,0,0,1,493,466,327,8,,,Steady,No,No,No,No,No,No,No,No,No,Steady,No,No,No,No,No,No,Down,No,No,No,No,No,Ch,Yes
160675200,107356869,Caucasian,Female,[50-60),?,2,1,1,1,?,?,36,6,12,0,0,0,414,428,250.92,9,,,No,No,No,No,No,No,No,No,No,No,No,No,No,No,No,No,No,Up,No,No,No,No,No,Ch,Yes
160675230,25075998,AfricanAmerican,Female,[50-60),?,3,1,1,2,BC,InternalMedicine,12,0,6,0,0,0,276,585,458,5,,,No,No,No,No,No,No,No,No,No,No,No,No,No,No,No,No,No,Steady,No,No,No,No,No,No,Yes
160679436,89680383,AfricanAmerican,Male,[40-50),?,1,1,7,3,HM,?,84,1,17,0,0,1,530,250.12,250.6,9,,>8,No,No,No,No,No,No,Down,No,No,No,No,No,No,No,No,No,No,No,No,No,No,No,No,Ch,Yes
160685388,113321970,Caucasian,Female,[70-80),?,1,1,7,9,CM,Cardiology,41,0,25,0,0,0,493,414,401,6,,>8,No,No,No,No,Steady,No,No,No,No,No,No,No,No,No,No,No,No,Steady,No,No,No,No,No,Ch,Yes
160686678,82143882,AfricanAmerican,Male,[80-90),?,1,22,7,5,?,?,54,0,13,0,0,0,434,585,780,9,,,No,No,No,No,No,No,No,No,No,No,No,No,No,No,No,No,No,Steady,No,No,No,No,No,No,Yes
160687926,41553972,Caucasian,Male,[80-90),?,3,3,1,10,MC,Urology,64,1,38,0,0,1,596,428,486,9,,,Steady,No,No,No,No,No,Steady,No,No,Steady,No,No,No,No,No,No,No,Up,No,No,No,No,No,Ch,Yes
160688748,28065708,Caucasian,Male,[50-60),?,5,1,1,3,MD,?,44,0,16,0,0,0,491,295,135,9,,,No,No,No,No,No,No,No,No,No,No,No,No,No,No,No,No,No,No,No,No,No,No,No,No,No
160688760,54272547,Caucasian,Female,[60-70),?,5,6,1,6,MC,?,65,1,26,6,2,2,250.6,276,578,9,,,No,No,No,No,No,No,No,No,No,No,No,No,No,No,No,No,No,Steady,No,No,No,No,No,No,Yes
160688814,111741156,AfricanAmerican,Female,[70-80),?,2,6,1,7,?,Pathology,35,2,8,0,0,0,V57,438,250,9,,,No,No,No,No,No,No,No,No,No,No,No,No,No,No,No,No,No,No,No,No,No,No,No,No,No
160691088,103957461,Caucasian,Female,[70-80),?,1,1,7,5,MC,?,64,0,19,0,0,0,410,682,780,9,,,No,No,No,No,No,No,No,Steady,No,No,No,No,No,No,No,No,No,No,No,No,No,No,No,No,Yes
160692630,86132313,Caucasian,Female,[80-90),?,2,6,1,3,MC,?,57,0,11,0,0,0,428,414,401,8,,,No,No,No,No,No,No,Steady,No,No,No,Steady,No,No,No,No,No,No,No,No,No,No,No,No,Ch,Yes
160693752,41763726,Caucasian,Female,[50-60),?,1,1,7,2,MC,?,39,0,12,0,0,0,790,276,276,8,,,Steady,No,No,No,No,No,No,No,No,No,Steady,No,No,No,No,No,No,No,No,No,No,No,No,Ch,Yes
160693860,82716489,Caucasian,Female,[80-90),?,6,3,7,12,?,InternalMedicine,71,1,15,0,0,0,733,584,682,6,Norm,,No,No,No,No,No,No,No,No,No,No,No,No,No,No,No,No,No,No,No,No,No,No,No,No,No
160694628,106742655,Caucasian,Male,[70-80),?,2,3,1,8,MC,Gastroenterology,58,1,23,0,0,0,574,401,272,8,,,Steady,No,No,No,No,No,No,No,No,No,No,No,No,No,No,No,No,Steady,No,No,No,No,No,Ch,Yes
160695786,45623790,Caucasian,Male,[50-60),?,2,28,1,6,?,Family/GeneralPractice,17,1,11,0,0,0,303,291,311,5,,,No,No,No,No,No,No,No,No,No,No,No,No,No,No,No,No,No,No,Steady,No,No,No,No,No,Yes
160696680,31065858,Caucasian,Male,[60-70),?,5,3,1,5,MC,?,45,0,17,1,0,2,518,428,428,9,,,No,No,No,No,No,No,No,No,No,No,No,No,No,No,No,No,No,Up,No,No,No,No,No,Ch,Yes
160697742,100602792,Caucasian,Male,[70-80),?,2,3,7,6,SP,Emergency/Trauma,68,0,19,0,0,0,250.02,V58,780,5,,>8,Down,No,No,No,Down,No,No,No,No,Steady,No,No,No,No,No,No,No,Up,No,No,No,No,No,Ch,Yes
160699362,80058897,Caucasian,Female,[60-70),?,1,1,7,2,MC,?,39,0,15,0,0,0,491,250.02,305,6,,,Steady,No,No,No,No,No,Steady,No,No,No,No,No,No,No,No,No,No,Down,No,No,No,No,No,Ch,Yes
160700106,44223741,Caucasian,Female,[70-80),?,1,6,7,12,?,?,12,1,28,0,0,0,805,70,812,9,,,No,No,No,No,No,No,No,No,No,No,No,No,No,No,No,No,No,Steady,No,No,No,No,No,No,Yes
160702620,25307622,AfricanAmerican,Female,[70-80),?,1,3,7,6,MC,InternalMedicine,35,0,14,0,0,0,250.8,681,V58,6,,,No,No,No,No,No,No,No,No,No,No,No,No,No,No,No,No,No,Up,No,No,No,No,No,Ch,Yes
160703064,43352388,Caucasian,Female,[70-80),?,3,3,1,5,MC,?,55,0,16,0,0,0,569,285,276,6,,,No,No,No,No,No,No,No,No,No,No,No,No,No,No,No,No,No,Steady,No,No,No,No,No,No,Yes
160704792,55835703,Caucasian,Male,[40-50),?,1,1,7,1,DM,?,66,0,5,0,0,1,787,571,303,9,,,No,No,No,No,No,No,No,No,No,No,No,No,No,No,No,No,No,Up,No,No,No,No,No,Ch,Yes
160706076,84633552,Caucasian,Female,[80-90),?,2,6,1,3,MC,?,49,0,17,0,0,1,415,V10,724,9,,,No,No,No,No,No,No,No,No,No,No,No,No,No,No,No,No,No,Steady,No,No,No,No,No,No,Yes
160706226,100533195,Asian,Male,[70-80),?,6,1,7,2,?,InternalMedicine,59,2,21,0,0,0,592,591,496,6,Norm,,No,No,No,No,No,No,No,No,No,No,No,No,No,No,No,No,No,No,No,No,No,No,No,No,No
160706508,97670268,AfricanAmerican,Female,[70-80),?,1,6,7,2,?,?,33,0,14,0,2,2,427,425,424,9,,,Steady,No,No,No,No,No,No,No,No,No,No,No,No,No,No,No,No,Steady,No,No,No,No,No,Ch,Yes
160707060,111468897,Caucasian,Male,[90-100),?,2,1,7,1,MC,Emergency/Trauma,55,0,4,0,0,0,411,250,401,6,,Norm,No,No,No,No,No,No,Steady,No,No,No,No,No,No,No,No,No,No,No,No,No,No,No,No,No,Yes
160707468,88537626,Caucasian,Male,[70-80),?,2,1,7,1,MC,Emergency/Trauma,45,0,8,0,0,1,780,458,250,7,,,Steady,No,No,No,Steady,No,No,No,No,No,No,No,No,No,No,No,No,No,No,No,No,No,No,Ch,Yes
160709448,40751802,Caucasian,Female,[50-60),?,5,1,1,8,HM,?,80,3,20,1,0,1,584,571,599,9,,Norm,No,No,No,No,No,No,No,No,No,No,No,No,No,No,No,No,No,Steady,No,No,No,No,No,No,Yes
160710708,57985893,AfricanAmerican,Female,[60-70),?,1,6,7,2,?,?,9,0,9,0,0,0,724,459,401,5,,,No,No,No,No,No,No,No,No,No,Steady,No,No,No,No,No,No,No,No,No,No,No,No,No,No,Yes
160711362,85529844,Caucasian,Female,[80-90),?,1,6,7,6,MC,?,63,2,26,1,0,0,552,427,428,9,,,No,No,No,No,No,No,No,No,No,No,No,No,No,No,No,No,No,No,No,No,No,No,No,No,No
160711578,42512004,Caucasian,Male,[60-70),?,1,11,7,4,MC,?,65,0,21,0,0,2,428,425,202,9,,,No,No,No,No,No,No,No,No,No,No,No,No,No,No,No,No,No,Up,No,No,No,No,No,Ch,Yes
160711836,36161775,Caucasian,Female,[50-60),?,1,1,7,6,UN,Emergency/Trauma,69,2,29,0,0,0,965,250.02,786,9,,,Steady,No,No,No,No,No,No,No,No,No,Steady,No,No,No,No,No,No,Down,No,No,No,No,No,Ch,Yes
160712340,42622362,Caucasian,Male,[40-50),?,1,1,7,2,MD,?,36,0,24,0,0,0,786,401,250,7,,,No,No,No,No,No,No,No,No,No,No,No,No,No,No,No,No,No,Up,No,No,No,No,No,Ch,Yes
160713978,89096679,Caucasian,Male,[80-90),?,2,3,7,3,MC,Emergency/Trauma,73,0,18,0,0,0,789,724,491,9,,>7,No,No,No,No,No,No,No,Steady,No,No,No,No,No,No,No,No,No,Steady,No,No,No,No,No,Ch,Yes
160714242,85061916,Caucasian,Male,[70-80),?,1,1,7,2,MC,?,44,0,13,0,0,0,530,427,414,9,,,Steady,No,No,No,No,No,No,No,No,No,Steady,No,No,No,No,No,No,No,No,No,No,No,No,Ch,Yes
160716234,52347033,AfricanAmerican,Male,[70-80),?,2,4,1,1,?,Family/GeneralPractice,30,0,2,1,0,3,250.7,785,707,9,,,No,No,No,No,No,No,No,No,No,No,No,No,No,No,No,No,No,No,No,No,No,No,No,No,No
160720662,103112145,Caucasian,Male,[50-60),?,3,6,1,5,?,Surgery-Cardiovascular,38,5,45,1,0,0,414,411,518,9,,,No,No,No,No,No,No,No,No,No,No,No,No,No,No,No,No,No,Steady,No,No,No,No,No,No,Yes
160720974,114773508,Caucasian,Female,[40-50),?,5,1,1,1,MC,?,70,1,11,0,0,0,799,401,250.02,9,,>8,No,No,No,No,No,No,No,No,No,No,No,No,No,No,No,No,No,No,No,No,No,No,No,No,No
160721226,66107961,Caucasian,Male,[50-60),?,3,6,1,7,?,Surgery-Cardiovascular,50,3,44,0,0,0,414,428,276,9,,,No,No,No,No,No,No,Steady,No,No,No,Steady,No,No,No,No,No,No,No,No,No,No,No,No,Ch,Yes
160721274,25304985,AfricanAmerican,Female,[70-80),?,3,22,1,7,MC,Surgery-Cardiovascular/Thoracic,55,4,54,0,0,0,414,413,998,9,,,No,No,No,No,No,No,No,No,No,Steady,No,No,No,No,No,No,No,Up,No,No,No,No,No,Ch,Yes
160724994,98721396,Caucasian,Female,[70-80),?,3,3,1,3,MC,Orthopedics,1,4,22,0,0,1,721,272,401,4,,,No,No,No,No,No,No,No,No,No,No,No,No,No,No,No,No,No,No,No,No,No,No,No,No,No
160726542,112952169,AfricanAmerican,Female,[70-80),?,1,4,7,5,?,?,48,0,16,0,0,0,250.7,682,276,9,,,No,No,No,No,No,No,No,No,No,No,No,No,No,No,No,No,No,No,No,No,No,No,No,No,No
160729650,90642591,Caucasian,Male,[60-70),?,2,3,7,4,MC,Emergency/Trauma,54,1,16,1,0,7,250.8,780,255,9,,,No,No,No,No,No,No,No,No,No,No,No,No,No,No,No,No,No,Up,No,No,No,No,No,Ch,Yes
160732458,54400185,AfricanAmerican,Female,[40-50),?,3,1,1,4,MC,?,34,2,15,0,0,0,218,626,621,7,,,No,No,No,No,No,No,No,No,No,No,No,No,No,No,No,No,No,Steady,No,No,No,No,No,No,Yes
160743456,64135836,AfricanAmerican,Female,[30-40),?,3,1,1,2,?,Surgery-Vascular,1,2,9,1,0,1,996,403,585,9,,,No,No,No,No,No,No,No,No,No,No,No,No,No,No,No,No,No,No,No,No,No,No,No,No,No
160747626,99028854,Caucasian,Female,[80-90),?,5,6,1,1,MC,?,1,6,9,1,0,0,174,401,250,8,,,No,No,No,No,No,No,No,No,No,No,No,No,No,No,No,No,No,No,No,No,No,No,No,No,No
160755792,59524137,Caucasian,Male,[50-60),?,3,1,1,5,MC,Orthopedics,42,1,19,0,0,0,715,518,496,5,,,No,No,No,No,No,No,Steady,No,No,No,No,No,No,No,No,No,No,No,No,No,No,No,No,No,Yes
160758288,59528340,Caucasian,Male,[70-80),?,1,1,7,7,CM,?,48,6,20,0,0,0,428,427,585,9,,,No,No,No,No,No,No,No,No,No,No,No,No,No,No,No,No,No,No,No,No,No,No,No,No,No
160759824,23228460,AfricanAmerican,Male,[90-100),?,1,1,7,3,MC,InternalMedicine,46,2,18,0,0,1,486,280,535,9,,,Steady,No,No,No,No,No,Steady,No,No,No,No,No,No,No,No,No,No,Steady,No,No,No,No,No,Ch,Yes
160766808,97756236,AfricanAmerican,Female,[40-50),?,3,1,1,1,?,InternalMedicine,41,1,10,0,0,0,574,575,250,5,,,No,No,No,No,No,No,No,No,No,No,No,No,No,No,No,No,No,No,No,No,No,No,No,No,No
160779414,24619806,Caucasian,Female,[70-80),?,3,1,1,2,MC,Cardiology,38,3,20,1,0,0,414,424,401,5,,,No,No,No,No,No,No,No,Steady,No,No,No,No,No,No,No,No,No,Steady,No,No,No,No,No,Ch,Yes
160781586,29302434,Caucasian,Female,[70-80),?,2,3,7,4,MC,Emergency/Trauma,52,0,21,1,0,1,682,428,401,5,,>7,Steady,No,No,No,No,No,No,Steady,No,No,No,No,No,No,No,No,No,Steady,No,No,No,No,No,Ch,Yes
160782786,86627151,AfricanAmerican,Female,[50-60),?,1,1,7,5,CM,?,46,0,16,0,1,1,988,250.02,493,9,,,No,No,No,No,No,No,No,No,No,No,No,No,No,No,No,No,No,Down,No,No,No,No,No,Ch,Yes
160789536,109408707,Caucasian,Female,[70-80),?,1,1,7,6,MC,Family/GeneralPractice,52,0,21,0,0,1,482,491,428,8,,,No,No,No,No,No,No,Steady,No,No,No,No,No,No,No,No,No,No,Steady,No,No,No,No,No,Ch,Yes
160789764,90404982,Caucasian,Female,[60-70),?,3,1,7,8,SP,Emergency/Trauma,57,0,14,0,1,0,296,250.8,401,6,,Norm,Down,Steady,No,No,No,No,No,No,No,Steady,No,No,No,No,No,No,No,Steady,No,No,No,No,No,Ch,Yes
160792992,95836455,Caucasian,Male,[80-90),?,1,6,7,4,?,?,46,3,8,0,0,0,433,276,401,6,,,No,No,No,No,No,No,No,No,No,No,No,No,No,No,No,No,No,No,No,No,No,No,No,No,No
160793358,84986001,Caucasian,Female,[70-80),?,1,6,7,7,MC,?,82,1,20,7,0,3,428,250.03,276,9,>300,,No,No,No,No,No,No,No,No,No,No,No,No,No,No,No,No,No,No,No,No,No,No,No,No,No
160793886,3813894,Caucasian,Female,[70-80),?,1,1,7,2,?,InternalMedicine,55,0,9,0,0,0,250.8,276,428,7,,,No,No,No,No,Steady,No,No,No,No,Steady,No,No,No,No,No,No,No,Steady,No,No,No,No,No,Ch,Yes
160794252,40459923,Caucasian,Male,[60-70),?,3,1,1,1,MC,Cardiology,45,2,20,0,0,0,428,425,427,9,,,No,No,No,No,No,No,No,No,No,No,No,No,No,No,No,No,No,Down,No,No,No,No,No,Ch,Yes
160794894,38346111,Caucasian,Male,[60-70),?,1,1,7,4,?,?,46,0,18,0,0,6,801,E849,368,9,,,No,No,No,No,No,No,No,No,No,No,Steady,No,No,No,No,No,No,No,No,No,No,No,No,No,Yes
160798302,63453591,Caucasian,Male,[80-90),[100-125),2,6,1,4,MC,InternalMedicine,48,0,16,0,0,1,729,428,496,9,,,No,No,No,No,No,No,No,No,No,No,No,No,No,No,No,No,No,Down,No,No,No,No,No,Ch,Yes
160803702,85373073,Caucasian,Female,[70-80),?,1,1,7,2,MC,?,60,0,15,0,0,0,427,276,424,9,,,No,No,No,No,No,No,No,No,No,No,No,No,No,No,No,No,No,Up,No,No,No,No,No,Ch,Yes
160806606,104781735,Caucasian,Male,[50-60),?,3,6,1,5,?,Family/GeneralPractice,39,3,17,0,0,1,730,250.6,357,4,,,Steady,No,No,No,No,No,Steady,No,No,No,No,No,No,No,No,No,No,No,No,No,No,No,No,Ch,Yes
160807362,23270166,Caucasian,Male,[50-60),?,2,1,1,8,BC,Surgery-Cardiovascular/Thoracic,57,6,56,0,0,0,414,411,401,9,,,No,No,No,No,No,No,No,No,No,No,No,No,No,No,No,No,No,No,No,No,No,No,No,No,No
160810314,69485382,AfricanAmerican,Male,[70-80),?,1,1,7,4,?,InternalMedicine,83,1,13,0,0,1,79,403,427,9,,Norm,No,No,No,No,No,No,Steady,No,No,No,No,No,No,No,No,No,No,Steady,No,No,No,No,No,Ch,Yes
160810458,85226184,Caucasian,Male,[70-80),?,1,1,7,3,MC,?,36,0,9,0,0,0,780,571,250.02,7,,,Steady,No,No,No,Steady,No,No,No,No,No,No,No,No,No,No,No,No,Steady,No,No,No,No,No,Ch,Yes
160810686,82239984,Caucasian,Male,[60-70),?,3,1,1,1,?,Cardiology,9,5,10,0,0,0,414,780,593,6,,,No,No,No,No,No,No,No,No,No,No,No,No,No,No,No,No,No,Steady,No,No,No,No,No,No,Yes
160810776,67175793,Caucasian,Female,[90-100),?,1,1,7,4,MC,Family/GeneralPractice,32,0,11,1,1,0,810,428,427,9,,,No,No,No,No,No,No,No,No,No,No,No,No,No,No,No,No,No,Steady,No,No,No,No,No,No,Yes
160811682,25281171,Caucasian,Female,[20-30),?,3,1,1,2,BC,ObstetricsandGynecology,20,3,10,0,0,0,642,648,250,6,,,No,No,No,No,No,No,No,No,No,No,No,No,No,No,No,No,No,No,No,No,No,No,No,No,No
160812636,90220752,Hispanic,Female,[60-70),?,5,6,1,7,MC,?,73,3,21,3,0,1,38,785,276,9,,>7,No,No,No,No,No,No,No,No,No,No,No,No,No,No,No,No,No,No,No,No,No,No,No,No,No
160813008,43632468,Caucasian,Male,[70-80),?,1,1,7,2,MC,?,67,0,5,2,0,0,586,285,578,8,,,No,No,No,No,No,No,No,No,No,No,No,No,No,No,No,No,No,No,No,No,No,No,No,No,No
160814304,96436170,AfricanAmerican,Male,[30-40),?,1,1,7,6,MC,Emergency/Trauma,40,0,16,0,0,1,428,425,719,8,,,Steady,No,No,No,No,No,No,No,No,No,No,No,No,No,No,No,No,No,No,No,No,No,No,No,Yes
160814910,25251453,AfricanAmerican,Female,[20-30),?,3,1,1,4,BC,ObstetricsandGynecology,27,2,19,0,0,0,654,642,648,9,,,No,No,No,No,Steady,No,No,No,No,No,No,No,No,No,No,No,No,Up,No,No,No,No,No,Ch,Yes
160815516,100061928,Caucasian,Male,[90-100),?,1,11,7,3,MC,?,63,4,32,0,0,0,518,428,410,9,,,No,No,No,No,No,No,No,No,No,No,No,No,No,No,No,No,No,Up,No,No,No,No,No,Ch,Yes
160816590,48137589,Caucasian,Male,[70-80),?,1,3,7,4,MC,?,64,0,26,0,0,0,491,599,413,9,,,No,No,No,No,No,No,No,No,No,No,No,No,No,No,No,No,No,No,No,No,No,No,No,No,No
160817292,81392220,Caucasian,Male,[70-80),?,2,6,1,8,MC,?,46,2,17,0,0,2,733,250.02,427,9,,,No,No,No,No,No,No,No,No,No,No,No,No,No,No,No,No,No,Down,No,No,No,No,No,Ch,Yes
160818792,41493699,AfricanAmerican,Female,[80-90),?,1,6,7,8,CM,?,48,3,9,0,0,0,882,944,682,6,,,No,No,No,No,No,No,No,No,No,No,No,No,No,No,No,No,No,No,No,No,No,No,No,No,No
160820070,86373216,Caucasian,Male,[70-80),?,1,1,7,5,?,?,68,0,10,0,0,1,577,427,427,9,,,No,No,No,No,No,No,No,No,No,No,No,No,No,No,No,No,No,No,No,No,No,No,No,No,No
160825068,66025035,AfricanAmerican,Female,[70-80),?,2,3,1,5,?,Surgery-General,44,0,11,0,0,0,998,E849,780,7,,,Steady,No,No,No,No,No,No,No,No,No,No,No,No,No,No,No,No,Steady,No,No,No,No,No,Ch,Yes
160825548,93647691,Caucasian,Male,[60-70),?,2,6,1,8,?,InternalMedicine,11,0,9,1,0,2,276,799,V10,9,,,No,No,No,No,No,No,No,No,No,No,No,No,No,No,No,No,No,No,No,No,No,No,No,No,No
160825830,27231003,Caucasian,Male,[50-60),?,2,1,7,5,BC,Emergency/Trauma,53,5,27,0,0,0,427,434,402,9,,>8,Steady,Steady,No,No,No,No,Steady,No,No,No,Steady,No,No,No,No,No,No,Down,No,No,No,No,No,Ch,Yes
160826100,86966532,Caucasian,Male,[60-70),?,5,1,1,1,CP,?,52,0,6,2,0,0,452,573,571,8,,,No,No,No,No,No,No,No,No,No,No,No,No,No,No,No,No,No,Down,No,No,No,No,No,Ch,Yes
160826136,25308648,Caucasian,Male,[50-60),?,1,1,7,4,WC,Orthopedics-Reconstructive,27,1,26,0,0,0,682,41,41,4,,>8,Up,No,No,No,No,No,Steady,No,No,No,No,No,No,No,No,No,No,Steady,No,No,No,No,No,Ch,Yes
160826478,106914321,Caucasian,Male,[70-80),?,5,6,1,5,MC,?,40,2,24,3,0,2,821,403,285,9,,,No,No,No,No,No,No,No,No,No,No,No,No,No,No,No,No,No,Up,No,No,No,No,No,Ch,Yes
160828038,52441506,Caucasian,Male,[80-90),?,1,1,1,4,CP,?,37,4,14,2,0,0,427,428,427,9,,>7,No,No,No,No,No,No,No,No,No,No,No,No,No,No,No,No,No,Steady,No,No,No,No,No,No,Yes
160829994,41167215,Caucasian,Male,[50-60),?,3,1,1,12,MC,?,53,0,12,0,0,0,296,300,250,5,,Norm,No,No,No,No,No,No,No,No,No,Steady,No,No,No,No,No,No,No,Steady,No,No,No,No,No,Ch,Yes
160830636,88207506,Caucasian,Female,[70-80),?,1,6,7,4,MC,?,40,0,15,0,0,0,415,250,V58,6,,,No,No,No,No,No,No,Steady,No,No,No,No,No,No,No,No,No,No,No,No,No,No,No,No,No,Yes
160832886,35978904,Caucasian,Female,[70-80),?,1,1,7,5,?,?,69,0,11,2,0,0,434,276,584,9,,Norm,No,No,No,No,No,No,No,No,No,No,No,No,No,No,No,No,No,No,No,No,No,No,No,No,No
160833576,68684724,Caucasian,Female,[40-50),?,1,1,7,5,?,?,53,3,22,0,0,2,250.6,428,536,9,,,No,No,No,No,No,No,No,No,No,No,No,No,No,No,No,No,No,No,No,No,No,No,No,No,No
160833930,61667325,Caucasian,Female,[40-50),?,1,1,7,8,?,?,67,1,25,0,1,2,729,403,585,9,,,No,No,No,No,No,No,No,No,No,No,No,No,No,No,No,No,No,Steady,No,No,No,No,No,No,Yes
160834524,85276773,Caucasian,Male,[80-90),?,1,3,7,6,MC,?,52,0,11,0,0,0,780,428,427,9,,,No,No,No,No,No,No,No,No,No,No,No,No,No,No,Steady,No,No,No,No,No,No,No,No,No,Yes
160834638,98950878,AfricanAmerican,Male,[70-80),?,2,11,1,1,?,InternalMedicine,35,0,14,0,0,1,515,428,496,9,,,No,No,No,No,No,No,No,No,No,No,No,No,No,No,No,No,No,No,No,No,No,No,No,No,No
160834878,45027189,Caucasian,Male,[50-60),?,1,2,1,1,BC,?,69,0,19,2,0,0,411,401,250.6,9,,>7,No,No,No,No,No,No,No,No,No,No,No,No,No,No,No,No,No,No,No,No,No,No,No,No,No
160835082,79697493,Caucasian,Female,[70-80),?,1,2,7,1,MC,InternalMedicine,77,0,17,0,1,2,998,707,428,9,,Norm,No,No,No,No,No,No,No,No,No,No,No,No,No,No,No,No,No,Steady,No,No,No,No,No,No,Yes
160835112,59369679,Caucasian,Male,[70-80),?,1,3,7,13,MC,?,64,2,25,0,0,0,562,285,311,9,,,No,No,No,No,No,No,Steady,No,No,No,No,No,No,No,No,No,No,No,No,No,No,No,No,No,Yes
160835148,1941705,Caucasian,Female,[30-40),?,2,1,7,1,?,?,40,1,24,0,1,0,250.6,428,276,9,,,Steady,No,No,No,No,No,Steady,No,No,No,No,No,No,No,No,No,No,Down,No,No,No,No,No,Ch,Yes
160836972,105394770,Caucasian,Male,[40-50),?,5,28,1,4,HM,?,50,0,20,0,0,0,291,303,300,6,,Norm,No,No,No,No,No,No,No,No,No,No,No,No,No,No,No,No,No,No,No,No,No,No,No,No,No
160837446,42107967,Caucasian,Male,[70-80),?,1,1,7,2,?,?,30,1,18,0,0,0,428,250.92,805,9,,,No,No,No,No,No,No,No,No,No,No,No,No,No,No,No,No,No,No,No,No,No,No,No,No,No
160837698,28217592,Caucasian,Female,[70-80),?,1,6,7,6,?,?,39,0,20,0,0,0,428,276,996,9,,,No,No,No,No,No,No,No,No,No,No,No,No,No,No,No,No,No,No,No,No,No,No,No,No,No
160839006,64139346,AfricanAmerican,Female,[20-30),?,1,1,7,12,?,?,63,1,35,0,6,6,8,42,403,9,,,No,No,No,No,No,No,No,No,No,No,No,No,No,No,No,No,No,Up,No,No,No,No,No,Ch,Yes
160839048,24608205,AfricanAmerican,Male,[30-40),?,1,1,7,2,MC,Emergency/Trauma,31,0,10,0,1,0,427,42,305,5,,,No,No,No,No,No,No,No,No,No,No,No,No,No,No,No,No,No,Down,No,No,No,No,No,Ch,Yes
160839132,24495885,Caucasian,Male,[70-80),?,1,1,7,8,?,InternalMedicine,57,3,31,0,0,0,491,428,518,9,,,No,No,No,No,No,No,No,No,No,No,No,No,No,No,No,No,No,Steady,No,No,No,No,No,No,Yes
160841226,69743160,AfricanAmerican,Male,[50-60),?,1,6,7,9,MC,?,61,1,25,0,0,1,924,250.4,403,9,,,No,No,No,No,No,No,No,No,No,No,No,No,No,No,No,No,No,Down,No,No,No,No,No,Ch,Yes
160844622,87401097,Caucasian,Male,[50-60),?,1,1,7,1,BC,?,41,6,11,0,1,0,414,250,553,9,,,No,No,No,No,No,No,No,No,No,No,No,No,No,No,No,No,No,No,No,No,No,No,No,No,No
160846632,66251637,Caucasian,Female,[80-90),?,5,3,1,6,MC,?,58,0,13,0,0,0,507,38,995,6,,Norm,No,No,No,No,No,No,No,No,No,No,No,No,No,No,No,No,No,No,No,No,No,No,No,No,No
160852674,63615384,Caucasian,Female,[30-40),?,3,1,1,10,MC,SurgicalSpecialty,1,0,9,0,0,3,296,319,301,4,,,Steady,No,No,No,No,No,Steady,No,No,No,No,No,No,No,No,No,No,No,No,No,No,No,No,Ch,Yes
160855110,88886844,Caucasian,Female,[30-40),?,3,1,1,3,CP,?,7,2,18,3,1,1,218,625,250,6,,,No,No,No,No,No,No,No,No,No,No,No,No,No,No,No,No,No,No,No,No,No,No,No,No,No
160869924,24089553,AfricanAmerican,Male,[60-70),?,3,1,1,5,?,Surgery-Cardiovascular/Thoracic,51,3,55,0,0,2,414,428,411,9,,,No,No,No,No,No,No,No,No,No,No,No,No,No,No,No,No,No,Up,No,No,No,No,No,Ch,Yes
160870356,76935366,Caucasian,Female,[40-50),?,1,6,7,6,?,?,34,1,34,0,0,0,432,276,250.02,9,,,No,No,No,No,No,No,Steady,No,No,No,No,No,No,No,No,No,No,Steady,No,No,No,No,No,Ch,Yes
160875408,42593877,Caucasian,Female,[40-50),?,1,1,7,2,UN,?,64,0,11,0,0,0,250.11,276,558,5,,,No,No,No,No,No,No,No,No,No,No,No,No,No,No,No,No,No,Up,No,No,No,No,No,Ch,Yes
160879872,24201999,AfricanAmerican,Male,[50-60),?,1,1,7,3,BC,Family/GeneralPractice,44,0,16,0,0,1,428,425,585,9,,,No,No,No,No,No,No,No,No,No,No,No,No,No,No,No,No,No,Up,No,No,No,No,No,Ch,Yes
160886694,103305528,Asian,Male,[50-60),?,2,1,7,1,UN,Emergency/Trauma,42,2,19,1,1,6,996,250.4,583,8,,,No,No,No,No,No,No,No,No,No,No,No,No,No,No,No,No,No,No,No,No,No,No,No,No,No
160891068,100232856,Caucasian,Female,[70-80),?,1,11,7,3,MC,Emergency/Trauma,52,1,9,0,0,3,415,789,198,8,,,No,No,No,No,No,No,No,No,No,No,No,No,No,No,No,No,No,No,No,No,No,No,No,No,No
160891614,23284971,AfricanAmerican,Female,[60-70),?,1,22,7,7,?,InternalMedicine,49,1,22,0,0,0,514,250,438,9,,Norm,Steady,No,No,No,No,No,No,No,No,No,No,No,No,No,No,No,No,No,No,No,No,No,No,No,Yes
160892568,100089360,Caucasian,Female,[70-80),?,1,22,7,5,?,?,44,1,24,3,0,0,820,998,285,9,,,No,No,No,No,No,No,Steady,No,No,No,No,No,No,No,No,No,No,No,No,No,No,No,No,No,Yes
160894290,46071738,Caucasian,Male,[70-80),?,1,6,7,5,MC,?,52,0,22,0,0,1,998,38,995,9,,,No,No,No,No,No,No,No,No,No,No,No,No,No,No,No,No,No,Up,No,No,No,No,No,Ch,Yes
160898364,25303482,AfricanAmerican,Female,[60-70),?,2,1,4,7,MC,Surgery-Cardiovascular/Thoracic,57,6,58,0,0,0,414,410,285,7,,,No,No,No,No,No,No,Steady,No,No,No,No,No,No,No,No,No,No,Down,No,No,No,No,No,Ch,Yes
160898868,108285714,AfricanAmerican,Female,[40-50),?,3,1,1,7,BC,InternalMedicine,50,1,16,0,0,0,486,250.02,496,9,,,No,No,No,No,No,No,No,No,No,No,No,No,No,No,No,No,No,Down,No,No,No,No,No,Ch,Yes
160899594,13256559,Caucasian,Female,[50-60),?,3,1,4,1,?,Cardiology,3,4,17,1,0,0,414,411,276,9,,,No,No,No,No,No,No,No,No,No,No,No,No,No,No,No,No,No,No,No,No,No,No,No,No,No
160902708,97235640,Caucasian,Female,[70-80),?,2,3,7,10,MD,Emergency/Trauma,59,0,13,0,0,0,486,599,276,9,,,No,No,No,No,No,No,No,No,No,No,No,No,No,No,No,No,No,Up,No,No,No,No,No,Ch,Yes
160908378,85748535,Caucasian,Female,[70-80),?,1,1,7,5,MC,?,69,0,20,2,0,1,427,496,599,9,,,No,No,No,No,No,No,Steady,No,No,No,Steady,No,No,No,No,No,No,No,No,No,No,No,No,Ch,Yes
160909890,44924679,Caucasian,Female,[70-80),?,1,6,7,5,MC,Orthopedics,59,3,29,0,0,0,820,493,998,9,,,No,No,No,No,No,No,Steady,No,No,No,No,No,No,No,No,No,No,Steady,No,No,No,No,No,Ch,Yes
160916694,83542086,Caucasian,Female,[80-90),?,1,11,7,7,?,?,54,2,19,0,0,2,433,428,428,9,,,No,No,No,No,No,No,No,Steady,No,Steady,No,No,No,No,No,No,No,Steady,No,No,No,No,No,Ch,Yes
160918608,98036865,Caucasian,Male,[70-80),?,1,3,1,3,MC,?,48,0,7,0,0,2,584,276,403,9,,,No,No,No,No,No,No,Steady,No,No,No,No,No,No,No,No,No,No,No,No,No,No,No,No,No,Yes
160919628,23478066,Caucasian,Male,[70-80),?,2,1,1,4,MC,InternalMedicine,38,0,14,0,0,1,441,496,250.6,6,,,Steady,No,No,No,No,No,No,No,No,Steady,No,No,No,No,No,No,No,Steady,No,No,No,No,No,Ch,Yes
160924860,24061878,Caucasian,Male,[50-60),?,1,1,7,1,BC,InternalMedicine,48,0,5,0,0,0,786,250,272,5,,,Steady,No,No,No,No,No,No,No,No,No,No,No,No,No,No,No,No,Steady,No,No,No,No,No,Ch,Yes
160925364,41595633,Caucasian,Male,[80-90),?,2,22,1,3,?,InternalMedicine,54,2,20,0,0,1,853,428,204,9,,,No,No,No,No,No,No,No,No,No,No,Steady,No,No,No,No,No,No,Steady,No,No,No,No,No,Ch,Yes
160925502,62546508,Caucasian,Male,[70-80),?,3,6,1,5,?,Family/GeneralPractice,62,0,15,3,0,1,348,584,276,9,,,No,No,No,No,No,No,No,Steady,No,No,No,No,No,No,No,No,No,Steady,No,No,No,No,No,Ch,Yes
160927476,29509551,?,Female,[80-90),?,2,4,7,3,MD,Emergency/Trauma,55,0,10,0,0,0,79,780,250,5,,,No,No,No,No,No,No,No,No,No,No,No,No,No,No,No,No,No,Up,No,No,No,No,No,Ch,Yes
160932054,40808034,Caucasian,Male,[70-80),?,1,3,7,5,MC,?,49,1,18,0,0,0,276,250.02,401,8,,,Steady,No,No,No,No,No,No,No,No,No,No,No,No,No,No,No,No,Down,No,No,No,No,No,Ch,Yes
160933146,25299108,Caucasian,Female,[80-90),?,2,6,1,4,MC,InternalMedicine,38,0,15,0,1,0,384,427,428,9,,,No,No,No,No,Steady,No,No,No,No,No,Steady,No,No,No,No,No,No,Steady,No,No,No,No,No,Ch,Yes
160936986,87203232,Caucasian,Male,[60-70),?,2,1,1,5,?,Family/GeneralPractice,49,0,17,0,1,0,250.02,780,443,9,,,Steady,Steady,No,No,No,No,No,No,No,No,Steady,No,No,No,No,No,No,Steady,No,No,No,No,No,Ch,Yes
160937910,40425831,Caucasian,Male,[70-80),?,1,3,7,3,MC,?,44,0,7,2,0,1,585,496,250,4,,,No,No,No,No,No,No,No,No,No,No,No,No,Up,No,No,No,No,No,No,No,No,No,No,Ch,Yes
160938606,98623206,Caucasian,Female,[60-70),?,1,11,7,4,?,?,49,1,18,0,0,0,198,162,780,9,,,No,No,No,No,No,No,No,No,No,No,No,No,No,No,No,No,No,Steady,No,No,No,No,No,No,Yes
160938660,23504607,Caucasian,Female,[50-60),?,1,1,7,3,MD,Cardiology,43,6,22,0,0,0,410,425,401,9,,,No,No,No,No,No,No,No,No,No,No,No,No,No,No,No,No,No,Steady,No,No,No,No,No,No,Yes
160938762,92312874,Caucasian,Female,[80-90),?,2,1,7,1,MC,Emergency/Trauma,44,0,7,0,0,2,786,414,V45,9,,,No,No,No,No,Steady,No,No,No,No,No,No,No,No,No,No,No,No,No,No,No,No,No,No,No,Yes
160938918,33982290,Caucasian,Female,[70-80),?,1,11,7,7,?,?,55,5,27,5,0,5,414,411,996,9,,,No,No,No,No,Steady,No,No,No,No,No,No,No,No,No,No,No,No,No,No,No,No,No,No,No,Yes
160939140,112250988,Other,Female,[40-50),?,3,1,1,8,SP,Cardiology,65,3,12,0,0,0,434,427,394,7,,>7,No,No,No,No,No,No,No,Steady,No,No,No,No,No,No,No,No,No,Down,No,No,No,No,No,Ch,Yes
160942680,63725958,Caucasian,Female,[50-60),?,1,1,7,3,?,?,37,0,16,0,0,0,786,402,250,9,,,No,No,No,No,No,No,Steady,No,No,No,No,No,No,No,No,No,No,No,No,No,No,No,No,No,Yes
160943058,62274870,Caucasian,Female,[90-100),?,1,4,7,1,?,?,31,0,12,0,0,2,459,428,427,9,,,No,No,No,No,No,No,Steady,No,No,No,No,No,No,No,No,No,No,No,No,No,No,No,No,No,Yes
160943742,62463843,AfricanAmerican,Female,[70-80),?,2,6,1,5,?,InternalMedicine,10,0,18,1,1,5,428,599,585,8,,,No,No,No,No,No,No,No,No,No,No,No,No,No,No,No,No,No,No,No,No,No,No,No,No,No
160944312,104628015,AfricanAmerican,Female,[60-70),?,1,6,1,7,?,Emergency/Trauma,47,0,9,1,0,1,453,250,401,6,,,Steady,No,No,No,No,No,No,No,No,No,No,No,No,No,No,No,No,Steady,No,No,No,No,No,Ch,Yes
160944810,84411018,Caucasian,Male,[50-60),?,1,1,7,5,MC,?,38,0,14,0,0,0,414,428,295,9,,,No,No,No,No,No,No,No,No,No,No,No,No,No,No,No,No,No,Down,No,No,No,No,No,Ch,Yes
160945878,112154607,Caucasian,Male,[50-60),?,1,1,7,6,?,?,45,0,10,0,0,0,434,427,428,8,,Norm,Steady,No,No,No,No,No,No,No,No,No,No,No,No,No,No,No,No,No,No,No,No,No,No,No,Yes
160947042,59060736,Other,Female,[90-100),?,1,6,7,1,?,?,44,1,13,1,0,0,802,427,285,9,,,No,No,No,No,No,No,No,No,No,No,No,No,No,No,No,No,No,Steady,No,No,No,No,No,No,Yes
160947228,25309665,Caucasian,Female,[60-70),?,3,1,1,1,MC,Emergency/Trauma,37,0,3,0,0,0,437,401,250,3,,,No,No,No,No,No,No,No,No,No,No,No,No,No,No,No,No,No,No,No,No,No,No,No,No,No
160947282,103851450,Hispanic,Male,[60-70),?,1,1,7,3,HM,Family/GeneralPractice,66,0,22,0,0,0,428,584,585,9,,,No,No,No,No,No,No,No,No,No,No,No,No,No,No,No,No,No,Steady,No,No,No,No,No,No,Yes
160948524,25303788,Other,Female,[40-50),?,1,1,7,2,SP,InternalMedicine,50,0,7,0,0,0,786,250.02,719,3,,>8,No,No,No,No,No,No,Steady,No,No,No,No,No,No,No,No,No,No,No,No,No,No,No,No,No,Yes
160948650,92835180,Caucasian,Female,[80-90),?,2,1,7,2,MC,Emergency/Trauma,28,0,11,0,0,0,959,202,427,9,,,No,No,No,No,No,No,No,No,No,No,No,No,No,No,No,No,No,No,No,No,No,No,No,No,No
160950696,23908356,AfricanAmerican,Male,[50-60),?,1,1,7,4,?,?,35,3,31,0,1,1,185,585,788,7,,,No,No,No,No,No,No,No,No,No,No,No,No,No,No,No,No,No,Up,No,No,No,No,No,Ch,Yes
160960488,28297854,Caucasian,Female,[70-80),?,2,6,1,6,?,InternalMedicine,48,0,23,0,0,3,486,428,401,9,,,No,No,No,No,No,No,No,No,No,Steady,No,No,No,No,No,No,No,Steady,No,No,No,No,No,Ch,Yes
160963968,71965728,Caucasian,Male,[70-80),?,1,1,7,4,MC,?,45,3,15,0,0,0,562,492,535,9,,,No,No,No,No,No,No,No,No,No,No,No,No,No,No,No,No,No,No,No,No,No,No,No,No,No
160969140,97972434,Hispanic,Male,[70-80),?,1,1,7,2,MC,Cardiology,48,2,12,1,0,3,428,780,414,6,,,No,No,No,No,No,No,Steady,No,No,No,No,No,No,No,No,No,No,No,No,No,No,No,No,No,Yes
160969146,90705807,Caucasian,Female,[80-90),?,2,1,7,2,MC,Emergency/Trauma,58,0,8,1,0,1,428,427,403,9,,,No,No,No,No,No,No,No,Steady,No,No,No,No,No,No,No,No,No,No,No,No,No,No,No,No,Yes
160969812,86470605,Caucasian,Male,[60-70),[50-75),1,3,5,7,MC,InternalMedicine,66,0,15,2,3,2,507,560,428,9,,,No,No,No,No,No,No,No,No,No,No,No,No,No,No,No,No,No,No,No,No,No,No,No,No,No
160971210,92516139,Caucasian,Female,[70-80),?,5,6,1,4,MC,?,52,0,29,0,0,0,487,276,491,9,,>8,No,No,No,No,No,No,No,No,No,No,No,No,No,No,No,No,No,Up,No,No,No,No,No,Ch,Yes
160971510,59046561,AfricanAmerican,Male,[50-60),?,1,1,7,2,PO,?,45,0,14,0,0,0,427,403,585,9,,,No,No,No,No,No,No,No,No,No,No,No,No,No,No,No,No,No,Down,No,No,No,No,No,Ch,Yes
160971726,23398488,AfricanAmerican,Male,[50-60),?,1,1,7,4,MC,Nephrology,49,1,18,1,7,11,428,403,V45,9,,,No,No,No,No,No,No,No,No,No,No,No,No,No,No,No,No,No,Down,No,No,No,No,No,Ch,Yes
160972008,72952713,Caucasian,Female,[80-90),?,1,1,7,5,MC,Psychiatry,4,0,16,0,0,1,296,300,401,5,,,No,No,No,No,No,No,Up,No,No,No,No,No,No,No,No,No,No,No,No,No,No,No,No,Ch,Yes
160972110,37074879,Caucasian,Female,[90-100),?,2,3,7,5,MC,Emergency/Trauma,62,0,19,0,2,0,486,276,428,9,,,No,Down,No,No,No,No,No,No,No,No,No,No,No,No,No,No,No,Steady,No,No,No,No,No,Ch,Yes
160972200,105746616,Caucasian,Male,[50-60),?,2,1,7,2,BC,?,68,0,8,0,0,0,786,278,401,5,,>8,Steady,No,No,No,Steady,No,No,No,No,No,No,No,No,No,No,No,No,No,No,No,No,No,No,Ch,Yes
160972752,42027282,Caucasian,Female,[70-80),?,1,1,7,2,MC,?,32,0,12,1,0,2,805,427,428,9,,,No,No,No,No,No,No,No,No,No,Steady,No,No,No,No,No,No,No,No,Steady,No,No,No,No,Ch,Yes
160972986,54984879,AfricanAmerican,Female,[70-80),?,2,11,1,1,?,InternalMedicine,61,0,10,0,0,1,518,428,496,7,,,No,No,No,No,No,No,No,No,No,No,No,No,No,No,No,No,No,No,No,No,No,No,No,No,No
160973394,101889783,Caucasian,Male,[80-90),?,3,1,7,5,?,Oncology,52,2,14,4,0,1,287,285,600,5,,,No,No,No,No,No,No,No,No,No,No,No,No,No,No,No,No,No,No,No,No,No,No,No,No,No
160973532,92489940,Caucasian,Female,[80-90),?,1,6,7,8,?,?,66,0,21,1,0,0,787,276,569,9,,Norm,No,No,No,No,Steady,No,No,No,No,No,No,No,No,No,No,No,No,Steady,No,No,No,No,No,Ch,Yes
160973940,93253185,Caucasian,Male,[30-40),?,1,1,7,1,?,?,10,0,9,0,0,0,786,250.82,305,7,,,No,No,No,No,No,No,No,No,No,No,No,No,No,No,No,No,No,No,No,No,No,No,No,No,No
160974024,24086304,Caucasian,Male,[70-80),?,1,1,7,2,MC,Family/GeneralPractice,35,0,7,0,1,1,560,496,250,9,,,No,No,No,No,No,No,No,No,No,No,No,No,No,No,No,No,No,Steady,No,No,No,No,No,No,Yes
160974498,41227371,Caucasian,Female,[80-90),?,1,6,7,5,MC,?,66,1,24,0,0,0,493,585,403,9,,,No,No,No,No,No,No,No,No,No,No,No,No,No,No,No,No,No,Down,No,No,No,No,No,Ch,Yes
160974882,69414489,Caucasian,Female,[90-100),?,1,3,7,6,?,?,32,2,17,0,0,0,820,285,E849,6,,,Steady,No,No,No,No,No,No,Steady,No,Steady,No,No,No,No,No,No,No,No,No,No,No,No,No,Ch,Yes
160974978,32194224,AfricanAmerican,Female,[50-60),?,1,1,2,6,?,?,57,1,9,1,0,2,518,710,517,8,,,No,No,No,No,No,No,No,No,No,No,No,No,No,No,No,No,No,Steady,No,No,No,No,No,No,Yes
160977192,58141854,Caucasian,Male,[70-80),?,1,3,7,7,MC,?,61,2,18,0,0,0,438,276,250,9,,,No,No,No,No,No,No,No,No,No,No,No,No,No,No,No,No,No,Down,No,No,No,No,No,Ch,Yes
160977198,25309935,Caucasian,Female,[70-80),?,1,3,7,5,MC,InternalMedicine,44,0,17,0,0,0,38,428,599,9,,,No,No,No,No,No,No,No,No,No,No,No,No,No,No,No,No,No,Down,No,No,No,No,No,Ch,Yes
160977546,41820642,Caucasian,Female,[80-90),?,1,3,7,5,MC,?,61,1,16,0,0,0,562,428,599,9,,,No,No,No,No,No,No,No,No,No,No,No,No,No,No,No,No,No,No,No,No,No,No,No,No,No
160977990,85986234,Caucasian,Female,[60-70),?,1,1,7,3,MC,?,43,0,23,1,0,0,786,496,414,9,,,Steady,No,No,No,No,No,Steady,No,No,No,No,No,No,No,No,No,No,No,No,No,No,No,No,Ch,Yes
160978494,77697603,Caucasian,Male,[60-70),?,1,1,7,1,?,InternalMedicine,59,0,13,0,0,0,414,411,V45,8,,>7,No,No,No,No,No,No,No,No,No,No,No,No,No,No,No,No,No,Up,No,No,No,No,No,Ch,Yes
160979592,106475166,Caucasian,Female,[50-60),?,2,1,7,6,SP,Emergency/Trauma,52,0,18,0,0,1,493,250,530,6,,,Steady,No,No,No,Steady,No,No,No,No,No,Steady,No,No,No,No,No,No,Up,No,No,No,No,No,Ch,Yes
160980816,92036268,Caucasian,Male,[70-80),?,2,1,7,3,SP,Emergency/Trauma,43,0,14,0,0,0,250.8,293,401,6,,,Steady,No,No,No,No,No,No,Steady,No,No,No,No,No,No,No,No,No,Down,No,No,No,No,No,Ch,Yes
160981734,28852533,AfricanAmerican,Female,[70-80),?,1,1,7,7,MC,?,53,2,12,1,0,0,426,585,401,7,,,No,No,No,No,No,No,No,No,No,No,No,No,No,No,No,No,No,No,No,No,No,No,No,No,No
160982586,64119987,Caucasian,Male,[50-60),?,1,1,7,1,SP,?,39,0,7,0,0,0,291,780,572,9,,,No,No,No,No,No,No,Steady,No,No,No,No,No,No,No,No,No,No,Steady,No,No,No,No,No,Ch,Yes
160983240,93233214,Caucasian,Male,[70-80),?,1,1,7,4,MC,?,60,0,13,0,0,0,780,815,E888,9,,,Steady,No,No,No,No,No,No,Steady,No,No,No,No,No,No,No,No,No,No,No,No,No,No,No,Ch,Yes
160983756,40869765,Caucasian,Male,[70-80),?,1,1,7,2,MC,?,51,0,15,0,0,0,491,250,401,3,,,Steady,No,No,No,No,No,No,No,No,No,No,No,No,No,No,No,No,No,No,No,No,No,No,No,Yes
160984038,100410759,Caucasian,Male,[60-70),?,1,6,7,4,PO,?,38,1,12,0,0,0,682,250,278,8,,,Steady,No,No,No,No,No,No,No,No,No,No,No,No,No,No,No,No,Steady,No,No,No,No,No,Ch,Yes
160984386,94611411,AfricanAmerican,Male,[50-60),?,1,1,7,6,BC,?,79,3,21,0,0,0,518,428,785,9,,,No,No,No,No,No,No,No,No,No,No,No,No,No,No,No,No,No,No,No,No,No,No,No,No,No
160984968,60049899,AfricanAmerican,Female,[80-90),?,1,3,7,3,MC,?,52,0,13,0,0,1,560,250.8,401,9,,,No,No,No,No,No,No,No,No,No,No,No,No,No,No,No,No,No,Down,No,No,No,No,No,Ch,Yes
160985742,38725092,Caucasian,Female,[70-80),?,1,1,7,3,MC,?,48,0,9,0,0,0,572,70,571,9,,,No,No,No,No,No,No,No,No,No,No,No,No,No,No,No,No,No,No,No,No,No,No,No,No,No
160985796,74006928,Caucasian,Male,[60-70),?,1,3,7,8,MC,?,52,3,29,0,0,2,820,496,482,9,,,No,No,No,No,No,No,No,Steady,No,No,No,No,No,No,No,No,No,Steady,No,No,No,No,No,Ch,Yes
160986150,71345898,Caucasian,Female,[60-70),?,1,3,7,5,MC,InternalMedicine,59,1,30,0,0,0,820,250.02,285,9,,Norm,No,No,No,No,No,No,Steady,No,No,No,No,No,No,No,No,No,No,Up,No,No,No,No,No,Ch,Yes
160986546,68243418,AfricanAmerican,Female,[80-90),?,1,1,7,1,MC,?,56,0,10,0,0,0,276,428,585,9,,,No,No,No,No,No,No,No,No,No,No,No,No,No,No,No,No,No,Steady,No,No,No,No,No,No,Yes
160986696,88051266,Caucasian,Male,[40-50),?,1,1,7,4,CP,?,54,4,24,0,0,0,574,250,E935,3,,Norm,No,No,No,No,No,No,No,No,No,No,No,No,No,No,No,No,No,No,No,No,No,No,No,No,No
160986834,102420405,AfricanAmerican,Male,[40-50),?,1,1,7,3,MD,?,61,1,28,0,0,2,250.42,780,428,9,,,No,No,No,No,No,No,No,No,No,No,Steady,No,No,No,No,No,No,Down,No,No,No,No,No,Ch,Yes
160987032,80595162,AfricanAmerican,Male,[50-60),?,1,6,7,2,?,?,42,1,4,0,3,0,535,403,585,9,,,No,No,No,No,No,No,No,No,No,No,No,No,No,No,No,No,No,No,No,No,No,No,No,No,No
160987536,24697917,AfricanAmerican,Female,[50-60),?,1,1,7,2,MD,InternalMedicine,43,1,16,0,2,1,402,496,V65,8,,,No,No,No,No,No,No,No,No,No,No,No,No,No,No,No,No,No,Up,No,No,No,No,No,Ch,Yes
160987626,102150351,Caucasian,Female,[80-90),?,2,3,7,2,MC,Emergency/Trauma,62,0,16,0,0,0,428,599,41,7,,Norm,No,No,No,No,No,No,No,No,No,No,No,No,No,No,No,No,No,Down,No,No,No,No,No,Ch,Yes
160987716,27950544,Caucasian,Male,[90-100),?,5,3,1,4,MC,?,61,0,17,1,1,2,507,276,276,9,,,No,No,No,No,No,No,No,No,No,No,No,No,No,No,No,No,No,Up,No,No,No,No,No,Ch,Yes
160987788,39685869,Other,Female,[80-90),?,2,1,7,1,SP,Emergency/Trauma,48,0,5,0,0,0,558,786,786,5,,>7,Steady,No,No,No,No,No,Steady,No,No,No,No,No,No,No,No,No,No,No,No,No,No,No,No,Ch,Yes
160987824,90105462,Caucasian,Female,[70-80),?,2,3,7,3,MC,Surgery-General,83,1,28,0,1,2,486,428,453,9,,>8,No,No,No,No,Steady,No,No,No,No,No,No,No,No,No,No,No,No,Up,No,No,No,No,No,Ch,Yes
160987920,43017030,Caucasian,Female,[50-60),?,1,1,7,2,SP,?,48,4,19,0,0,1,414,428,250,5,,>8,Steady,No,No,No,No,No,Steady,No,No,No,No,No,No,No,No,No,No,Up,No,No,No,No,No,Ch,Yes
160988166,42138504,Caucasian,Female,[60-70),?,1,1,7,1,SP,?,42,0,5,0,0,0,786,V17,250,3,,,No,No,No,No,Steady,No,No,No,No,No,No,No,No,No,No,No,No,No,No,No,No,No,No,No,Yes
160989612,78463827,Caucasian,Female,[40-50),?,2,1,7,5,CP,InternalMedicine,61,3,27,0,0,0,540,276,751,7,,,No,No,No,No,No,No,No,No,No,No,No,No,No,No,No,No,No,No,No,No,No,No,No,No,No
160990980,100708956,AfricanAmerican,Female,[80-90),?,1,1,7,2,MC,?,53,6,21,0,0,0,414,413,459,9,,>8,No,No,No,No,No,No,No,No,No,No,No,No,No,No,No,No,No,No,No,No,No,No,No,No,No
160993038,24423633,Caucasian,Female,[80-90),?,1,6,7,9,MC,InternalMedicine,43,0,17,0,0,2,458,599,585,7,,,Steady,No,No,No,No,No,Steady,No,No,No,Steady,No,No,No,No,No,No,Down,No,No,No,No,No,Ch,Yes
160993560,41521959,Caucasian,Male,[70-80),?,3,1,1,3,MC,Family/GeneralPractice,55,2,17,0,0,0,601,41,428,5,,,No,No,No,No,No,No,No,Steady,No,No,No,No,No,No,No,No,No,No,No,No,No,No,No,No,Yes
160993776,44612658,AfricanAmerican,Female,[60-70),?,1,1,7,5,?,?,63,2,19,0,0,2,530,428,535,9,,Norm,No,No,No,No,No,No,No,No,No,No,No,No,No,No,No,No,No,No,No,No,No,No,No,No,No
160994358,21157767,Caucasian,Female,[40-50),?,1,1,7,1,BC,Pediatrics,56,2,14,0,0,0,592,591,250,7,,,No,No,No,No,No,No,No,No,No,No,No,No,No,No,No,No,No,No,No,No,No,No,No,No,No
160994730,34637355,Caucasian,Female,[30-40),?,1,1,7,5,HM,?,47,1,17,0,0,0,789,276,787,9,,,Steady,No,No,No,No,No,No,No,No,No,No,No,No,No,No,No,No,No,No,No,No,No,No,No,Yes
160995210,54882090,Caucasian,Female,[10-20),?,1,1,7,2,?,?,58,0,5,1,0,1,250.11,276,276,5,,Norm,No,No,No,No,No,No,No,No,No,No,No,No,No,No,No,No,No,Steady,No,No,No,No,No,No,Yes
160998576,96157008,Caucasian,Male,[40-50),?,1,28,7,2,?,?,31,0,8,0,0,1,250.8,707,682,6,,,Steady,No,No,No,No,No,No,Steady,No,No,No,No,No,No,No,No,No,Steady,No,No,No,No,No,Ch,Yes
160998780,78066576,Caucasian,Female,[80-90),?,1,3,7,3,MC,?,43,0,13,0,0,0,294,290,368,9,,,No,No,No,No,No,No,No,No,No,No,No,No,No,No,No,No,No,Steady,No,No,No,No,No,No,Yes
160998930,110269791,Hispanic,Male,[20-30),?,2,1,7,1,SP,Emergency/Trauma,56,0,10,0,0,0,250,272,401,5,,>8,Steady,No,No,No,Steady,No,No,No,No,Steady,No,No,No,No,No,No,No,Down,No,No,No,No,No,Ch,Yes
160999806,40875246,Caucasian,Male,[80-90),?,1,22,7,2,MC,?,33,0,7,0,0,0,434,496,250,6,,,Steady,No,No,No,No,No,No,Steady,No,No,No,No,No,No,No,No,No,No,No,No,No,No,No,Ch,Yes
160999866,97593066,Caucasian,Female,[70-80),?,1,1,7,3,MC,?,27,2,19,0,0,0,427,496,411,9,,,Steady,No,No,No,No,No,Steady,No,No,No,No,No,No,No,No,No,No,No,No,No,No,No,No,Ch,Yes
160999872,24408405,AfricanAmerican,Female,[70-80),?,1,1,7,2,MC,Cardiology,45,1,10,0,0,0,428,425,414,9,,,No,No,No,No,No,No,No,No,No,No,No,No,No,No,No,No,No,No,No,No,No,No,No,No,No
161001000,61996167,AfricanAmerican,Female,[70-80),?,1,6,7,10,?,?,77,3,33,2,0,0,404,585,428,9,,,No,Down,No,No,No,No,No,No,No,No,No,Steady,No,No,No,No,No,No,No,No,No,No,No,Ch,Yes
161001414,59834619,AfricanAmerican,Female,[70-80),?,1,1,7,8,MC,?,64,1,33,0,0,0,428,486,404,9,,,No,No,No,No,No,No,No,No,No,No,No,No,No,No,No,No,No,Down,No,No,No,No,No,Ch,Yes
161001786,58005981,AfricanAmerican,Male,[70-80),?,1,1,7,4,?,?,59,1,11,0,0,1,280,496,585,9,,,No,No,No,No,No,No,Down,No,No,No,No,No,No,No,No,No,No,Steady,No,No,No,No,No,Ch,Yes
161002062,25310349,AfricanAmerican,Male,[70-80),?,1,1,7,3,MC,Emergency/Trauma,41,0,11,0,0,0,434,403,585,7,,,No,No,No,No,No,No,Steady,No,No,No,Steady,No,No,No,No,No,No,Steady,No,No,No,No,No,Ch,Yes
161004042,107120115,AfricanAmerican,Male,[90-100),?,2,3,7,3,SP,Emergency/Trauma,40,1,11,0,1,1,435,784,780,9,,>7,No,No,No,No,No,No,Steady,No,No,Up,No,No,No,No,No,No,No,Up,No,No,No,No,No,Ch,Yes
161004840,100467954,Caucasian,Male,[60-70),?,1,13,7,5,?,?,47,1,15,0,0,2,507,202,799,8,,,No,No,No,No,No,No,No,No,No,No,No,No,No,No,No,No,No,No,No,No,No,No,No,No,No
161006046,88862139,Caucasian,Female,[60-70),?,1,3,7,8,UN,Emergency/Trauma,44,6,26,0,0,0,432,427,784,9,,>7,Steady,No,No,No,Steady,No,No,No,No,Steady,No,No,No,No,No,No,No,Down,No,No,No,No,No,Ch,Yes
161006898,39687516,Caucasian,Male,[50-60),?,3,6,7,5,SP,Surgery-General,1,2,12,0,0,0,821,250,401,3,,,Steady,No,No,No,No,No,No,No,No,Steady,No,No,No,No,No,No,No,No,No,No,No,No,No,Ch,Yes
161007126,95350050,Caucasian,Female,[20-30),?,2,1,7,3,BC,Family/GeneralPractice,61,1,12,2,1,3,789,250.81,276,9,,>8,No,No,No,No,No,No,No,No,No,No,No,No,No,No,No,No,No,Down,No,No,No,No,No,Ch,Yes
161007456,59562765,Caucasian,Female,[80-90),?,1,22,7,3,CM,?,53,0,5,0,0,0,434,401,250,4,,,No,No,No,No,No,No,No,No,No,No,No,No,No,No,No,No,No,Steady,No,No,No,No,No,No,Yes
161008344,80313534,AfricanAmerican,Female,[60-70),?,6,6,7,8,?,InternalMedicine,67,0,14,0,0,1,428,250.7,785,6,>300,>8,No,No,No,No,No,No,No,No,No,No,No,No,No,No,No,No,No,No,No,No,No,No,No,No,No
161008386,112159449,AfricanAmerican,Male,[60-70),?,2,1,7,3,?,InternalMedicine,26,0,2,0,0,0,250.02,276,276,8,,,No,No,No,No,No,No,No,No,No,No,No,No,No,No,No,No,No,No,No,No,No,No,No,No,No
161008524,86432832,Caucasian,Female,[40-50),?,1,1,1,9,HM,?,88,0,32,1,0,0,516,584,428,9,,,No,No,No,No,No,No,Steady,No,No,No,No,No,No,No,No,No,No,Up,No,No,No,No,No,Ch,Yes
161008800,112919760,Caucasian,Female,[70-80),?,1,6,7,4,MC,InternalMedicine,37,0,12,0,1,0,780,250.6,536,9,,,No,No,No,No,Steady,No,No,No,No,No,No,No,No,No,No,No,No,No,No,No,No,No,No,No,Yes
161008938,45432468,Caucasian,Male,[70-80),?,1,6,7,4,MC,?,58,0,18,0,0,0,958,868,94,9,,,No,No,No,No,No,No,No,No,No,No,No,No,No,No,No,No,No,Steady,No,No,No,No,No,No,Yes
161009106,85604958,AfricanAmerican,Female,[40-50),?,1,1,7,11,?,?,59,1,24,0,2,0,250.11,403,585,9,,,No,No,Steady,No,No,No,No,No,No,No,No,No,No,No,No,No,No,Down,No,No,No,No,No,Ch,Yes
161009952,27674496,Caucasian,Male,[50-60),?,1,6,1,3,MC,?,56,1,14,0,0,0,518,428,584,9,,,No,No,No,No,No,No,No,No,No,No,No,No,No,No,No,No,No,Steady,No,No,No,No,No,No,Yes
161014026,40828644,Caucasian,Female,[90-100),?,1,23,7,8,MC,?,52,0,18,0,0,0,599,250.82,585,9,,,No,No,No,No,No,No,No,No,No,No,No,No,No,No,No,No,No,Down,No,No,No,No,No,Ch,Yes
161014428,64515123,Caucasian,Male,[50-60),?,1,1,7,6,?,?,36,0,16,0,0,0,490,493,250,4,,,Steady,No,No,No,No,No,Steady,No,No,No,Steady,No,No,No,No,No,No,No,No,No,No,No,No,Ch,Yes
161014806,54564291,Caucasian,Male,[80-90),?,3,3,1,3,MC,Emergency/Trauma,31,3,14,0,0,2,996,?,250,8,,,No,No,No,No,No,No,No,No,No,No,No,No,No,No,No,No,No,Steady,No,No,No,No,No,No,Yes
161015706,97873326,Caucasian,Male,[70-80),?,3,6,1,3,?,Orthopedics-Reconstructive,39,1,31,1,0,2,715,427,250,4,,,Steady,No,No,No,No,No,Steady,No,No,No,No,No,No,No,No,No,No,No,No,No,No,No,No,Ch,Yes
161016180,30969054,AfricanAmerican,Female,[70-80),?,3,3,1,2,CM,Orthopedics,39,1,25,1,0,0,715,278,736,7,,,Steady,No,No,No,No,No,No,No,No,No,No,No,No,No,No,No,No,No,No,No,No,No,No,No,Yes
161023944,102348036,Caucasian,Male,[70-80),?,3,1,1,7,MC,Radiologist,54,6,24,0,0,0,414,428,427,9,,,No,No,No,No,No,No,No,No,No,No,Steady,No,No,No,No,No,No,No,No,No,No,No,No,No,Yes
161026620,24445530,AfricanAmerican,Female,[60-70),?,3,1,1,9,?,InternalMedicine,49,1,34,0,0,0,153,427,599,7,,,No,No,No,No,No,No,No,No,No,No,No,No,No,No,No,No,No,Steady,No,No,No,No,No,No,Yes
161030202,52186473,Caucasian,Female,[60-70),?,8,1,1,1,?,Orthopedics-Reconstructive,1,1,17,0,0,0,996,401,250,5,,,No,No,No,No,No,No,No,No,No,No,No,No,No,No,No,No,No,No,No,No,No,No,No,No,No
161031486,28052397,Caucasian,Male,[70-80),?,5,3,1,5,MC,Orthopedics,58,3,29,0,0,0,715,427,496,9,,,Down,No,No,No,No,No,No,No,No,No,No,No,No,No,No,No,No,Steady,No,No,No,No,No,Ch,Yes
161031522,94160412,Caucasian,Female,[80-90),?,2,1,7,2,SP,Surgery-General,49,0,18,0,0,1,398,396,428,9,,,No,No,No,No,No,No,No,No,No,No,No,No,No,No,No,No,No,Up,No,No,No,No,No,Ch,Yes
161036994,68731866,Caucasian,Female,[70-80),?,2,1,1,2,MC,Radiologist,33,0,12,0,0,0,427,428,428,9,,>7,No,No,No,No,No,No,No,No,No,No,No,No,No,No,No,No,No,Down,No,No,No,No,No,Ch,Yes
161046210,85119975,Caucasian,Female,[70-80),?,3,3,1,3,MC,Orthopedics,60,2,20,0,1,1,715,403,585,8,,,No,No,No,No,No,No,No,No,No,No,No,No,No,No,No,No,No,Up,No,No,No,No,No,Ch,Yes
161047554,12570453,Caucasian,Female,[70-80),?,8,1,1,8,?,Surgery-Thoracic,71,3,37,0,0,0,424,414,250,5,,,Steady,No,No,No,No,No,No,No,No,No,No,No,No,No,No,No,No,Steady,No,No,No,No,No,Ch,Yes
161048532,88882830,AfricanAmerican,Female,[60-70),?,2,1,1,2,?,Nephrology,30,1,6,0,0,0,250.4,403,585,9,,,No,No,No,No,No,No,No,No,No,No,No,No,No,No,No,No,No,No,No,No,No,No,No,No,No
161057598,114662970,Caucasian,Female,[70-80),?,5,3,1,5,MC,?,50,3,29,2,1,0,715,424,427,9,,,No,No,No,No,No,No,No,No,No,No,No,No,No,No,No,No,No,Up,No,No,No,No,No,Ch,Yes
161058486,57769848,AfricanAmerican,Male,[50-60),?,1,11,7,7,DM,?,82,2,25,1,0,1,996,428,486,9,,,No,No,No,No,No,No,Steady,No,No,No,No,No,No,No,No,No,No,Steady,No,No,No,No,No,Ch,Yes
161066826,95153445,AfricanAmerican,Male,[60-70),?,2,6,1,3,?,Family/GeneralPractice,57,0,14,3,0,0,416,491,428,9,,,No,No,No,No,No,No,No,No,No,No,No,No,No,No,No,No,No,Down,No,No,No,No,No,Ch,Yes
161069454,23283891,AfricanAmerican,Female,[60-70),?,2,6,1,1,MC,Family/GeneralPractice,28,2,16,0,0,0,922,403,585,4,,,No,No,No,No,Steady,No,No,No,No,No,No,No,No,No,No,No,No,No,No,No,No,No,No,No,Yes
161072832,76198518,AfricanAmerican,Male,[40-50),?,8,1,1,2,?,Surgery-Vascular,9,1,16,0,0,1,730,707,457,5,,,No,No,No,No,No,No,No,No,No,No,No,No,No,No,No,No,No,Down,No,No,No,No,No,Ch,Yes
161078520,90164655,Caucasian,Male,[60-70),?,3,1,1,5,MC,Pulmonology,63,0,21,0,0,4,491,427,428,9,,,Steady,No,No,No,Steady,No,No,No,No,No,No,No,No,No,No,No,No,Down,No,No,No,No,No,Ch,Yes
161083110,39641409,Caucasian,Male,[40-50),?,1,1,7,4,SP,Emergency/Trauma,44,6,21,0,0,0,410,427,427,8,,,No,No,No,No,No,No,No,No,No,No,No,No,No,No,No,No,No,No,No,No,No,No,No,No,No
161086854,88282737,Caucasian,Female,[50-60),[75-100),2,1,1,3,MC,?,40,0,19,8,2,5,311,250.6,357,9,,>7,No,No,No,No,No,No,No,No,No,No,No,No,No,No,No,No,No,No,No,No,No,No,No,No,No
161087952,88308783,AfricanAmerican,Female,[60-70),?,3,6,1,5,?,Family/GeneralPractice,57,1,24,0,0,3,292,403,581,9,,,No,No,No,No,No,No,No,No,No,No,No,No,No,No,No,No,No,Up,No,No,No,No,No,Ch,Yes
161088768,41777505,Caucasian,Male,[50-60),?,1,1,7,1,UN,?,46,0,19,1,0,0,250.8,682,714,5,,,Steady,No,No,No,Steady,No,No,No,No,No,Steady,No,No,No,No,No,No,No,No,No,No,No,No,Ch,Yes
161090046,89153496,Caucasian,Female,[80-90),?,2,6,7,3,MC,Surgery-General,63,0,14,2,0,1,786,599,290,9,,,No,Steady,No,No,No,No,No,No,No,No,Steady,No,No,No,No,No,No,Down,No,No,No,No,No,Ch,Yes
161096214,70950168,Caucasian,Female,[70-80),?,2,6,1,4,MC,Emergency/Trauma,39,1,36,0,0,0,812,428,493,9,,,Steady,No,No,No,No,No,No,Steady,No,No,No,No,No,No,No,No,No,Steady,No,No,No,No,No,Ch,Yes
161097306,55728909,Caucasian,Male,[70-80),[75-100),1,6,7,5,MC,Cardiology,76,2,23,0,0,0,414,428,424,9,,Norm,No,No,No,No,No,No,No,No,No,No,No,No,No,No,No,No,No,No,No,No,No,No,No,No,No
161101062,99629271,Caucasian,Male,[40-50),?,2,1,1,4,?,Gastroenterology,14,0,11,0,0,0,295,401,V15,6,,,No,No,No,No,No,No,Steady,No,No,No,No,No,No,No,No,No,No,No,No,No,No,No,No,No,Yes
161101506,23351967,AfricanAmerican,Female,[50-60),?,3,1,1,5,MD,Surgery-General,43,2,23,0,0,0,552,404,585,9,,,No,No,No,No,No,No,No,No,No,No,No,No,No,No,No,No,No,Steady,No,No,No,No,No,No,Yes
161103048,41645592,AfricanAmerican,Male,[60-70),?,2,1,1,1,?,Urology,39,1,24,0,0,0,996,V10,429,9,,,Steady,No,No,No,No,No,Steady,No,No,No,Steady,No,No,No,No,No,No,No,No,No,No,No,No,Ch,Yes
161103168,91735731,Caucasian,Male,[60-70),?,3,1,1,7,MC,Surgery-Vascular,64,3,18,0,0,0,682,428,782,9,,Norm,No,No,No,No,No,No,No,No,No,No,Down,No,No,No,No,No,No,Up,No,No,No,No,No,Ch,Yes
161106288,42040557,Caucasian,Female,[50-60),?,3,1,1,2,SP,?,5,0,15,0,0,0,577,786,305,6,,,Steady,No,No,No,No,No,Steady,No,No,No,Steady,No,No,No,No,No,No,No,No,No,No,No,No,Ch,Yes
161107650,90586476,Caucasian,Male,[70-80),?,1,6,7,6,MC,?,55,0,13,0,0,0,682,486,250,9,,,Steady,No,No,No,No,No,No,No,No,No,No,No,No,No,No,No,No,Steady,No,No,No,No,No,Ch,Yes
161108106,87111396,Caucasian,Female,[80-90),?,5,3,1,6,MC,?,60,0,25,14,0,2,584,486,276,9,,,No,No,No,No,No,No,No,Steady,No,No,No,No,No,No,No,No,No,Up,No,No,No,No,No,Ch,Yes
161110080,58188654,Caucasian,Female,[40-50),?,1,1,7,7,HM,?,56,1,10,0,0,1,997,560,250,7,,,No,No,No,No,No,No,No,No,No,No,No,No,No,No,No,No,No,Steady,No,No,No,No,No,No,Yes
161111010,87079203,Other,Male,[40-50),?,2,4,1,8,?,InternalMedicine,29,0,15,0,0,1,482,518,295,9,,,No,No,No,No,No,No,No,No,No,No,No,No,No,No,No,No,No,No,No,No,No,No,No,No,No
161112738,57585087,AfricanAmerican,Female,[40-50),?,3,1,1,1,HM,Nephrology,30,2,10,0,0,1,996,403,585,5,,,No,No,No,No,No,No,No,No,No,No,No,No,No,No,No,No,No,No,No,No,No,No,No,No,No
161114544,25050195,Caucasian,Female,[30-40),?,1,1,7,4,SP,InternalMedicine,35,1,15,0,0,0,682,250.02,V15,7,,Norm,No,No,No,No,No,No,No,No,No,No,No,No,No,No,No,No,No,Steady,No,No,No,No,No,No,Yes
161116566,23939604,AfricanAmerican,Female,[70-80),?,2,1,1,11,MC,InternalMedicine,50,2,36,0,0,0,427,574,428,9,,,Steady,No,No,No,No,No,Down,No,No,No,No,No,No,No,No,No,No,Steady,No,No,No,No,No,Ch,Yes
161117082,112791393,AfricanAmerican,Female,[90-100),?,2,1,7,2,?,Cardiology,35,0,6,0,0,0,427,401,414,6,,,No,No,No,No,No,No,No,No,No,No,No,No,No,No,No,No,No,No,No,No,No,No,No,No,No
161118756,112789593,AfricanAmerican,Male,[50-60),?,1,11,2,10,?,?,64,4,24,0,0,0,518,403,287,9,,Norm,No,No,No,No,No,No,No,No,No,No,No,No,No,No,No,No,No,Steady,No,No,No,No,No,No,Yes
161118864,108454275,Caucasian,Male,[40-50),?,1,1,7,1,BC,?,48,3,22,0,0,0,414,411,401,8,,,No,No,No,No,No,No,No,Steady,No,No,No,No,No,No,No,No,No,No,No,No,No,No,No,No,Yes
161119230,100061541,Caucasian,Male,[70-80),?,1,1,7,8,MC,Emergency/Trauma,53,0,25,0,0,0,491,292,465,7,,,No,No,No,No,No,No,No,No,No,No,No,No,No,No,No,No,No,Up,No,No,No,No,No,Ch,Yes
161119416,100396764,Caucasian,Female,[90-100),?,1,6,7,10,MC,?,67,1,17,0,0,0,562,511,707,9,,,No,No,No,No,No,No,No,No,No,No,No,No,No,No,No,No,No,No,No,No,No,No,No,No,No
161120772,91569114,Caucasian,Male,[60-70),?,2,1,7,3,MC,Emergency/Trauma,63,0,11,0,0,2,250.6,150,198,9,,Norm,No,No,No,No,Steady,No,No,No,No,No,No,No,No,No,No,No,No,Down,No,No,No,No,No,Ch,Yes
161121660,53858421,Caucasian,Male,[70-80),?,1,11,7,2,MC,Emergency/Trauma,71,0,10,0,0,1,402,428,584,9,,,No,No,No,No,No,No,No,No,No,No,No,No,No,No,No,No,No,Steady,No,No,No,No,No,No,Yes
161123004,24218658,Caucasian,Male,[70-80),?,2,1,1,2,MC,Cardiology,46,3,23,0,1,0,414,428,250.01,9,,,No,No,No,No,No,No,No,No,No,No,No,Steady,No,No,No,No,No,Up,No,No,No,No,No,Ch,Yes
161127456,58585113,AfricanAmerican,Male,[60-70),?,1,3,7,11,MC,?,33,2,32,0,0,2,724,496,428,9,,,No,No,No,No,No,No,No,Steady,No,No,No,No,No,No,No,No,No,Steady,No,No,No,No,No,Ch,Yes
161130366,25069554,Hispanic,Male,[40-50),?,1,1,7,4,BC,InternalMedicine,37,0,13,0,7,4,250.6,276,536,7,,,No,No,No,No,No,No,No,No,No,No,No,No,No,No,No,No,No,Down,No,No,No,No,No,Ch,Yes
161131098,66021678,Caucasian,Male,[30-40),?,1,1,1,2,HM,?,46,0,10,0,0,0,250.21,599,276,9,,>8,No,No,No,No,No,No,No,No,No,No,No,No,No,No,No,No,No,Up,No,No,No,No,No,Ch,Yes
161133618,93738051,AfricanAmerican,Female,[60-70),?,2,1,7,1,MC,Emergency/Trauma,38,0,8,3,0,1,401,295,784,5,,,No,No,No,No,No,No,No,No,No,No,No,No,No,No,No,No,No,Down,No,No,No,No,No,Ch,Yes
161134230,42975054,Caucasian,Male,[70-80),?,1,1,7,1,UN,?,44,0,12,0,0,0,428,311,250,6,,,Down,No,No,No,No,No,Steady,No,No,No,No,No,No,No,No,No,No,No,No,No,No,No,No,Ch,Yes
161134674,40192155,Caucasian,Male,[70-80),?,1,1,7,2,MC,?,60,4,13,0,0,0,996,38,995,9,,,No,No,No,No,No,No,No,No,No,No,No,No,No,No,No,No,No,Steady,No,No,No,No,No,No,Yes
161135364,112783032,AfricanAmerican,Female,[60-70),?,1,1,2,4,?,?,54,0,15,0,0,0,428,425,584,9,,Norm,No,No,No,No,No,No,No,No,No,No,No,No,No,No,No,No,No,Steady,No,No,No,No,No,No,Yes
161135496,59585661,Caucasian,Male,[80-90),?,1,2,7,4,MC,Oncology,34,0,8,0,0,0,852,401,414,8,,,No,No,No,No,No,No,Steady,No,No,No,No,No,No,No,No,No,No,Steady,No,No,No,No,No,Ch,Yes
161137002,30710025,Caucasian,Male,[50-60),?,1,1,7,7,HM,?,75,2,15,0,0,2,428,496,305,9,>300,,No,No,No,No,No,No,No,No,No,No,No,No,No,No,No,No,No,No,No,No,No,No,No,No,No
161137200,50841189,AfricanAmerican,Female,[80-90),?,1,6,7,6,?,?,54,0,9,0,1,1,599,276,584,9,,,No,No,No,No,No,No,No,No,No,Steady,No,No,No,No,No,No,No,No,No,No,No,No,No,No,Yes
161137674,95822271,AfricanAmerican,Female,[60-70),?,1,1,7,12,BC,?,69,0,24,0,0,1,428,491,584,9,>300,,No,No,No,No,No,No,No,No,No,No,No,No,No,No,No,No,No,No,No,No,No,No,No,No,No
161137686,100760589,Caucasian,Female,[80-90),?,1,6,1,5,?,?,54,0,15,0,0,0,599,428,584,9,,Norm,No,No,No,No,No,No,No,No,No,No,No,No,No,No,No,No,No,No,No,No,No,No,No,No,No
161137746,93995559,Caucasian,Female,[80-90),?,1,1,1,1,MC,?,39,0,12,0,0,0,414,427,496,9,,,No,No,No,No,No,No,No,No,No,No,No,No,No,No,No,No,No,No,No,No,No,No,No,No,No
161138358,59539491,Caucasian,Female,[80-90),?,1,3,7,7,MC,?,72,0,10,0,1,0,427,428,424,9,,,No,No,No,No,No,No,No,No,No,No,No,No,No,No,No,No,No,No,No,No,No,No,No,No,No
161139018,112510251,Caucasian,Female,[40-50),?,5,1,1,3,BC,?,27,0,10,1,1,1,682,250.03,E906,8,,>8,No,No,No,No,No,No,No,No,No,No,No,No,No,No,No,No,No,Up,No,No,No,No,No,Ch,Yes
161139192,72683649,Caucasian,Female,[80-90),[50-75),2,5,6,7,MC,?,71,0,19,0,0,0,599,486,427,9,,,No,No,No,No,No,No,No,No,No,No,No,No,No,No,No,No,No,No,No,No,No,No,No,No,No
161139366,106870599,AfricanAmerican,Female,[20-30),?,2,1,7,2,?,Family/GeneralPractice,9,0,8,0,1,1,311,250.01,401,8,,,No,No,No,No,No,No,No,No,No,No,Steady,No,No,No,No,No,No,Steady,No,No,No,No,No,Ch,Yes
161140032,39150504,AfricanAmerican,Female,[50-60),?,3,1,7,2,BC,Emergency/Trauma,48,2,7,0,0,0,578,535,455,5,,,No,No,No,No,No,No,No,No,No,No,No,No,No,No,No,No,No,Steady,No,No,No,No,No,No,Yes
161140062,112797459,Caucasian,Female,[60-70),?,1,22,1,4,?,?,31,1,30,0,0,0,820,E849,250,9,,,No,No,No,No,No,No,No,No,No,No,No,No,No,No,No,No,No,Down,No,No,No,No,No,Ch,Yes
161144652,51984495,AfricanAmerican,Female,[80-90),?,1,1,7,3,?,?,38,0,24,0,0,0,112,599,276,9,,,Steady,No,No,No,Steady,No,No,No,No,No,No,No,No,No,No,No,No,No,No,No,No,No,No,Ch,Yes
161144670,112793607,AfricanAmerican,Male,[70-80),?,1,1,2,3,?,?,39,0,12,0,0,0,599,276,428,5,,,No,No,No,No,No,No,Up,No,No,No,No,No,No,No,No,No,No,No,No,No,No,No,No,Ch,Yes
161146380,85314276,Caucasian,Female,[70-80),?,3,6,1,6,?,Surgery-Cardiovascular,50,3,42,0,0,0,414,411,599,8,,,No,No,No,No,No,No,No,Steady,No,No,No,No,No,No,No,No,No,No,No,No,No,No,No,No,Yes
161147268,99227628,Caucasian,Female,[60-70),?,3,1,1,4,MC,?,51,4,17,0,0,0,617,403,585,9,,Norm,No,No,No,No,No,No,No,No,No,No,No,No,No,No,No,No,No,Down,No,No,No,No,No,Ch,Yes
161147574,90330768,Caucasian,Male,[50-60),?,2,1,7,1,BC,Emergency/Trauma,59,0,13,0,0,1,296,340,599,9,,,No,No,No,No,No,No,No,No,No,Steady,No,No,No,No,No,No,No,Steady,No,No,No,No,No,Ch,Yes
161151666,90837657,Caucasian,Female,[50-60),?,5,1,1,3,BC,?,7,3,15,1,0,0,278,780,250,4,,,No,No,No,No,No,No,No,No,No,No,No,No,No,No,No,No,No,Steady,No,No,No,No,No,No,Yes
161151960,7554636,Caucasian,Female,[70-80),?,1,3,7,6,?,?,82,2,23,0,0,0,411,276,496,9,,Norm,No,No,No,No,No,No,No,No,No,No,No,No,No,No,No,No,No,No,No,No,No,No,No,No,No
161152092,23922657,AfricanAmerican,Female,[60-70),?,1,3,7,14,MC,Nephrology,38,3,30,0,1,3,996,38,403,7,,,No,No,No,No,No,No,No,Steady,No,No,Steady,No,No,No,No,No,No,Down,No,No,No,No,No,Ch,Yes
161156196,88838172,Caucasian,Female,[80-90),?,2,3,7,3,MC,Emergency/Trauma,72,0,14,1,0,8,533,599,428,9,,,No,No,No,No,No,No,No,No,No,No,No,No,No,No,No,No,No,No,No,No,No,No,No,No,No
161156310,52017354,AfricanAmerican,Female,[20-30),?,3,1,1,3,MC,ObstetricsandGynecology,35,1,19,5,0,0,654,648,646,6,,,Steady,No,No,No,No,No,No,Steady,No,No,No,No,No,No,No,No,No,No,No,No,No,No,No,Ch,Yes
161160186,107058168,Caucasian,Male,[80-90),?,3,1,1,1,MC,Urology,1,1,7,0,0,0,188,401,250,4,,,Steady,No,No,No,No,No,No,No,No,No,No,No,No,No,No,No,No,Steady,No,No,No,No,No,Ch,Yes
161161032,34364061,Caucasian,Female,[60-70),?,5,3,1,4,MC,?,43,2,21,1,0,0,715,427,434,9,,,Steady,No,No,No,No,No,No,No,No,No,No,No,No,No,No,No,No,Steady,No,No,No,No,No,Ch,Yes
161173890,91578348,Caucasian,Male,[50-60),?,2,1,1,1,BC,?,56,2,9,0,0,0,238,448,603,5,,,No,No,No,No,No,No,No,No,No,No,No,No,No,No,No,No,No,No,No,No,No,No,No,No,No
161176362,86669163,Caucasian,Female,[70-80),?,1,1,7,2,MC,?,48,0,13,0,0,0,427,443,250,6,,,No,No,No,No,No,No,No,Up,No,No,No,No,No,No,No,No,No,No,No,No,No,No,No,Ch,Yes
161177514,23564664,Caucasian,Female,[80-90),?,3,1,1,3,MC,InternalMedicine,38,0,15,0,0,0,427,428,414,7,,,No,No,No,No,No,No,No,Steady,No,No,No,No,No,No,No,No,No,Steady,No,No,No,No,No,Ch,Yes
161177712,39650202,Other,Male,[60-70),?,1,1,7,3,OG,Emergency/Trauma,46,6,14,0,0,0,410,414,250,5,,,Steady,No,No,No,No,No,Steady,No,No,No,No,No,No,No,No,No,No,No,No,No,No,No,No,Ch,Yes
161179914,84047418,Caucasian,Female,[70-80),?,3,6,1,3,?,Orthopedics-Reconstructive,32,2,37,0,0,0,715,496,280,9,,,Steady,No,No,No,No,No,Steady,No,No,No,No,No,No,No,No,No,No,No,No,No,No,No,No,Ch,Yes
161187696,95395626,Caucasian,Female,[80-90),?,1,1,7,7,MC,?,39,0,15,0,0,0,491,427,276,8,,,No,No,No,No,No,No,No,No,No,No,No,No,No,No,No,No,No,No,No,No,No,No,No,No,No
161188590,107703864,Caucasian,Male,[50-60),?,2,1,7,1,BC,Emergency/Trauma,39,1,19,0,0,1,428,427,425,7,,,No,No,No,No,No,No,Steady,No,No,No,No,Steady,No,No,No,No,No,Down,No,No,No,No,No,Ch,Yes
161190312,71310969,Caucasian,Female,[70-80),?,1,1,7,1,MC,?,25,0,7,0,0,0,724,733,486,7,,,No,No,No,No,No,No,No,No,No,No,No,No,No,No,No,No,No,Steady,No,No,No,No,No,No,Yes
161192106,40945509,Caucasian,Female,[70-80),?,3,1,1,3,MC,?,48,4,13,4,0,3,514,424,428,9,,,No,No,No,No,No,No,No,No,No,No,No,No,No,No,No,No,No,Down,No,No,No,No,No,Ch,Yes
161196834,59481900,Caucasian,Male,[50-60),?,1,1,7,5,HM,?,11,0,12,0,0,0,428,250.02,277,9,,,Steady,No,No,No,Steady,No,No,No,No,No,No,No,No,No,No,No,No,Steady,No,No,No,No,No,Ch,Yes
161199174,56586042,Caucasian,Female,[60-70),?,2,23,1,3,?,Family/GeneralPractice,35,1,18,0,0,1,250.6,707,682,9,,,Steady,No,No,No,No,No,No,No,No,No,No,No,No,No,No,No,No,Down,No,No,No,No,No,Ch,Yes
161201370,39649842,AfricanAmerican,Male,[60-70),?,2,1,7,3,UN,Emergency/Trauma,79,0,20,0,0,0,250.8,682,428,9,,Norm,No,No,Steady,No,No,No,Steady,No,No,Steady,No,No,No,No,No,No,No,Up,No,No,No,No,No,Ch,Yes
161203134,43363980,Caucasian,Female,[70-80),?,3,1,1,2,MC,?,42,0,19,0,0,0,486,427,496,7,,,No,No,No,No,No,No,No,No,No,No,No,No,No,No,No,No,No,Steady,Steady,No,No,No,No,Ch,Yes
161206362,66025035,AfricanAmerican,Female,[70-80),?,2,1,1,10,?,Surgery-General,32,2,14,0,0,1,V57,998,560,9,,Norm,Steady,Steady,No,No,No,No,No,No,No,No,No,No,No,No,No,No,No,No,No,No,No,No,No,Ch,Yes
161207622,61616907,Caucasian,Female,[60-70),?,2,1,1,9,?,InternalMedicine,51,0,16,1,0,0,250.03,428,780,7,,Norm,No,No,Steady,No,No,No,No,No,No,No,No,No,No,No,No,No,No,Down,No,No,No,No,No,Ch,Yes
161210220,102388410,AfricanAmerican,Female,[60-70),?,1,1,7,4,MC,?,65,1,17,0,1,0,434,428,204,9,,,No,No,No,No,No,No,No,No,No,No,No,No,No,No,No,No,No,Up,No,No,No,No,No,Ch,Yes
161212038,25218072,AfricanAmerican,Female,[70-80),?,3,1,1,1,MC,Surgery-Vascular,29,2,10,0,0,0,996,403,585,9,,,No,No,No,No,No,No,No,No,No,No,No,No,No,No,No,No,No,No,No,No,No,No,No,No,No
161212704,59567823,AfricanAmerican,Female,[40-50),?,1,6,7,10,PO,?,61,0,14,0,0,0,486,599,276,8,,,No,No,No,No,No,No,No,Steady,No,No,No,No,No,No,No,No,No,No,No,No,No,No,No,No,Yes
161215566,24219063,AfricanAmerican,Female,[80-90),?,1,11,7,5,MC,InternalMedicine,42,1,8,0,0,1,434,38,560,9,,,No,No,No,No,No,No,No,No,No,No,No,No,No,No,No,No,No,Up,No,No,No,No,No,Ch,Yes
161217702,23370768,AfricanAmerican,Male,[60-70),?,1,1,7,3,MC,Cardiology,34,3,23,0,0,0,414,585,413,9,,,No,No,No,No,No,No,No,No,No,No,Steady,No,No,No,No,No,No,Up,No,No,No,No,No,Ch,Yes
161219148,42352578,Caucasian,Male,[70-80),?,3,6,1,7,MC,Surgery-Vascular,35,5,32,0,0,0,440,707,585,9,,,No,No,No,No,No,No,No,No,No,No,No,No,No,No,No,No,No,Down,No,No,No,No,No,Ch,Yes
161221668,84481119,AfricanAmerican,Female,[60-70),?,1,1,7,2,?,?,57,3,13,0,0,0,280,427,250,9,,,Steady,No,No,No,No,No,No,No,No,No,No,No,No,No,No,No,No,Steady,No,No,No,No,No,Ch,Yes
161223828,42971427,Caucasian,Female,[70-80),?,3,1,1,6,MC,?,89,0,14,0,0,1,584,250.02,599,8,,>8,No,No,No,No,No,No,Steady,No,No,No,No,No,No,No,No,No,No,Steady,No,No,No,No,No,Ch,Yes
161224512,41510061,Caucasian,Male,[90-100),?,3,11,1,7,MC,?,58,5,27,0,0,0,197,162,198,9,,,No,No,No,No,No,No,Steady,Steady,No,No,No,No,No,No,No,No,No,No,No,No,No,No,No,Ch,Yes
161227422,63019143,AfricanAmerican,Female,[40-50),?,2,1,1,3,?,Family/GeneralPractice,44,0,16,3,1,7,428,70,789,9,,,Steady,No,No,No,No,No,No,Steady,No,No,No,No,No,No,No,No,No,Down,No,No,No,No,No,Ch,Yes
161229702,59568129,Caucasian,Male,[80-90),?,1,7,7,1,MC,?,70,0,5,0,0,0,780,403,585,9,,Norm,No,No,No,No,No,No,No,Steady,No,No,No,No,No,No,No,No,No,Steady,No,No,No,No,No,Ch,Yes
161231850,36043317,AfricanAmerican,Female,[50-60),?,2,1,1,3,HM,?,66,0,10,0,1,0,434,404,272,9,,Norm,No,No,No,No,No,No,No,No,No,No,No,No,No,No,No,No,No,Up,No,No,No,No,No,Ch,Yes
161239422,41481855,Caucasian,Male,[70-80),?,1,1,7,5,SP,?,36,2,18,0,0,0,824,E916,401,5,,,No,No,No,No,No,No,No,No,No,No,No,No,No,No,No,No,No,No,No,No,No,No,No,No,No
161240916,94271463,Caucasian,Male,[80-90),?,5,3,1,3,MC,?,30,0,10,0,0,1,434,427,276,9,,,Steady,No,No,No,No,No,No,No,No,No,No,No,No,No,No,No,No,No,No,No,No,No,No,No,Yes
161249208,43920450,Caucasian,Female,[70-80),?,5,1,1,7,MC,?,53,5,23,0,0,1,996,998,443,7,,,No,No,No,No,No,No,Steady,No,No,No,No,No,No,No,No,No,No,Steady,No,No,No,No,No,Ch,Yes
161251302,79311798,Caucasian,Male,[60-70),?,2,1,1,3,MC,?,36,0,12,0,0,0,564,276,250,6,,,No,No,No,No,No,No,No,No,No,No,No,No,No,No,No,No,No,Steady,No,No,No,No,No,No,Yes
161252088,111314898,AfricanAmerican,Male,[40-50),?,2,4,1,9,?,Family/GeneralPractice,54,0,17,0,0,1,303,70,250.11,7,,Norm,No,No,No,No,Steady,No,No,No,No,No,No,No,No,No,No,No,No,Steady,No,No,No,No,No,Ch,Yes
161252868,8850582,Caucasian,Female,[70-80),?,6,6,17,6,?,Family/GeneralPractice,59,5,18,0,0,0,428,491,682,9,,Norm,No,No,No,No,No,No,No,No,No,No,No,No,No,No,No,No,No,No,No,No,No,No,No,No,No
161253366,65116143,Caucasian,Female,[70-80),?,3,1,1,3,?,Oncology,30,0,5,0,0,0,560,V10,530,8,,,No,No,No,No,No,No,No,No,No,No,No,No,No,No,No,No,No,No,No,No,No,No,No,No,No
161256798,39653739,Caucasian,Male,[40-50),?,2,1,7,8,SP,Family/GeneralPractice,64,6,37,0,0,0,410,428,276,9,,>8,Steady,Steady,No,No,No,No,Up,No,No,No,Steady,No,No,No,No,No,No,Down,No,No,No,No,No,Ch,Yes
161258508,36161775,Caucasian,Female,[50-60),?,3,1,1,7,UN,Psychology,52,0,16,0,0,1,296,401,300,8,,>8,Up,No,No,No,No,No,No,No,No,No,Up,No,No,No,No,No,No,Up,No,No,No,No,No,Ch,Yes
161258622,60995637,Caucasian,Female,[60-70),?,2,1,1,3,?,Family/GeneralPractice,36,0,15,2,0,1,493,486,530,9,,Norm,Steady,No,No,No,No,No,No,No,No,No,No,No,No,No,No,No,No,Down,No,No,No,No,No,Ch,Yes
161263194,109652868,Caucasian,Male,[80-90),?,1,6,7,3,MC,?,61,0,10,0,0,2,599,421,414,6,,,No,No,No,No,No,No,No,No,No,No,No,No,No,No,No,No,No,Steady,Steady,No,No,No,No,Ch,Yes
161263950,62770689,Caucasian,Male,[60-70),?,1,18,7,2,?,Cardiology,65,6,22,1,0,0,410,785,428,9,,,No,No,No,No,No,No,No,No,No,No,No,No,No,No,No,No,No,No,No,No,No,No,No,No,No
161263968,86525037,Caucasian,Male,[70-80),?,6,3,7,7,?,InternalMedicine,55,1,7,0,0,6,250.8,731,730,6,>200,,No,No,No,No,No,No,No,No,No,No,No,No,No,No,No,No,No,No,No,No,No,No,No,No,No
161264322,86350320,Caucasian,Male,[60-70),?,5,1,1,3,HM,?,70,2,8,0,0,0,574,576,518,9,,,No,No,No,No,No,No,No,No,No,No,No,No,No,No,No,No,No,No,No,No,No,No,No,No,No
161264550,96157008,Caucasian,Male,[40-50),?,2,1,4,2,?,Family/GeneralPractice,27,1,9,0,0,2,292,682,304,6,,,Steady,No,No,No,No,No,No,Steady,No,No,No,No,No,No,No,No,No,No,No,No,No,No,No,Ch,Yes
161265438,20893185,Caucasian,Female,[90-100),[75-100),1,6,7,3,UN,?,45,0,10,2,0,0,428,429,250.5,9,,,No,No,No,No,No,No,No,No,No,No,No,No,No,No,No,No,No,No,No,No,No,No,No,No,No
161266110,23384718,AfricanAmerican,Male,[80-90),?,3,1,1,2,MC,InternalMedicine,40,1,18,0,0,1,276,333,250,9,,,No,No,Steady,No,No,No,No,No,No,No,Steady,No,No,No,No,No,No,No,No,No,No,No,No,Ch,Yes
161266470,84368070,Caucasian,Female,[70-80),?,1,6,7,6,MC,?,52,1,22,0,0,0,821,428,E888,9,,,No,No,No,No,No,No,Steady,No,No,No,No,No,No,No,No,No,No,No,No,No,No,No,No,No,Yes
161266824,33378516,Caucasian,Male,[60-70),?,2,1,7,3,MC,Surgery-General,42,0,11,0,0,0,428,410,425,7,,,Steady,No,No,No,No,No,No,No,No,No,No,No,No,No,No,No,No,No,No,No,No,No,No,No,Yes
161266974,112840542,Caucasian,Male,[70-80),?,1,1,7,3,?,?,37,2,7,0,0,0,562,455,211,6,,,Steady,No,No,No,No,No,No,Steady,No,No,No,No,No,No,No,No,No,Steady,No,No,No,No,No,Ch,Yes
161270046,111234249,AfricanAmerican,Female,[50-60),?,1,22,7,9,?,?,60,3,27,0,0,0,431,518,453,9,,,Up,No,No,No,No,No,No,No,No,No,No,No,No,No,No,No,No,No,No,No,No,No,No,Ch,Yes
161271174,64330407,AfricanAmerican,Female,[40-50),?,2,1,7,5,?,InternalMedicine,51,0,11,3,0,0,682,250,272,8,,Norm,Down,No,No,No,No,No,No,No,No,No,No,No,No,No,No,No,No,No,No,No,No,No,No,Ch,Yes
161274162,1816983,Caucasian,Female,[60-70),?,1,1,7,7,MC,InternalMedicine,58,0,23,0,0,0,38,486,427,9,,,Steady,No,No,No,No,No,No,No,No,No,No,No,No,No,No,No,No,Steady,No,No,No,No,No,Ch,Yes
161276244,87030189,AfricanAmerican,Female,[60-70),?,1,1,7,7,?,?,55,0,24,1,0,0,438,780,428,9,,,No,No,No,No,No,No,No,No,No,Steady,No,No,No,No,No,No,No,No,No,No,No,No,No,No,Yes
161276424,42508206,Caucasian,Male,[40-50),?,1,6,7,2,SP,?,30,1,15,0,0,0,997,250.02,?,2,,,No,No,No,No,No,No,No,No,No,No,No,No,No,No,No,No,No,Up,No,No,No,No,No,Ch,Yes
161276724,98803836,AfricanAmerican,Female,[50-60),?,1,1,7,2,?,?,54,0,13,0,0,0,413,428,401,8,,Norm,No,No,No,No,No,No,No,No,No,No,Steady,No,No,No,No,No,No,Down,No,No,No,No,No,Ch,Yes
161277006,86095827,Caucasian,Male,[80-90),?,1,1,7,7,MC,?,54,0,14,0,1,0,599,276,496,9,,,Steady,No,No,No,No,No,No,Steady,No,No,No,No,No,No,No,No,No,No,No,No,No,No,No,Ch,Yes
161277534,112849686,AfricanAmerican,Female,[50-60),?,2,1,2,7,?,Gastroenterology,39,0,18,0,0,0,296,402,428,9,,Norm,Steady,No,No,No,No,No,No,No,No,No,No,No,No,No,No,No,No,No,No,No,No,No,No,No,Yes
161277768,23324364,AfricanAmerican,Male,[70-80),?,1,1,7,4,MC,Nephrology,45,0,15,0,0,0,573,486,599,9,,>8,No,Steady,No,No,No,No,Steady,No,No,No,No,No,No,No,No,No,No,Up,No,No,No,No,No,Ch,Yes
161277942,22912236,Caucasian,Male,[80-90),?,1,1,7,1,?,?,49,0,6,0,0,0,780,782,782,7,,Norm,No,No,No,No,No,No,No,No,No,No,No,No,No,No,No,No,No,No,No,No,No,No,No,No,No
161284080,58404375,Caucasian,Female,[80-90),?,1,1,7,3,MC,?,10,0,10,0,0,1,428,427,585,9,,,No,No,No,No,Steady,No,No,No,No,No,Steady,No,No,No,No,No,No,Steady,No,No,No,No,No,Ch,Yes
161284092,59489811,Caucasian,Male,[70-80),?,3,6,1,5,MC,Radiologist,61,6,21,0,0,0,414,511,413,9,,,No,No,No,No,No,No,No,No,No,Steady,No,No,No,No,No,No,No,Steady,Steady,No,No,No,No,Ch,Yes
161286804,41100858,Caucasian,Male,[20-30),?,1,28,7,2,SP,?,56,1,8,0,1,0,965,969,780,9,,,No,No,No,No,No,No,No,No,No,No,No,No,No,No,No,No,No,Down,No,No,No,No,No,Ch,Yes
161287476,59478903,AfricanAmerican,Male,[50-60),?,3,22,1,7,MD,?,9,1,20,0,0,0,225,250,401,4,,,No,No,No,No,No,No,No,Steady,No,No,Steady,No,No,No,No,No,No,Steady,No,No,No,No,No,Ch,Yes
161293572,113814468,Caucasian,Female,[50-60),?,1,1,7,5,?,?,39,2,19,0,0,0,592,590,591,7,,Norm,No,No,No,No,No,No,Steady,No,No,No,No,No,No,No,No,No,No,No,No,No,No,No,No,No,Yes
161294724,88410879,AfricanAmerican,Male,[70-80),?,1,3,7,6,MC,?,72,0,21,0,0,3,404,585,428,9,,,No,No,No,No,No,No,No,Steady,No,No,No,No,No,No,No,No,No,Steady,No,No,No,No,No,Ch,Yes
161295798,85491936,Caucasian,Female,[70-80),?,2,1,1,1,MC,Radiologist,35,6,18,0,0,0,414,250,401,4,,,No,No,No,No,No,No,No,Steady,No,No,No,No,No,No,No,No,No,No,No,No,No,No,No,No,Yes
161303250,23195241,Caucasian,Male,[20-30),?,1,1,7,2,MD,InternalMedicine,43,1,6,0,1,1,250.13,584,276,5,,,No,No,No,No,No,No,No,No,No,No,No,No,No,No,No,No,No,Up,No,No,No,No,No,Ch,Yes
161307282,92955915,Caucasian,Female,[80-90),?,5,14,1,1,MC,?,41,0,14,2,0,0,518,486,428,9,,,No,No,No,No,No,No,No,No,No,No,No,No,No,No,No,No,No,No,No,No,No,No,No,No,No
161312748,48779667,Caucasian,Male,[70-80),?,3,1,1,1,WC,?,19,1,8,0,0,0,414,412,V45,6,,,No,No,No,No,No,No,Steady,No,No,No,No,No,No,No,No,No,No,No,No,No,No,No,No,No,Yes
161315562,85657491,Caucasian,Female,[80-90),?,2,1,1,1,MC,Radiologist,42,6,19,1,0,0,414,250,401,4,,,No,No,No,No,No,No,No,No,No,Steady,No,No,No,No,No,No,No,No,No,No,No,No,No,No,Yes
161317248,23532516,AfricanAmerican,Female,[20-30),?,1,1,7,3,MC,InternalMedicine,44,1,12,0,0,1,250.23,276,250.43,9,,>8,No,No,No,No,No,No,No,No,No,No,No,No,No,No,No,No,No,Up,No,No,No,No,No,Ch,Yes
161317560,42374610,Caucasian,Male,[70-80),[75-100),1,1,7,2,MC,?,36,0,7,1,0,0,562,250,401,5,,,No,No,No,No,No,No,No,Up,No,No,No,No,No,No,No,No,No,No,No,No,No,No,No,Ch,Yes
161324622,43864380,Caucasian,Female,[80-90),?,1,3,7,9,MC,?,69,0,24,0,0,1,38,427,425,9,,,Steady,No,No,No,No,No,No,No,No,No,No,No,No,No,No,No,No,Steady,No,No,No,No,No,Ch,Yes
161326662,43753581,Caucasian,Female,[90-100),?,3,3,1,5,MC,?,61,1,15,0,0,1,250.02,276,530,6,,,No,No,No,No,No,No,No,Steady,No,No,No,No,No,No,No,No,No,Up,No,No,No,No,No,Ch,Yes
161331384,112904973,Caucasian,Male,[60-70),?,2,22,1,10,?,Surgery-Vascular,81,2,35,0,0,0,440,496,38,9,,Norm,No,No,No,No,No,No,No,No,No,No,No,No,No,No,No,No,No,Down,No,No,No,No,No,Ch,Yes
161331528,42835311,Caucasian,Male,[70-80),?,3,3,1,13,MD,?,54,0,19,0,0,2,294,312,908,9,,Norm,No,No,No,No,No,No,No,No,No,Steady,No,No,No,No,No,No,No,Steady,Steady,No,No,No,No,Ch,Yes
161332824,85523634,Caucasian,Male,[70-80),?,1,6,7,2,HM,?,44,0,15,0,0,1,491,428,424,9,,,Steady,No,No,No,No,No,No,No,No,No,No,No,No,No,No,No,No,No,No,No,No,No,No,No,Yes
161333346,24353820,AfricanAmerican,Male,[50-60),?,3,1,1,2,MC,Family/GeneralPractice,38,0,11,0,2,1,491,571,789,5,,,No,No,No,No,No,No,No,No,No,No,No,No,No,No,No,No,No,Steady,No,No,No,No,No,No,Yes
161333886,58451148,Caucasian,Female,[50-60),?,3,6,1,4,PO,?,35,0,21,1,0,0,V57,518,414,9,,,Steady,No,No,No,No,No,Steady,No,No,No,Steady,No,No,No,No,No,No,Steady,No,No,No,No,No,Ch,Yes
161337000,89346753,Caucasian,Female,[70-80),?,3,1,1,2,MC,Pulmonology,64,1,13,0,0,0,280,112,493,8,,,No,No,No,No,No,No,Steady,No,No,No,No,No,No,No,No,No,No,No,No,No,No,No,No,No,Yes
161341398,23350779,AfricanAmerican,Female,[60-70),?,1,6,7,7,MC,Nephrology,38,1,20,0,0,0,820,403,585,8,,,No,No,No,No,No,No,No,No,No,No,No,No,No,No,No,No,No,Steady,No,No,No,No,No,No,Yes
161342070,24619806,Caucasian,Female,[70-80),?,3,22,1,9,MC,Surgery-Cardiovascular/Thoracic,54,6,54,1,0,1,414,998,424,9,,,No,No,No,No,No,No,No,Steady,No,No,No,No,No,No,No,No,No,Up,No,No,No,No,No,Ch,Yes
161342778,36832680,Caucasian,Female,[60-70),?,2,6,1,10,?,InternalMedicine,62,1,22,7,0,1,403,250.42,427,9,,,No,No,No,No,No,No,No,No,No,No,No,No,No,No,No,No,No,Steady,No,No,No,No,No,No,Yes
161343120,108092448,AfricanAmerican,Female,[60-70),?,1,1,7,3,MC,?,69,2,19,1,1,0,578,785,276,9,,,No,No,No,No,No,No,No,No,No,No,No,No,No,No,No,No,No,Steady,No,No,No,No,No,No,Yes
161343522,86199057,Caucasian,Female,[50-60),?,1,1,7,3,CP,?,64,5,17,0,1,0,535,427,211,8,,>7,No,No,No,No,No,No,No,No,No,No,No,No,No,No,No,No,No,No,No,No,No,No,No,No,No
161345928,53241021,Caucasian,Male,[80-90),?,1,3,7,3,MC,?,46,0,11,0,0,0,38,486,995,9,,,Steady,No,No,No,No,No,No,No,No,No,No,No,No,No,No,No,No,Steady,No,No,No,No,No,Ch,Yes
161346270,106064541,Caucasian,Female,[80-90),?,1,3,7,7,MC,?,56,0,20,1,0,0,434,599,698,9,,,No,No,No,No,No,No,Up,No,No,No,No,No,No,No,No,No,No,No,No,No,No,No,No,Ch,Yes
161349162,85901769,Caucasian,Female,[60-70),?,2,1,1,5,HM,?,46,1,17,0,2,0,577,204,276,7,,,Steady,No,No,No,No,No,Steady,No,No,No,No,No,No,No,No,No,No,No,No,No,No,No,No,Ch,Yes
161350044,98421651,Caucasian,Female,[80-90),?,2,1,7,8,MC,Emergency/Trauma,63,0,26,0,0,2,486,491,427,9,,,No,No,No,No,Down,No,No,No,No,No,No,No,No,No,No,No,No,Steady,No,No,No,No,No,Ch,Yes
161350626,94781619,Caucasian,Female,[50-60),?,2,1,1,5,?,InternalMedicine,38,0,8,1,1,0,560,250,276,9,,,No,No,No,No,No,No,No,No,No,No,No,No,No,No,No,No,No,Steady,No,No,No,No,No,No,Yes
161350758,77536260,Caucasian,Female,[30-40),[50-75),1,1,7,8,CP,Surgery-General,72,2,25,0,0,2,865,864,850,9,,,No,No,No,No,No,No,No,No,No,No,No,No,No,No,No,No,No,Steady,No,No,No,No,No,No,Yes
161362272,24110847,AfricanAmerican,Female,[70-80),?,1,1,7,2,MC,InternalMedicine,43,0,20,0,0,1,428,492,401,9,,,No,No,No,No,No,No,No,No,No,Steady,Steady,No,No,No,No,No,No,Steady,No,No,No,No,No,Ch,Yes
161363706,46472850,AfricanAmerican,Male,[70-80),?,1,1,7,1,?,?,37,0,12,0,0,0,780,274,250,9,,,No,No,No,No,No,No,No,No,No,No,No,No,No,No,No,No,No,Down,No,No,No,No,No,Ch,Yes
161365518,31649508,Caucasian,Female,[80-90),?,1,1,7,9,MC,?,72,0,12,0,0,1,428,427,8,9,,,No,No,No,No,No,No,No,No,No,No,No,No,No,No,No,No,No,No,No,No,No,No,No,No,No
161370306,84349782,Caucasian,Female,[80-90),?,2,6,4,2,MC,?,32,0,13,2,0,1,427,682,250,8,,,No,No,No,No,No,No,Steady,No,No,No,No,No,No,No,No,No,No,No,No,No,No,No,No,No,Yes
161370522,90971964,AfricanAmerican,Male,[60-70),?,5,3,1,5,MC,?,71,0,13,0,0,0,276,295,197,9,,Norm,No,No,No,No,No,No,No,No,No,No,No,No,No,No,No,No,No,No,No,No,No,No,No,No,No
161370816,112636881,Caucasian,Male,[80-90),?,1,6,7,3,?,?,52,0,11,1,0,0,434,496,428,8,,Norm,No,No,No,No,No,No,No,No,No,No,No,No,No,No,No,No,No,Steady,No,No,No,No,No,No,Yes
161374818,86095062,Caucasian,Female,[60-70),?,2,3,1,9,MC,?,39,0,20,0,0,1,682,250.42,581,9,>300,>8,No,No,No,No,No,No,No,No,No,No,No,No,No,No,No,No,No,No,No,No,No,No,No,No,No
161380596,23644422,AfricanAmerican,Male,[60-70),?,1,1,7,4,BC,Cardiology,46,1,17,0,0,2,250.4,428,585,9,,,No,No,No,No,No,No,No,Steady,No,No,No,No,No,No,No,No,No,No,No,No,No,No,No,No,Yes
161383650,25101576,AfricanAmerican,Male,[60-70),?,1,22,7,13,?,Surgery-General,40,2,27,0,2,3,440,V15,401,4,,,No,No,No,No,No,No,No,No,No,No,Steady,No,No,No,No,No,No,No,No,No,No,No,No,No,Yes
161384052,89553258,Caucasian,Male,[80-90),?,1,1,1,2,?,?,41,0,18,0,0,0,435,496,428,9,,,No,No,No,No,No,No,No,No,No,No,No,No,No,No,No,No,No,No,No,No,No,No,No,No,No
161384688,45977589,Caucasian,Male,[50-60),?,1,1,7,3,BC,Surgery-General,38,1,20,0,0,1,540,250,410,6,,,No,No,No,No,No,No,No,No,No,No,No,No,No,No,No,No,No,Steady,No,No,No,No,No,No,Yes
161384772,71313615,AfricanAmerican,Female,[50-60),?,3,3,1,7,MD,Orthopedics,45,5,38,0,0,0,715,285,733,9,,,Up,No,No,No,No,No,No,No,No,No,Steady,No,No,No,No,No,No,No,No,No,No,No,No,Ch,Yes
161385018,93640977,Caucasian,Female,[50-60),[75-100),2,3,4,7,MC,?,47,1,18,2,0,0,250.4,403,428,9,,,No,No,No,No,No,No,No,No,No,No,No,No,No,No,No,No,No,Steady,No,No,No,No,No,No,Yes
161386218,97114851,AfricanAmerican,Female,[40-50),?,2,1,7,2,SP,Emergency/Trauma,52,1,9,0,0,1,280,205,250,3,,,No,Steady,No,No,No,No,No,No,No,No,No,No,No,No,No,No,No,No,No,No,No,No,No,No,Yes
161386392,64057977,Caucasian,Female,[40-50),?,2,1,1,1,?,Cardiology,54,0,11,0,0,1,428,428,414,9,,Norm,Steady,No,No,No,No,No,Steady,No,No,No,No,No,No,No,No,No,No,No,No,No,No,No,No,Ch,Yes
161386854,97955172,AfricanAmerican,Female,[60-70),?,1,3,7,6,MC,?,62,0,18,0,0,0,437,290,331,9,,Norm,Steady,No,No,No,No,No,No,No,No,No,No,No,No,No,No,No,No,Steady,No,No,No,No,No,Ch,Yes
161386914,103412286,AfricanAmerican,Female,[50-60),?,2,1,7,2,SP,Emergency/Trauma,61,1,11,0,0,1,780,250.6,357,7,,>7,No,No,No,No,Steady,No,No,No,No,No,No,No,No,No,No,No,No,Down,No,No,No,No,No,Ch,Yes
161388324,96910938,Caucasian,Female,[60-70),?,1,1,7,3,?,?,45,3,17,0,0,1,578,285,428,9,,,No,No,No,No,No,No,Steady,No,No,No,No,No,No,No,No,No,No,No,No,No,No,No,No,No,Yes
161388342,24930189,AfricanAmerican,Female,[60-70),?,1,1,7,5,MC,Nephrology,33,1,17,0,0,0,486,292,404,8,,,No,No,No,No,No,No,No,No,No,No,No,No,No,No,No,No,No,Steady,No,No,No,No,No,No,Yes
161390862,40504347,Caucasian,Female,[60-70),?,1,1,7,2,MC,?,42,0,9,0,0,1,998,250.02,285,8,,,No,No,No,No,No,No,No,No,No,No,No,No,No,No,No,No,No,Steady,Steady,No,No,No,No,Ch,Yes
161392194,65110797,Caucasian,Female,[60-70),?,1,1,7,2,?,?,53,0,12,1,0,0,332,924,319,6,,,No,No,No,No,Steady,No,No,No,No,No,No,No,No,No,No,No,No,No,No,No,No,No,No,No,Yes
161392728,85357377,Caucasian,Female,[60-70),[100-125),3,6,4,7,MC,?,48,0,15,0,0,1,V57,719,V54,9,,,Steady,No,No,No,No,No,No,No,No,No,Steady,No,No,No,No,No,No,No,No,No,No,No,No,Ch,Yes
161392824,46472445,Caucasian,Female,[70-80),?,1,3,7,5,?,?,45,0,19,2,0,1,427,428,599,9,,,No,No,No,No,No,No,No,No,No,Steady,No,No,No,No,No,No,No,No,No,No,No,No,No,No,Yes
161393658,97076907,Caucasian,Female,[40-50),?,1,1,1,6,BC,?,56,5,22,0,0,0,574,401,250,6,,,No,No,No,No,No,No,No,No,No,No,No,No,No,No,No,No,No,No,No,No,No,No,No,No,No
161394384,62793414,Caucasian,Female,[80-90),?,1,1,1,1,?,?,38,0,7,0,0,0,428,427,401,9,,,No,Steady,No,No,No,No,No,No,No,No,No,No,No,No,No,No,No,Steady,No,No,No,No,No,Ch,Yes
161394588,85354407,Caucasian,Female,[80-90),?,5,3,1,6,MC,?,72,0,18,2,0,0,486,428,427,9,,>7,No,No,No,No,No,No,No,Steady,No,No,No,No,No,No,No,No,No,No,No,No,No,No,No,No,Yes
161395380,60146964,Caucasian,Male,[80-90),?,1,1,1,1,?,?,52,0,5,0,0,1,486,285,250,5,,,No,No,No,No,No,No,No,No,No,No,No,No,No,No,No,No,No,No,No,No,No,No,No,No,No
161396220,79110054,Caucasian,Female,[70-80),?,1,1,7,7,?,?,76,0,15,2,0,0,997,577,276,9,,,No,No,No,No,No,No,No,No,No,No,No,No,No,No,No,No,No,Steady,No,No,No,No,No,No,Yes
161401920,78835320,Caucasian,Female,[80-90),?,1,1,7,4,?,?,60,2,15,0,0,0,427,276,518,9,,,No,No,No,No,No,No,No,No,No,No,No,No,No,No,No,No,No,Steady,No,No,No,No,No,No,Yes
161401974,63962973,Caucasian,Male,[60-70),?,1,1,7,4,?,?,56,0,14,2,1,2,789,427,729,9,,,No,No,No,No,No,No,No,No,No,No,No,No,No,No,No,No,No,No,No,No,No,No,No,No,No
161402166,41287248,Caucasian,Female,[60-70),?,1,11,7,3,MD,?,68,2,21,0,0,0,518,496,404,9,,,No,No,No,No,No,No,No,No,No,No,No,No,No,No,No,No,No,Down,No,No,No,No,No,Ch,Yes
161403672,56127555,AfricanAmerican,Female,[60-70),?,1,6,7,5,?,?,63,0,13,0,0,0,404,585,428,9,,Norm,No,No,No,No,No,No,No,No,No,No,No,No,No,No,No,No,No,Steady,No,No,No,No,No,No,Yes
161404074,62366130,Caucasian,Female,[80-90),?,1,14,7,1,?,?,35,0,8,8,1,2,599,250.11,584,9,,,No,No,No,No,No,No,No,No,No,No,No,No,No,No,No,No,No,No,No,No,No,No,No,No,No
161410230,45004320,Caucasian,Female,[50-60),[50-75),3,1,1,3,MC,Surgery-General,36,1,14,0,0,0,996,41,41,9,,>8,Steady,No,No,No,No,No,No,Steady,No,No,No,No,No,No,No,No,No,No,No,No,No,No,No,Ch,Yes
161421642,39658878,Caucasian,Male,[40-50),?,3,1,1,2,WC,Orthopedics,38,5,11,0,0,0,996,998,250,6,,,No,No,No,No,No,No,No,No,No,No,No,No,No,No,No,No,No,Steady,No,No,No,No,No,No,Yes
161429010,79115913,Caucasian,Male,[60-70),?,2,1,1,6,?,Nephrology,43,3,32,0,0,0,250.4,403,996,9,,,No,No,No,No,No,No,No,No,No,No,No,No,No,No,No,No,No,Steady,No,No,No,No,No,No,Yes
161429454,63519678,Caucasian,Female,[70-80),?,3,1,7,2,MC,Emergency/Trauma,32,1,9,0,0,1,790,?,281,8,,,No,No,No,No,No,No,No,No,No,No,No,No,No,No,No,No,No,No,No,No,No,No,No,No,No
161430540,41191578,Caucasian,Female,[50-60),?,1,1,7,2,UN,?,39,1,15,0,0,0,812,285,E816,7,,,Steady,No,No,No,No,No,No,Steady,No,No,No,No,No,No,No,No,No,No,No,No,No,No,No,Ch,Yes
161453376,63825021,Caucasian,Male,[50-60),?,3,1,1,5,MD,Radiologist,45,1,9,0,0,1,511,496,401,5,,,No,No,No,No,No,No,No,No,No,No,No,No,No,No,No,No,No,Steady,No,No,No,No,No,No,Yes
161456166,86246442,Caucasian,Male,[70-80),?,1,6,7,2,MC,?,54,0,10,0,0,0,781,780,784,9,,,Steady,No,No,No,No,No,No,No,No,No,No,No,No,No,No,No,No,No,No,No,No,No,No,No,Yes
161458104,42556671,Caucasian,Female,[60-70),?,3,1,1,2,MC,Cardiology,45,0,10,0,0,1,780,996,250,6,,,No,No,No,No,No,No,No,No,No,No,No,No,No,No,No,No,No,Up,No,No,No,No,No,Ch,Yes
161462772,57971259,Caucasian,Male,[80-90),?,1,1,7,4,MC,?,58,0,9,0,0,0,435,446,250,9,,,No,No,No,No,No,No,No,No,No,No,No,No,No,No,No,No,No,No,No,No,No,No,No,No,No
161463162,41651631,Caucasian,Male,[70-80),?,3,1,1,1,MC,Surgery-General,2,2,11,0,0,3,996,403,585,8,,,No,No,No,No,No,No,No,No,No,No,No,No,No,No,No,No,No,Up,No,No,No,No,No,Ch,Yes
161463426,40956858,Caucasian,Male,[60-70),?,3,1,1,3,MC,?,65,0,19,0,0,0,780,276,250,5,,,Steady,No,No,No,No,No,Steady,No,No,No,No,No,No,No,No,No,No,Steady,No,No,No,No,No,Ch,Yes
161464368,24214563,AfricanAmerican,Female,[70-80),?,3,1,1,3,MC,InternalMedicine,20,0,19,0,0,0,53,428,427,9,,,Steady,No,No,No,No,No,Steady,No,No,Steady,No,No,No,No,No,No,No,No,No,No,No,No,No,Ch,Yes
161465688,42522309,Caucasian,Male,[70-80),?,3,22,1,13,MC,Cardiology,73,6,72,1,0,2,414,411,496,9,,,No,No,No,No,Steady,No,No,No,No,No,No,No,No,No,No,No,No,Down,No,No,No,No,No,Ch,Yes
161470638,84376332,Caucasian,Male,[60-70),?,1,1,7,2,MC,?,34,1,21,0,0,2,404,428,585,9,,,No,No,No,No,No,No,No,No,No,No,No,No,No,No,No,No,No,Down,No,No,No,No,No,Ch,Yes
161476212,44182620,Caucasian,Male,[40-50),?,1,1,7,2,?,?,46,0,16,0,0,3,403,585,728,8,,Norm,No,No,No,No,No,No,No,No,No,No,No,No,No,No,No,No,No,Steady,No,No,No,No,No,No,Yes
161477622,113978862,Caucasian,Female,[70-80),?,1,3,7,8,?,?,68,5,47,0,0,0,440,428,444,9,,Norm,No,No,No,No,No,No,No,Up,No,No,No,No,No,No,No,No,No,No,No,No,No,No,No,Ch,Yes
161480106,76390920,Caucasian,Female,[60-70),?,6,1,17,5,?,Nephrology,67,0,21,1,0,1,276,403,585,9,,,No,No,No,No,No,No,No,No,No,No,No,No,No,No,No,No,No,Steady,No,No,No,No,No,No,Yes
161484396,62663616,Caucasian,Female,[40-50),?,2,1,1,3,?,?,28,0,11,0,0,0,493,250,?,2,,,Steady,No,No,No,No,No,No,No,No,No,No,No,No,No,No,No,No,Steady,No,No,No,No,No,Ch,Yes
161491416,35380323,AfricanAmerican,Male,[50-60),?,1,1,7,7,BC,Emergency/Trauma,57,1,12,2,5,3,291,250.02,303,6,,>7,Up,No,No,No,No,No,No,No,No,No,Steady,No,No,No,No,No,No,No,No,No,No,No,No,Ch,Yes
161491782,52658946,Caucasian,Male,[90-100),?,1,6,7,4,?,?,38,0,13,0,0,0,276,585,458,8,,,No,No,No,No,No,No,No,No,No,Steady,No,No,No,No,No,No,No,Steady,No,No,No,No,No,Ch,Yes
161495070,90931932,Caucasian,Male,[80-90),?,2,3,7,12,SP,Emergency/Trauma,58,6,29,0,0,2,996,682,584,9,,,No,No,No,No,No,No,Steady,No,No,No,No,No,No,No,No,No,No,Down,No,No,No,No,No,Ch,Yes
161496252,38369259,AfricanAmerican,Female,[60-70),?,1,6,7,12,?,?,58,3,23,5,0,2,250.4,403,996,9,,,No,No,No,No,No,No,No,No,No,No,No,No,No,No,No,No,No,No,No,No,No,No,No,No,No
161497218,43776378,Caucasian,Male,[40-50),?,1,6,7,8,MD,?,56,2,38,1,0,2,998,682,41,9,,,Steady,No,No,No,No,No,Steady,No,No,No,No,No,No,No,No,No,No,No,No,No,No,No,No,Ch,Yes
161497224,105639732,AfricanAmerican,Male,[60-70),?,5,1,1,3,MC,?,56,0,13,1,0,0,780,780,V10,4,,>8,No,No,No,No,No,No,No,No,No,No,No,No,No,No,No,No,No,Up,No,No,No,No,No,Ch,Yes
161498358,84428613,AfricanAmerican,Female,[40-50),?,2,6,1,12,MC,?,57,2,23,0,1,2,250.6,276,276,9,>300,,No,No,No,No,No,No,No,No,No,No,No,No,No,No,No,No,No,No,No,No,No,No,No,No,No
161499750,58005126,Caucasian,Male,[50-60),?,1,1,7,2,MD,?,62,0,12,2,0,0,585,70,496,9,,,No,No,No,No,No,No,No,No,No,No,No,No,No,No,No,No,No,Up,No,No,No,No,No,Ch,Yes
161501658,86073147,AfricanAmerican,Male,[30-40),?,1,1,1,2,?,?,48,0,4,0,2,1,250.6,786,357,5,,,No,No,No,No,No,No,No,No,No,No,No,No,No,No,No,No,No,Up,No,No,No,No,No,Ch,Yes
161505186,23899374,AfricanAmerican,Female,[70-80),?,2,1,1,3,MC,Family/GeneralPractice,41,0,14,0,0,0,250.02,435,272,8,,,Steady,No,No,No,No,No,No,No,No,No,Steady,No,No,No,No,No,No,Down,No,No,No,No,No,Ch,Yes
161506986,23239827,AfricanAmerican,Female,[60-70),?,1,6,7,5,MC,Nephrology,44,2,25,1,4,2,404,428,V45,9,,,No,No,No,No,No,No,No,No,No,No,No,No,No,No,No,No,No,Steady,No,No,No,No,No,No,Yes
161507682,115019739,Caucasian,Female,[70-80),?,2,3,7,5,MC,Emergency/Trauma,47,0,30,0,0,1,682,428,427,9,,,No,No,No,No,No,No,No,No,No,No,No,No,No,No,No,No,No,Up,No,No,No,No,No,Ch,Yes
161508372,43485552,Caucasian,Male,[60-70),?,1,1,7,3,MC,?,36,4,20,1,0,1,414,414,411,6,,,No,No,No,No,No,No,No,Steady,No,No,No,No,No,No,No,No,No,No,No,No,No,No,No,No,Yes
161510298,58993344,Caucasian,Male,[60-70),?,1,22,7,8,CM,?,61,3,16,0,1,2,518,507,276,9,,,No,No,No,No,No,No,No,Steady,No,No,No,No,No,No,No,No,No,Steady,No,No,No,No,No,Ch,Yes
161510664,93611655,Caucasian,Male,[60-70),?,5,1,1,4,HM,?,53,0,22,0,0,1,599,493,41,9,,,Steady,No,No,No,No,No,No,No,No,No,No,No,No,No,No,No,No,Up,No,No,No,No,No,Ch,Yes
161515278,94532823,AfricanAmerican,Female,[10-20),?,1,1,7,1,?,?,49,0,2,1,2,0,250.01,V58,462,3,,Norm,No,No,No,No,No,No,No,No,No,No,No,No,No,No,No,No,No,Steady,No,No,No,No,No,No,Yes
161517594,47986056,Caucasian,Male,[40-50),?,2,1,7,6,?,?,48,0,16,0,0,0,296,309,412,5,,,Steady,No,No,No,No,No,No,No,No,Steady,No,No,No,No,No,No,No,Steady,No,No,No,No,No,Ch,Yes
161517630,88667118,Caucasian,Female,[20-30),?,1,1,7,4,BC,?,76,0,12,0,0,0,250.13,786,414,9,,>8,No,No,No,No,No,No,No,No,No,No,No,No,No,No,No,No,No,No,No,No,No,No,No,No,No
161518398,113982255,Caucasian,Male,[60-70),?,1,1,7,3,?,?,38,2,4,0,0,0,426,414,V45,8,,,No,No,No,No,No,No,No,No,No,No,No,No,No,No,No,No,No,No,No,No,No,No,No,No,No
161518812,84476592,Hispanic,Female,[70-80),?,1,6,1,6,MC,?,62,3,25,1,1,0,575,518,428,9,,,No,No,No,No,No,No,No,No,No,Steady,No,No,No,No,No,No,No,Up,No,No,No,No,No,Ch,Yes
161518944,58120938,AfricanAmerican,Male,[50-60),?,1,6,7,6,?,?,58,2,23,1,1,1,599,276,707,9,,,No,No,No,No,No,No,No,No,No,No,Steady,No,No,No,No,No,No,Steady,No,No,No,No,No,Ch,Yes
161522244,106098858,Caucasian,Male,[60-70),?,1,1,7,2,MC,?,38,0,11,0,0,0,486,491,428,9,,>8,No,No,No,No,No,No,No,No,No,No,No,No,No,No,No,No,No,No,No,No,No,No,No,No,No
161522358,61900479,AfricanAmerican,Female,[50-60),?,1,1,7,2,?,?,69,0,13,1,0,0,780,427,920,9,,,Steady,No,No,No,No,No,No,No,No,No,No,No,No,No,No,No,No,No,No,No,No,No,No,No,Yes
161522400,94216365,AfricanAmerican,Female,[60-70),?,1,4,7,5,?,?,66,1,25,1,0,0,780,599,295,9,,Norm,No,No,No,No,No,No,No,No,No,No,No,No,No,No,No,No,No,Steady,No,No,No,No,No,No,Yes
161522976,113988321,AfricanAmerican,Male,[70-80),?,1,1,7,3,?,?,53,0,6,0,0,0,962,250.8,272,5,,Norm,No,No,No,No,No,No,No,Steady,No,No,No,No,No,No,No,No,No,No,No,No,No,No,No,No,Yes
161525022,24428880,Caucasian,Male,[60-70),?,3,1,1,1,MC,Surgery-Neuro,21,2,31,0,0,0,724,427,401,5,,,Steady,No,No,No,No,No,No,No,No,No,No,No,No,No,No,No,No,No,No,No,No,No,No,No,Yes
161525400,86246316,AfricanAmerican,Male,[60-70),?,1,1,7,3,MC,?,56,0,13,0,0,0,491,428,585,6,,,No,No,No,No,No,No,No,No,No,Steady,Steady,No,No,No,No,No,No,No,No,No,No,No,No,Ch,Yes
161535696,88070589,Caucasian,Female,[80-90),?,1,6,7,4,HM,?,67,0,23,0,0,0,428,403,585,9,,,No,No,No,No,No,No,No,Steady,No,Steady,No,No,No,No,No,No,No,No,No,No,No,No,No,Ch,Yes
161538414,62845515,Caucasian,Female,[60-70),?,3,6,1,5,?,Cardiology,39,3,23,2,0,0,996,585,416,8,,,No,No,No,No,Steady,No,No,No,No,No,No,No,No,No,No,No,No,No,No,No,No,No,No,No,Yes
161540838,25285833,AfricanAmerican,Female,[60-70),?,3,1,1,1,BC,Cardiology,31,5,19,0,0,0,414,411,401,4,,,No,No,No,No,No,No,No,No,No,No,No,No,No,No,No,No,No,Up,No,No,No,No,No,Ch,Yes
161542434,37282725,Caucasian,Female,[60-70),?,2,1,1,6,HM,?,51,3,16,2,0,2,584,403,427,9,,,No,No,No,No,No,No,No,No,No,No,No,No,No,No,No,No,No,Up,No,No,No,No,No,Ch,Yes
161546760,23218668,AfricanAmerican,Male,[60-70),?,1,1,7,2,MC,InternalMedicine,31,0,10,0,1,0,577,560,250,8,,,No,No,No,No,No,No,No,No,No,No,No,No,No,No,No,No,No,Steady,No,No,No,No,No,No,Yes
161547972,42043050,Caucasian,Male,[50-60),?,1,1,7,1,SP,?,62,0,14,0,0,0,250.02,276,V45,7,,,No,No,No,No,No,No,No,No,No,No,No,No,No,No,No,No,No,Down,No,No,No,No,No,Ch,Yes
161548776,24934599,Caucasian,Male,[40-50),?,1,1,7,1,SP,Cardiology,3,0,10,0,0,0,786,414,V45,5,,,No,No,No,No,No,No,No,No,No,No,No,No,No,No,No,No,No,Up,No,No,No,No,No,Ch,Yes
161551758,41408838,Caucasian,Male,[70-80),?,1,1,7,3,MC,?,45,0,15,7,0,4,414,428,496,9,,,No,No,No,No,No,No,No,Steady,No,No,No,No,No,No,No,No,No,No,No,No,No,No,No,No,Yes
161555886,27674496,Caucasian,Male,[50-60),?,5,1,1,5,MC,?,48,2,16,0,0,1,518,428,428,9,,,No,No,No,No,No,No,No,No,No,No,No,No,No,No,No,No,No,No,No,No,No,No,No,No,No
161561292,24022179,AfricanAmerican,Male,[50-60),?,3,1,1,4,BC,Family/GeneralPractice,50,1,21,0,0,0,428,584,403,6,,,No,No,No,No,No,No,No,No,No,No,No,No,No,No,No,No,No,Steady,No,No,No,No,No,No,Yes
161561478,86350248,Caucasian,Female,[70-80),?,1,3,1,5,HM,?,58,2,25,0,0,0,724,599,425,9,,,No,No,No,No,No,No,No,Steady,No,Down,No,No,No,No,No,No,No,No,No,No,No,No,No,Ch,Yes
161563590,65390958,AfricanAmerican,Female,[50-60),?,3,1,1,8,?,Pulmonology,33,3,19,1,0,1,786,496,486,9,,,No,No,No,No,No,No,No,No,No,No,No,No,No,No,No,No,No,Down,No,No,No,No,No,Ch,Yes
161566074,24198768,AfricanAmerican,Female,[50-60),?,2,1,1,2,?,InternalMedicine,38,0,13,0,1,0,786,693,E947,9,,,No,No,No,No,No,No,Steady,No,No,No,No,No,No,No,No,No,No,Down,No,No,No,No,No,Ch,Yes
161569362,81327051,Caucasian,Male,[50-60),?,1,6,7,3,?,?,63,2,9,0,0,0,250.6,584,276,9,,,No,No,No,No,No,No,No,Steady,No,Steady,No,No,No,No,No,No,No,Down,No,No,No,No,No,Ch,Yes
161572356,69414489,Caucasian,Female,[90-100),?,2,6,1,4,?,Orthopedics-Reconstructive,2,2,8,0,0,1,V57,V54,V43,6,,,Steady,No,No,No,No,No,No,Steady,No,Steady,No,No,No,No,No,No,No,No,No,No,No,No,No,Ch,Yes
161573820,25306038,Other,Female,[90-100),?,1,3,7,6,MC,InternalMedicine,47,4,20,1,0,0,821,780,250,9,,,No,No,No,No,No,No,No,Steady,No,No,No,No,No,No,No,No,No,Steady,No,No,No,No,No,Ch,Yes
161576988,58758183,Other,Female,[70-80),?,1,3,7,11,MC,?,58,3,25,0,0,1,535,780,403,9,,,No,No,No,No,No,No,No,No,No,No,No,No,No,No,No,No,No,Steady,No,No,No,No,No,No,Yes
161577714,49860252,Caucasian,Female,[50-60),?,3,1,1,3,SP,Family/GeneralPractice,32,0,14,0,0,2,590,592,250.02,8,,>8,Steady,No,No,No,No,No,No,No,No,No,No,No,No,No,No,No,No,Down,No,No,No,No,No,Ch,Yes
161579850,23617845,AfricanAmerican,Female,[80-90),?,1,3,7,8,MC,InternalMedicine,44,3,16,0,1,0,486,707,261,9,,,No,No,No,No,No,No,No,No,No,No,No,No,No,No,No,No,No,Steady,No,No,No,No,No,No,Yes
161581932,58524039,AfricanAmerican,Female,[40-50),?,3,1,1,8,MC,?,72,0,6,0,0,0,453,591,492,7,,,No,No,No,No,No,No,No,No,No,No,No,No,No,No,No,No,No,No,No,No,No,No,No,No,No
161582298,63410265,AfricanAmerican,Male,[60-70),?,2,6,1,7,MC,Surgery-Vascular,52,5,16,0,0,0,250.7,440,585,9,,,No,No,No,No,No,No,No,No,No,No,No,No,No,No,No,No,No,Down,No,No,No,No,No,Ch,Yes
161584884,90751788,Caucasian,Female,[60-70),?,1,3,7,5,HM,?,70,2,14,0,0,3,518,340,250,9,,,No,No,No,No,No,No,No,No,No,No,No,No,No,No,No,No,No,No,No,No,No,No,No,No,No
161586774,81896643,Caucasian,Male,[70-80),[75-100),1,1,7,5,MC,?,81,0,11,0,0,0,427,242,E942,9,,,Steady,No,No,No,No,No,No,No,No,No,Steady,No,No,No,No,No,No,No,No,No,No,No,No,Ch,Yes
161589504,69836859,Caucasian,Male,[60-70),?,1,1,7,2,?,?,38,5,16,1,0,1,410,414,412,9,,,No,Steady,No,No,No,No,No,No,No,Steady,No,No,No,No,No,No,No,No,No,No,No,No,No,Ch,Yes
161590566,23718141,Caucasian,Female,[30-40),?,3,1,1,3,BC,Surgery-Vascular,41,3,22,0,4,4,575,424,250,4,,>8,No,No,No,No,No,No,No,No,No,No,No,No,No,No,No,No,No,Steady,No,No,No,No,No,No,Yes
161596596,59084460,AfricanAmerican,Female,[70-80),?,1,1,7,1,CM,?,38,0,8,0,0,0,274,710,250,6,,,No,No,No,No,No,No,No,No,No,No,No,No,No,No,No,No,No,Steady,No,No,No,No,No,No,Yes
161599656,101828367,Caucasian,Male,[60-70),?,1,1,7,6,BC,?,82,2,18,0,0,0,482,276,305,9,,>8,Steady,No,No,No,No,No,No,No,No,Steady,No,No,No,No,No,No,No,No,No,No,No,No,No,Ch,Yes
161600778,88495461,Caucasian,Female,[70-80),?,2,1,7,3,MC,Emergency/Trauma,45,0,18,0,0,1,780,401,272,9,,,Steady,No,No,No,No,No,No,No,No,No,No,No,No,No,No,No,No,Steady,No,No,No,No,No,Ch,Yes
161602530,49226616,Caucasian,Male,[70-80),?,5,3,1,14,MC,?,84,6,23,0,0,0,250.22,728,427,9,,>8,No,No,No,No,No,No,No,Up,No,No,No,No,No,No,No,No,No,Down,No,No,No,No,No,Ch,Yes
161603910,25182450,AfricanAmerican,Female,[70-80),?,1,1,7,2,MC,InternalMedicine,43,0,10,0,0,0,427,272,402,8,,,No,No,No,No,No,No,Steady,No,No,No,No,No,No,No,No,No,No,Steady,No,No,No,No,No,Ch,Yes
161604120,59133546,AfricanAmerican,Female,[50-60),?,1,1,7,7,MD,?,58,1,16,0,0,2,780,401,244,9,,,No,No,No,No,No,No,No,No,No,No,No,No,No,No,No,No,No,No,No,No,No,No,No,No,No
161604576,61723134,Caucasian,Female,[80-90),?,1,6,7,3,MC,?,47,0,12,0,0,0,715,276,599,9,,,No,No,No,No,No,No,No,No,No,No,No,No,No,No,No,No,No,No,No,No,No,No,No,No,No
161606874,70680132,Caucasian,Female,[80-90),?,1,4,7,3,?,?,44,0,6,1,0,3,428,424,427,8,,,No,No,No,No,No,No,No,No,No,No,No,No,No,No,No,No,No,No,No,No,No,No,No,No,No
161608530,106356321,AfricanAmerican,Female,[60-70),?,1,1,7,5,?,?,51,1,14,1,0,1,112,530,250.92,9,,,No,No,No,No,No,No,Down,No,No,Steady,No,No,No,No,No,No,No,No,No,No,No,No,No,Ch,Yes
161611152,90778221,Caucasian,Male,[70-80),?,2,1,7,1,SP,Emergency/Trauma,39,0,4,0,0,0,786,401,250,4,,,No,No,No,No,No,No,No,No,No,No,No,No,No,No,No,No,No,No,No,No,No,No,No,No,No
161612808,62541477,Caucasian,Male,[70-80),[50-75),2,1,1,5,UN,?,54,2,14,0,1,1,537,280,585,9,,,No,No,No,No,No,No,No,No,No,No,No,No,No,No,No,No,No,No,No,No,No,No,No,No,No
161613450,88718517,Caucasian,Female,[50-60),?,2,1,1,1,?,Family/GeneralPractice,40,0,15,0,0,0,493,428,250,7,,Norm,Steady,No,No,No,No,No,Steady,No,No,No,No,No,No,No,No,No,No,Steady,No,No,No,No,No,Ch,Yes
161614122,23326641,AfricanAmerican,Male,[50-60),?,1,1,7,3,BC,Family/GeneralPractice,33,0,15,0,2,3,491,V15,401,9,,,No,No,No,No,No,No,No,No,No,No,No,No,No,No,No,No,No,No,No,No,No,No,No,No,No
161616336,84417201,Caucasian,Male,[70-80),?,1,3,7,6,HM,?,60,0,13,0,1,0,415,599,276,9,,,No,No,No,No,No,No,No,No,No,No,No,No,No,No,No,No,No,No,No,No,No,No,No,No,No
161617722,24257187,AfricanAmerican,Female,[50-60),?,3,3,1,10,MD,InternalMedicine,41,1,31,0,3,3,536,428,682,9,,,No,No,No,No,No,No,No,No,No,No,No,No,No,No,No,No,No,Up,No,No,No,No,No,Ch,Yes
161618490,69505299,Caucasian,Female,[70-80),?,1,1,7,4,MC,?,28,6,25,0,0,0,414,530,401,9,,>7,No,No,No,No,No,No,No,No,No,No,No,No,No,No,No,No,No,Steady,No,No,No,No,No,No,Yes
161618514,25286265,Caucasian,Male,[40-50),?,1,1,7,5,BC,Surgery-Cardiovascular/Thoracic,62,6,60,0,0,0,410,250.02,401,4,,>8,No,No,No,No,No,No,Steady,No,No,No,No,No,No,No,No,No,No,Down,No,No,No,No,No,Ch,Yes
161619048,40473621,Caucasian,Male,[70-80),?,1,1,7,4,MC,?,41,0,16,0,0,2,434,433,238,7,,,Steady,No,No,No,No,No,No,No,No,No,No,No,No,No,No,No,No,Steady,No,No,No,No,No,Ch,Yes
161620950,25230285,Caucasian,Female,[80-90),?,1,3,7,7,?,Family/GeneralPractice,45,1,22,0,0,2,507,780,276,9,,,No,No,No,No,No,No,No,No,No,No,No,No,No,No,No,No,No,Up,No,No,No,No,No,Ch,Yes
161620992,84625335,AfricanAmerican,Female,[40-50),?,1,1,7,6,?,?,89,0,24,0,0,0,250.6,584,276,9,,,No,No,No,No,No,No,No,No,No,No,No,No,No,No,No,No,No,Steady,No,No,No,No,No,No,Yes
161621370,84449925,Caucasian,Female,[80-90),?,1,6,7,5,MC,?,70,0,15,0,1,0,428,425,996,9,,,No,No,No,No,No,No,No,No,No,No,No,No,No,No,No,No,No,No,No,No,No,No,No,No,No
161622468,87321033,Caucasian,Male,[70-80),?,1,1,7,3,HM,?,54,0,14,1,0,0,428,585,403,9,,,No,No,No,No,No,No,Steady,No,No,No,No,No,No,No,No,No,No,No,No,No,No,No,No,No,Yes
161622750,90199422,AfricanAmerican,Female,[40-50),?,1,1,7,7,MD,?,56,1,24,1,4,0,574,780,428,9,,,No,No,No,No,No,No,No,No,No,No,No,No,No,No,No,No,No,Steady,No,No,No,No,No,No,Yes
161622762,62240319,Caucasian,Female,[50-60),?,1,1,7,2,?,?,49,1,17,2,1,1,558,562,455,9,,Norm,Steady,No,No,No,No,No,No,No,No,No,No,No,No,No,No,No,No,No,No,No,No,No,No,No,Yes
161623326,82747026,Caucasian,Female,[50-60),?,1,1,1,5,?,?,65,0,16,0,0,1,112,250.92,493,9,,,No,No,No,No,No,No,No,No,No,No,No,No,No,No,No,No,No,Up,No,No,No,No,No,Ch,Yes
161623560,3590784,Caucasian,Female,[60-70),?,6,23,17,4,?,Orthopedics-Reconstructive,39,1,25,0,0,0,715,714,250,3,,,Steady,No,No,No,Steady,No,No,No,No,No,No,No,No,No,No,No,No,No,No,No,No,No,No,Ch,Yes
161624406,108895995,Caucasian,Male,[80-90),?,2,4,1,14,?,InternalMedicine,32,2,20,0,0,1,428,486,425,9,,,Steady,No,No,No,No,No,No,No,No,No,No,No,No,No,No,No,No,No,No,No,No,No,No,No,Yes
161624520,1930725,Caucasian,Female,[80-90),?,1,6,7,3,?,?,68,1,14,0,0,0,491,250,244,7,,,No,No,No,No,No,No,Steady,No,No,No,Steady,No,No,No,No,No,No,Steady,No,No,No,No,No,Ch,Yes
161625666,34667019,Caucasian,Female,[70-80),?,2,3,7,7,SP,Emergency/Trauma,63,3,20,0,1,0,780,599,427,9,,,No,No,No,No,Steady,No,No,No,No,Steady,No,No,No,No,No,No,No,Down,No,No,No,No,No,Ch,Yes
161628438,85232619,Caucasian,Female,[50-60),?,1,6,1,6,HM,?,64,1,26,2,0,0,250.6,577,536,8,,>8,Steady,No,No,No,Steady,No,No,No,No,No,No,No,No,No,No,No,No,Up,No,No,No,No,No,Ch,Yes
161629044,58416165,Other,Female,[90-100),?,1,1,1,8,?,?,43,1,18,0,0,0,560,428,599,9,,,No,No,No,No,No,No,No,No,No,No,No,No,No,No,No,No,No,Down,No,No,No,No,No,Ch,Yes
161629860,109228824,Caucasian,Female,[50-60),?,1,1,1,7,MC,?,48,0,22,1,0,0,415,304,424,9,,Norm,Steady,No,No,No,No,No,No,No,No,No,No,No,No,No,No,No,No,Up,No,No,No,No,No,Ch,Yes
161631534,93520359,Caucasian,Female,[70-80),?,6,1,7,4,?,InternalMedicine,56,1,25,0,0,8,428,491,250,6,>300,,No,No,No,No,No,No,No,No,No,No,No,No,No,No,No,No,No,No,No,No,No,No,No,No,No
161632122,27984402,Hispanic,Male,[60-70),?,2,1,7,1,SP,Family/GeneralPractice,54,0,10,0,0,0,786,401,250,3,,Norm,No,No,No,No,No,No,No,No,No,No,No,No,No,No,No,No,No,Steady,No,No,No,No,No,No,Yes
161636082,59579559,?,Female,[50-60),?,1,22,4,9,MC,?,76,1,19,0,0,0,431,518,496,9,,,No,No,No,No,No,No,No,Steady,No,No,No,No,No,No,No,No,No,Down,No,No,No,No,No,Ch,Yes
161636112,64921122,Caucasian,Female,[70-80),?,1,3,7,1,MC,?,43,0,18,0,0,1,584,276,427,9,,,No,No,No,No,No,No,Steady,No,No,Steady,No,No,No,No,No,No,No,Down,No,No,No,No,No,Ch,Yes
161636232,24532434,Caucasian,Female,[60-70),?,1,1,7,6,MC,Family/GeneralPractice,41,3,17,1,5,1,250.6,403,585,6,,,No,No,No,No,No,No,No,No,No,No,No,No,No,No,No,No,No,Up,No,No,No,No,No,Ch,Yes
161637948,107904771,AfricanAmerican,Male,[40-50),?,1,1,7,2,SP,Cardiology,53,6,21,0,0,0,410,401,305,5,,,Steady,No,No,No,No,No,Steady,No,No,Steady,No,No,No,No,No,No,No,Steady,No,No,No,No,No,Ch,Yes
161639286,86117796,Caucasian,Female,[30-40),?,1,1,7,3,MC,?,67,5,20,0,0,0,410,780,414,9,,,No,No,No,No,No,No,No,No,No,No,No,No,No,No,No,No,No,No,No,No,No,No,No,No,No
161649264,79320753,Caucasian,Female,[50-60),?,2,1,1,6,?,Psychiatry,37,0,15,0,0,0,295,296,250,6,,Norm,Steady,No,No,No,No,No,No,No,No,No,No,No,No,No,No,No,No,Steady,No,No,No,No,No,Ch,Yes
161649924,43719480,Caucasian,Female,[80-90),?,1,3,7,5,MC,?,50,0,12,1,0,2,434,342,263,6,,Norm,No,No,No,No,No,No,No,Steady,No,No,No,No,No,No,No,No,No,No,No,No,No,No,No,No,Yes
161651040,92320911,Caucasian,Female,[80-90),?,5,14,1,6,MC,?,79,0,18,1,0,0,507,276,276,9,,>8,No,No,No,No,No,No,No,No,No,No,No,No,No,No,No,No,No,Up,No,No,No,No,No,Ch,Yes
161653800,85335777,Caucasian,Female,[50-60),?,1,1,7,2,HM,?,51,1,16,0,1,1,428,425,250,9,,>7,No,No,No,No,No,No,Steady,No,No,No,No,No,No,No,No,No,No,No,No,No,No,No,No,No,Yes
161654700,60417009,AfricanAmerican,Female,[70-80),?,1,13,7,6,MC,Gastroenterology,51,1,15,0,0,0,431,162,197,9,,,No,No,No,No,No,No,No,No,No,No,No,No,No,No,No,No,No,No,No,No,No,No,No,No,No
161655186,38065041,AfricanAmerican,Female,[60-70),?,1,1,7,6,?,?,52,0,16,0,2,1,493,416,250,9,,Norm,No,No,No,No,No,No,No,No,No,No,Steady,No,No,No,No,No,No,No,No,No,No,No,No,No,Yes
161657370,102968640,Caucasian,Male,[60-70),?,2,1,4,11,?,Pathology,38,2,27,0,0,1,V57,285,112,9,,,Steady,No,No,No,Up,No,No,No,No,No,No,No,No,No,No,No,No,No,No,No,No,No,No,Ch,Yes
161661630,97371468,Caucasian,Female,[90-100),?,1,6,7,8,MC,Emergency/Trauma,56,1,24,0,0,1,996,410,426,8,,>8,No,No,No,No,No,No,No,No,No,No,No,No,No,No,No,No,No,Down,Steady,No,No,No,No,Ch,Yes
161662716,102436119,Caucasian,Female,[70-80),?,1,1,7,3,MC,?,51,0,12,0,0,0,851,553,530,9,,,No,No,No,No,No,No,No,No,No,No,No,No,No,No,No,No,No,Steady,No,No,No,No,No,No,Yes
161664792,43645374,Caucasian,Male,[80-90),?,5,3,1,13,MC,?,66,3,15,0,0,0,576,496,531,9,,,No,No,No,No,No,No,No,No,No,No,No,No,No,No,No,No,No,Up,No,No,No,No,No,Ch,Yes
161664804,84709638,Caucasian,Male,[60-70),?,1,6,7,6,MC,?,54,0,30,0,0,1,428,493,518,9,,,No,No,No,No,No,No,No,No,No,No,Steady,No,No,No,No,No,No,No,No,No,No,No,No,No,Yes
161664978,29210850,AfricanAmerican,Female,[70-80),?,1,1,7,3,MC,?,29,2,16,0,0,1,578,427,428,9,,,No,No,No,No,No,No,No,No,No,No,No,No,No,No,No,No,No,Down,No,No,No,No,No,Ch,Yes
161665278,40657707,Caucasian,Male,[90-100),?,1,6,1,6,MC,?,61,2,19,2,0,1,38,599,584,9,,,No,No,No,No,No,No,No,No,No,No,No,No,No,No,No,No,No,Steady,No,No,No,No,No,No,Yes
161665458,70075719,Caucasian,Male,[80-90),?,1,1,7,2,?,InternalMedicine,74,0,12,1,0,1,276,424,401,9,,>8,No,No,No,No,No,No,No,No,No,No,No,No,No,No,No,No,No,Down,No,No,No,No,No,Ch,Yes
161665752,36881343,Caucasian,Male,[60-70),?,1,4,7,2,MC,?,45,0,19,0,0,2,428,496,276,9,,,No,No,No,No,No,No,No,No,No,No,No,No,No,No,No,No,No,Steady,No,No,No,No,No,No,Yes
161666418,42427755,Caucasian,Male,[80-90),?,1,6,7,4,MD,?,48,0,8,0,0,0,435,496,781,8,,,No,No,No,No,Steady,No,No,No,No,No,No,No,No,No,No,No,No,No,No,No,No,No,No,No,Yes
161666610,110615301,Caucasian,Male,[70-80),?,1,11,7,6,MC,InternalMedicine,65,3,41,0,0,1,486,496,427,9,,,Steady,No,No,No,No,No,No,No,No,No,No,No,No,No,No,No,No,Steady,No,No,No,No,No,Ch,Yes
161668086,89260308,Caucasian,Female,[70-80),?,2,3,7,10,MC,Emergency/Trauma,67,0,34,0,2,3,486,491,733,9,,,No,No,No,No,No,No,No,No,No,No,No,No,No,No,No,No,No,Up,No,No,No,No,No,Ch,Yes
161668152,49695984,Caucasian,Female,[80-90),?,1,1,7,3,MC,InternalMedicine,67,0,12,0,0,0,398,276,427,9,,,No,No,No,No,No,No,No,No,No,No,No,No,No,No,No,No,No,No,No,No,No,No,No,No,No
161668242,90876105,AfricanAmerican,Male,[20-30),?,1,1,7,4,?,?,75,0,17,0,0,0,486,250.13,V58,5,,,No,No,No,No,No,No,No,No,No,No,No,No,No,No,No,No,No,Steady,No,No,No,No,No,No,Yes
161669460,53120196,AfricanAmerican,Female,[50-60),?,1,6,7,4,?,?,52,0,16,1,0,1,428,599,250,8,,Norm,No,No,No,No,No,No,No,No,No,No,No,No,No,No,No,No,No,No,No,No,No,No,No,No,No
161669610,110356947,AfricanAmerican,Male,[80-90),?,1,1,7,3,MC,?,60,0,14,1,2,1,250.82,496,V58,9,,Norm,No,No,No,No,No,No,No,No,No,No,No,No,No,No,No,No,No,Down,No,No,No,No,No,Ch,Yes
161671044,78938568,Caucasian,Female,[70-80),?,1,14,7,5,?,?,47,0,12,6,0,0,599,276,707,9,,,No,No,No,No,No,No,No,Steady,No,Steady,No,No,No,No,No,No,No,Steady,No,No,No,No,No,Ch,Yes
161671092,91659951,Caucasian,Male,[80-90),?,1,6,7,5,MC,?,36,1,15,0,0,0,491,787,110,7,,,No,No,No,No,No,No,No,No,No,No,No,No,No,No,No,No,No,No,No,No,No,No,No,No,No
161671698,87187455,AfricanAmerican,Female,[20-30),?,1,1,7,7,?,?,47,1,24,0,0,0,250.41,403,276,9,,Norm,No,No,Steady,No,No,No,No,No,No,No,Steady,No,No,No,No,No,No,Steady,No,No,No,No,No,Ch,Yes
161672136,85299696,AfricanAmerican,Female,[60-70),?,1,1,7,2,MC,?,63,1,13,0,1,0,435,403,585,9,,,No,No,No,No,No,No,No,No,No,No,No,No,No,No,No,No,No,No,No,No,No,No,No,No,No
161672184,113504616,AfricanAmerican,Female,[70-80),?,2,1,7,4,?,Cardiology,36,3,19,0,0,0,410,996,428,8,,,No,No,No,No,No,No,Steady,No,No,No,Steady,No,No,No,No,No,No,Steady,No,No,No,No,No,Ch,Yes
161675238,87256917,AfricanAmerican,Female,[60-70),?,1,1,7,5,?,?,61,0,10,0,0,0,250.8,401,719,3,,Norm,Steady,No,No,No,No,No,No,No,No,No,No,No,No,No,No,No,No,No,No,No,No,No,No,No,Yes
161675460,23829642,Caucasian,Male,[40-50),?,1,1,7,3,BC,Cardiology,50,3,24,0,0,0,414,427,305,7,,,No,No,No,No,No,No,No,No,No,No,No,No,No,No,No,No,No,Steady,No,No,No,No,No,No,Yes
161675646,55635399,Caucasian,Female,[70-80),?,1,1,7,3,MC,?,41,1,20,0,1,1,996,428,403,9,,,No,No,No,No,No,No,No,No,No,No,No,No,No,No,No,No,No,Down,No,No,No,No,No,Ch,Yes
161676462,70169823,AfricanAmerican,Female,[60-70),?,1,22,7,12,?,?,44,1,21,1,0,0,434,403,585,9,,,No,No,No,No,No,No,No,No,No,No,No,No,No,No,No,No,No,Down,No,No,No,No,No,Ch,Yes
161676576,91452447,Caucasian,Male,[70-80),?,5,3,1,4,MC,?,66,2,26,5,0,0,507,427,276,5,,Norm,No,No,No,No,No,No,No,No,No,No,No,No,No,No,No,No,No,Steady,No,No,No,No,No,No,Yes
161677020,86875965,AfricanAmerican,Male,[60-70),?,1,6,7,2,?,?,9,0,13,0,0,0,438,250.92,434,8,,Norm,No,No,No,No,No,No,No,No,No,No,No,No,No,No,No,No,No,Up,No,No,No,No,No,Ch,Yes
161677164,43285923,Caucasian,Male,[70-80),?,1,2,7,11,MC,?,87,3,34,0,0,0,205,518,584,8,,>8,No,No,No,No,No,No,No,No,No,Steady,No,No,No,No,No,No,No,Up,Steady,No,No,No,No,Ch,Yes
161677734,23341896,Caucasian,Male,[70-80),?,1,1,7,1,MC,Neurology,48,0,2,0,0,0,434,250,V12,5,,,No,No,No,No,No,No,No,No,No,No,No,No,No,No,No,No,No,No,No,No,No,No,No,No,No
161678394,80955990,Caucasian,Female,[80-90),?,1,6,7,3,MC,?,27,1,15,0,0,1,457,427,457,9,,,No,No,No,No,No,No,No,No,No,No,No,No,No,No,No,No,No,No,No,No,No,No,No,No,No
161678568,11217843,Caucasian,Male,[10-20),?,1,1,7,3,?,?,74,0,9,0,0,0,250.1,480,276,5,,,No,No,No,No,No,No,No,No,No,No,No,No,No,No,No,No,No,Steady,No,No,No,No,No,No,Yes
161678628,66018411,Caucasian,Female,[80-90),?,1,1,7,2,MC,?,39,1,16,0,0,0,562,250.6,357,9,,,No,No,No,No,No,No,No,No,No,Steady,No,No,No,No,No,No,No,Steady,No,No,No,No,No,Ch,Yes
161678718,42923673,Caucasian,Male,[60-70),?,1,6,7,8,MC,?,39,1,29,0,0,1,998,427,496,8,,,No,No,No,No,No,No,No,No,No,Steady,No,No,No,No,No,No,No,Steady,No,No,No,No,No,Ch,Yes
161679054,71353674,Caucasian,Male,[60-70),?,1,1,7,2,BC,Emergency/Trauma,53,6,21,0,0,0,410,250,401,9,,Norm,No,No,No,No,No,No,No,No,No,No,No,No,No,No,No,No,No,No,No,No,No,No,No,No,No
161681010,97311816,AfricanAmerican,Male,[70-80),?,5,6,1,1,MC,?,42,0,19,1,0,2,414,413,496,9,,,Steady,No,No,No,No,No,No,Steady,No,No,No,No,No,No,No,No,No,Steady,No,No,No,No,No,Ch,Yes
161682636,52862265,Caucasian,Male,[50-60),?,1,3,7,4,?,?,42,3,24,2,0,1,440,428,682,9,,Norm,No,No,No,No,No,No,No,No,No,No,No,No,No,No,No,No,No,Down,No,No,No,No,No,Ch,Yes
161683212,102943485,AfricanAmerican,Female,[30-40),?,1,1,7,7,?,?,66,2,28,0,1,0,560,403,585,9,,Norm,No,No,No,No,No,No,No,No,No,No,No,No,No,No,No,No,No,Steady,No,No,No,No,No,No,Yes
161686722,70901451,Caucasian,Female,[80-90),?,1,6,7,12,MC,?,77,2,35,0,0,1,38,428,486,9,,,No,No,No,No,No,No,No,No,No,No,No,No,No,No,No,No,No,Down,No,No,No,No,No,Ch,Yes
161687184,59205204,AfricanAmerican,Female,[50-60),?,1,11,7,4,MC,Gastroenterology,64,0,11,0,0,0,197,572,198,9,,,No,No,No,No,Steady,No,No,No,No,No,No,No,No,No,No,No,No,Steady,No,No,No,No,No,Ch,Yes
161687328,39469599,Caucasian,Female,[70-80),?,2,3,7,9,MC,Emergency/Trauma,64,2,23,0,0,0,577,574,276,9,,>8,No,No,No,No,Steady,No,Steady,No,No,No,No,No,No,No,No,No,No,Down,No,No,No,No,No,Ch,Yes
161688930,23665572,AfricanAmerican,Female,[50-60),?,1,11,7,1,MC,Nephrology,49,3,10,0,0,1,514,403,585,9,,,No,No,No,No,No,No,No,No,No,No,No,No,No,No,No,No,No,No,No,No,No,No,No,No,No
161689638,41102703,Caucasian,Male,[70-80),?,1,1,7,3,MC,?,36,1,19,0,0,1,553,425,428,9,,,Steady,No,No,No,No,No,Steady,No,No,No,No,No,No,No,No,No,No,No,No,No,No,No,No,Ch,Yes
161689770,24297291,AfricanAmerican,Female,[30-40),?,1,1,7,3,SP,Emergency/Trauma,52,0,6,0,2,1,250,276,276,3,,>8,No,No,No,No,No,No,No,No,No,No,No,No,No,No,No,No,No,Up,No,No,No,No,No,Ch,Yes
161690304,59548896,Caucasian,Male,[70-80),?,2,1,1,6,MC,?,61,6,21,0,0,0,424,441,287,6,,,No,No,No,No,No,No,No,No,No,No,No,No,No,No,No,No,No,Steady,No,No,No,No,No,No,Yes
161690586,93844971,Caucasian,Male,[50-60),?,1,1,7,4,?,?,56,3,15,0,0,1,410,414,250,8,,Norm,No,No,No,No,No,No,No,No,No,No,No,No,No,No,No,No,No,No,No,No,No,No,No,No,No
161691864,74550546,Other,Male,[40-50),?,1,1,1,3,?,?,46,0,17,0,1,0,486,34,250,5,,,Steady,No,No,No,No,No,No,No,No,No,No,No,No,No,No,No,No,Steady,No,No,No,No,No,Ch,Yes
161692104,2143962,Caucasian,Male,[60-70),?,2,6,7,2,?,?,62,1,17,0,2,2,789,403,584,9,,,No,No,No,No,No,No,No,No,No,No,No,No,No,No,No,No,No,Steady,No,No,No,No,No,No,Yes
161692122,104004729,AfricanAmerican,Female,[70-80),?,2,1,7,4,BC,Emergency/Trauma,77,0,18,1,0,1,493,466,250,7,,>7,Steady,No,No,No,No,No,No,No,No,No,No,No,No,No,No,No,No,Down,No,No,No,No,No,Ch,Yes
161692560,63881172,Caucasian,Male,[40-50),?,3,1,1,5,SP,Emergency/Trauma,56,0,14,0,0,0,682,790,41,7,,>7,No,No,No,No,No,No,No,No,No,No,No,No,No,No,No,No,No,No,No,No,No,No,No,No,No
161693664,52739082,AfricanAmerican,Female,[80-90),?,1,6,1,5,?,?,40,0,11,1,0,0,276,402,428,9,,,No,No,No,No,No,No,Steady,No,No,No,No,No,No,No,No,No,No,Steady,No,No,No,No,No,Ch,Yes
161694924,92009106,Caucasian,Male,[50-60),?,2,1,7,1,UN,Emergency/Trauma,39,1,6,0,0,0,522,401,278,5,,,No,No,No,No,No,No,No,No,No,No,No,No,No,No,No,No,No,Steady,No,No,No,No,No,No,Yes
161695404,41843502,Caucasian,Female,[60-70),?,1,3,7,4,MC,?,40,3,36,0,0,2,812,428,403,9,,,No,No,No,No,No,No,No,No,No,Steady,No,No,No,No,No,No,No,Down,No,No,No,No,No,Ch,Yes
161695806,65713167,Caucasian,Female,[50-60),?,1,1,7,3,?,?,47,0,17,1,0,2,250.6,357,401,4,,,No,No,No,No,No,No,No,Steady,No,No,No,No,No,No,No,No,No,Steady,No,No,No,No,No,Ch,Yes
161695878,100143639,Caucasian,Female,[80-90),?,2,1,7,5,MC,Emergency/Trauma,60,1,13,0,0,5,574,511,403,8,,,No,No,No,No,No,No,Steady,No,No,No,No,No,No,No,No,No,No,No,No,No,No,No,No,No,Yes
161696658,113608323,Caucasian,Male,[70-80),?,1,1,7,5,?,?,59,5,16,0,0,0,410,250.02,600,9,,,No,No,No,No,No,No,No,Steady,No,No,No,No,No,No,No,No,No,Steady,No,No,No,No,No,Ch,Yes
161696844,93186864,Caucasian,Female,[80-90),?,2,3,7,3,MC,Emergency/Trauma,58,0,16,0,0,0,805,428,922,7,,,No,No,Steady,No,No,No,No,No,No,No,Steady,No,No,No,No,No,No,Down,No,No,No,No,No,Ch,Yes
161697720,76476285,Caucasian,Male,[50-60),[50-75),3,1,1,1,CP,?,32,1,12,1,0,0,414,427,414,7,,,No,No,No,No,No,No,No,No,No,No,No,No,No,No,No,No,No,No,No,No,No,No,No,No,No
161699040,87363675,AfricanAmerican,Male,[70-80),?,1,1,7,3,MC,?,58,6,21,0,1,0,414,250,401,9,,,Steady,No,No,No,No,No,No,No,No,No,No,No,No,No,No,No,No,Up,No,No,No,No,No,Ch,Yes
161700870,70499331,AfricanAmerican,Female,[40-50),?,1,1,7,2,HM,?,59,4,25,0,0,2,428,401,250,8,,>7,Steady,No,No,No,No,No,Steady,No,No,No,No,No,No,No,No,No,No,Steady,No,No,No,No,No,Ch,Yes
161702178,43409484,Caucasian,Male,[70-80),?,1,1,7,2,MC,?,44,0,10,0,0,0,491,428,401,6,,,No,No,No,No,No,No,No,No,No,No,No,No,No,No,No,No,No,No,No,No,No,No,No,No,No
161703570,91363545,Caucasian,Female,[70-80),?,3,6,1,4,MC,Orthopedics,12,1,31,0,0,0,715,285,515,9,,,No,No,No,No,No,No,No,No,No,No,No,No,No,No,No,No,No,No,No,No,No,No,No,No,No
161707452,85561623,Caucasian,Male,[70-80),?,3,1,1,3,?,?,37,5,20,0,0,0,428,425,427,9,,,Steady,No,No,No,No,No,No,Steady,No,No,No,No,No,No,No,No,No,No,No,No,No,No,No,Ch,Yes
161707494,30703806,Caucasian,Female,[80-90),?,1,2,7,1,MC,?,64,0,11,0,0,1,428,414,V45,8,,>7,Steady,No,No,No,No,No,No,Steady,No,No,Steady,No,No,No,No,No,No,No,No,No,No,No,No,Ch,Yes
161707848,103420926,Caucasian,Female,[40-50),?,3,1,1,1,PO,Radiologist,32,6,12,0,0,0,414,401,272,5,,,No,No,No,No,No,No,No,No,No,No,No,No,No,No,No,No,No,Steady,No,No,No,No,No,No,Yes
161708244,62600157,Caucasian,Male,[70-80),?,3,1,1,2,?,Cardiology,2,4,14,0,0,0,427,V45,V45,6,,,No,No,No,No,No,No,Steady,No,No,No,No,No,No,No,No,No,No,No,No,No,No,No,No,No,Yes
161708502,66225636,Caucasian,Female,[60-70),?,5,1,1,2,MC,Orthopedics,23,1,24,0,0,0,715,250.6,357,7,,,Up,No,No,No,No,No,Steady,No,No,No,No,Steady,No,No,No,No,No,Steady,No,No,No,No,No,Ch,Yes
161708922,59272587,Caucasian,Male,[40-50),?,3,1,1,4,WC,?,32,1,14,0,0,0,553,401,250,3,,,Steady,No,No,No,No,No,No,No,No,No,No,No,No,No,No,No,No,Steady,No,No,No,No,No,Ch,Yes
161712528,35550036,Caucasian,Female,[20-30),?,1,1,7,3,DM,?,61,0,9,0,0,1,250.11,599,250.6,9,,Norm,No,No,No,No,No,No,No,No,No,No,No,No,No,No,No,No,No,Down,No,No,No,No,No,Ch,Yes
161712618,113697036,Caucasian,Female,[20-30),?,2,1,1,6,?,Surgery-Cardiovascular,57,1,36,0,0,0,237,253,278,4,,Norm,Steady,No,No,No,No,No,No,No,No,No,No,No,No,No,No,No,No,No,No,No,No,No,No,No,Yes
161715954,76451247,Caucasian,Female,[70-80),?,3,11,1,3,MC,Surgery-Vascular,11,4,23,1,0,0,440,585,276,9,,,No,No,No,No,No,No,No,No,No,Steady,No,No,No,No,No,No,No,Steady,No,No,No,No,No,Ch,Yes
161716098,65793033,Caucasian,Female,[40-50),?,5,1,1,3,BC,?,7,2,14,1,0,0,278,255,571,6,,,No,No,No,No,No,No,No,No,No,No,No,No,No,No,No,No,No,Steady,No,No,No,No,No,No,Yes
161716566,23590674,AfricanAmerican,Female,[60-70),?,3,1,1,3,MC,Nephrology,49,2,26,1,1,1,276,403,585,7,,,No,No,No,No,No,No,No,No,No,No,No,No,No,No,No,No,No,Steady,No,No,No,No,No,No,Yes
161721504,23323482,Caucasian,Female,[50-60),?,1,1,7,3,BC,Cardiology,45,6,16,0,0,0,414,427,496,9,,,Steady,No,No,No,No,No,No,No,No,No,No,No,No,No,No,No,No,Up,No,No,No,No,No,Ch,Yes
161722392,55269405,Caucasian,Male,[50-60),?,3,1,1,1,HM,Radiologist,32,6,12,1,0,0,414,413,278,6,,,No,No,No,No,No,No,No,No,No,No,No,No,No,No,No,No,No,No,No,No,No,No,No,No,No
161723760,39386385,AfricanAmerican,Female,[50-60),?,3,1,2,2,MC,Family/GeneralPractice,1,2,9,0,0,0,278,401,250,6,,,No,No,No,No,No,No,No,No,No,No,No,No,No,No,No,No,No,No,No,No,No,No,No,No,No
161736306,88613793,Caucasian,Male,[70-80),?,3,1,1,1,MC,Radiologist,36,6,17,0,0,0,414,250,272,9,,,No,No,No,No,No,No,No,No,No,No,No,No,No,No,No,No,No,No,No,No,No,No,No,No,No
161748318,41386446,Caucasian,Female,[90-100),?,3,23,1,2,MD,?,41,0,16,0,0,0,491,428,401,6,,,No,No,No,No,No,No,No,No,No,No,No,No,No,No,No,No,No,No,No,No,No,No,No,No,No
161750622,41116419,Caucasian,Male,[70-80),?,1,1,7,3,SP,?,45,6,28,0,0,0,414,411,250,4,,,No,No,No,No,No,No,Steady,No,No,No,No,No,No,No,No,No,No,Steady,No,No,No,No,No,Ch,Yes
161750922,52603497,Caucasian,Male,[80-90),?,3,1,1,1,MC,Radiologist,25,6,22,0,0,0,414,585,401,6,,,No,No,No,No,No,No,No,No,No,No,No,No,No,No,No,No,No,No,No,No,No,No,No,No,No
161756982,89964981,Caucasian,Female,[50-60),?,3,6,1,3,BC,Radiologist,7,1,27,0,0,0,715,401,250,6,,,No,No,No,No,No,No,No,No,No,No,No,No,No,No,No,No,No,No,No,No,No,No,No,No,No
161758902,65693106,Caucasian,Male,[70-80),?,1,7,1,5,MC,?,56,0,23,0,0,0,427,486,428,9,,>8,No,No,No,No,No,No,No,No,No,No,No,No,No,No,No,No,No,Down,No,No,No,No,No,Ch,Yes
161760546,24612363,Caucasian,Male,[50-60),?,2,1,1,5,HM,Surgery-General,36,0,12,0,0,0,997,585,560,7,,Norm,Steady,No,No,No,No,No,No,No,No,No,No,No,No,No,No,No,No,Steady,No,No,No,No,No,Ch,Yes
161768946,79829226,Caucasian,Male,[60-70),?,2,1,1,4,?,?,47,5,13,0,1,0,722,401,272,9,,,No,No,No,No,No,No,No,No,No,No,Steady,No,No,No,No,No,No,No,No,No,No,No,No,No,Yes
161770314,55706220,AfricanAmerican,Male,[70-80),?,1,1,7,1,MC,?,27,0,13,0,0,0,250.8,428,414,7,,,No,No,No,No,No,No,No,No,No,No,No,No,No,No,No,No,No,No,No,No,No,No,No,No,No
161771178,98537580,Caucasian,Male,[60-70),?,5,2,1,1,HM,?,36,0,11,0,0,0,410,250.02,425,9,,>8,No,No,No,No,No,No,No,No,No,No,No,No,No,No,No,No,No,Down,No,No,No,No,No,Ch,Yes
161774190,93490821,Caucasian,Female,[70-80),?,1,3,7,5,WC,Emergency/Trauma,63,1,4,0,0,0,852,285,250,5,,,Steady,No,No,No,Steady,No,No,No,No,No,No,No,No,No,No,No,No,Steady,No,No,No,No,No,Ch,Yes
161776788,100235358,Caucasian,Female,[30-40),?,3,1,1,7,MC,Psychiatry,45,0,15,0,0,0,295,301,250,6,,,Steady,No,No,No,No,No,No,No,No,Steady,No,No,No,No,No,No,No,No,No,No,No,No,No,Ch,Yes
161777838,24954642,AfricanAmerican,Male,[50-60),?,1,1,7,3,MD,Nephrology,45,1,22,1,0,6,428,403,585,6,,,No,No,No,No,No,No,No,Steady,No,No,No,No,No,No,No,No,No,No,No,No,No,No,No,No,Yes
161778972,65293920,Caucasian,Male,[70-80),?,2,1,1,3,?,InternalMedicine,34,2,6,0,0,0,532,424,285,9,,,No,No,No,No,No,No,No,No,No,No,No,No,No,No,No,No,No,No,No,No,No,No,No,No,No
161779842,24218793,Caucasian,Male,[70-80),?,3,3,1,3,MC,Surgery-Vascular,52,2,21,0,0,0,250.7,440,401,5,,Norm,No,No,No,No,No,No,No,No,No,No,No,No,No,No,No,No,No,Steady,No,No,No,No,No,No,Yes
161780994,109698831,Caucasian,Female,[80-90),?,2,1,1,4,?,InternalMedicine,39,0,8,0,1,0,250.8,733,401,7,,,No,No,No,No,No,No,No,No,No,No,No,No,No,No,No,No,No,No,No,No,No,No,No,No,No
161784210,113791824,Caucasian,Female,[80-90),?,2,22,2,9,?,Orthopedics-Reconstructive,39,2,14,0,0,1,V57,496,998,9,,,No,No,No,No,No,No,No,No,No,No,No,No,No,No,No,No,No,No,No,No,No,No,No,No,No
161786160,51341661,AfricanAmerican,Male,[40-50),?,2,1,1,2,?,Cardiology,36,1,10,0,0,1,428,425,250.01,8,,,No,No,No,No,No,No,No,No,No,No,No,No,No,No,No,No,No,No,No,No,No,No,No,No,No
161787204,63883503,Caucasian,Female,[10-20),?,1,1,7,1,PO,Emergency/Trauma,42,0,4,0,0,0,458,?,250,5,,,No,No,No,No,No,No,No,No,No,No,No,No,No,No,No,No,No,Down,No,No,No,No,No,Ch,Yes
161788704,87422526,Caucasian,Female,[70-80),?,5,6,1,4,MC,?,36,0,18,8,0,0,410,427,424,9,,,No,No,No,No,No,No,No,No,No,No,No,No,No,No,No,No,No,Up,No,No,No,No,No,Ch,Yes
161789874,114190902,AfricanAmerican,Female,[90-100),?,1,3,7,7,MC,?,40,1,15,0,0,0,459,402,428,9,,,No,No,No,No,No,No,No,No,No,No,No,No,No,No,No,No,No,Up,No,No,No,No,No,Ch,Yes
161792616,109725678,AfricanAmerican,Female,[60-70),?,1,1,1,3,?,?,51,0,3,0,0,0,585,745,428,9,,,No,No,No,No,No,No,No,No,No,No,No,No,No,No,No,No,No,Steady,No,No,No,No,No,No,Yes
161793306,86964534,AfricanAmerican,Female,[80-90),?,3,3,1,3,MC,Orthopedics,28,2,19,0,0,0,996,996,250,9,,,No,No,No,No,No,No,No,No,No,No,No,No,No,No,No,No,No,No,No,No,No,No,No,No,No
161794428,85122441,Caucasian,Female,[60-70),?,2,7,1,5,MC,?,48,0,19,9,0,2,730,707,682,9,,,No,No,No,No,No,No,No,No,No,No,No,No,No,No,No,No,No,No,No,No,No,No,No,No,No
161794608,97135884,AfricanAmerican,Female,[20-30),?,2,1,1,4,?,Family/GeneralPractice,4,0,3,0,0,1,295,250,401,4,,Norm,No,No,No,No,No,No,No,No,No,No,No,No,No,No,No,No,No,No,No,No,No,No,No,No,No
161797266,86966532,Caucasian,Male,[60-70),?,2,1,1,4,CP,?,39,1,5,2,0,1,452,571,572,9,,,No,No,No,No,No,No,No,No,No,No,No,No,No,No,No,No,No,Steady,No,No,No,No,No,No,Yes
161802018,91053648,Caucasian,Female,[50-60),?,1,3,7,3,MC,?,44,0,13,0,1,0,8,780,295,7,,,No,No,No,No,No,No,No,No,No,No,No,No,No,No,No,No,No,No,No,No,No,No,No,No,No
161805876,82931922,Caucasian,Male,[40-50),?,1,1,1,2,BC,Radiologist,26,6,21,0,0,0,414,411,401,8,,Norm,No,No,No,No,No,No,No,No,No,No,No,No,No,No,No,No,No,Steady,No,No,No,No,No,No,Yes
161806470,40937607,Caucasian,Female,[70-80),?,3,23,1,14,MD,?,61,0,18,0,0,0,294,780,312,8,,>7,No,No,No,No,No,No,No,Steady,No,No,No,No,No,No,No,No,No,No,No,No,No,No,No,No,Yes
161806500,7472916,Caucasian,Male,[60-70),?,3,1,7,11,?,?,10,0,8,0,0,0,296,250,V58,7,,>7,Steady,No,No,No,No,No,No,No,No,No,No,No,No,No,No,No,No,Up,No,No,No,No,No,Ch,Yes
161811510,50108580,Caucasian,Female,[60-70),?,1,11,7,12,PO,?,71,3,32,0,0,0,518,496,482,9,,,No,No,No,No,No,No,No,No,No,No,No,No,No,No,No,No,No,Up,No,No,No,No,No,Ch,Yes
161811816,41610681,Caucasian,Male,[30-40),?,3,1,1,5,SP,?,42,3,26,0,0,0,558,788,250,4,,,No,No,No,No,No,No,No,No,No,No,No,No,No,No,No,No,No,Down,No,No,No,No,No,Ch,Yes
161814138,73248777,Caucasian,Female,[70-80),?,1,1,7,5,?,?,54,1,15,0,0,0,787,276,276,9,,,No,No,No,No,No,No,No,Steady,No,No,No,No,No,No,No,No,No,No,No,No,No,No,No,No,Yes
161816712,80578809,AfricanAmerican,Female,[50-60),?,2,1,7,7,?,Family/GeneralPractice,24,0,13,0,0,0,295,780,401,9,,,No,No,No,No,No,No,No,No,No,No,No,No,No,No,No,No,No,No,No,No,No,No,No,No,No
161817876,28229805,Caucasian,Female,[80-90),?,1,3,7,1,MC,?,69,0,8,0,0,1,786,511,733,9,,,No,No,No,No,No,No,No,No,No,No,No,No,No,No,No,No,No,No,No,No,No,No,No,No,No
161819010,106248024,AfricanAmerican,Female,[50-60),?,1,3,7,4,MC,?,29,2,18,0,0,0,998,682,250.51,9,,,Steady,No,No,No,No,No,Steady,No,No,No,No,No,No,No,No,No,No,Steady,No,No,No,No,No,Ch,Yes
161819556,43756713,Caucasian,Male,[60-70),?,1,1,7,8,SP,?,59,2,29,0,0,0,428,403,427,9,,>7,No,No,No,No,Steady,No,No,No,No,No,No,No,No,No,No,No,No,No,No,No,No,No,No,No,Yes
161822196,31365288,Caucasian,Male,[60-70),?,5,6,1,6,MC,?,67,2,34,0,0,0,491,682,94,9,,>7,No,No,No,No,No,No,No,No,No,No,No,No,No,No,No,No,No,Up,No,No,No,No,No,Ch,Yes
161822340,44032095,Caucasian,Male,[70-80),?,1,1,1,3,MC,?,37,1,16,1,0,0,333,458,250,6,,>8,Steady,No,No,No,No,No,No,No,No,No,Steady,No,No,No,No,No,No,Steady,No,No,No,No,No,Ch,Yes
161823954,10615734,Caucasian,Male,[40-50),?,1,2,7,2,?,InternalMedicine,46,3,16,0,0,0,414,411,250,6,,,No,No,No,No,No,No,No,No,No,No,No,No,No,No,No,No,No,No,No,No,No,No,No,No,No
161825088,88738947,Caucasian,Female,[70-80),?,2,6,7,4,MD,Surgery-General,40,4,20,0,1,0,786,402,428,9,,>8,Steady,No,No,No,No,No,Steady,No,No,No,No,No,No,No,No,No,No,Down,No,No,No,No,No,Ch,Yes
161825514,90655713,Caucasian,Female,[60-70),?,3,2,1,2,?,?,50,0,8,0,0,1,295,578,578,9,,,No,No,No,No,No,No,No,No,No,No,No,No,No,No,No,No,No,No,No,No,No,No,No,No,No
161826534,42908625,Caucasian,Male,[60-70),?,1,1,7,10,MC,?,66,0,20,0,0,2,162,428,496,9,,,No,No,No,No,No,No,No,Steady,No,No,No,No,No,No,No,No,No,No,No,No,No,No,No,No,Yes
161826822,43864677,Caucasian,Male,[50-60),?,1,1,7,2,SP,?,56,0,13,0,0,1,276,782,789,7,,>8,No,No,No,No,No,No,No,No,No,Steady,No,No,No,No,No,No,No,Steady,No,No,No,No,No,Ch,Yes
161826960,108786150,Caucasian,Male,[60-70),?,2,1,7,6,SP,Emergency/Trauma,49,4,16,0,0,0,250.8,707,682,9,,,No,No,No,No,No,No,Steady,No,No,No,No,No,No,No,No,No,No,Up,No,No,No,No,No,Ch,Yes
161827566,78611589,AfricanAmerican,Female,[40-50),?,2,1,7,11,?,Family/GeneralPractice,49,0,15,0,0,1,295,304,250,7,,,No,No,No,No,No,No,No,No,No,No,No,No,No,No,No,No,No,Down,No,No,No,No,No,Ch,Yes
161827800,84405645,Caucasian,Male,[40-50),?,1,1,7,3,HM,?,63,0,12,0,0,0,786,782,250.6,9,,>8,No,No,No,No,No,No,No,No,No,No,No,No,No,No,No,No,No,Steady,No,No,No,No,No,No,Yes
161829738,98350200,Caucasian,Female,[40-50),?,1,1,7,3,HM,?,66,0,12,0,0,0,491,518,276,8,,>7,No,No,No,No,No,No,No,No,No,No,No,No,No,No,No,No,No,No,No,No,No,No,No,No,No
161831724,59019633,Caucasian,Female,[30-40),?,3,1,1,4,MD,ObstetricsandGynecology,41,3,12,12,0,0,648,646,70,7,,,No,No,No,No,No,No,No,No,No,No,No,No,No,No,No,No,No,Up,No,No,No,No,No,Ch,Yes
161832078,91210617,Caucasian,Male,[40-50),?,1,1,7,7,?,?,50,0,12,0,0,0,728,305,953,6,,,No,No,No,No,No,No,No,No,No,No,No,No,No,No,No,No,No,Steady,No,No,No,No,No,No,Yes
161832360,36383067,Caucasian,Male,[60-70),?,5,1,1,1,HM,?,46,0,15,7,0,0,786,496,250.02,8,,>8,No,No,No,No,No,No,No,No,No,No,Steady,No,No,No,No,No,No,Up,No,No,No,No,No,Ch,Yes
161832630,101820123,AfricanAmerican,Female,[60-70),?,2,1,7,2,MC,Family/GeneralPractice,60,0,12,3,1,0,595,276,V42,9,,,No,Steady,No,No,No,No,Steady,No,No,No,No,No,No,No,No,No,No,Up,No,No,No,No,No,Ch,Yes
161832906,48089610,Caucasian,Male,[60-70),[100-125),1,6,7,2,MC,?,45,0,5,2,2,0,486,428,585,9,,,No,No,No,No,No,No,No,No,No,No,No,No,No,No,No,No,No,No,No,No,No,No,No,No,No
161835846,55583037,Caucasian,Female,[80-90),?,1,3,7,3,?,?,43,0,8,0,0,0,404,428,428,9,,,No,No,No,No,No,No,No,No,No,No,No,No,No,No,No,No,No,No,No,No,No,No,No,No,No
161836512,85354902,Caucasian,Male,[70-80),?,1,1,7,3,HM,?,31,0,15,0,0,0,788,599,280,9,,,No,No,No,No,No,No,No,No,No,No,No,No,No,No,No,No,No,No,No,No,No,No,No,No,No
161840340,85571136,Caucasian,Male,[60-70),?,3,6,1,3,MC,?,29,1,15,1,0,0,440,250,401,6,,,Steady,No,No,No,No,No,No,No,No,No,No,No,No,No,No,No,No,No,No,No,No,No,No,No,Yes
161840406,3434823,Caucasian,Female,[20-30),?,1,1,7,7,?,Pulmonology,83,6,33,0,0,0,410,584,250.11,9,,>8,No,No,No,No,No,No,No,No,No,No,No,No,No,No,No,No,No,Down,No,No,No,No,No,Ch,Yes
161844378,84314358,Caucasian,Female,[20-30),?,3,1,1,4,BC,?,29,4,19,0,3,1,620,625,614,6,,,No,No,No,No,No,No,No,No,No,No,No,No,No,No,No,No,No,No,No,No,No,No,No,No,No
161848182,99944910,AfricanAmerican,Male,[60-70),?,1,1,7,6,?,?,70,0,9,0,0,1,38,584,599,9,,,No,No,No,No,No,No,No,No,No,No,No,No,No,No,No,No,No,No,No,No,No,No,No,No,No
161851146,51473403,Caucasian,Female,[60-70),[50-75),3,1,1,8,CP,?,66,6,40,0,0,0,414,996,444,9,,,No,No,No,No,No,No,No,No,No,No,No,No,No,No,No,No,No,No,No,No,No,No,No,No,No
161855580,51422310,Caucasian,Female,[50-60),?,1,6,7,8,WC,Orthopedics,64,1,8,0,0,0,823,E885,E849,7,,,Steady,No,No,No,No,No,No,No,No,No,No,No,No,No,No,No,No,No,No,No,No,No,No,No,Yes
161871636,10558026,Caucasian,Female,[60-70),?,1,1,7,1,HM,?,69,3,11,0,0,0,428,402,250,5,,,No,No,No,No,No,No,No,No,No,No,No,No,No,No,No,No,No,No,No,No,No,No,No,No,No
161872476,65470113,Caucasian,Female,[60-70),?,3,1,1,1,MC,Gastroenterology,25,6,18,0,0,1,414,427,493,9,,,No,No,No,No,No,No,No,No,No,No,No,No,No,No,No,No,No,Steady,No,No,No,No,No,No,Yes
161879076,23910165,Caucasian,Female,[70-80),?,3,6,1,6,MC,Cardiology,41,1,34,0,0,0,162,428,493,9,,,No,No,No,No,No,No,No,No,No,No,Steady,No,No,No,No,No,No,Steady,No,No,No,No,No,Ch,Yes
161879574,23308488,Caucasian,Female,[60-70),?,1,1,7,4,MC,InternalMedicine,38,0,20,0,0,0,552,496,414,9,,,No,No,No,No,No,No,No,No,No,No,Steady,No,No,No,No,No,No,Steady,No,No,No,No,No,Ch,Yes
161883510,76562199,AfricanAmerican,Female,[60-70),?,3,1,1,5,?,Surgery-General,30,1,24,0,0,0,211,70,235,6,,,No,No,No,No,No,No,No,No,No,No,No,No,No,No,No,No,No,No,No,No,No,No,No,No,No
161891958,89783919,Caucasian,Female,[40-50),?,5,1,1,3,SI,?,48,2,17,0,2,2,722,788,722,6,,,No,No,No,No,No,No,No,No,No,Steady,No,No,No,No,No,No,No,Steady,No,No,No,No,No,Ch,Yes
161900820,57761208,Caucasian,Female,[80-90),?,3,1,1,1,CM,?,32,6,19,0,0,1,410,424,414,9,,,No,Steady,No,No,No,No,No,Steady,No,No,Steady,No,No,No,No,No,No,Steady,No,No,No,No,No,Ch,Yes
161902536,56537172,AfricanAmerican,Male,[70-80),?,3,6,1,3,?,?,56,4,33,0,0,1,441,427,425,9,,,No,No,No,No,No,No,No,No,No,No,No,No,No,No,No,No,No,Steady,No,No,No,No,No,No,Yes
161902902,43860555,Caucasian,Female,[70-80),?,3,1,1,3,MC,Cardiology,49,6,23,0,0,0,433,785,433,9,,,No,No,No,No,No,No,No,No,No,No,No,No,No,No,No,No,No,No,No,No,No,No,No,No,No
161905284,105360741,Caucasian,Male,[60-70),?,1,1,7,7,UN,Emergency/Trauma,78,0,27,0,0,0,428,515,491,9,,,No,No,No,No,No,No,No,No,No,No,No,No,No,No,No,No,No,Down,No,No,No,No,No,Ch,Yes
161908500,41695560,Caucasian,Male,[40-50),?,1,3,7,8,MD,?,62,1,18,0,0,0,820,276,E826,9,,,No,No,No,No,No,No,No,No,No,No,No,No,No,No,No,No,No,Up,No,No,No,No,No,Ch,Yes
161917728,41041764,Caucasian,Female,[70-80),?,3,1,1,6,MC,?,57,1,18,0,0,0,584,255,276,9,,,No,No,No,No,No,No,No,No,No,No,No,No,No,No,No,No,No,Down,No,No,No,No,No,Ch,Yes
161920782,86449050,Caucasian,Male,[70-80),?,1,1,7,3,BC,?,39,0,14,1,0,0,491,414,401,6,,,No,No,No,No,No,No,No,No,No,Steady,No,No,No,No,No,No,No,No,No,No,No,No,No,No,Yes
161921118,43769844,Caucasian,Female,[40-50),?,3,6,1,4,SP,?,50,0,16,0,0,0,486,496,250,9,,,No,No,No,No,No,No,No,No,No,Steady,No,No,No,No,No,No,No,Up,No,No,No,No,No,Ch,Yes
161921154,25287606,Caucasian,Female,[30-40),?,3,1,1,2,HM,Surgery-General,41,1,29,0,0,0,278,V65,V85,6,,Norm,No,No,No,No,No,No,No,No,No,No,No,No,No,No,No,No,No,No,No,No,No,No,No,No,No
161921832,113736375,AfricanAmerican,Female,[70-80),?,1,22,7,3,?,?,44,0,8,0,0,0,431,342,401,7,,,No,No,No,No,No,No,No,No,No,No,No,No,No,No,No,No,No,No,No,No,No,No,No,No,No
161930484,41492097,Caucasian,Female,[80-90),?,1,3,7,5,MC,?,37,1,19,0,0,0,733,428,496,9,,,No,No,No,No,No,No,No,Steady,No,No,No,No,No,No,No,No,No,Steady,No,No,No,No,No,Ch,Yes
161930508,85678119,Caucasian,Female,[70-80),?,1,1,7,2,HM,?,49,0,15,0,0,0,414,413,782,9,,>8,No,No,No,No,No,No,No,No,No,No,No,No,No,No,No,No,No,No,No,No,No,No,No,No,No
161930676,2827827,Caucasian,Female,[60-70),?,3,1,1,6,UN,InternalMedicine,76,1,12,0,0,0,291,428,303,8,,,No,No,No,No,No,No,No,No,No,No,No,No,No,No,No,No,No,Down,No,No,No,No,No,Ch,Yes
161931156,53946585,Caucasian,Female,[50-60),?,3,1,1,3,MD,Orthopedics-Reconstructive,45,4,22,0,0,0,722,250,401,6,,,No,No,No,No,No,No,No,No,No,No,No,No,No,No,No,No,No,Steady,No,No,No,No,No,No,Yes
161931324,89680383,AfricanAmerican,Male,[40-50),?,1,1,7,2,HM,?,48,0,17,0,0,2,786,305,305,9,,,No,No,No,No,No,No,Steady,No,No,No,No,No,No,No,No,No,No,No,No,No,No,No,No,No,Yes
161938014,43001271,Caucasian,Female,[80-90),?,1,6,7,2,MC,?,43,4,23,1,0,2,414,411,427,6,,,No,No,No,No,No,No,Steady,No,No,No,No,No,No,No,No,No,No,No,No,No,No,No,No,No,Yes
161939148,64370034,Caucasian,Female,[80-90),[50-75),2,3,6,3,MC,?,29,0,19,0,0,1,733,733,276,9,,,No,No,No,No,No,No,No,No,No,No,No,No,No,No,No,No,No,No,No,No,No,No,No,No,No
161942514,55402155,AfricanAmerican,Male,[70-80),?,1,3,7,8,MC,?,64,0,11,0,0,1,599,276,486,9,,,No,No,No,No,No,No,Steady,No,No,No,No,No,No,No,No,No,No,Steady,No,No,No,No,No,Ch,Yes
161943618,96106482,Caucasian,Male,[80-90),?,1,3,1,5,MC,?,53,1,16,0,0,0,584,276,507,9,,,No,No,No,No,No,No,Steady,No,No,No,No,No,No,No,No,No,No,Steady,No,No,No,No,No,Ch,Yes
161943654,90007956,Caucasian,Female,[90-100),?,2,1,7,1,MC,Emergency/Trauma,60,0,5,0,0,0,780,414,412,9,,,No,No,No,No,No,No,No,No,No,No,No,No,No,No,No,No,No,No,No,No,No,No,No,No,No
161945448,93833721,Caucasian,Female,[70-80),[50-75),1,1,7,3,UN,?,66,2,18,0,0,1,403,585,287,9,,,No,No,No,No,No,No,Steady,No,No,Steady,No,No,No,No,No,No,No,No,No,No,No,No,No,Ch,Yes
161946444,101666475,Caucasian,Female,[80-90),?,1,3,7,10,MC,?,74,0,23,1,0,0,733,574,737,9,,,Steady,No,No,No,No,No,No,No,No,No,Steady,No,No,No,No,No,No,No,No,No,No,No,No,Ch,Yes
161948646,38408553,Caucasian,Female,[60-70),?,1,1,7,7,?,?,52,3,21,0,1,1,534,599,280,9,,,No,No,No,No,No,No,No,No,No,No,No,No,No,No,No,No,No,No,No,No,No,No,No,No,No
161948814,112603293,Caucasian,Male,[60-70),?,1,3,7,3,MC,?,59,0,11,0,0,0,599,496,428,9,,,No,No,No,No,No,No,No,No,No,No,No,No,No,No,No,No,No,Steady,No,No,No,No,No,No,Yes
161949090,91652517,Caucasian,Male,[70-80),?,1,1,7,3,MC,?,61,4,17,2,1,1,428,284,414,7,,>7,No,No,No,No,No,No,Steady,No,No,No,Steady,No,No,No,No,No,No,No,No,No,No,No,No,Ch,Yes
161950428,71299674,Caucasian,Male,[40-50),?,2,1,1,2,HM,Family/GeneralPractice,56,0,14,0,0,0,250.02,276,493,8,,>8,Steady,No,No,No,Steady,No,No,No,No,Steady,No,No,No,No,No,No,No,Up,No,No,No,No,No,Ch,Yes
161951544,41871690,Caucasian,Male,[80-90),?,1,3,7,7,MC,?,55,0,16,0,0,0,410,428,250.02,9,,>7,No,No,No,No,No,No,No,No,No,No,No,No,No,No,No,No,No,Down,No,No,No,No,No,Ch,Yes
161952252,43578081,Caucasian,Male,[60-70),?,3,1,1,2,SP,Cardiology,40,6,19,1,0,0,414,411,496,9,,,No,No,No,No,No,No,No,No,No,Steady,No,No,No,No,No,No,No,No,No,No,No,No,No,No,Yes
161952714,91822158,Caucasian,Female,[80-90),?,1,3,7,7,MC,Emergency/Trauma,68,3,20,0,0,0,348,453,276,9,,,No,No,No,No,No,No,No,No,No,No,No,No,No,No,No,No,No,No,No,No,No,No,No,No,No
161954148,24425712,Caucasian,Female,[80-90),?,1,6,7,5,MC,Cardiology,44,0,19,0,0,0,402,428,276,6,,,No,No,No,No,No,No,No,No,No,No,No,No,No,No,No,No,No,Steady,No,No,No,No,No,No,Yes
161955000,101144250,Caucasian,Male,[50-60),?,1,1,1,2,HM,?,47,0,8,0,0,0,401,414,278,9,,,No,No,No,No,No,No,No,No,No,No,No,No,No,No,No,No,No,No,No,No,No,No,No,No,No
161955012,106742655,Caucasian,Male,[70-80),?,2,3,1,3,MC,Gastroenterology,23,2,7,0,0,1,578,280,272,9,,,Steady,No,No,No,No,No,No,No,No,No,No,No,No,No,No,No,No,No,No,No,No,No,No,No,Yes
161955414,95652576,Caucasian,Male,[50-60),?,5,1,1,4,MC,?,33,0,8,0,0,3,296,250,401,5,,,No,No,No,No,No,No,Steady,No,No,Steady,No,No,No,No,No,No,No,No,No,No,No,No,No,Ch,Yes
161956284,42594894,Caucasian,Female,[50-60),?,3,6,1,2,BC,Nephrology,33,2,18,7,0,0,682,706,585,8,,,No,No,No,No,No,No,Steady,No,No,Steady,No,No,No,No,No,No,No,No,No,No,No,No,No,Ch,Yes
161956296,37903293,Caucasian,Male,[80-90),?,2,3,7,3,MC,Emergency/Trauma,41,0,5,0,0,0,959,682,920,9,,,No,No,No,No,No,No,No,No,No,No,No,No,No,No,No,No,No,No,No,No,No,No,No,No,No
161962170,74673279,AfricanAmerican,Male,[60-70),?,6,1,17,5,?,Family/GeneralPractice,90,4,12,0,0,1,428,581,250,9,,,No,No,No,No,No,No,No,No,No,No,No,No,No,No,No,No,No,No,No,No,No,No,No,No,No
161963778,101129301,AfricanAmerican,Female,[50-60),?,2,1,7,3,HM,Emergency/Trauma,45,0,9,0,0,0,250.22,276,V12,8,,,Steady,Steady,No,No,No,No,No,No,No,No,No,No,No,No,No,No,No,Down,No,No,No,No,No,Ch,Yes
161966562,64149696,Caucasian,Male,[70-80),?,1,7,1,6,BC,Radiologist,44,3,33,0,0,0,410,428,414,9,,,No,No,No,No,No,No,No,No,No,No,Steady,No,No,No,No,No,No,Up,No,No,No,No,No,Ch,Yes
161966622,92801466,Caucasian,Female,[60-70),?,1,6,1,7,?,?,54,2,22,0,0,0,518,492,428,9,,,No,No,No,No,No,No,No,No,No,No,No,No,No,No,No,No,No,Steady,No,No,No,No,No,No,Yes
161966790,94281462,Caucasian,Female,[80-90),?,2,3,7,3,MC,Emergency/Trauma,35,0,10,0,1,0,250.02,788,272,5,,>8,Steady,No,No,No,Steady,No,No,No,No,No,Steady,No,No,No,No,No,No,Down,No,No,No,No,No,Ch,Yes
161966856,112321602,Caucasian,Male,[40-50),?,6,1,17,1,?,Cardiology,38,2,4,0,0,0,786,729,401,6,,,No,No,No,No,No,No,No,No,No,No,No,No,No,No,No,No,No,No,No,No,No,No,No,No,No
161966928,94497876,Caucasian,Female,[60-70),?,2,1,1,2,BC,?,48,0,11,0,0,0,599,276,693,9,,,No,No,No,No,No,No,No,No,No,No,Steady,No,No,No,No,No,No,No,No,No,No,No,No,No,Yes
161967504,40379652,Caucasian,Male,[60-70),[100-125),1,1,7,4,MC,Cardiology,69,3,17,0,0,0,786,272,250,9,,,No,No,No,No,No,No,No,No,No,No,No,No,No,No,No,No,No,No,No,No,No,No,No,No,No
161969508,100663758,Caucasian,Male,[80-90),?,2,3,7,9,MC,Emergency/Trauma,52,2,20,0,1,0,410,428,427,9,,>8,No,No,No,No,Up,No,No,No,No,No,Steady,No,No,No,No,No,No,Up,No,No,No,No,No,Ch,Yes
161969940,89535996,Caucasian,Female,[60-70),?,2,1,7,5,UN,Emergency/Trauma,56,4,15,1,0,1,530,276,496,9,,>8,Steady,No,No,No,No,No,No,No,No,No,No,No,No,No,No,No,No,Steady,No,No,No,No,No,Ch,Yes
161970192,112248369,Caucasian,Female,[70-80),?,1,1,7,5,MC,?,59,0,22,0,0,0,8,496,276,9,,,No,No,No,No,No,No,No,No,No,No,No,No,No,No,No,No,No,Steady,No,No,No,No,No,No,Yes
161975538,33903738,Caucasian,Male,[70-80),?,1,3,7,12,?,InternalMedicine,86,2,32,0,0,0,415,428,491,9,,,No,No,No,No,No,No,No,No,No,No,No,No,No,No,No,No,No,Down,No,No,No,No,No,Ch,Yes
161976702,112308390,Caucasian,Female,[70-80),?,1,6,7,3,MC,?,65,0,11,0,0,0,294,250.8,433,7,,>8,Steady,No,No,No,No,No,No,No,No,Steady,No,No,No,No,No,No,No,No,No,No,No,No,No,Ch,Yes
161977188,105979032,Caucasian,Female,[60-70),?,1,1,7,3,MC,?,57,0,12,0,0,0,997,138,550,7,,Norm,No,No,No,No,No,No,No,No,No,No,No,No,No,No,No,No,No,No,No,No,No,No,No,No,No
161982732,25313022,AfricanAmerican,Female,[70-80),?,3,1,1,1,MC,Cardiology,32,5,12,0,0,0,414,272,401,4,,,No,No,No,No,No,No,No,No,No,No,No,No,No,No,No,No,No,No,No,No,No,No,No,No,No
161983248,95739750,Caucasian,Male,[70-80),?,2,2,7,8,MC,Emergency/Trauma,53,6,28,0,0,0,410,427,250.01,9,,,No,No,No,No,Steady,No,No,No,No,No,No,No,No,No,No,No,No,Down,No,No,No,No,No,Ch,Yes
161993814,32426352,Caucasian,Female,[90-100),?,2,6,7,6,MC,Family/GeneralPractice,44,2,13,0,0,2,402,511,518,9,,,No,No,No,No,Steady,No,No,No,No,No,No,No,No,No,No,No,No,No,No,No,No,No,No,No,Yes
162002022,108177651,Caucasian,Female,[60-70),?,1,23,1,6,HM,?,53,2,26,1,0,0,518,491,410,9,,,No,No,No,No,No,No,No,No,No,No,No,No,No,No,No,No,No,Steady,No,No,No,No,No,No,Yes
162012606,95102586,Caucasian,Male,[70-80),?,2,1,7,3,SP,Surgery-General,50,0,15,0,0,1,593,276,V42,8,,,No,No,No,No,No,No,No,No,No,No,No,No,No,No,No,No,No,Down,No,No,No,No,No,Ch,Yes
162015042,33974478,Caucasian,Female,[60-70),?,3,6,1,3,?,Orthopedics-Reconstructive,11,1,34,0,0,0,715,736,V43,6,,,Steady,No,No,No,Steady,No,No,No,No,No,Steady,No,No,No,No,No,No,No,No,No,No,No,No,Ch,Yes
162017298,53556372,AfricanAmerican,Male,[50-60),?,1,1,7,6,HM,?,49,0,22,0,1,0,724,428,401,9,,Norm,No,No,No,No,No,No,No,No,No,No,No,No,No,No,No,No,No,Down,Steady,No,No,No,No,Ch,Yes
162020106,88420428,Caucasian,Female,[50-60),?,3,1,1,6,HM,?,29,3,21,0,0,0,211,568,250,7,,,No,No,No,No,No,No,No,No,No,No,No,No,No,No,No,No,No,No,No,No,No,No,No,No,No
162020736,62598096,Caucasian,Female,[70-80),?,5,6,1,2,MC,?,1,1,24,0,0,1,843,E880,E849,7,,,No,No,No,No,No,No,No,No,No,No,No,No,No,No,No,No,No,Down,No,No,No,No,No,Ch,Yes
162024720,98438526,AfricanAmerican,Female,[50-60),?,1,6,7,13,?,?,46,2,26,0,0,0,682,250.6,357,5,,,Steady,No,No,No,No,No,No,Steady,No,No,No,No,No,No,No,No,No,No,No,No,No,No,No,Ch,Yes
162030492,64151316,Caucasian,Male,[20-30),?,1,1,7,2,SP,?,50,0,7,0,0,0,250.11,584,V58,4,,,No,No,No,No,No,No,No,No,No,No,No,No,No,No,No,No,No,Down,No,No,No,No,No,Ch,Yes
162035358,43659720,AfricanAmerican,Female,[80-90),?,2,11,1,1,?,InternalMedicine,53,0,4,0,0,1,276,263,250.02,9,,Norm,No,No,No,No,No,No,No,No,No,No,No,No,No,No,No,No,No,No,No,No,No,No,No,No,No
162036498,109675998,Caucasian,Male,[30-40),?,2,6,1,8,?,PhysicalMedicineandRehabilitation,45,3,15,0,0,1,V57,54,453,9,,,No,No,No,No,No,No,No,No,No,No,No,No,No,No,No,No,No,No,No,No,No,No,No,No,No
162039918,79004853,AfricanAmerican,Female,[90-100),?,2,6,1,6,?,InternalMedicine,42,0,10,0,0,0,486,276,276,9,,,Steady,No,No,No,No,No,No,No,No,No,No,No,No,No,No,No,No,No,No,No,No,No,No,No,Yes
162041838,51637320,Caucasian,Female,[70-80),?,1,6,7,11,MC,?,83,6,43,0,0,1,410,428,584,9,,>7,No,No,No,No,Up,No,No,No,No,No,No,No,No,No,No,No,No,Up,No,No,No,No,No,Ch,Yes
162044640,4347594,Caucasian,Female,[50-60),?,2,1,1,2,?,?,34,1,9,0,1,0,574,496,574,9,,,No,No,No,No,No,No,No,No,No,No,No,No,No,No,No,No,No,Steady,No,No,No,No,No,No,Yes
162050238,41016096,Caucasian,Female,[40-50),?,1,1,7,2,UN,?,44,6,24,3,0,0,410,414,414,6,,,No,No,No,No,No,No,No,No,No,No,No,No,No,No,No,No,No,Steady,No,No,No,No,No,No,Yes
162051756,90423333,Caucasian,Male,[60-70),?,2,1,1,2,MC,Radiologist,12,0,13,0,0,0,428,585,403,9,,,No,No,No,No,No,No,No,No,No,No,Steady,No,No,No,No,No,No,Steady,No,No,No,No,No,Ch,Yes
162051846,93522024,Caucasian,Female,[70-80),?,2,3,7,8,MC,InternalMedicine,65,3,34,0,0,0,820,427,427,9,,,No,No,No,No,No,No,No,No,No,No,No,No,No,No,No,No,No,No,No,No,No,No,No,No,No
162052308,79301457,AfricanAmerican,Male,[80-90),?,2,3,1,11,MC,Rheumatology,63,6,19,0,0,0,157,511,250.02,9,,,No,No,No,No,No,No,Steady,No,No,No,No,No,No,No,No,No,No,Steady,No,No,No,No,No,Ch,Yes
162054552,113844060,AfricanAmerican,Female,[80-90),?,1,6,2,2,?,?,45,0,18,0,0,0,427,428,425,9,,,No,No,No,No,No,No,No,Steady,No,No,No,No,No,No,No,No,No,No,No,No,No,No,No,No,Yes
162056280,80914131,AfricanAmerican,Male,[70-80),?,2,13,1,4,?,Nephrology,51,0,16,0,0,0,250.4,403,276,9,,,No,No,No,No,No,No,No,No,No,No,No,No,No,No,No,No,No,Steady,No,No,No,No,No,No,Yes
162057984,71357544,AfricanAmerican,Male,[40-50),?,1,1,7,4,MC,?,62,0,15,0,0,0,274,682,585,8,,>7,No,No,No,No,No,No,No,No,No,No,No,No,No,No,No,No,No,Down,No,No,No,No,No,Ch,Yes
162059952,105788781,Caucasian,Male,[60-70),?,6,1,17,3,?,Orthopedics-Reconstructive,56,2,20,0,0,1,715,285,250,6,,,Steady,No,No,No,No,No,No,No,No,No,Down,No,No,No,No,No,No,Steady,No,No,No,No,No,Ch,Yes
162062148,77212233,Caucasian,Female,[70-80),?,1,1,7,3,MC,Emergency/Trauma,49,0,13,0,1,2,428,403,585,9,,,No,No,No,No,No,No,No,No,No,No,No,No,No,No,No,No,No,Steady,No,No,No,No,No,No,Yes
162063582,24918003,Caucasian,Male,[70-80),?,1,1,7,7,MC,Emergency/Trauma,45,0,11,0,0,0,250.82,276,707,9,,>8,No,No,No,No,No,No,No,No,No,No,No,No,No,No,No,No,No,Up,No,No,No,No,No,Ch,Yes
162064734,78400116,AfricanAmerican,Male,[70-80),?,1,6,7,3,?,?,57,1,18,0,1,3,599,403,496,9,,,No,No,No,No,No,No,No,No,No,No,No,No,No,No,No,No,No,Steady,No,No,No,No,No,No,Yes
162066756,103047597,Caucasian,Female,[80-90),?,2,3,7,7,MC,Emergency/Trauma,69,1,33,0,0,0,486,491,112,9,,,No,No,No,No,No,No,No,No,No,No,No,No,No,No,No,No,No,Down,No,No,No,No,No,Ch,Yes
162068256,55189962,Caucasian,Female,[70-80),?,1,1,7,5,?,?,68,0,12,0,0,0,415,453,593,6,,,No,No,No,No,No,No,No,No,No,No,No,No,No,No,No,No,No,No,No,No,No,No,No,No,No
162068958,100209231,Caucasian,Female,[70-80),?,2,1,7,1,MC,?,39,2,14,0,2,0,427,250,401,8,,,No,No,No,No,No,No,No,No,No,No,No,No,No,No,No,No,No,No,No,No,No,No,No,No,No
162071358,90000162,AfricanAmerican,Female,[60-70),?,1,6,7,7,CM,?,53,2,21,0,0,3,403,585,434,9,,,No,No,No,No,No,No,No,No,No,No,No,No,No,No,No,No,No,Steady,No,No,No,No,No,No,Yes
162071898,23854077,AfricanAmerican,Male,[50-60),?,2,1,1,6,MC,Nephrology,40,2,22,0,1,3,535,403,585,5,,,No,No,No,No,No,No,No,No,No,No,No,No,No,No,No,No,No,Down,No,No,No,No,No,Ch,Yes
162076296,60749973,Caucasian,Female,[60-70),?,1,1,7,1,?,?,38,3,13,3,1,0,414,710,413,9,,,No,No,No,No,No,No,No,No,No,No,No,No,No,No,No,No,No,No,No,No,No,No,No,No,No
162078252,41178024,Caucasian,Male,[60-70),?,3,1,1,2,SP,Cardiology,32,6,22,0,0,0,440,414,250,4,,,No,No,No,No,No,No,Steady,No,No,No,No,No,No,No,No,No,No,No,No,No,No,No,No,No,Yes
162079902,86141070,AfricanAmerican,Female,[50-60),?,1,4,1,2,?,?,52,0,16,1,0,0,786,428,425,9,,,Steady,No,No,No,No,No,No,No,No,No,No,No,No,No,No,No,No,Steady,No,No,No,No,No,Ch,Yes
162081738,41954265,Caucasian,Female,[50-60),?,3,1,1,1,BC,Otolaryngology,31,2,37,0,0,1,245,496,401,9,,,No,No,No,No,Steady,No,No,No,No,Steady,No,No,No,No,No,No,No,Steady,No,No,No,No,No,Ch,Yes
162083496,105799356,Caucasian,Female,[40-50),?,1,1,7,2,MC,?,63,0,13,0,1,0,250.11,424,305,9,,Norm,No,No,No,No,No,No,No,No,No,No,No,No,No,No,No,No,No,Up,No,No,No,No,No,Ch,Yes
162084570,93809358,Hispanic,Male,[60-70),?,2,3,7,3,MC,Emergency/Trauma,60,0,17,1,0,1,780,599,41,9,,,No,No,No,No,No,No,No,Steady,No,No,No,No,No,No,No,No,No,No,No,No,No,No,No,No,Yes
162086148,111333924,Caucasian,Male,[70-80),?,2,1,1,2,?,InternalMedicine,44,1,1,0,0,0,281,250,272,8,,,No,No,No,No,No,No,No,No,No,No,No,No,No,No,No,No,No,No,No,No,No,No,No,No,No
162086250,55200078,Caucasian,Female,[80-90),?,1,3,7,2,MC,Emergency/Trauma,41,1,12,0,0,0,281,453,250.02,9,,,No,No,No,No,No,No,No,No,No,No,No,No,No,No,No,No,No,Down,No,No,No,No,No,Ch,Yes
162088770,95752350,Caucasian,Male,[70-80),?,2,6,7,7,SP,Emergency/Trauma,77,0,26,0,0,1,560,491,250.02,9,,>8,No,No,No,No,No,No,No,Steady,No,No,No,No,No,No,No,No,No,Down,No,No,No,No,No,Ch,Yes
162089934,82026315,Caucasian,Male,[50-60),?,1,6,7,13,MC,InternalMedicine,90,1,23,0,0,1,38,707,682,9,,Norm,No,No,No,No,No,No,No,No,No,No,Steady,No,No,No,No,No,No,Down,No,No,No,No,No,Ch,Yes
162090672,28532295,Hispanic,Male,[50-60),?,2,1,7,9,OG,Emergency/Trauma,57,0,23,0,0,1,491,410,428,9,,>7,No,No,No,No,No,No,No,No,No,No,No,No,No,No,No,No,No,Up,No,No,No,No,No,Ch,Yes
162090924,109933875,Caucasian,Male,[60-70),?,2,1,7,4,MC,Emergency/Trauma,45,1,14,0,0,0,567,403,585,9,,,No,No,No,No,No,No,Steady,No,No,No,No,No,No,No,No,No,No,No,No,No,No,No,No,No,Yes
162091554,37424160,AfricanAmerican,Female,[70-80),?,2,1,7,4,CM,Emergency/Trauma,58,0,15,0,0,0,428,427,780,8,,,No,No,No,No,No,No,No,No,No,No,No,No,No,No,No,No,No,Steady,No,No,No,No,No,No,Yes
162091698,92575674,Caucasian,Male,[60-70),?,6,1,17,3,?,Cardiology,49,2,12,1,1,0,414,496,428,9,,,No,No,No,No,No,No,No,Steady,No,Steady,No,No,No,No,No,No,No,Steady,No,No,No,No,No,Ch,Yes
162093876,90864558,Caucasian,Female,[40-50),?,2,1,7,2,SP,Emergency/Trauma,45,0,11,0,2,0,434,493,428,9,,,Steady,No,No,No,No,No,No,No,No,Steady,No,No,No,No,No,No,No,Down,No,No,No,No,No,Ch,Yes
162094614,41370210,Caucasian,Male,[70-80),?,1,1,7,2,MC,?,36,0,14,0,0,0,786,250.6,357,9,,,Steady,No,No,No,No,No,Steady,No,No,No,No,No,No,No,No,No,No,Steady,No,No,No,No,No,Ch,Yes
162095712,30040164,Caucasian,Female,[20-30),?,3,1,1,5,MD,Emergency/Trauma,70,0,19,0,0,0,590,250.13,458,8,,>8,No,No,No,No,No,No,No,No,No,No,No,No,No,No,No,No,No,Steady,No,No,No,No,No,No,Yes
162096186,96035814,Caucasian,Female,[70-80),?,1,6,7,9,MC,?,39,0,16,0,0,0,451,496,250.02,9,,,No,No,No,No,No,No,No,Steady,No,Down,No,No,No,No,No,No,No,No,No,No,No,No,No,Ch,Yes
162096300,49944447,Caucasian,Female,[80-90),?,1,6,7,6,MC,?,48,0,18,0,0,2,560,496,403,9,,,No,No,No,No,No,No,No,No,No,No,No,No,No,No,No,No,No,Steady,No,No,No,No,No,No,Yes
162098832,23997321,AfricanAmerican,Female,[60-70),?,1,1,7,2,MC,InternalMedicine,46,0,17,0,0,1,402,585,599,9,,,Up,No,No,No,No,No,No,No,No,Steady,No,No,No,No,No,No,No,Up,No,No,No,No,No,Ch,Yes
162098928,29541681,Caucasian,Male,[60-70),?,5,1,1,1,MC,?,68,3,16,3,0,2,285,276,403,9,,,No,No,No,No,No,No,Steady,No,No,No,No,No,No,No,No,No,No,No,No,No,No,No,No,No,Yes
162099318,81682659,Caucasian,Male,[50-60),?,1,1,7,1,CP,?,32,5,21,0,0,0,410,585,710,9,,>7,No,No,No,No,No,No,No,No,No,No,No,No,No,No,No,No,No,Steady,No,No,No,No,No,No,Yes
162099492,25112754,AfricanAmerican,Female,[70-80),?,1,3,7,4,?,Family/GeneralPractice,43,0,15,1,1,2,599,438,438,8,,,No,No,No,No,No,No,No,No,No,No,No,No,No,No,No,No,No,Down,No,No,No,No,No,Ch,Yes
162100668,90751788,Caucasian,Female,[60-70),?,1,3,7,4,HM,?,48,0,12,0,0,4,428,518,340,6,,,No,No,No,No,No,No,No,No,No,No,No,No,No,No,No,No,No,Steady,No,No,No,No,No,No,Yes
162101028,50841189,AfricanAmerican,Female,[80-90),?,1,6,7,9,?,?,43,1,22,0,1,2,112,780,401,9,,,No,No,No,No,No,No,No,No,No,Steady,No,No,No,No,No,No,No,No,No,No,No,No,No,No,Yes
162101790,57895380,Caucasian,Female,[60-70),?,1,1,1,4,?,?,51,2,23,0,0,0,590,276,280,9,,,No,No,No,No,No,No,No,No,No,No,No,No,No,No,No,No,No,Steady,No,No,No,No,No,No,Yes
162102006,43806321,Caucasian,Female,[70-80),?,1,1,7,1,MC,?,54,0,16,0,0,0,274,250.02,401,4,,,Steady,No,No,No,No,No,Steady,No,No,No,No,No,No,No,No,No,No,Steady,No,No,No,No,No,Ch,Yes
162102690,75364182,Caucasian,Male,[80-90),?,1,6,7,3,CM,InternalMedicine,52,1,15,0,0,2,410,426,238,8,,,No,No,No,No,No,No,No,No,No,Down,No,No,No,No,No,No,No,Down,No,No,No,No,No,Ch,Yes
162103494,85272768,Caucasian,Male,[70-80),?,3,1,1,1,HM,?,29,1,19,2,0,0,607,401,250,4,,,No,No,No,No,No,No,No,Steady,No,No,No,No,No,No,No,No,No,No,No,No,No,No,No,No,Yes
162103854,86026059,Caucasian,Female,[50-60),?,3,1,1,1,CP,?,36,1,2,0,0,0,240,226,401,4,,,No,No,No,No,No,No,No,No,No,No,No,No,No,No,No,No,No,No,No,No,No,No,No,No,No
162104448,59697594,AfricanAmerican,Female,[90-100),?,3,3,6,4,MC,Surgery-Vascular,51,2,27,0,0,1,250.7,440,428,9,,,No,No,No,No,Steady,No,No,No,No,No,No,No,No,No,No,No,No,Steady,No,No,No,No,No,Ch,Yes
162110298,86376672,Caucasian,Male,[70-80),?,2,1,7,12,MC,InternalMedicine,86,1,31,0,0,0,486,428,427,9,,,Steady,No,No,No,No,No,No,No,No,No,Steady,No,No,No,No,No,No,No,No,No,No,No,No,Ch,Yes
162111870,23334480,Caucasian,Female,[60-70),?,1,1,7,8,MC,Family/GeneralPractice,48,3,24,0,0,0,427,599,401,9,,,No,No,No,No,No,No,No,No,No,No,No,No,No,No,No,No,No,Down,No,No,No,No,No,Ch,Yes
162114792,23355063,AfricanAmerican,Female,[80-90),?,1,1,7,5,?,Family/GeneralPractice,45,0,11,0,1,0,486,250,401,8,,,No,No,No,No,No,No,No,No,No,No,No,No,No,No,No,No,No,Steady,No,No,No,No,No,No,Yes
162115476,23342085,Caucasian,Male,[70-80),?,3,3,1,5,MC,Surgery-Cardiovascular/Thoracic,54,4,44,0,0,1,424,496,276,9,,,No,No,No,No,No,No,No,No,No,No,No,No,No,No,No,No,No,No,No,No,No,No,No,No,No
162120672,42973254,AfricanAmerican,Male,[40-50),?,1,1,7,2,MC,?,35,0,12,0,0,2,577,305,276,9,,,No,No,No,No,No,No,No,No,No,No,No,No,No,No,No,No,No,Steady,No,No,No,No,No,No,Yes
162122742,23847876,Caucasian,Female,[80-90),?,1,3,7,11,MC,InternalMedicine,44,0,15,0,0,1,428,425,584,9,,,No,No,No,No,No,No,Steady,No,No,No,No,No,No,No,No,No,No,Steady,No,No,No,No,No,Ch,Yes
162126936,18041409,Caucasian,Male,[60-70),[50-75),2,2,1,2,CM,?,13,0,11,7,3,1,296,300,301,8,,>8,No,No,No,No,No,No,No,No,No,No,No,No,No,No,No,No,No,Steady,No,No,No,No,No,No,Yes
162133914,59577489,Caucasian,Male,[70-80),?,3,1,1,1,MC,Radiologist,21,6,11,0,0,0,414,401,250,4,,,No,No,No,No,No,No,No,No,No,Steady,No,No,No,No,No,No,No,Steady,No,No,No,No,No,Ch,Yes
162138936,23571540,AfricanAmerican,Female,[50-60),?,1,1,7,5,MC,Nephrology,48,1,16,0,5,4,428,403,511,6,,,No,No,No,No,No,No,No,No,No,No,No,No,No,No,No,No,No,Up,No,No,No,No,No,Ch,Yes
162144606,25320384,AfricanAmerican,Female,[50-60),?,3,1,1,3,BC,Family/GeneralPractice,26,0,12,0,0,0,38,780,995,9,,,No,No,No,No,No,No,No,No,No,No,No,No,No,No,No,No,No,Down,No,No,No,No,No,Ch,Yes
162146466,102145977,Caucasian,Female,[70-80),?,3,3,1,6,MC,Family/GeneralPractice,62,0,10,0,1,0,331,294,780,8,,,Steady,No,No,No,No,No,No,Steady,No,No,No,No,No,No,No,No,No,No,No,No,No,No,No,Ch,Yes
162147096,87064569,Caucasian,Male,[70-80),?,3,6,1,6,?,Cardiology,66,3,44,0,0,0,414,411,997,9,,,Steady,No,No,No,No,No,No,No,No,No,No,No,No,No,No,No,No,No,No,No,No,No,No,No,Yes
162152328,41717169,Caucasian,Female,[60-70),?,1,6,7,6,SP,?,68,0,13,0,0,1,386,792,285,6,,,No,No,No,No,No,No,No,Steady,No,Steady,No,No,No,No,No,No,No,No,No,No,No,No,No,Ch,Yes
162155928,59428170,AfricanAmerican,Female,[40-50),?,1,3,7,6,MC,?,53,2,6,0,1,0,280,348,585,8,,,No,No,No,No,No,No,No,No,No,No,No,No,No,No,No,No,No,No,No,No,No,No,No,No,No
162161928,69247665,Caucasian,Male,[60-70),?,3,6,3,4,CP,Orthopedics,35,1,24,0,0,0,715,272,401,7,,,Steady,No,No,No,No,No,Up,No,No,No,No,No,No,No,No,No,No,Steady,No,No,No,No,No,Ch,Yes
162162036,25320528,AfricanAmerican,Male,[60-70),?,3,1,1,1,MC,Cardiology,17,5,16,0,0,0,414,428,496,7,,,No,No,No,No,No,No,No,No,No,No,No,No,No,No,No,No,No,No,No,No,No,No,No,No,No
162162156,87111396,Caucasian,Female,[80-90),?,5,3,1,3,MC,?,57,0,12,14,0,3,599,584,287,9,,,No,No,No,No,No,No,No,No,No,No,No,No,No,No,No,No,No,Up,No,No,No,No,No,Ch,Yes
162165498,97450740,Caucasian,Male,[70-80),[75-100),1,1,7,5,UN,?,46,0,15,0,0,0,486,424,491,9,,,Steady,No,Up,No,No,No,No,Steady,No,No,No,No,No,No,No,No,No,No,No,No,No,No,No,Ch,Yes
162166188,39285954,Caucasian,Male,[60-70),?,1,1,7,2,?,?,37,5,10,0,0,1,410,414,V45,8,,,No,No,No,No,No,No,No,No,No,No,No,No,No,No,No,No,No,No,No,No,No,No,No,No,No
162167310,22881249,Caucasian,Male,[70-80),[50-75),2,1,1,3,UN,InternalMedicine,41,0,5,0,0,0,415,453,202,7,,,No,No,No,No,No,No,No,No,No,No,No,No,No,No,No,No,No,No,No,No,No,No,No,No,No
162168024,24665670,Caucasian,Female,[70-80),?,3,1,1,1,MC,InternalMedicine,48,3,18,1,0,0,414,427,401,5,,,No,No,No,No,Steady,No,No,No,No,No,No,No,No,No,No,No,No,Steady,No,No,No,No,No,Ch,Yes
162168576,45500490,Caucasian,Male,[70-80),?,2,1,1,5,HM,Gastroenterology,36,0,18,0,0,0,459,682,707,9,,>7,No,No,No,No,No,No,No,No,No,Steady,No,No,No,No,No,No,No,Down,No,No,No,No,No,Ch,Yes
162169728,62591868,Caucasian,Female,[70-80),?,2,6,1,6,?,InternalMedicine,54,2,27,0,0,1,198,599,242,9,,,No,No,No,No,No,No,No,No,No,No,No,No,No,No,No,No,No,Down,No,No,No,No,No,Ch,Yes
162170754,24872661,AfricanAmerican,Male,[70-80),?,3,6,1,5,MC,?,41,0,14,0,1,1,786,780,250,9,,,No,No,No,No,No,No,Steady,No,No,No,No,No,No,No,No,No,No,No,No,No,No,No,No,No,Yes
162171180,91976013,Caucasian,Female,[80-90),?,1,3,7,6,MC,?,51,0,20,0,0,0,410,428,427,9,,,No,No,No,No,No,No,Steady,No,No,No,No,No,No,No,No,No,No,No,No,No,No,No,No,No,Yes
162173616,41688072,Caucasian,Male,[60-70),?,1,1,7,1,MC,?,51,0,13,0,0,0,786,250,272,5,,,No,No,No,No,No,No,No,No,No,No,No,No,No,No,No,No,No,No,Steady,No,No,No,No,No,Yes
162174090,55672578,AfricanAmerican,Male,[60-70),?,2,4,1,5,?,Oncology,54,0,19,1,0,1,490,162,783,8,,,No,No,No,No,Steady,No,No,No,No,No,No,No,No,No,No,No,No,No,No,No,No,No,No,No,Yes
162177636,29174517,Caucasian,Male,[50-60),?,2,1,7,1,UN,Emergency/Trauma,22,0,7,0,0,0,786,401,272,4,,>7,No,No,No,No,No,No,Steady,No,No,No,No,No,No,No,No,No,No,No,No,No,No,No,No,No,Yes
162177762,54564291,Caucasian,Male,[80-90),?,3,3,1,7,MC,Orthopedics,40,4,24,0,0,3,996,998,250,9,,,No,No,No,No,No,No,No,No,No,No,No,No,No,No,No,No,No,Down,No,No,No,No,No,Ch,Yes
162178692,23718141,Caucasian,Female,[30-40),?,1,1,7,1,BC,Family/GeneralPractice,38,1,11,0,4,5,535,250.01,V15,3,,,No,No,No,No,No,No,No,No,No,No,No,No,No,No,No,No,No,Steady,No,No,No,No,No,No,Yes
162179370,4430763,Caucasian,Female,[40-50),?,2,1,4,2,?,?,38,0,12,0,0,1,428,425,250,9,,,No,No,No,No,No,No,No,Steady,No,No,No,No,No,No,No,No,No,No,No,No,No,No,No,No,Yes
162183894,88343514,Caucasian,Female,[70-80),?,5,6,1,6,MC,?,56,0,21,2,0,0,682,584,496,9,,,No,No,No,No,No,No,Steady,No,No,No,Steady,No,No,No,No,No,No,No,No,No,No,No,No,Ch,Yes
162187572,25320681,Other,Female,[90-100),?,2,1,1,8,MD,InternalMedicine,41,1,32,0,0,0,540,401,250,3,,,No,No,No,No,No,No,Steady,No,No,No,No,No,No,No,No,No,No,No,No,No,No,No,No,No,Yes
162188994,102898278,Caucasian,Female,[70-80),?,2,1,7,1,MC,InternalMedicine,65,0,9,1,0,1,486,398,428,9,,,No,No,No,No,No,No,No,No,No,No,No,No,No,No,No,No,No,No,No,No,No,No,No,No,No
162189822,83706498,Caucasian,Female,[80-90),?,2,6,7,6,MC,InternalMedicine,62,0,11,0,0,1,428,425,250.8,8,,,No,No,No,No,No,No,No,Steady,No,No,No,No,No,No,No,No,No,Down,No,No,No,No,No,Ch,Yes
162194556,55943001,Caucasian,Male,[60-70),?,1,1,7,6,?,?,46,0,9,0,0,0,577,250,401,4,,,No,No,No,No,No,No,No,No,No,No,No,No,No,No,No,No,No,Steady,No,No,No,No,No,No,Yes
162195468,40532895,Caucasian,Male,[70-80),?,3,1,1,13,MC,Radiologist,52,4,36,1,0,0,428,427,403,9,,Norm,No,No,No,No,Steady,No,No,No,No,No,No,Steady,No,No,No,No,No,Up,No,No,No,No,No,Ch,Yes
162198096,80145549,Caucasian,Male,[40-50),?,1,6,1,3,?,?,52,0,11,0,0,0,577,300,250,7,,Norm,Steady,No,No,No,No,No,No,No,No,No,No,No,No,No,No,No,No,Down,No,No,No,No,No,Ch,Yes
162199344,87363675,AfricanAmerican,Male,[70-80),?,1,1,7,5,MC,?,36,0,16,0,1,1,786,250,401,4,,,No,No,No,No,No,No,No,No,No,No,No,No,No,No,No,No,No,Down,No,No,No,No,No,Ch,Yes
162204900,30224430,AfricanAmerican,Female,[60-70),?,1,1,7,7,CM,?,74,2,34,0,0,1,403,585,584,9,,,No,No,No,No,No,No,No,No,No,No,No,No,No,No,No,No,No,Up,No,No,No,No,No,Ch,Yes
162206526,31053438,Caucasian,Male,[70-80),?,3,1,1,9,MC,Family/GeneralPractice,34,1,19,0,0,1,707,682,782,7,,,Steady,No,No,No,No,No,No,Steady,No,No,No,No,No,No,No,No,No,Up,No,No,No,No,No,Ch,Yes
162208470,39715038,Caucasian,Female,[70-80),?,3,3,7,6,MD,Emergency/Trauma,61,1,13,0,0,0,453,276,401,9,,,No,No,No,No,No,No,No,No,No,No,No,No,No,No,No,No,No,Down,No,No,No,No,No,Ch,Yes
162212868,57630609,Caucasian,Male,[70-80),[75-100),1,1,7,4,MC,?,43,2,10,1,0,2,578,285,424,9,,,No,No,No,No,No,No,Steady,No,No,No,Steady,No,No,No,No,No,No,No,No,No,No,No,No,Ch,Yes
162213762,23636979,AfricanAmerican,Female,[50-60),?,3,1,1,7,MD,Nephrology,42,3,26,0,0,0,584,403,276,9,,,No,No,No,No,No,No,No,No,No,No,No,No,No,No,No,No,No,No,No,No,No,No,No,No,No
162214536,86931513,Caucasian,Male,[70-80),?,1,23,1,6,MC,?,60,0,27,1,0,0,491,799,244,9,,Norm,No,No,No,No,No,No,Steady,No,No,No,No,No,No,No,No,No,No,Steady,No,No,No,No,No,Ch,Yes
162214542,59713965,Caucasian,Female,[60-70),?,5,3,1,2,MC,?,42,0,24,1,0,3,584,276,276,9,,,No,No,No,No,No,No,No,No,No,No,No,No,No,No,No,No,No,Up,No,No,No,No,No,Ch,Yes
162215406,49411890,Caucasian,Male,[40-50),?,5,1,1,1,HM,?,33,0,18,2,3,0,292,292,303,9,,,No,No,No,No,No,No,No,No,No,No,No,No,No,No,No,No,No,Up,No,No,No,No,No,Ch,Yes
162215622,35913177,Caucasian,Male,[80-90),?,1,4,7,12,?,?,53,1,27,0,0,0,820,428,E849,8,,,No,Steady,No,No,No,No,No,No,No,No,No,No,No,No,No,No,No,No,No,No,No,No,No,No,Yes
162216780,108457389,Caucasian,Female,[80-90),?,5,1,1,6,MC,?,34,0,8,3,0,0,560,250,401,9,,,No,No,No,No,No,No,No,No,No,No,No,No,No,No,No,No,No,Steady,No,No,No,No,No,No,Yes
162217500,92479608,Caucasian,Male,[70-80),?,2,3,7,5,MC,Emergency/Trauma,59,0,24,0,0,0,599,496,427,9,,,No,No,No,No,No,No,No,Down,No,No,No,No,No,No,No,No,No,Up,No,No,No,No,No,Ch,Yes
162217692,99984429,Caucasian,Male,[80-90),?,1,1,7,2,?,?,54,0,19,0,0,0,481,427,150,9,,,No,No,No,No,No,No,No,No,No,No,No,No,No,No,No,No,No,No,No,No,No,No,No,No,No
162219492,57222414,AfricanAmerican,Female,[60-70),?,1,1,7,5,?,?,49,0,11,1,0,1,428,425,424,9,,,No,No,No,No,No,No,Steady,No,No,No,No,No,No,No,No,No,No,No,No,No,No,No,No,No,Yes
162221100,59313960,AfricanAmerican,Female,[20-30),?,3,1,1,4,HM,?,36,2,21,0,0,0,658,648,652,7,,,No,No,No,No,No,No,No,No,No,No,No,No,No,No,No,No,No,No,No,No,No,No,No,No,No
162221262,107310078,Caucasian,Female,[70-80),?,2,3,7,5,MC,Emergency/Trauma,46,2,15,0,0,0,820,428,276,9,,>8,No,No,No,No,Steady,No,No,No,No,No,Steady,No,No,No,No,No,No,Down,No,No,No,No,No,Ch,Yes
162223260,24158781,AfricanAmerican,Female,[60-70),?,1,1,7,2,MC,InternalMedicine,52,0,20,0,0,1,401,786,250,4,,,Steady,No,Steady,No,Steady,No,No,No,No,No,No,No,No,No,No,No,No,Steady,No,No,No,No,No,Ch,Yes
162226164,25315065,AfricanAmerican,Female,[50-60),?,1,1,7,4,SP,Family/GeneralPractice,51,0,16,0,0,0,415,250,?,2,,Norm,No,No,No,No,No,No,No,No,No,No,No,No,No,No,No,No,No,Steady,No,No,No,No,No,No,Yes
162226200,79353171,AfricanAmerican,Male,[50-60),?,1,1,7,4,?,?,48,0,15,0,0,0,250.12,585,716,4,,Norm,No,No,No,No,No,No,Steady,No,No,No,Steady,No,No,No,No,No,No,Down,No,No,No,No,No,Ch,Yes
162226602,25321095,AfricanAmerican,Male,[60-70),?,1,1,7,6,MC,InternalMedicine,42,0,30,0,0,0,415,453,250,9,,,No,No,No,No,Steady,No,No,No,No,No,No,No,No,No,No,No,No,Steady,No,No,No,No,No,Ch,Yes
162226878,86371110,Caucasian,Female,[60-70),?,1,1,7,2,BC,?,57,0,19,2,0,0,486,428,414,9,,,No,No,No,No,No,No,No,No,No,No,No,No,No,No,No,No,No,No,No,No,No,No,No,No,No
162227088,97867053,Caucasian,Male,[70-80),?,1,1,7,1,CM,?,39,0,9,0,0,0,780,401,V45,7,,,No,No,No,No,No,No,No,No,No,No,No,No,No,No,No,No,No,Steady,No,No,No,No,No,No,Yes
162231450,42502365,Caucasian,Female,[80-90),?,1,11,7,11,MC,?,65,2,32,0,0,1,532,285,496,9,,,No,No,No,No,No,No,Steady,No,No,No,No,No,No,No,No,No,No,No,No,No,No,No,No,No,Yes
162255258,25315443,AfricanAmerican,Male,[60-70),?,3,1,1,1,MD,Cardiology,20,4,17,0,0,0,414,413,401,5,,,No,No,No,No,No,No,No,No,No,No,No,No,No,No,No,No,No,No,No,No,No,No,No,No,No
162260526,25321248,AfricanAmerican,Female,[60-70),?,3,1,1,1,MD,Cardiology,29,6,22,0,0,0,414,414,250,4,,,No,No,No,No,No,No,No,No,No,No,Steady,No,No,No,No,No,No,No,No,No,No,No,No,No,Yes
162261774,25202025,AfricanAmerican,Female,[50-60),?,1,1,7,3,?,Family/GeneralPractice,55,1,12,0,1,1,723,250.02,723,9,,Norm,No,No,No,No,No,No,No,No,No,Steady,No,No,No,No,No,No,No,No,No,No,No,No,No,No,Yes
162262626,46157976,AfricanAmerican,Female,[40-50),?,3,1,1,5,?,InternalMedicine,48,5,23,3,0,0,414,410,411,9,,,No,No,Steady,No,No,No,No,Steady,No,No,No,No,No,No,No,No,No,Steady,No,No,No,No,No,Ch,Yes
162269784,73134927,Caucasian,Female,[70-80),?,1,1,1,7,?,Emergency/Trauma,61,1,18,0,0,0,574,428,496,9,,,No,No,No,No,Steady,No,No,No,No,No,No,No,No,No,No,No,No,Steady,No,No,No,No,No,Ch,Yes
162276732,39721446,Other,Female,[70-80),?,2,1,7,1,OG,Emergency/Trauma,63,0,5,0,0,0,962,250.8,357,5,,>8,Steady,No,No,No,No,No,No,No,No,No,No,No,No,No,No,No,No,Up,No,No,No,No,No,Ch,Yes
162282888,25315614,AfricanAmerican,Female,[80-90),?,3,1,1,1,?,Cardiology,29,4,18,0,0,0,414,401,250,3,,,No,No,No,No,No,No,No,No,No,No,No,No,No,No,No,No,No,No,No,No,No,No,No,No,No
162284154,65660427,Caucasian,Male,[50-60),?,1,6,7,4,?,?,47,2,17,0,0,0,511,682,41,8,,,No,No,No,No,No,No,No,No,No,No,No,No,No,No,No,No,No,No,No,No,No,No,No,No,No
162287100,96759468,Caucasian,Female,[60-70),?,3,1,1,5,?,?,47,0,14,0,0,0,250.02,401,716,5,,Norm,No,No,No,No,No,No,Steady,No,No,No,Steady,No,No,No,No,No,No,Steady,No,No,No,No,No,Ch,Yes
162288594,41314194,Caucasian,Male,[70-80),?,3,1,1,1,MC,Cardiology,47,2,33,0,0,0,433,435,585,7,,,No,No,No,No,No,No,No,Steady,No,No,Steady,No,No,No,No,No,No,No,No,No,No,No,No,Ch,Yes
162288780,111951333,Other,Male,[60-70),?,3,3,1,3,BC,Orthopedics,27,2,14,2,0,0,715,250,401,3,,,No,No,No,No,No,No,No,No,No,No,No,No,No,No,No,No,No,No,No,No,No,No,No,No,No
162291804,89674812,Caucasian,Male,[60-70),?,1,1,7,9,CP,?,51,6,29,0,0,0,428,425,427,9,,,No,No,No,No,No,No,Steady,No,No,No,Steady,No,No,No,No,No,No,Steady,No,No,No,No,No,Ch,Yes
162298878,59088186,Caucasian,Female,[40-50),?,1,1,7,1,MD,?,61,0,15,0,0,1,786,250,V12,9,,Norm,No,No,No,No,No,No,No,No,No,No,No,No,No,No,No,No,No,Down,No,No,No,No,No,Ch,Yes
162298914,64344537,Caucasian,Male,[70-80),?,2,1,1,4,?,Cardiology,31,1,16,0,0,0,426,413,402,9,,,No,No,No,No,No,No,No,No,No,No,No,No,No,No,No,No,No,No,No,No,No,No,No,No,No
162300246,113502474,Caucasian,Female,[70-80),?,2,6,1,4,MC,?,37,3,15,1,0,0,562,280,556,9,,,No,No,No,No,No,No,No,No,No,No,No,No,No,No,No,No,No,No,No,No,No,No,No,No,No
162300480,113719743,Caucasian,Male,[80-90),?,1,4,1,3,?,?,52,0,9,4,0,0,584,428,428,9,,,No,No,No,No,No,No,No,Steady,No,No,No,No,No,No,No,No,No,Steady,No,No,No,No,No,Ch,Yes
162300768,38706759,Caucasian,Female,[70-80),?,2,2,4,10,?,PhysicalMedicineandRehabilitation,54,3,30,0,0,1,V57,250.81,342,9,,,Steady,No,No,No,No,No,No,No,No,No,No,No,No,No,No,No,No,Steady,No,No,No,No,No,Ch,Yes
162303336,27737235,Caucasian,Male,[50-60),?,2,1,1,4,?,Oncology,47,0,16,1,0,1,682,459,277,7,,,No,No,No,Up,No,No,No,No,No,No,No,No,No,No,No,No,No,No,No,No,No,No,No,Ch,Yes
162306036,36705645,Other,Female,[60-70),?,3,1,1,5,SP,Pulmonology,33,0,16,0,2,3,486,491,331,7,,,No,No,No,No,Steady,No,No,No,No,No,No,No,No,No,No,No,No,Up,No,No,No,No,No,Ch,Yes
162309420,63863559,Caucasian,Female,[60-70),?,1,3,7,12,MC,?,51,2,45,0,0,0,491,428,780,9,,,No,No,No,No,No,No,No,No,No,No,No,No,No,No,No,No,No,Down,No,No,No,No,No,Ch,Yes
162309912,86456880,Caucasian,Male,[80-90),?,2,3,1,3,MC,?,37,3,21,0,0,0,574,535,562,9,,,No,No,No,No,No,No,No,No,No,No,Steady,No,No,No,No,No,No,No,No,No,No,No,No,No,Yes
162311964,25315767,Caucasian,Female,[70-80),?,3,1,1,1,MC,Cardiology,26,5,10,0,0,0,414,411,250.4,7,,,No,No,No,No,No,No,No,No,No,No,No,No,No,No,No,No,No,Up,No,No,No,No,No,Ch,Yes
162314328,61829883,AfricanAmerican,Male,[50-60),?,3,1,1,6,?,Cardiology,54,0,11,0,0,0,427,250.02,401,6,,Norm,Down,No,No,No,No,No,Steady,No,No,Steady,No,No,No,No,No,No,No,No,No,No,No,No,No,Ch,Yes
162314712,25312284,Caucasian,Male,[70-80),?,1,11,7,3,MC,InternalMedicine,38,0,4,0,1,0,599,276,276,7,,,No,No,No,No,No,No,No,No,No,No,No,No,No,No,No,No,No,Steady,No,No,No,No,No,No,Yes
162322242,103691484,Caucasian,Male,[60-70),?,1,1,7,2,MC,?,22,0,17,0,0,2,493,518,250,9,,,Steady,No,No,No,No,No,Steady,No,No,No,No,No,No,No,No,No,No,Steady,No,No,No,No,No,Ch,Yes
162322572,58534272,Caucasian,Female,[70-80),?,2,6,1,11,?,Oncology,46,3,22,0,0,1,V58,198,197,9,,,No,No,No,No,No,No,No,No,No,No,No,No,No,No,No,No,No,Up,No,No,No,No,No,Ch,Yes
162325128,86931081,Caucasian,Female,[70-80),?,1,3,7,5,CM,?,53,1,12,0,0,0,341,599,250.6,9,,Norm,Steady,No,No,No,No,No,No,No,No,No,No,No,No,No,No,No,No,Up,No,No,No,No,No,Ch,Yes
162325956,87711696,Caucasian,Female,[50-60),[125-150),1,1,7,4,CP,InternalMedicine,84,3,20,3,0,0,965,963,780,9,,,No,No,No,No,No,No,No,No,No,No,No,No,No,No,No,No,No,No,No,No,No,No,No,No,No
162325962,41230080,Caucasian,Male,[50-60),?,3,1,1,6,?,Cardiology,68,0,22,1,0,0,428,585,414,7,,,No,No,No,No,No,No,No,No,No,No,No,No,No,No,No,No,No,Steady,No,No,No,No,No,No,Yes
162326010,50558103,Caucasian,Female,[80-90),?,1,3,7,6,MC,?,41,0,10,0,0,0,162,276,496,9,,,No,No,No,No,No,No,No,No,No,No,No,No,No,No,No,No,No,Steady,No,No,No,No,No,No,Yes
162328428,25321725,AfricanAmerican,Male,[60-70),?,1,1,7,3,BC,Emergency/Trauma,50,6,20,0,0,0,410,414,305,8,,>8,Steady,No,No,No,No,No,No,No,No,No,Steady,No,No,No,No,No,No,Steady,No,No,No,No,No,Ch,Yes
162329664,114167169,Caucasian,Female,[80-90),?,1,4,2,4,?,?,21,0,7,0,0,0,853,E849,250,8,,,No,No,No,No,No,No,No,No,No,No,No,No,No,No,No,No,No,No,No,No,No,No,No,No,No
162331098,99433620,Caucasian,Male,[70-80),?,2,3,7,11,MC,Family/GeneralPractice,81,2,24,0,0,0,486,491,581,9,,Norm,No,No,No,No,No,No,No,No,No,No,No,No,No,No,No,No,No,Down,No,No,No,No,No,Ch,Yes
162333414,58165623,Caucasian,Female,[70-80),?,1,1,1,4,?,Emergency/Trauma,45,2,14,4,0,2,530,250.02,599,9,,,No,No,No,No,No,No,No,No,No,No,No,No,No,No,No,No,No,Down,No,No,No,No,No,Ch,Yes
162335136,57886317,AfricanAmerican,Male,[50-60),?,1,1,7,7,OT,?,78,5,24,0,0,0,535,530,250,7,,,No,No,No,No,No,No,No,No,No,No,No,No,No,No,No,No,No,Steady,No,No,No,No,No,No,Yes
162335850,82965015,Caucasian,Male,[60-70),?,2,1,7,4,?,InternalMedicine,40,0,4,0,0,0,560,401,250,4,,,No,No,No,No,No,No,No,No,No,No,No,No,No,No,No,No,No,No,No,No,No,No,No,No,No
162336084,42012567,Caucasian,Male,[60-70),?,1,1,7,2,?,?,38,3,22,0,0,0,802,873,401,9,,,No,No,No,No,No,No,Steady,No,No,No,Steady,No,No,No,No,No,No,No,No,No,No,No,No,Ch,Yes
162336462,80017119,Caucasian,Female,[70-80),?,1,1,7,3,MC,?,34,0,16,0,0,0,515,482,493,6,,Norm,No,No,No,No,No,No,No,No,No,No,No,No,No,No,No,No,No,No,No,No,No,No,No,No,No
162337392,86450409,Caucasian,Male,[70-80),?,1,6,7,4,HM,?,55,0,23,0,0,0,250.8,428,403,9,,>8,No,Steady,No,No,No,No,Up,No,No,No,No,No,No,No,No,No,No,No,No,No,No,No,No,Ch,Yes
162337578,87239205,Caucasian,Female,[70-80),?,1,1,7,2,MC,?,34,0,2,0,0,0,560,153,197,9,,,No,No,No,No,No,No,No,No,No,No,No,No,No,No,No,No,No,No,No,No,No,No,No,No,No
162337662,24525675,AfricanAmerican,Female,[60-70),?,1,1,7,2,BC,InternalMedicine,18,0,3,0,0,0,578,458,250,3,,,Steady,No,No,No,No,No,No,No,No,No,No,No,No,No,No,No,No,Steady,No,No,No,No,No,Ch,Yes
162338160,23210334,AfricanAmerican,Male,[60-70),?,1,1,7,3,?,Family/GeneralPractice,44,0,15,1,0,2,786,428,425,7,,,No,No,No,No,No,No,Steady,No,No,No,No,No,No,No,No,No,No,Steady,No,No,No,No,No,Ch,Yes
162339570,43412004,Caucasian,Female,[50-60),?,1,1,7,9,CP,?,82,4,37,0,0,0,584,481,427,9,,,No,No,No,No,No,No,No,No,No,No,No,No,No,No,No,No,No,Down,No,No,No,No,No,Ch,Yes
162339846,85708458,Caucasian,Female,[70-80),?,1,22,7,2,?,?,38,0,12,0,0,0,851,805,424,9,,,No,No,No,No,No,No,No,No,No,No,No,No,No,No,No,No,No,Steady,No,No,No,No,No,No,Yes
162339888,85276773,Caucasian,Male,[80-90),?,1,6,7,4,MC,?,57,0,7,0,0,1,276,428,425,9,,,No,No,No,No,No,No,Steady,No,No,No,No,No,No,No,No,No,No,No,No,No,No,No,No,No,Yes
162340452,43806321,Caucasian,Female,[70-80),?,1,1,7,2,MC,?,60,0,17,0,0,1,562,276,401,8,,,Steady,No,No,No,No,No,Steady,No,No,No,No,No,No,No,No,No,No,Steady,No,No,No,No,No,Ch,Yes
162340938,23350212,Caucasian,Male,[70-80),?,1,1,7,1,MC,Cardiology,35,1,19,0,0,0,428,250,V45,3,,,No,No,No,No,No,No,No,No,No,No,No,No,No,No,No,No,No,Up,No,No,No,No,No,Ch,Yes
162342006,56127555,AfricanAmerican,Female,[60-70),?,1,1,7,3,?,?,55,0,9,0,0,1,404,585,428,9,,,No,No,No,No,No,No,No,No,No,No,No,No,No,No,No,No,No,No,No,No,No,No,No,No,No
162347952,23393457,AfricanAmerican,Female,[60-70),?,2,6,1,4,MC,Oncology,36,3,21,1,0,6,152,578,585,9,,,No,No,No,No,No,No,No,No,No,No,No,No,No,No,No,No,No,Steady,No,No,No,No,No,No,Yes
162352218,43320177,AfricanAmerican,Female,[40-50),?,2,1,1,1,?,Family/GeneralPractice,37,0,4,0,0,0,296,314,250,3,,,No,No,No,No,No,No,No,No,No,No,No,No,No,No,No,No,No,No,No,No,No,No,No,No,No
162352776,90483390,Caucasian,Female,[50-60),?,2,1,7,2,UN,Emergency/Trauma,44,0,18,0,0,0,275,780,275,8,,,No,No,No,No,Steady,No,No,No,No,No,Steady,No,No,No,No,No,No,Steady,No,No,No,No,No,Ch,Yes
162352920,25321932,AfricanAmerican,Female,[80-90),?,1,2,7,4,MC,InternalMedicine,39,1,13,0,0,0,593,276,428,9,,,No,No,No,No,No,No,Steady,No,No,No,No,No,No,No,No,No,No,Steady,No,No,No,No,No,Ch,Yes
162356046,25088814,Caucasian,Male,[80-90),?,1,1,7,1,MC,Cardiology,45,0,8,0,0,1,786,585,300,8,,,No,No,No,No,No,No,Steady,No,No,No,No,No,No,No,No,No,No,No,No,No,No,No,No,No,Yes
162356568,81480123,AfricanAmerican,Male,[50-60),?,1,1,7,2,?,?,60,0,20,0,2,1,562,250.6,535,9,,Norm,No,No,No,No,No,No,No,No,No,No,No,No,No,No,No,No,No,Steady,No,No,No,No,No,No,Yes
162356898,114277239,AfricanAmerican,Female,[30-40),?,1,1,7,11,?,?,35,0,25,0,0,0,486,473,346,8,,,Steady,No,No,No,No,No,No,No,No,No,No,No,No,No,No,No,No,No,No,No,No,No,No,No,Yes
162360366,84676248,Caucasian,Female,[80-90),?,1,6,7,14,MC,?,41,1,33,1,0,2,493,250.02,401,9,,,No,No,No,No,No,No,No,Steady,No,No,No,No,No,No,No,No,No,No,No,No,No,No,No,No,Yes
162361296,27143640,AfricanAmerican,Female,[30-40),?,1,6,2,4,?,?,69,0,19,0,0,0,250.11,V58,616,7,,,No,No,No,No,No,No,No,No,No,No,No,No,No,No,No,No,No,Up,No,No,No,No,No,Ch,Yes
162361470,89008614,Caucasian,Male,[80-90),?,2,3,7,5,MC,Emergency/Trauma,81,2,33,0,0,2,507,518,428,9,,,Steady,No,No,No,No,No,No,No,No,No,No,No,No,No,No,No,No,Down,No,No,No,No,No,Ch,Yes
162361542,100327806,Caucasian,Female,[40-50),?,2,1,7,2,UN,Emergency/Trauma,41,1,5,0,0,0,434,276,276,6,,,No,No,No,No,No,No,Steady,No,No,No,No,No,No,No,No,No,No,Up,No,No,No,No,No,Ch,Yes
162362298,88514469,AfricanAmerican,Female,[70-80),?,1,3,7,5,MC,Pulmonology,49,3,16,0,0,2,434,780,250,9,,,No,No,No,No,No,No,No,No,No,No,No,No,No,No,No,No,No,Steady,No,No,No,No,No,No,Yes
162362304,88633647,Caucasian,Male,[80-90),?,1,6,7,5,MC,?,37,0,15,1,0,0,491,403,585,9,,,No,No,No,No,No,No,No,No,No,No,No,No,No,No,No,No,No,No,No,No,No,No,No,No,No
162363714,99985500,AfricanAmerican,Female,[40-50),?,1,28,7,3,?,?,62,0,3,0,1,0,296,599,780,9,,,No,No,No,No,No,No,No,No,No,No,No,No,No,No,No,No,No,No,No,No,No,No,No,No,No
162364350,75955185,Caucasian,Female,[80-90),?,2,3,7,6,?,?,61,1,7,0,2,1,599,585,41,9,,,No,No,No,No,No,No,No,Steady,No,No,No,No,No,No,No,No,No,Steady,No,No,No,No,No,Ch,Yes
162364728,52711569,Caucasian,Male,[80-90),?,1,1,2,4,?,?,55,0,9,0,0,0,599,424,41,9,,,No,No,No,No,No,No,Steady,No,No,No,No,No,No,No,No,No,No,No,No,No,No,No,No,No,Yes
162365154,23332473,AfricanAmerican,Male,[80-90),?,1,3,7,4,MC,InternalMedicine,37,0,15,0,5,2,250.8,428,599,9,,,No,No,No,No,No,No,No,No,No,No,No,No,No,No,No,No,No,Steady,No,No,No,No,No,No,Yes
162365208,39781332,Caucasian,Female,[70-80),[75-100),1,1,7,3,MC,?,63,3,15,3,1,3,786,496,414,9,,,No,No,No,No,No,No,No,No,No,No,No,No,No,No,No,No,No,Steady,No,No,No,No,No,No,Yes
162365262,60221043,Caucasian,Male,[70-80),?,1,1,7,3,?,?,41,2,23,0,0,0,851,428,486,9,,Norm,No,No,No,No,No,No,No,No,No,No,No,No,No,No,No,No,No,Steady,No,No,No,No,No,No,Yes
162365280,59456412,Caucasian,Female,[50-60),?,7,22,7,11,CP,?,70,6,29,0,0,0,821,518,821,9,,Norm,No,No,No,No,No,No,No,No,No,No,No,No,No,No,No,No,No,Down,No,No,No,No,No,Ch,Yes
162365442,53637885,AfricanAmerican,Female,[50-60),?,1,1,7,5,?,?,56,0,17,0,0,0,486,428,518,9,,Norm,No,No,No,No,Steady,No,No,No,No,No,No,No,No,No,No,No,No,No,No,No,No,No,No,No,Yes
162365640,25069554,Hispanic,Male,[40-50),?,1,1,7,4,BC,Emergency/Trauma,37,1,12,0,7,5,250.6,276,V45,4,,,No,No,No,No,No,No,No,No,No,No,No,No,No,No,No,No,No,Up,No,No,No,No,No,Ch,Yes
162366474,96228387,AfricanAmerican,Male,[40-50),?,5,1,1,2,MC,?,57,0,17,0,0,0,428,425,486,9,,>8,No,No,No,No,No,No,No,No,No,No,No,No,No,No,No,No,No,Steady,No,No,No,No,No,No,Yes
162367476,92242773,Caucasian,Female,[80-90),?,1,3,1,6,MC,?,65,0,19,0,0,0,112,276,486,9,,,No,No,No,No,No,No,No,No,No,No,No,No,No,No,No,No,No,Steady,No,No,No,No,No,No,Yes
162368538,85232619,Caucasian,Female,[50-60),?,1,6,1,3,HM,?,58,0,17,2,0,1,276,785,584,9,,,No,No,No,No,No,No,No,No,No,No,No,No,No,No,No,No,No,Up,No,No,No,No,No,Ch,Yes
162368682,88495461,Caucasian,Female,[70-80),?,2,3,7,5,MC,Emergency/Trauma,58,0,22,0,1,2,682,296,250,9,,,Steady,No,No,No,No,No,No,Steady,No,No,No,No,No,No,No,No,No,Down,No,No,No,No,No,Ch,Yes
162368778,100839375,Caucasian,Male,[70-80),?,1,1,7,2,?,?,59,0,9,0,0,0,789,202,496,9,,,No,No,No,No,No,No,No,No,No,No,No,No,No,No,No,No,No,No,No,No,No,No,No,No,No
162369474,91998027,Caucasian,Female,[50-60),?,2,1,7,8,OG,Emergency/Trauma,69,3,27,3,1,0,425,428,496,9,,>7,Steady,No,No,No,No,No,No,No,No,No,No,No,No,No,No,No,No,Down,Steady,No,No,No,No,Ch,Yes
162370494,89014194,Caucasian,Male,[50-60),?,1,1,7,10,CP,?,83,5,31,0,0,0,518,486,491,9,,>8,No,Up,No,No,No,No,No,No,No,No,No,No,No,No,No,No,No,No,No,No,No,No,No,Ch,Yes
162370920,61597080,Caucasian,Male,[70-80),?,1,4,7,3,?,?,53,0,18,0,0,0,486,496,276,9,,,No,No,No,No,No,No,Steady,No,No,Steady,No,No,No,No,No,No,No,Steady,No,No,No,No,No,Ch,Yes
162371910,85335777,Caucasian,Female,[50-60),?,1,1,7,7,HM,?,43,1,22,0,1,2,428,491,425,7,,,No,No,No,No,No,No,No,No,No,No,No,No,No,No,No,No,No,No,No,No,No,No,No,No,No
162372006,87874425,Caucasian,Male,[50-60),?,5,6,1,5,HM,?,61,0,15,3,0,0,682,584,403,7,,,No,No,No,No,No,No,No,No,No,No,No,No,No,No,No,No,No,Up,No,No,No,No,No,Ch,Yes
162372516,85537602,Caucasian,Female,[70-80),?,1,3,7,12,MC,?,93,3,21,0,0,0,250.1,204,577,9,>300,,No,No,No,No,No,No,No,Down,No,No,No,No,No,No,No,No,No,No,No,No,No,No,No,Ch,Yes
162375384,67650192,?,Female,[40-50),?,2,1,4,2,CP,Psychiatry,2,2,4,0,0,0,296,250,401,6,,,No,No,No,No,No,No,No,No,No,No,No,Steady,No,No,No,No,No,No,No,No,No,No,No,No,Yes
162375390,86207256,Caucasian,Female,[80-90),?,1,3,7,9,MC,?,43,0,18,0,0,0,486,799,428,9,,,No,No,No,No,No,No,No,No,No,No,No,No,No,No,No,No,No,No,No,No,No,No,No,No,No
162375912,45177615,Caucasian,Female,[70-80),?,1,23,7,5,?,?,47,1,25,0,0,0,824,428,780,9,,Norm,No,No,No,No,No,No,No,No,No,No,No,No,No,No,No,No,No,No,No,No,No,No,No,No,No
162376128,42694830,Caucasian,Male,[50-60),?,1,1,7,4,SP,?,59,1,16,0,0,0,486,428,785,9,,,No,No,No,No,No,No,No,No,No,No,No,No,No,No,No,No,No,Steady,No,No,No,No,No,No,Yes
162376524,92560788,Caucasian,Male,[70-80),?,1,1,1,3,?,?,46,3,25,2,0,0,518,786,428,9,,,No,No,No,No,No,No,No,No,No,No,No,No,No,No,No,No,No,Down,No,No,No,No,No,Ch,Yes
162376794,96681294,AfricanAmerican,Male,[50-60),?,1,1,7,3,?,?,58,3,23,0,0,2,428,411,425,9,,Norm,No,No,No,No,No,No,No,No,No,No,No,No,No,No,No,No,No,No,No,No,No,No,No,No,No
162377322,92508264,Caucasian,Female,[70-80),?,1,6,7,4,MC,?,52,2,27,0,0,0,562,569,276,9,,,No,No,No,No,No,No,No,No,No,No,No,No,No,No,No,No,No,No,No,No,No,No,No,No,No
162378060,40469130,Caucasian,Female,[30-40),?,1,1,7,3,MD,?,59,0,13,0,0,1,577,577,595,6,,,Steady,No,No,No,No,No,No,No,No,No,No,No,No,No,No,No,No,No,No,No,No,No,No,No,Yes
162378942,84525705,AfricanAmerican,Male,[30-40),?,1,1,7,8,MD,?,80,0,26,0,0,0,282,70,707,9,,Norm,No,No,No,No,No,No,No,No,No,No,No,No,No,No,No,No,No,Down,No,No,No,No,No,Ch,Yes
162379140,109084554,AfricanAmerican,Female,[90-100),?,1,1,7,1,MC,InternalMedicine,41,0,10,0,0,2,786,786,250,7,,,No,Steady,No,No,No,No,No,No,No,No,No,No,No,No,No,No,No,Steady,No,No,No,No,No,Ch,Yes
162379344,41690124,Caucasian,Male,[70-80),?,1,1,7,2,MC,?,40,6,20,2,0,0,410,414,272,6,,,No,No,No,No,No,No,No,Steady,No,No,No,No,No,No,No,No,No,No,No,No,No,No,No,No,Yes
162380778,99914886,Caucasian,Female,[20-30),?,1,1,7,1,?,?,46,0,4,1,0,1,250.11,V58,276,3,,Norm,No,No,No,No,No,No,No,No,No,No,No,No,No,No,No,No,No,No,No,No,No,No,No,No,No
162380982,24451146,AfricanAmerican,Female,[80-90),?,1,3,7,3,MC,InternalMedicine,43,0,15,0,2,0,435,425,428,9,,,Steady,No,No,No,No,No,Steady,No,No,No,No,No,No,No,No,No,No,No,No,No,No,No,No,Ch,Yes
162381708,33974415,AfricanAmerican,Male,[80-90),?,1,1,7,2,CM,?,56,0,10,0,1,0,427,204,427,6,,,No,No,No,No,No,No,No,No,No,No,No,No,No,No,No,No,No,No,Steady,No,No,No,No,No,Yes
162382554,23218668,AfricanAmerican,Male,[60-70),?,1,1,7,2,MC,InternalMedicine,43,1,11,0,1,1,427,780,425,9,,,No,No,No,No,Steady,No,No,No,No,No,No,No,No,No,No,No,No,Steady,No,No,No,No,No,Ch,Yes
162383034,101654082,Caucasian,Male,[50-60),?,1,1,7,5,MC,?,42,0,20,0,0,1,486,250.02,491,9,>300,,No,No,No,No,No,No,No,No,No,No,No,No,No,No,No,No,No,No,No,No,No,No,No,No,No
162383232,87721668,AfricanAmerican,Male,[90-100),?,1,6,7,5,MC,InternalMedicine,49,0,17,0,0,2,515,428,492,9,,,No,No,No,No,No,No,No,No,No,No,No,No,No,No,No,No,No,Up,No,No,No,No,No,Ch,Yes
162383496,114531210,Caucasian,Female,[0-10),?,2,1,1,3,?,Pediatrics,56,0,9,0,0,0,250.11,V58,?,2,,Norm,No,No,No,No,No,No,No,No,No,No,No,No,No,No,No,No,No,Down,No,No,No,No,No,Ch,Yes
162384174,5895738,Caucasian,Female,[80-90),?,1,3,7,4,MC,Family/GeneralPractice,63,0,21,0,0,0,996,707,707,8,,,No,No,No,No,No,No,No,Steady,No,No,No,No,No,No,No,No,No,Steady,No,No,No,No,No,Ch,Yes
162384324,86177007,AfricanAmerican,Female,[40-50),?,1,1,7,10,DM,?,61,0,20,0,0,0,287,70,493,9,,Norm,No,No,No,No,No,No,No,No,No,Up,No,No,No,No,No,No,No,Up,No,No,No,No,No,Ch,Yes
162385392,43834014,Caucasian,Male,[50-60),?,1,1,7,2,MD,?,49,0,10,0,0,2,250.1,533,272,7,,,No,No,No,No,No,No,No,No,No,No,No,No,No,No,No,No,No,Down,No,No,No,No,No,Ch,Yes
162386166,95866560,Caucasian,Female,[80-90),?,2,1,7,9,MC,Surgery-General,50,2,23,0,0,0,558,276,428,9,,Norm,No,No,No,No,No,No,Steady,No,No,No,No,No,No,No,No,No,No,Up,No,No,No,No,No,Ch,Yes
162386484,85688181,Caucasian,Male,[80-90),?,1,1,7,2,MC,?,67,0,17,1,0,0,491,401,272,9,,,No,No,No,No,No,No,Steady,No,No,No,No,No,No,No,No,No,No,No,No,No,No,No,No,No,Yes
162386820,65008629,Caucasian,Male,[70-80),?,1,1,7,3,?,?,51,0,21,0,0,0,486,276,585,9,,,No,No,No,No,No,No,No,No,No,No,No,No,No,No,No,No,No,No,No,No,No,No,No,No,No
162387282,61503480,AfricanAmerican,Female,[70-80),?,2,1,1,2,?,Cardiology,33,0,10,0,0,0,428,250.01,401,5,,Norm,Steady,No,No,No,No,No,No,No,No,No,No,No,No,No,No,No,No,Steady,No,No,No,No,No,Ch,Yes
162387666,81131589,Caucasian,Male,[60-70),?,1,1,7,1,CP,?,34,1,11,0,0,1,780,285,530,9,,,Steady,No,No,No,No,No,No,No,No,No,No,No,No,No,No,No,No,No,No,No,No,No,No,No,Yes
162389172,56111040,Caucasian,Female,[80-90),[75-100),1,13,7,9,MC,?,67,0,12,0,0,0,427,396,197,9,,,No,No,No,No,No,No,No,No,No,No,No,No,No,No,No,No,No,No,No,No,No,No,No,No,No
162389502,2143962,Caucasian,Male,[60-70),?,1,6,7,2,?,?,56,2,13,0,2,3,789,403,585,9,,,No,No,No,No,No,No,No,No,No,No,No,No,No,No,No,No,No,Steady,No,No,No,No,No,No,Yes
162389772,99319599,Caucasian,Male,[70-80),?,2,1,7,3,SP,Emergency/Trauma,39,3,8,0,0,0,722,250,401,6,,,Down,No,No,No,No,No,No,No,No,No,No,No,No,No,No,No,No,No,No,No,No,No,No,Ch,Yes
162389808,100741365,AfricanAmerican,Male,[50-60),?,1,6,7,5,CP,?,38,1,24,0,0,0,682,V09,401,9,,,Steady,No,No,No,No,No,No,Steady,No,No,No,No,No,No,No,No,No,No,No,No,No,No,No,Ch,Yes
162390894,41951151,Caucasian,Male,[70-80),?,1,1,7,3,MC,?,60,0,15,0,0,1,590,496,428,7,,,Steady,No,No,No,No,No,No,No,No,No,No,No,No,No,No,No,No,No,No,No,No,No,No,No,Yes
162390960,31058469,Caucasian,Male,[80-90),?,1,3,1,4,MC,?,55,0,29,1,3,2,410,428,427,9,,>8,No,No,No,No,No,No,No,No,No,No,No,No,No,No,No,No,No,Up,No,No,No,No,No,Ch,Yes
162391110,24244443,Caucasian,Male,[50-60),?,1,1,7,1,BC,Family/GeneralPractice,44,0,11,0,0,0,786,250.02,272,9,,>7,No,No,No,No,No,No,No,No,No,Steady,No,No,No,No,Steady,No,No,Steady,No,No,No,No,No,Ch,Yes
162392034,115113852,AfricanAmerican,Male,[60-70),?,1,1,7,6,OG,?,41,1,10,4,0,1,435,401,250,7,,Norm,Steady,No,No,No,No,No,No,No,No,No,No,No,No,No,No,No,No,No,No,No,No,No,No,No,Yes
162392802,47724669,Caucasian,Male,[30-40),?,1,7,7,1,SP,Emergency/Trauma,58,1,7,0,0,0,250.02,577,577,5,,,No,No,No,No,No,No,No,No,No,No,No,No,No,No,No,No,No,Steady,No,No,No,No,No,No,Yes
162395088,79983369,Caucasian,Female,[60-70),?,1,3,7,5,BC,InternalMedicine,49,0,10,1,0,2,599,276,250.6,9,,,No,No,No,No,No,No,No,No,No,No,No,No,No,No,No,No,No,Steady,No,No,No,No,No,No,Yes
162395748,112918734,Caucasian,Female,[60-70),?,2,6,7,4,?,?,83,3,27,0,0,6,250.82,428,293,9,,,No,No,No,No,No,No,No,No,No,No,No,No,No,No,No,No,No,Up,No,No,No,No,No,Ch,Yes
162396504,87200946,Caucasian,Female,[50-60),?,1,1,7,2,?,?,37,0,10,0,0,0,786,414,401,7,,,No,No,No,No,No,No,No,Steady,No,No,No,No,No,No,No,No,No,No,No,No,No,No,No,No,Yes
162396714,31365288,Caucasian,Male,[60-70),?,5,3,1,10,MC,?,79,2,35,0,0,1,38,491,276,9,,,Steady,No,No,No,No,No,No,No,No,No,No,No,No,No,No,No,No,Up,No,No,No,No,No,Ch,Yes
162396834,87359697,Caucasian,Female,[80-90),?,5,1,1,4,MC,?,64,3,18,3,0,0,574,276,585,9,,,No,No,No,No,No,No,No,No,No,No,Steady,No,No,No,No,No,No,Up,No,No,No,No,No,Ch,Yes
162396894,24538419,Caucasian,Female,[70-80),?,1,6,7,4,MC,InternalMedicine,56,6,16,0,0,0,410,250.02,276,7,,>8,No,No,No,No,No,No,No,No,No,No,Steady,No,No,No,No,No,No,Steady,No,No,No,No,No,Ch,Yes
162397086,54386190,Caucasian,Female,[50-60),?,1,1,7,6,BC,?,73,1,20,0,0,1,410,428,511,9,,>7,No,No,No,No,No,No,No,Steady,No,Steady,No,No,No,No,No,No,No,Steady,No,No,No,No,No,Ch,Yes
162401772,94306329,Caucasian,Male,[60-70),?,3,1,1,2,MC,Emergency/Trauma,3,0,19,0,0,0,786,414,414,9,,,No,No,No,No,No,No,No,No,No,No,No,No,No,No,No,No,No,Up,No,No,No,No,No,Ch,Yes
162402258,24554205,AfricanAmerican,Female,[80-90),?,1,3,5,3,MC,InternalMedicine,43,1,21,0,0,0,486,428,585,6,,,No,No,No,No,No,No,No,No,No,Steady,No,No,No,No,No,No,No,Steady,No,No,No,No,No,Ch,Yes
162403788,51120891,Caucasian,Male,[60-70),?,3,22,1,3,MC,Orthopedics,32,2,12,0,0,0,733,250.02,716,4,,,No,No,No,No,No,No,No,No,No,No,No,No,No,No,No,No,No,No,No,No,No,No,No,No,No
162413688,49203315,Caucasian,Male,[40-50),?,2,1,1,6,?,Oncology,48,1,23,0,0,3,V58,198,197,9,,,No,No,No,No,No,No,No,No,No,No,No,No,No,No,No,No,No,No,No,No,No,No,No,No,No
162415650,35133336,Caucasian,Female,[70-80),[75-100),3,6,1,3,MC,Surgery-General,34,1,19,0,0,0,715,401,250,9,,,Steady,No,No,No,No,No,No,No,No,No,Steady,No,No,No,No,No,No,No,No,No,No,No,No,Ch,Yes
162418338,59562972,Caucasian,Male,[70-80),?,3,1,1,1,CM,Radiologist,29,6,16,0,1,0,414,250,272,3,,,No,No,No,No,No,No,No,No,No,No,No,No,No,No,No,No,No,Steady,No,No,No,No,No,No,Yes
162418680,89598933,Caucasian,Male,[60-70),?,8,1,1,2,?,Surgery-Neuro,14,3,17,0,0,1,724,724,401,5,,,No,No,No,No,No,No,No,No,No,Steady,No,No,No,No,No,No,No,No,Steady,No,No,No,No,Ch,Yes
162438456,57297636,Caucasian,Male,[80-90),?,3,1,1,2,MC,Orthopedics,18,1,14,0,0,0,996,715,250,6,,,Steady,No,No,No,No,No,No,Steady,No,No,No,No,No,No,No,No,No,Steady,No,No,No,No,No,Ch,Yes
162441150,43001271,Caucasian,Female,[80-90),?,1,1,7,3,MC,?,45,2,22,1,0,3,427,427,786,8,,,No,No,No,No,No,No,Steady,No,No,No,No,No,No,No,No,No,No,Steady,No,No,No,No,No,Ch,Yes
162444084,40406202,Caucasian,Female,[80-90),?,3,1,1,2,MC,?,61,0,16,0,0,1,491,250.02,?,2,,,No,No,No,No,No,No,Steady,No,No,No,No,No,No,No,No,No,No,Steady,No,No,No,No,No,Ch,Yes
162447846,40428918,Caucasian,Female,[60-70),?,3,23,1,1,MC,?,10,1,11,0,0,5,434,342,403,6,,,No,No,No,No,No,No,No,No,No,No,No,No,No,No,No,No,No,Down,No,No,No,No,No,Ch,Yes
162448110,94884165,Caucasian,Male,[70-80),?,5,1,1,1,MC,?,10,3,16,1,0,0,440,401,250,5,,,No,No,No,No,No,No,No,No,No,No,No,No,No,No,No,No,No,No,No,No,No,No,No,No,No
162453480,94507983,Caucasian,Male,[50-60),?,2,6,7,4,MC,Emergency/Trauma,34,1,21,0,1,1,824,304,296,8,,,Steady,No,No,No,No,No,No,No,No,No,No,No,No,No,No,No,No,Up,No,No,No,No,No,Ch,Yes
162455802,92133441,Caucasian,Male,[70-80),?,3,3,1,4,HM,Radiologist,53,2,27,0,0,0,715,285,496,8,,,Steady,No,No,No,No,No,No,Steady,No,No,No,No,No,No,No,No,No,No,No,No,No,No,No,Ch,Yes
162456222,23869746,Caucasian,Female,[70-80),?,2,22,1,10,MC,Urology,43,6,40,0,0,2,189,402,428,9,,,No,No,No,No,No,No,No,No,No,No,Steady,No,No,No,No,No,No,Steady,No,No,No,No,No,Ch,Yes
162458694,64133514,Caucasian,Male,[60-70),?,1,1,7,2,BC,Emergency/Trauma,60,0,7,0,0,0,250.2,490,401,6,,>8,No,No,No,No,No,No,No,No,No,No,No,No,No,No,No,No,No,Down,No,No,No,No,No,Ch,Yes
162460398,25305705,Caucasian,Female,[60-70),?,1,11,7,5,MC,InternalMedicine,52,0,18,0,0,1,518,348,427,7,,,No,No,No,No,No,No,No,No,No,No,No,No,No,No,No,No,No,Up,No,No,No,No,No,Ch,Yes
162462048,33879276,AfricanAmerican,Male,[50-60),?,1,1,7,2,OG,?,52,0,15,0,0,0,250.1,599,41,6,,Norm,Down,No,No,No,No,No,No,No,No,No,Up,No,No,No,No,No,No,Down,No,No,No,No,No,Ch,Yes
162463416,85134222,Caucasian,Male,[70-80),?,1,6,7,12,HM,?,80,2,26,1,0,1,283,287,428,9,>300,,No,Steady,No,No,No,No,No,No,No,No,No,No,No,No,No,No,No,No,No,No,No,No,No,No,Yes
162464934,84941325,AfricanAmerican,Female,[90-100),?,1,4,1,3,?,?,52,0,14,1,0,0,486,428,496,9,,,No,No,No,No,No,No,No,No,No,No,No,No,No,No,No,No,No,No,No,No,No,No,No,No,No
162470634,87357267,Caucasian,Male,[70-80),?,1,1,7,12,HM,?,73,3,32,0,0,0,428,410,491,9,,,Steady,No,No,No,No,No,No,No,No,No,Steady,No,No,No,No,No,No,No,No,No,No,No,No,Ch,Yes
162471174,25314633,Caucasian,Female,[80-90),?,1,1,7,4,MC,Family/GeneralPractice,35,0,13,0,0,0,276,428,585,9,,,No,No,No,No,Steady,No,No,No,No,No,No,No,No,No,No,No,No,Steady,No,No,No,No,No,Ch,Yes
162479208,114285537,Caucasian,Male,[60-70),?,6,1,17,1,?,Orthopedics-Reconstructive,26,2,24,0,0,0,715,496,250,9,,,Steady,No,No,No,No,No,Steady,No,No,No,No,No,No,No,No,No,No,Steady,No,No,No,No,No,Ch,Yes
162485742,35730270,AfricanAmerican,Male,[60-70),?,1,4,7,2,MC,?,43,2,14,0,1,2,250.7,785,403,9,,Norm,No,No,No,No,No,No,No,No,No,No,No,No,No,No,No,No,No,Down,No,No,No,No,No,Ch,Yes
162490782,42522804,Caucasian,Female,[60-70),?,1,1,7,2,MC,?,40,0,7,0,0,0,733,733,V45,4,,,No,No,No,No,No,No,No,No,No,No,No,No,No,No,No,No,No,Down,No,No,No,No,No,Ch,Yes
162491508,91984698,Caucasian,Male,[40-50),?,2,2,7,2,OG,Family/GeneralPractice,46,3,12,0,1,0,414,496,276,9,,>8,No,No,No,No,No,No,No,No,No,No,No,No,No,No,No,No,No,No,No,No,No,No,No,No,No
162492270,41848821,Caucasian,Male,[60-70),?,1,1,7,8,SP,?,60,6,28,0,0,0,410,428,496,9,,,Steady,No,No,No,No,No,No,No,No,Steady,No,No,No,No,No,No,No,Down,No,No,No,No,No,Ch,Yes
162494976,24571575,Caucasian,Female,[50-60),?,6,1,17,4,?,Family/GeneralPractice,80,6,14,0,1,0,458,276,426,9,,,No,No,No,No,No,No,No,No,No,No,No,No,No,No,No,No,No,Steady,No,No,No,No,No,No,Yes
162495618,6888591,Caucasian,Female,[70-80),?,3,6,4,9,MC,InternalMedicine,2,2,12,0,1,2,799,427,458,7,,,Steady,No,No,No,No,No,No,No,No,No,No,No,No,No,No,No,No,No,No,No,No,No,No,No,Yes
162495960,86935032,Caucasian,Male,[70-80),?,6,1,7,3,?,?,56,0,12,0,0,1,562,250.01,401,6,>200,,No,No,No,No,No,No,No,No,No,No,No,No,No,No,No,No,No,Down,No,No,No,No,No,Ch,Yes
162496122,66950640,Hispanic,Female,[70-80),?,1,1,7,1,MC,InternalMedicine,43,0,14,0,0,2,786,787,250,6,,,Steady,Steady,No,No,No,No,No,No,No,No,Steady,No,No,No,No,No,No,No,No,No,No,No,No,Ch,Yes
162497256,64135836,AfricanAmerican,Female,[30-40),?,2,1,1,9,?,Nephrology,48,3,32,1,0,2,996,790,403,9,,,No,No,No,No,No,No,No,No,No,No,No,No,No,No,No,No,No,Down,No,No,No,No,No,Ch,Yes
162500820,97579800,Caucasian,Male,[60-70),?,2,1,7,4,SP,Emergency/Trauma,50,3,26,0,0,0,486,427,682,9,,,No,No,No,No,No,No,No,Down,No,Steady,No,No,No,No,No,No,No,Up,No,No,No,No,No,Ch,Yes
162501960,87882093,Caucasian,Female,[80-90),?,5,3,1,2,MC,?,37,0,10,2,0,0,428,412,319,7,,,Steady,No,No,No,No,No,No,No,No,No,No,No,No,No,No,No,No,Down,No,No,No,No,No,Ch,Yes
162504996,23915196,AfricanAmerican,Female,[40-50),?,1,1,7,2,MC,Nephrology,44,1,19,4,2,5,514,403,585,5,,,No,No,No,No,No,No,No,No,No,No,No,No,No,No,No,No,No,Steady,No,No,No,No,No,No,Yes
162507558,62320689,Caucasian,Female,[70-80),?,3,1,1,1,MC,Surgery-General,3,2,22,0,0,1,193,250,401,6,,,Steady,No,No,No,No,No,No,Steady,No,No,Steady,No,No,No,No,No,No,Steady,No,No,No,No,No,Ch,Yes
162508230,85991724,AfricanAmerican,Male,[50-60),?,3,1,1,7,MC,?,37,1,7,0,0,0,707,305,250.6,9,,,No,No,No,No,No,No,No,No,No,No,No,No,No,No,No,No,No,Up,No,No,No,No,No,Ch,Yes
162510834,87918993,AfricanAmerican,Female,[50-60),?,1,1,7,1,BC,?,45,0,4,0,0,0,434,428,401,7,,,No,No,No,No,No,No,No,No,No,No,No,No,No,No,No,No,No,No,No,No,No,No,No,No,No
162514638,31127310,AfricanAmerican,Male,[70-80),?,1,6,7,2,?,?,48,2,8,1,0,0,507,403,V45,9,,,No,No,No,No,No,No,No,No,No,No,No,No,No,No,No,No,No,No,No,No,No,No,No,No,No
162515088,41314194,Caucasian,Male,[70-80),?,3,1,1,5,MC,?,52,0,16,0,0,1,428,585,250,6,,,No,No,No,No,No,No,No,Steady,No,No,No,No,No,No,No,No,No,No,No,No,No,No,No,No,Yes
162516240,65056995,Caucasian,Male,[70-80),?,2,1,1,2,?,InternalMedicine,39,0,5,0,0,0,250.2,276,276,7,,Norm,No,No,No,No,No,No,No,No,No,No,No,No,No,No,No,No,No,No,No,No,No,No,No,No,No
162518028,52737372,Caucasian,Male,[50-60),?,1,1,7,9,?,?,73,2,17,0,2,1,428,507,425,9,,,No,No,No,No,No,No,No,No,No,No,No,No,No,No,No,No,No,No,No,No,No,No,No,No,No
162518370,65087892,Caucasian,Female,[70-80),?,3,22,7,10,?,InternalMedicine,52,1,28,0,0,0,198,162,492,9,,Norm,No,No,No,No,No,No,Steady,No,No,No,No,No,No,No,No,No,No,No,No,No,No,No,No,No,Yes
162518412,114785640,Caucasian,Female,[80-90),?,1,1,2,2,?,?,43,0,15,0,0,0,428,V63,496,7,,,No,No,No,No,No,No,Steady,No,No,No,No,No,No,No,No,No,No,Steady,No,No,No,No,No,Ch,Yes
162518934,87754203,Caucasian,Female,[60-70),?,5,6,1,7,MC,?,59,5,18,1,0,1,250.6,276,584,9,,,No,No,No,No,No,No,No,No,No,No,No,No,No,No,No,No,No,Steady,No,No,No,No,No,No,Yes
162518940,58275531,AfricanAmerican,Female,[40-50),?,1,1,7,11,CM,?,57,0,28,0,1,0,493,250,401,6,,,No,No,No,No,No,No,No,No,No,No,No,No,No,No,No,No,No,Down,No,No,No,No,No,Ch,Yes
162520662,98379882,AfricanAmerican,Male,[50-60),?,2,1,7,3,UN,Emergency/Trauma,59,1,15,0,0,0,577,291,577,8,,,Steady,No,No,No,No,No,No,No,No,No,Steady,No,No,No,No,No,No,Up,No,No,No,No,No,Ch,Yes
162521178,66806145,Caucasian,Female,[40-50),?,1,1,7,2,MC,?,57,3,18,1,1,1,401,493,250,7,,>8,Steady,No,No,No,No,No,No,No,No,Steady,No,No,No,No,No,No,No,Steady,No,No,No,No,No,Ch,Yes
162522042,109934172,Caucasian,Female,[80-90),?,1,1,7,6,MC,?,29,0,21,0,0,2,428,427,403,9,,,No,No,No,No,No,No,No,No,No,No,No,No,No,No,No,No,No,Steady,No,No,No,No,No,No,Yes
162524046,92702124,Caucasian,Female,[80-90),?,1,6,7,2,MC,?,54,0,9,0,0,0,276,250.02,331,5,,,No,No,No,No,No,No,No,No,No,No,No,No,No,No,No,No,No,No,No,No,No,No,No,No,No
162525570,31148010,Other,Female,[40-50),?,2,1,7,1,OG,Family/GeneralPractice,54,0,14,3,0,1,276,558,250,6,,,No,No,No,No,No,No,Steady,No,No,No,No,No,No,No,No,No,No,Down,No,No,No,No,No,Ch,Yes
162528630,61667325,Caucasian,Female,[40-50),?,1,1,7,4,?,?,56,1,7,0,1,3,348,276,276,9,,Norm,No,No,No,No,No,No,No,No,No,No,No,No,No,No,No,No,No,Steady,No,No,No,No,No,No,Yes
162531540,41571270,Caucasian,Female,[70-80),?,1,11,7,1,MC,?,56,4,15,0,0,0,518,427,584,9,,,No,No,No,No,No,No,No,No,No,No,No,No,No,No,No,No,No,No,No,No,No,No,No,No,No
162532032,40934304,Caucasian,Female,[50-60),?,1,6,7,3,MC,?,65,0,6,2,1,1,250.81,403,293,6,,,No,No,No,No,No,No,No,No,No,No,No,No,No,No,No,No,No,No,No,No,No,No,No,No,No
162532098,64118358,Caucasian,Male,[80-90),?,1,23,1,7,MC,?,64,1,22,0,1,0,491,403,276,9,,Norm,No,No,No,No,No,No,No,Up,No,No,No,No,No,No,No,No,No,Steady,No,No,No,No,No,Ch,Yes
162534792,77618763,AfricanAmerican,Male,[80-90),?,1,6,7,3,?,?,58,0,11,0,0,2,250.02,427,585,9,,,No,No,No,No,No,No,No,No,No,No,No,No,No,No,No,No,No,No,No,No,No,No,No,No,No
162534948,43868286,Caucasian,Female,[50-60),?,3,1,1,2,SP,?,51,0,9,0,0,2,780,311,250,7,,,No,No,No,No,No,No,No,No,No,No,No,No,No,No,No,No,No,Up,No,No,No,No,No,Ch,Yes
162538386,90905400,Caucasian,Female,[40-50),?,1,1,7,10,SP,Psychiatry,10,0,14,0,0,0,295,250,112,4,,,Up,No,No,No,No,No,No,No,No,No,Steady,No,No,No,No,No,No,Steady,No,No,No,No,No,Ch,Yes
162538518,104115780,Caucasian,Female,[60-70),?,2,2,7,1,BC,Emergency/Trauma,28,3,13,0,0,0,410,427,424,9,,,No,No,No,No,No,No,No,No,No,No,No,No,No,No,No,No,No,No,No,No,No,No,No,No,No
162539244,88653600,Caucasian,Male,[80-90),?,3,22,7,7,MC,Emergency/Trauma,66,2,22,0,0,0,250.8,428,486,9,,,No,No,No,No,No,No,No,No,No,No,No,No,No,No,No,No,No,Up,No,No,No,No,No,Ch,Yes
162539382,23689800,Caucasian,Female,[50-60),?,1,3,7,6,MC,InternalMedicine,43,1,27,0,1,0,428,410,491,9,,,No,No,No,No,No,No,Steady,No,No,No,No,No,No,No,No,No,No,Steady,No,No,No,No,No,Ch,Yes
162539904,24009579,AfricanAmerican,Female,[60-70),?,3,1,1,4,MC,Surgery-Cardiovascular/Thoracic,57,3,58,0,0,0,414,250,401,3,,,Steady,No,No,No,No,No,No,No,No,No,No,No,No,No,No,No,No,Up,No,No,No,No,No,Ch,Yes
162540396,39607560,Caucasian,Female,[60-70),?,3,1,1,3,MC,Family/GeneralPractice,20,3,17,0,0,0,278,998,V85,8,,,No,No,No,No,No,No,No,No,No,No,Steady,No,No,No,No,No,No,Down,No,No,No,No,No,Ch,Yes
162540696,2184471,Caucasian,Female,[80-90),?,3,1,1,2,?,?,39,1,26,0,0,0,715,458,285,9,,,No,No,No,No,No,No,No,No,No,No,No,No,No,No,No,No,No,No,No,No,No,No,No,No,No
162540864,24932115,AfricanAmerican,Female,[50-60),?,1,1,7,1,MD,Nephrology,44,1,17,0,1,1,434,585,404,9,,,No,No,No,No,No,No,No,No,No,No,No,No,No,No,No,No,No,Steady,No,No,No,No,No,No,Yes
162561372,52848720,Caucasian,Male,[40-50),?,2,1,1,3,CP,?,52,1,13,3,0,1,V58,201,250,3,,,Steady,No,No,No,No,No,No,No,No,No,No,No,No,No,No,No,No,Steady,No,No,No,No,No,Ch,Yes
162572472,43010253,Caucasian,Female,[20-30),?,3,1,1,3,MD,ObstetricsandGynecology,41,2,21,6,1,0,648,250.01,V58,5,,,No,No,No,No,No,No,No,No,No,No,No,No,No,No,No,No,No,Down,No,No,No,No,No,Ch,Yes
162575154,57766473,Caucasian,Male,[70-80),?,2,1,1,2,?,Cardiology,30,0,11,0,0,0,402,682,428,9,,,No,No,No,No,No,No,No,No,No,No,No,No,No,No,No,No,No,No,No,No,No,No,No,No,No
162576072,24665670,Caucasian,Female,[70-80),?,1,1,7,2,MC,Cardiology,44,2,19,1,0,1,427,414,250,4,,,Steady,No,No,No,Steady,No,No,No,No,No,No,No,No,No,No,No,No,No,No,No,No,No,No,Ch,Yes
162582978,96317541,Caucasian,Male,[60-70),?,3,3,1,9,UN,Family/GeneralPractice,76,1,32,0,0,2,446,491,276,9,,,No,No,No,No,No,No,No,No,No,No,No,No,No,No,No,No,No,Up,No,No,No,No,No,Ch,Yes
162605316,25318647,Caucasian,Female,[80-90),?,2,3,4,4,MC,InternalMedicine,26,0,13,0,0,0,434,250.02,599,8,,,No,No,No,No,No,No,No,No,No,No,No,No,No,No,No,No,No,Up,No,No,No,No,No,Ch,Yes
162612312,65335356,Caucasian,Female,[70-80),?,2,1,1,3,?,InternalMedicine,35,0,17,0,0,0,486,511,396,9,,,No,No,No,No,No,No,No,No,No,No,Steady,No,No,No,No,No,No,No,No,No,No,No,No,No,Yes
162614640,87442686,Caucasian,Female,[80-90),?,1,3,7,7,MC,?,55,1,24,0,0,0,821,428,599,9,,,Steady,No,No,No,No,No,No,No,No,Steady,No,No,No,No,No,No,No,No,No,No,No,No,No,Ch,Yes
162616422,104537745,Other,Female,[60-70),?,1,1,7,3,?,?,71,0,20,1,1,0,482,493,428,9,,Norm,No,No,No,No,No,No,No,No,No,No,No,No,No,No,No,No,No,No,No,No,No,No,No,No,No
162617202,24308937,AfricanAmerican,Male,[40-50),?,2,1,1,3,CP,Nephrology,29,2,16,0,0,0,250.41,403,285,5,,,No,No,No,No,No,No,No,No,No,No,No,No,No,No,No,No,No,Steady,No,No,No,No,No,No,Yes
162619518,25318746,AfricanAmerican,Female,[70-80),?,3,1,1,1,MC,Cardiology,31,6,12,0,0,0,414,401,272,5,,,No,No,No,No,No,No,No,No,No,Steady,No,No,No,No,No,No,No,No,No,No,No,No,No,No,Yes
162637650,89426880,Caucasian,Female,[70-80),?,3,1,1,1,MC,Radiologist,39,3,9,0,0,0,411,414,402,9,,>8,No,No,No,No,No,No,No,No,No,No,No,No,No,No,No,No,No,Steady,No,No,No,No,No,No,Yes
162639222,24453594,AfricanAmerican,Female,[30-40),?,3,1,1,4,MD,ObstetricsandGynecology,37,0,5,0,0,0,648,250.92,?,2,,>8,No,No,No,No,No,No,No,No,No,No,No,No,No,No,No,No,No,Down,No,No,No,No,No,Ch,Yes
162642468,91378530,Caucasian,Male,[80-90),?,1,1,7,3,HM,?,79,0,21,0,0,0,493,250.02,285,6,,,No,No,No,No,No,No,Down,No,No,Steady,No,No,No,No,No,No,No,No,No,No,No,No,No,Ch,Yes
162642942,102420405,AfricanAmerican,Male,[40-50),?,1,7,7,5,MD,?,62,0,23,0,0,3,250.22,584,428,9,,,No,No,No,No,No,No,No,No,No,No,No,No,No,No,No,No,No,Down,No,No,No,No,No,Ch,Yes
162645240,93609945,Caucasian,Male,[80-90),?,2,3,7,2,MC,Emergency/Trauma,33,3,18,0,1,2,198,682,496,9,,,No,Steady,No,No,No,No,No,No,No,No,No,No,No,No,No,No,No,Up,No,No,No,No,No,Ch,Yes
162645786,59460813,Caucasian,Female,[60-70),?,1,1,7,1,CP,?,39,0,3,0,0,0,850,250,V58,7,,,No,No,No,No,No,No,No,No,No,No,No,No,No,No,No,No,No,Steady,No,No,No,No,No,No,Yes
162646560,103326273,Caucasian,Female,[70-80),?,2,1,1,2,?,Family/GeneralPractice,51,0,16,0,0,2,584,428,403,9,,>8,No,No,No,No,Steady,No,No,No,No,No,No,No,No,No,No,No,No,Steady,No,No,No,No,No,Ch,Yes
162646812,39801024,Caucasian,Male,[60-70),?,2,3,7,8,MC,Emergency/Trauma,80,2,22,0,0,0,253,276,153,9,,,Down,No,No,No,No,No,Steady,No,No,No,No,No,No,No,No,No,No,No,No,No,No,No,No,Ch,Yes
162646932,84409875,AfricanAmerican,Male,[70-80),?,1,1,7,5,MC,?,39,0,20,0,0,1,491,518,250.4,6,>300,,No,No,No,No,No,No,No,Steady,No,No,No,No,No,No,No,No,No,No,No,No,No,No,No,No,Yes
162648510,65359413,Caucasian,Male,[70-80),?,2,1,1,4,?,InternalMedicine,52,0,18,0,0,3,486,401,530,9,,,No,No,No,No,No,No,No,No,No,No,No,No,No,No,No,No,No,No,No,No,No,No,No,No,No
162652026,73091979,Caucasian,Male,[70-80),?,2,1,1,2,?,InternalMedicine,41,3,11,0,0,0,569,280,427,9,,Norm,No,No,No,No,No,No,No,No,No,No,No,No,No,No,No,No,No,No,No,No,No,No,No,No,No
162653040,112783032,AfricanAmerican,Female,[60-70),?,1,1,7,6,?,?,51,0,18,0,0,1,428,V63,584,9,,,No,No,No,No,No,No,Steady,No,No,No,No,No,No,No,No,No,No,No,No,No,No,No,No,No,Yes
162654534,95504301,Caucasian,Female,[50-60),?,1,6,7,10,HM,?,73,3,23,2,0,1,730,682,276,9,,,No,No,No,No,No,No,No,No,No,No,No,No,No,No,No,No,No,No,No,No,No,No,No,No,No
162655026,95807961,Caucasian,Male,[50-60),?,2,1,7,6,UN,Emergency/Trauma,59,1,12,0,1,0,428,403,585,9,,>7,No,No,No,No,No,No,No,No,No,No,No,No,No,No,No,No,No,Down,No,No,No,No,No,Ch,Yes
162655350,38189610,AfricanAmerican,Male,[30-40),?,5,1,1,8,MD,?,34,0,7,0,0,1,298,303,301,7,,,No,No,No,No,No,No,No,No,No,No,No,No,No,No,No,No,No,Down,No,No,No,No,No,Ch,Yes
162656988,93476709,Caucasian,Female,[80-90),?,1,6,7,9,MC,?,60,0,19,3,0,3,536,428,591,9,,,No,No,No,No,No,No,No,No,No,No,No,No,No,No,No,No,No,No,No,No,No,No,No,No,No
162657768,39083283,Caucasian,Male,[70-80),?,5,3,1,7,MC,?,58,0,23,3,1,1,491,428,428,9,,,No,No,No,No,No,No,No,No,No,No,No,No,No,No,No,No,No,Up,No,No,No,No,No,Ch,Yes
162657858,84349782,Caucasian,Female,[80-90),?,1,6,7,7,MC,?,60,2,24,2,0,2,789,427,250,9,,,No,No,No,No,No,No,No,No,No,No,No,No,No,No,No,No,No,No,No,No,No,No,No,No,No
162658374,90540765,Caucasian,Female,[70-80),?,1,11,7,8,MC,?,58,6,30,0,0,0,562,427,285,9,,,No,No,No,No,No,No,No,Steady,No,No,No,No,No,No,No,No,No,No,No,No,No,No,No,No,Yes
162658824,62732466,AfricanAmerican,Female,[60-70),?,1,6,7,7,?,?,61,0,6,0,0,1,250.8,414,294,5,,Norm,No,No,No,No,No,No,No,No,No,No,No,No,No,No,No,No,No,No,No,No,No,No,No,No,No
162659460,36902610,AfricanAmerican,Female,[50-60),?,1,1,7,3,MD,?,60,0,19,0,0,0,300,401,250,9,,,No,No,No,No,No,No,No,No,No,Steady,No,No,No,No,No,No,No,Steady,No,No,No,No,No,Ch,Yes
162662580,56829393,AfricanAmerican,Male,[70-80),?,1,1,7,4,MC,?,45,0,15,0,0,0,486,786,250,9,,,No,No,No,No,Steady,No,No,No,No,No,No,No,No,No,No,No,No,Steady,No,No,No,No,No,Ch,Yes
162662766,114893865,Caucasian,Female,[30-40),?,1,1,1,2,?,?,71,0,18,0,0,0,428,710,425,9,,Norm,Steady,No,No,No,No,No,No,No,No,No,No,No,No,No,No,No,No,Down,No,No,No,No,No,Ch,Yes
162665394,102034899,Caucasian,Male,[70-80),?,1,3,7,6,MC,Emergency/Trauma,82,4,31,5,0,0,820,403,276,9,,,No,Steady,No,No,No,No,Steady,No,No,No,No,No,No,No,No,No,No,Down,No,No,No,No,No,Ch,Yes
162666906,95603796,Caucasian,Female,[80-90),?,1,3,7,6,?,?,47,0,14,0,0,0,729,599,292,9,,,No,No,No,No,No,No,No,No,No,No,No,No,No,No,No,No,No,Steady,No,No,No,No,No,No,Yes
162667092,31941162,Caucasian,Female,[80-90),?,1,3,7,7,MC,?,72,1,23,0,0,0,38,599,428,9,,,No,No,No,No,No,No,No,No,No,No,No,No,No,No,No,No,No,No,No,No,No,No,No,No,No
162667578,23972472,AfricanAmerican,Female,[60-70),?,1,1,7,6,MC,Family/GeneralPractice,40,4,24,1,1,0,578,403,V45,9,,,No,No,No,No,No,No,No,No,No,No,No,No,No,No,No,No,No,No,No,No,No,No,No,No,No
162667818,42504435,Caucasian,Female,[30-40),?,1,1,7,2,UN,?,16,0,16,0,0,0,786,316,692,9,,>7,Steady,No,No,No,No,No,No,No,No,No,No,No,No,No,No,No,No,No,No,No,No,No,No,No,Yes
162668034,25319259,Caucasian,Female,[20-30),?,1,1,7,1,SP,InternalMedicine,41,1,10,0,0,0,250.11,276,V45,6,,,No,No,No,No,No,No,No,No,No,No,No,No,No,No,No,No,No,Up,No,No,No,No,No,Ch,Yes
162668694,109933245,Caucasian,Male,[50-60),?,3,6,1,4,?,Cardiology,55,4,37,0,0,0,414,411,401,5,,,Steady,No,No,No,No,No,Steady,No,No,No,No,No,No,No,No,No,No,No,No,No,No,No,No,Ch,Yes
162672804,99519660,Caucasian,Female,[70-80),?,3,1,1,1,MC,Family/GeneralPractice,27,2,18,0,0,1,433,496,414,7,,,Steady,No,No,No,No,No,Steady,No,No,No,No,No,No,No,No,No,No,Down,No,No,No,No,No,Ch,Yes
162673512,38943243,Caucasian,Male,[50-60),?,3,1,1,3,?,Surgery-Vascular,38,3,41,2,0,0,440,585,414,6,,,No,No,No,No,No,No,No,No,No,No,Steady,No,No,No,No,No,No,Steady,No,No,No,No,No,Ch,Yes
162673866,35684712,Caucasian,Male,[70-80),?,5,6,1,4,MC,?,27,1,24,2,0,0,715,250,401,3,,,Steady,No,No,No,No,No,No,No,No,No,No,No,No,No,No,No,No,Steady,No,No,No,No,No,Ch,Yes
162681450,108460386,AfricanAmerican,Female,[60-70),?,3,1,1,4,?,Surgery-Vascular,15,3,45,0,0,0,433,998,250.6,9,,,Steady,No,No,No,No,No,No,No,No,No,Steady,No,No,No,No,No,No,Down,No,No,No,No,No,Ch,Yes
162685968,65100753,Caucasian,Female,[50-60),?,3,6,4,9,?,Surgery-General,41,3,37,1,0,0,202,998,682,9,,,No,No,No,No,No,No,No,No,No,No,No,No,No,No,No,No,No,Down,No,No,No,No,No,Ch,Yes
162687750,85995495,Caucasian,Female,[50-60),?,5,1,1,1,HM,?,1,1,12,1,0,0,226,250,296,3,,,Steady,No,No,No,No,No,No,No,No,No,No,No,No,No,No,No,No,No,No,No,No,No,No,No,Yes
162689148,23206851,Caucasian,Male,[50-60),?,1,1,7,2,BC,InternalMedicine,43,2,19,0,0,0,891,250,E816,3,,,Steady,No,No,No,No,No,No,No,No,No,Steady,No,No,No,No,No,No,Steady,No,No,No,No,No,Ch,Yes
162689760,77089743,Caucasian,Female,[50-60),?,3,22,1,3,?,Orthopedics-Reconstructive,11,2,29,0,0,0,715,401,272,9,,,Steady,No,No,No,No,No,No,No,No,No,No,No,No,No,No,No,No,No,No,No,No,No,No,No,Yes
162693174,23600214,Caucasian,Male,[60-70),?,3,1,1,5,BC,Surgery-Cardiovascular/Thoracic,43,1,34,0,0,0,420,997,427,9,,,Steady,No,No,No,No,No,No,No,No,No,Steady,No,No,No,No,No,No,Up,No,No,No,No,No,Ch,Yes
162699660,32439132,Asian,Male,[60-70),?,5,1,1,4,MC,?,35,2,16,1,0,0,235,250,401,4,,,No,No,No,No,No,No,No,No,No,No,No,No,No,No,No,No,No,Steady,No,No,No,No,No,No,Yes
162702180,23460894,AfricanAmerican,Female,[60-70),?,3,1,1,1,MC,Surgery-Cardiovascular/Thoracic,37,3,16,0,0,0,996,285,493,8,,,No,No,No,No,No,No,No,No,No,No,No,No,No,No,No,No,No,No,No,No,No,No,No,No,No
162706134,90573192,Caucasian,Female,[40-50),?,5,1,1,4,BC,?,49,0,14,2,0,1,562,789,250,4,,,No,No,No,No,No,No,No,No,No,No,No,No,No,No,No,No,No,Steady,No,No,No,No,No,No,Yes
162708126,81970155,AfricanAmerican,Male,[60-70),?,2,1,1,3,?,Gastroenterology,50,3,17,0,0,0,578,V45,455,9,,,No,No,No,No,No,No,No,No,No,No,No,No,No,No,No,No,No,No,No,No,No,No,No,No,No
162710784,25021449,Caucasian,Female,[60-70),?,1,3,7,5,MC,InternalMedicine,46,0,29,0,0,1,560,599,401,7,,,No,No,No,No,No,No,No,No,No,No,No,No,No,No,No,No,No,Steady,No,No,No,No,No,No,Yes
162711222,88840917,Caucasian,Male,[50-60),?,3,1,1,5,SP,Family/GeneralPractice,71,3,26,0,0,0,531,403,585,9,,Norm,No,No,No,No,Steady,No,No,No,No,No,No,No,No,No,No,No,No,Steady,No,No,No,No,No,Ch,Yes
162712776,50442993,Caucasian,Female,[60-70),?,3,1,1,13,?,Surgeon,55,5,30,0,0,0,162,518,276,9,,,No,No,No,No,No,No,No,No,No,No,No,No,No,No,No,No,No,Steady,No,No,No,No,No,No,Yes
162721212,102404448,Caucasian,Male,[60-70),?,2,6,1,5,MC,?,51,1,9,0,0,0,250.6,707,357,4,,,No,No,No,No,No,No,No,No,No,No,Steady,No,No,No,No,No,No,Steady,No,No,No,No,No,Ch,Yes
162721974,42522309,Caucasian,Male,[70-80),?,3,2,1,7,MC,?,62,0,25,1,0,3,V57,V45,250,9,,,Down,No,No,No,No,No,No,No,No,No,No,No,No,No,No,No,No,Down,No,No,No,No,No,Ch,Yes
162730218,43410033,Caucasian,Male,[80-90),?,3,1,1,3,MC,?,21,0,10,0,0,0,250,786,401,6,,,No,No,No,No,No,No,No,Steady,No,No,No,No,No,No,No,No,No,Steady,No,No,No,No,No,Ch,Yes
162730476,25069554,Hispanic,Male,[40-50),?,3,1,1,3,BC,InternalMedicine,17,0,9,0,7,6,250.6,V58,536,5,,,No,No,No,No,No,No,No,No,No,No,No,No,No,No,No,No,No,Up,No,No,No,No,No,Ch,Yes
162731046,112660344,Caucasian,Male,[60-70),?,3,6,1,7,?,Surgery-Cardiovascular,34,0,17,0,0,0,998,682,428,9,,,Steady,No,No,No,No,No,No,No,No,No,No,No,No,No,No,No,No,No,No,No,No,No,No,No,Yes
162733242,92798451,Caucasian,Female,[80-90),?,5,6,1,2,MC,?,41,2,20,2,0,0,428,424,593,9,,,No,No,No,No,No,No,No,No,No,No,Steady,No,No,No,No,No,No,No,No,No,No,No,No,No,Yes
162738840,80029386,AfricanAmerican,Female,[50-60),?,1,1,7,2,?,?,38,0,13,0,0,3,428,425,250,9,,,No,No,No,No,No,No,No,No,No,No,No,No,No,No,No,No,No,Steady,No,No,No,No,No,No,Yes
162741240,77698710,Caucasian,Female,[70-80),[75-100),2,1,1,2,MC,?,57,0,6,3,0,1,276,276,311,9,,,No,No,No,No,No,No,No,No,No,No,No,No,No,No,No,No,No,No,No,No,No,No,No,No,No
162744372,94532076,Caucasian,Male,[80-90),?,2,3,7,5,MC,Emergency/Trauma,55,0,20,0,0,0,428,511,427,9,,,No,No,No,No,No,No,No,No,No,No,No,No,No,No,No,No,No,Down,No,No,No,No,No,Ch,Yes
162748026,85180266,Caucasian,Male,[80-90),?,1,3,7,3,MC,?,46,0,11,0,0,1,434,428,427,9,,,No,No,No,No,No,No,No,No,No,No,No,No,No,No,No,No,No,No,No,No,No,No,No,No,No
162749520,90672660,AfricanAmerican,Female,[50-60),?,2,1,1,3,?,InternalMedicine,46,3,25,0,0,0,575,575,787,9,,,No,No,No,No,No,No,No,No,No,No,No,No,No,No,No,No,No,Steady,No,No,No,No,No,No,Yes
162749952,62554788,Caucasian,Female,[80-90),?,1,24,7,6,?,?,55,0,18,6,0,0,38,486,599,9,,,No,No,No,No,Steady,No,No,No,No,No,No,No,No,No,No,No,No,No,No,No,No,No,No,No,Yes
162755178,76416453,Caucasian,Female,[70-80),?,1,6,7,5,MC,InternalMedicine,65,0,19,1,0,4,250.4,403,599,9,,,No,No,No,No,No,No,No,No,No,No,No,No,No,No,No,No,No,Steady,No,No,No,No,No,No,Yes
162755466,72843030,Caucasian,Female,[80-90),[50-75),1,5,6,1,MC,InternalMedicine,35,0,7,0,0,0,250.8,E932,401,8,,,No,No,No,No,No,No,No,No,No,No,No,No,No,No,No,No,No,No,No,No,No,No,No,No,No
162756030,96228387,AfricanAmerican,Male,[40-50),?,5,1,1,5,MC,?,54,4,27,0,0,1,425,411,403,9,,>8,No,No,No,No,No,No,No,No,No,No,No,No,No,No,No,No,No,Up,No,No,No,No,No,Ch,Yes
162757668,100631700,Caucasian,Female,[80-90),?,3,1,1,4,MC,Family/GeneralPractice,46,1,15,1,2,0,486,491,276,9,,,No,Steady,No,No,No,No,No,No,No,No,No,No,No,No,No,No,No,Up,No,No,No,No,No,Ch,Yes
162765222,85549437,Caucasian,Male,[80-90),?,2,11,1,7,MC,?,46,3,27,4,0,1,574,428,585,9,,,No,No,No,No,No,No,No,No,No,No,No,No,No,No,No,No,No,No,No,No,No,No,No,No,No
162767532,84430098,Caucasian,Male,[90-100),?,1,1,7,5,MC,?,62,0,9,1,0,3,560,276,496,9,,,No,No,No,No,No,No,No,No,No,No,No,No,No,No,No,No,No,No,No,No,No,No,No,No,No
162768654,85487598,Caucasian,Female,[80-90),?,1,2,7,7,MC,?,60,1,23,0,0,0,729,728,276,9,,,No,Steady,No,No,No,No,No,No,No,No,No,No,No,No,No,No,No,No,No,No,No,No,No,No,Yes
162771132,101755188,Caucasian,Female,[60-70),?,1,3,2,7,?,?,50,0,26,0,1,1,427,491,428,7,,,No,No,Steady,No,No,No,No,No,No,No,No,No,No,No,No,No,No,Steady,No,No,No,No,No,Ch,Yes
162771330,85332834,AfricanAmerican,Male,[70-80),?,2,1,1,8,MC,?,75,0,14,0,0,1,428,585,250.02,9,,,No,No,No,No,No,No,No,No,No,No,No,No,No,No,No,No,No,No,No,No,No,No,No,No,No
162772086,61145352,Caucasian,Male,[70-80),?,1,6,7,11,?,?,85,5,32,5,0,1,428,403,496,9,,>8,No,No,No,No,No,No,No,No,No,No,No,No,No,No,No,No,No,Up,No,No,No,No,No,Ch,Yes
162772158,114893811,AfricanAmerican,Female,[50-60),?,2,1,1,2,?,Nephrology,42,0,12,0,0,0,403,V63,584,9,,,No,No,No,No,No,No,No,No,No,No,No,No,No,No,No,No,No,Steady,No,No,No,No,No,No,Yes
162774402,84349854,Caucasian,Female,[80-90),?,1,1,7,3,HM,?,67,0,13,0,0,1,491,599,428,9,,,No,No,No,No,No,No,No,Steady,No,No,No,No,No,No,No,No,No,No,No,No,No,No,No,No,Yes
162774912,114997608,Caucasian,Female,[80-90),?,1,22,7,3,?,?,42,2,16,0,0,0,820,287,276,9,,,No,No,No,No,No,No,No,No,No,No,No,No,No,No,No,No,No,No,No,No,No,No,No,No,No
162775872,87963615,Caucasian,Female,[50-60),?,1,1,7,10,HM,?,38,2,15,1,0,0,493,250,272,5,,,Steady,No,No,No,No,No,No,No,No,Up,No,No,No,No,No,No,No,No,No,No,No,No,No,Ch,Yes
162776436,40379787,Caucasian,Female,[80-90),?,1,6,7,2,MC,?,55,0,6,0,0,0,276,780,599,9,,,No,No,No,No,No,No,No,No,No,No,No,No,No,No,No,No,No,No,No,No,No,No,No,No,No
162777576,98336448,Caucasian,Female,[80-90),?,2,13,7,7,?,Surgery-Maxillofacial,52,3,22,0,0,0,157,38,995,9,,,No,No,No,No,No,No,No,No,No,No,No,No,No,No,No,No,No,Steady,No,No,No,No,No,No,Yes
162778518,103740318,Caucasian,Female,[60-70),?,1,1,1,4,?,?,68,0,20,0,0,2,491,402,428,9,,,No,No,No,No,No,No,No,No,No,No,No,No,No,No,No,No,No,Up,No,No,No,No,No,Ch,Yes
162779634,96206139,Caucasian,Female,[60-70),?,1,1,7,9,SP,Emergency/Trauma,77,0,14,0,0,0,577,276,493,8,,>8,No,No,No,No,No,No,Up,No,No,No,Steady,No,No,No,No,No,No,Down,No,No,No,No,No,Ch,Yes
162780042,39761874,Caucasian,Male,[50-60),?,2,1,7,7,SP,Emergency/Trauma,64,4,15,0,0,0,434,403,585,9,,,No,No,No,No,No,No,Up,No,No,No,Steady,No,No,No,No,No,No,Up,No,No,No,No,No,Ch,Yes
162780102,84054591,AfricanAmerican,Male,[80-90),?,1,1,7,2,?,?,45,0,8,0,0,2,428,585,414,9,,,No,No,No,No,No,No,No,No,No,No,No,No,No,No,No,No,No,Down,No,No,No,No,No,Ch,Yes
162783132,81981621,Caucasian,Male,[40-50),?,2,1,7,6,?,Family/GeneralPractice,1,0,10,0,1,0,296,319,V15,9,,,No,No,No,No,Steady,No,No,No,No,Steady,No,No,No,No,No,No,No,No,No,No,No,No,No,Ch,Yes
162783876,85232619,Caucasian,Female,[50-60),?,1,6,1,8,HM,?,75,3,34,2,0,2,255,518,584,9,,,No,No,No,No,No,No,No,No,No,No,No,No,No,No,No,No,No,Up,No,No,No,No,No,Ch,Yes
162784836,49567320,AfricanAmerican,Male,[20-30),?,1,1,7,11,DM,?,65,0,34,0,0,3,682,585,707,9,,,No,No,No,No,No,No,No,No,No,No,No,No,No,No,No,No,No,Down,No,No,No,No,No,Ch,Yes
162784998,27919575,AfricanAmerican,Female,[70-80),?,1,6,7,2,MC,?,45,0,12,0,0,0,780,276,135,9,,,Steady,No,No,No,No,No,No,No,No,No,No,No,No,No,No,No,No,Steady,No,No,No,No,No,Ch,Yes
162785034,110873871,Caucasian,Male,[70-80),?,1,3,7,2,HM,?,40,0,13,0,0,2,428,785,585,9,,,No,No,No,No,No,No,Steady,No,No,No,Steady,No,No,No,No,No,No,No,No,No,No,No,No,Ch,Yes
162785226,52470549,Caucasian,Female,[70-80),?,1,1,1,4,?,?,43,0,19,0,0,4,725,427,428,9,,,No,No,No,No,No,No,No,No,No,No,No,No,No,No,No,No,No,Steady,No,No,No,No,No,No,Yes
162785550,87111396,Caucasian,Female,[80-90),?,5,3,1,6,MC,?,57,0,21,14,0,4,707,295,599,9,,,No,No,No,No,No,No,No,No,No,Steady,No,No,No,No,No,No,No,Up,No,No,No,No,No,Ch,Yes
162785592,91945008,AfricanAmerican,Female,[50-60),?,1,1,7,1,HM,?,37,1,21,1,0,2,786,403,585,8,,,No,No,No,No,No,No,No,No,No,No,Steady,No,No,No,No,No,No,Steady,No,No,No,No,No,Ch,Yes
162785796,90906048,Caucasian,Male,[60-70),?,3,6,1,4,?,Surgery-Cardiovascular,55,2,36,1,0,1,414,411,V45,8,,,Steady,No,No,No,No,No,No,No,No,No,No,No,No,No,No,No,No,No,No,No,No,No,No,No,Yes
162785862,41717898,Caucasian,Male,[60-70),?,1,11,1,2,MC,?,54,0,12,0,0,0,162,199,276,4,,,No,No,No,No,No,No,No,No,No,No,No,No,No,No,No,No,No,No,No,No,No,No,No,No,No
162786066,52149915,AfricanAmerican,Female,[70-80),?,3,1,1,2,?,Oncology,30,1,20,1,0,2,189,250,401,4,,,No,No,No,No,No,No,No,No,No,No,No,No,No,No,No,No,No,No,No,No,No,No,No,No,No
162786270,99711234,AfricanAmerican,Male,[60-70),?,3,1,1,4,?,Cardiology,33,4,17,0,0,0,414,411,425,9,,,No,No,No,No,No,No,No,Steady,No,No,No,No,No,No,No,No,No,No,No,No,No,No,No,No,Yes
162789240,39762495,AfricanAmerican,Male,[50-60),?,2,1,7,3,SP,Emergency/Trauma,54,1,7,0,0,0,577,577,535,8,,,No,No,No,No,No,No,No,No,No,No,No,No,No,No,No,No,No,No,No,No,No,No,No,No,No
162790560,109119870,Caucasian,Male,[70-80),?,3,1,1,2,MC,Orthopedics,27,2,24,0,0,0,722,788,250,5,,,Steady,No,No,No,No,No,Steady,No,No,No,No,No,No,No,No,No,No,No,No,No,No,No,No,Ch,Yes
162790866,23770836,AfricanAmerican,Female,[60-70),?,3,6,1,5,?,Orthopedics-Reconstructive,33,2,27,0,0,0,715,998,285,9,,,No,No,No,No,No,No,No,No,No,No,No,No,No,No,No,No,No,Steady,No,No,No,No,No,No,Yes
162792336,24814962,AfricanAmerican,Female,[60-70),?,1,1,7,3,?,InternalMedicine,44,1,11,0,1,0,428,250,401,7,,,No,No,No,No,No,No,Steady,No,No,No,No,No,No,No,No,No,No,Steady,No,No,No,No,No,Ch,Yes
162797808,92907207,Caucasian,Female,[80-90),?,5,3,1,6,MC,?,64,1,20,1,0,0,486,599,427,9,,,No,No,No,No,No,No,No,No,No,No,No,No,No,No,No,No,No,Steady,No,No,No,No,No,No,Yes
162802110,37842057,AfricanAmerican,Male,[50-60),?,1,1,7,1,HM,?,50,0,6,0,0,0,250.02,276,V58,3,,Norm,No,No,No,No,No,No,No,No,No,No,No,No,No,No,No,No,No,Up,No,No,No,No,No,Ch,Yes
162809286,41588937,Caucasian,Male,[70-80),?,3,1,1,1,MC,Surgery-General,29,2,24,0,0,1,433,250,?,2,,,No,No,No,No,No,No,No,No,No,No,No,No,No,No,No,No,No,Steady,Steady,No,No,No,No,Ch,Yes
162811218,39431142,Caucasian,Female,[40-50),?,3,1,1,6,UN,Neurology,4,0,24,0,0,1,724,250,782,5,,,No,No,No,No,No,No,No,No,No,No,No,No,No,No,No,No,No,Down,No,No,No,No,No,Ch,Yes
162817968,51120891,Caucasian,Male,[60-70),?,3,6,4,8,MC,?,51,0,14,0,0,1,V57,733,250.03,8,,,No,No,No,No,No,No,No,No,No,No,No,No,No,No,No,No,No,Steady,No,No,No,No,No,No,Yes
162820524,65390958,AfricanAmerican,Female,[50-60),?,2,1,1,2,?,Oncology,38,1,11,1,0,2,V58,162,496,8,,,No,No,No,No,No,No,No,No,No,No,No,No,No,No,No,No,No,Down,No,No,No,No,No,Ch,Yes
162821838,11262717,Caucasian,Female,[80-90),?,1,1,7,3,MC,?,66,0,7,2,0,0,250.82,E858,294,8,,>7,Steady,No,No,No,No,No,No,Steady,No,No,No,No,No,No,No,No,No,No,No,No,No,No,No,Ch,Yes
162824676,24321951,AfricanAmerican,Female,[60-70),?,1,1,7,3,MC,InternalMedicine,44,0,15,0,0,3,402,427,496,9,,,No,No,No,No,No,No,No,No,No,No,No,No,No,No,No,No,No,Steady,No,No,No,No,No,No,Yes
162825570,84579804,Caucasian,Female,[60-70),?,5,3,1,1,MC,?,55,0,18,1,0,2,996,790,428,9,,,No,No,No,No,No,No,No,No,No,No,No,No,No,No,No,No,No,Down,No,No,No,No,No,Ch,Yes
162832608,99687627,AfricanAmerican,Male,[40-50),?,1,1,7,2,MC,?,47,0,18,1,0,0,786,428,496,9,,,Steady,No,No,No,No,No,No,No,No,No,No,No,No,No,No,No,No,No,No,No,No,No,No,No,Yes
162841344,38077515,AfricanAmerican,Female,[80-90),?,1,6,2,4,?,?,21,0,3,0,0,0,486,585,511,8,,,No,No,No,No,Steady,No,No,No,No,No,No,No,No,No,No,No,No,No,No,No,No,No,No,No,Yes
162842478,25314282,AfricanAmerican,Female,[70-80),?,3,3,1,6,?,InternalMedicine,41,2,12,0,1,0,824,453,E927,9,,,No,No,No,No,No,No,No,No,No,No,No,No,No,No,No,No,No,Up,No,No,No,No,No,Ch,Yes
162842598,32800698,Caucasian,Male,[60-70),?,2,1,7,2,MC,Emergency/Trauma,64,0,11,0,0,0,786,287,428,9,,,No,Steady,No,No,No,No,No,No,No,No,No,No,No,No,No,No,No,Down,No,No,No,No,No,Ch,Yes
162842790,61701768,Caucasian,Female,[80-90),?,1,6,7,3,?,?,34,1,21,0,0,0,805,427,427,9,,,No,No,No,No,No,No,No,No,No,No,No,No,No,No,No,No,No,No,No,No,No,No,No,No,No
162847800,24407172,AfricanAmerican,Male,[40-50),?,3,1,4,5,BC,Surgery-Cardiovascular/Thoracic,55,5,49,0,0,0,414,410,305,6,,,No,No,No,No,No,No,No,No,No,No,No,No,No,No,No,No,No,No,No,No,No,No,No,No,No
162848844,85490055,Caucasian,Male,[60-70),[50-75),1,3,5,2,MC,?,46,2,9,0,2,4,560,578,276,9,,,No,No,No,No,No,No,No,No,No,No,No,No,No,No,No,No,No,No,No,No,No,No,No,No,No
162849594,66324699,Caucasian,Male,[30-40),?,5,1,1,7,SP,?,55,3,12,0,0,0,682,303,790,9,,>8,Up,No,No,No,No,No,No,Steady,No,No,No,No,No,No,No,No,No,Up,No,No,No,No,No,Ch,Yes
162850254,27800541,Caucasian,Female,[80-90),?,2,6,7,6,MC,Emergency/Trauma,58,0,14,0,0,1,780,276,401,9,,Norm,No,No,No,No,No,No,Steady,No,No,No,No,No,No,No,No,No,No,No,No,No,No,No,No,No,Yes
162852708,93221487,Caucasian,Female,[60-70),?,2,1,1,1,MC,InternalMedicine,46,0,10,1,0,0,682,443,496,9,,Norm,No,No,No,No,No,No,No,No,No,No,Steady,No,No,No,No,No,No,No,No,No,No,No,No,No,Yes
162855282,64546812,Caucasian,Female,[70-80),?,2,1,1,2,?,Orthopedics-Reconstructive,32,1,28,0,0,0,824,E849,401,4,,,No,No,No,No,Steady,No,No,No,No,No,No,No,No,No,No,No,No,No,No,No,No,No,No,No,Yes
162855942,40046166,Caucasian,Male,[70-80),?,5,1,1,1,MC,?,5,1,8,0,0,0,553,401,250,4,,,Steady,No,No,No,No,No,No,No,No,No,No,No,No,No,No,No,No,No,No,No,No,No,No,No,Yes
162857364,65001600,Caucasian,Male,[70-80),?,2,3,1,14,?,InternalMedicine,52,0,24,0,0,0,428,518,403,9,,,No,No,No,No,No,No,No,No,No,No,No,No,No,No,No,No,No,Steady,No,No,No,No,No,No,Yes
162858486,87399378,Hispanic,Male,[60-70),?,3,1,1,2,MC,?,3,1,23,0,0,1,724,250,427,9,,,No,No,No,No,No,No,No,Steady,No,No,No,No,No,No,No,No,No,Down,No,No,No,No,No,Ch,Yes
162860874,39840300,Caucasian,Male,[50-60),?,1,1,7,8,PO,?,57,5,15,0,0,0,512,401,250,5,,,No,No,No,No,No,No,No,No,No,No,No,No,No,No,No,No,No,Steady,No,No,No,No,No,No,Yes
162860964,70983414,Caucasian,Male,[50-60),?,1,1,7,2,?,?,67,0,20,0,0,0,490,428,428,9,,,No,No,No,No,No,No,No,No,No,No,No,No,No,No,No,No,No,No,No,No,No,No,No,No,No
162861480,101187576,AfricanAmerican,Female,[60-70),?,1,1,7,3,CP,?,53,1,22,0,0,0,550,496,135,8,,,No,No,No,No,No,No,No,No,No,Steady,No,No,No,No,No,No,No,No,No,No,No,No,No,No,Yes
162861522,59460939,?,Female,[70-80),?,7,3,7,5,MC,?,42,2,21,0,0,0,813,276,873,9,,,No,No,No,No,No,No,No,No,No,No,No,No,No,No,No,No,No,Up,No,No,No,No,No,Ch,Yes
162861570,98664633,Caucasian,Female,[70-80),?,6,1,17,4,?,?,70,6,18,1,2,0,250.1,276,780,9,,>8,Steady,No,No,No,No,No,No,No,No,No,No,No,No,No,No,No,No,Up,No,No,No,No,No,Ch,Yes
162863856,39027483,Hispanic,Male,[50-60),?,2,1,7,8,UN,Emergency/Trauma,30,2,9,0,0,1,457,198,V10,5,,,No,No,No,No,No,No,No,Steady,No,No,No,No,No,No,No,No,No,No,No,No,No,No,No,No,Yes
162864594,77922144,Caucasian,Female,[70-80),?,2,3,7,8,MC,InternalMedicine,80,3,13,0,1,2,428,511,585,9,,,No,No,No,No,No,No,No,No,No,No,No,No,No,No,No,No,No,No,No,No,No,No,No,No,No
162865158,92273796,Caucasian,Male,[50-60),?,1,6,7,6,MC,?,64,3,20,0,0,0,434,250.02,403,9,,>8,Steady,No,No,No,No,No,Steady,No,No,No,Steady,No,No,No,No,No,No,No,No,No,No,No,No,Ch,Yes
162866370,41096286,AfricanAmerican,Male,[50-60),?,1,7,7,1,MC,?,40,0,18,0,0,1,491,42,428,9,,,No,No,No,No,No,No,No,No,No,Steady,No,No,No,No,No,No,No,Steady,No,No,No,No,No,Ch,Yes
162866886,85162410,Caucasian,Female,[60-70),?,1,1,7,12,HM,?,75,2,31,0,0,2,486,491,198,9,,,No,No,No,No,No,No,Up,No,No,No,No,No,No,No,No,No,No,No,No,No,No,No,No,Ch,Yes
162867168,98677953,Caucasian,Female,[50-60),?,2,1,1,6,BC,Orthopedics,52,4,22,0,1,0,812,518,496,8,,,No,No,No,No,No,No,No,No,No,No,No,No,No,No,No,No,No,Steady,No,No,No,No,No,No,Yes
162867276,39818493,Caucasian,Female,[40-50),?,3,1,7,6,MC,Emergency/Trauma,61,0,15,0,0,0,295,250,244,4,,,No,Steady,No,No,No,No,No,No,No,No,No,No,No,No,No,No,No,No,No,No,No,No,No,No,Yes
162868104,41095215,Caucasian,Female,[60-70),?,1,6,7,5,MC,?,57,0,19,0,0,3,428,496,584,8,,,No,No,No,No,No,No,No,No,No,No,No,No,No,No,No,No,No,Down,No,No,No,No,No,Ch,Yes
162869388,29498310,Caucasian,Female,[80-90),?,2,1,7,3,MC,Emergency/Trauma,3,0,10,0,0,2,780,427,458,7,,Norm,No,No,No,No,No,No,No,Steady,No,No,No,No,No,No,No,No,No,No,No,No,No,No,No,No,Yes
162872598,105428934,AfricanAmerican,Female,[40-50),?,5,6,1,4,MC,?,59,0,25,4,0,0,486,112,491,9,,>7,No,No,No,No,No,No,No,No,No,No,Steady,No,No,No,No,No,No,Steady,No,No,No,No,No,Ch,Yes
162872772,23318703,AfricanAmerican,Male,[70-80),?,1,6,7,5,MC,InternalMedicine,39,0,11,0,4,1,38,250.82,707,7,,,No,No,No,No,No,No,No,No,No,No,No,No,No,No,No,No,No,Up,No,No,No,No,No,Ch,Yes
162872880,43686783,Caucasian,Female,[40-50),?,2,1,7,3,?,Gastroenterology,36,0,17,0,1,1,300,305,301,9,,,Steady,No,No,No,No,No,No,No,No,No,No,No,No,No,No,No,No,No,No,No,No,No,No,No,Yes
162872898,42339753,Caucasian,Male,[70-80),?,1,3,7,5,MC,?,70,1,14,0,0,2,585,682,682,9,,,No,No,No,No,No,No,No,No,No,No,No,No,No,No,No,No,No,Steady,No,No,No,No,No,No,Yes
162872994,41283243,Caucasian,Male,[60-70),?,1,1,7,3,SP,?,47,0,15,0,0,0,562,682,250,6,,,No,No,No,No,No,No,No,No,No,No,No,No,No,No,No,No,No,Down,No,No,No,No,No,Ch,Yes
162873930,105436719,AfricanAmerican,Male,[50-60),?,1,1,7,4,HM,Emergency/Trauma,52,0,13,1,0,1,296,425,250,7,,,Steady,No,No,No,No,No,No,Steady,No,No,Steady,No,No,No,No,No,No,No,No,No,No,No,No,Ch,Yes
162874416,31180491,Caucasian,Female,[80-90),?,1,6,7,3,?,?,45,0,15,0,0,0,428,424,428,9,,,No,No,No,No,No,No,No,Steady,No,No,No,No,No,No,No,No,No,Steady,No,No,No,No,No,Ch,Yes
162874578,81989208,Caucasian,Male,[70-80),?,1,1,2,1,?,?,8,0,2,0,0,0,437,414,V45,7,,,No,No,No,No,No,No,Steady,No,No,No,No,No,No,No,No,No,No,No,No,No,No,No,No,No,Yes
162875730,90460386,Caucasian,Male,[50-60),?,1,1,7,3,HM,?,46,3,23,0,0,0,824,305,E888,9,>300,,No,No,No,No,No,No,No,No,No,No,No,No,No,No,No,No,No,No,No,No,No,No,No,No,No
162875820,88420428,Caucasian,Female,[50-60),?,1,1,7,6,HM,?,39,0,13,0,0,1,560,250.02,276,7,,>8,No,No,No,No,No,No,Steady,No,No,No,No,No,No,No,No,No,No,No,No,No,No,No,No,No,Yes
162875856,103388112,Caucasian,Female,[70-80),?,6,6,17,3,?,Orthopedics-Reconstructive,23,2,27,0,0,0,715,272,278,9,,,Steady,No,No,No,No,No,Steady,No,No,No,No,No,No,No,No,No,No,No,No,No,No,No,No,Ch,Yes
162879696,23590782,Caucasian,Male,[50-60),?,3,1,1,2,MC,Surgery-Vascular,9,6,23,0,0,1,440,447,401,9,,,No,No,No,No,No,No,No,No,No,No,No,No,No,No,No,No,No,Steady,No,No,No,No,No,No,Yes
162880866,102882411,Caucasian,Male,[70-80),?,3,1,1,3,MC,Family/GeneralPractice,37,1,12,0,0,0,158,197,285,7,,,No,No,No,No,No,No,No,No,No,No,No,No,No,No,No,No,No,Steady,No,No,No,No,No,No,Yes
162884844,108495045,Caucasian,Female,[80-90),?,5,1,1,4,MC,?,1,1,18,2,0,0,433,362,250,6,,,Steady,No,No,No,No,No,No,No,No,No,Steady,No,No,No,No,No,No,Up,No,No,No,No,No,Ch,Yes
162885930,99298755,Caucasian,Female,[70-80),?,3,1,1,1,MC,Family/GeneralPractice,1,2,14,2,1,0,174,401,250,3,,,Steady,No,No,No,No,No,Steady,No,No,No,No,No,No,No,No,No,No,No,No,No,No,No,No,Ch,Yes
162892656,23214195,Caucasian,Female,[80-90),?,1,1,7,1,MC,Family/GeneralPractice,26,0,15,0,0,0,789,427,401,4,,,No,No,No,No,No,No,Steady,No,No,No,No,No,No,No,No,No,No,No,No,No,No,No,No,No,Yes
162894372,25300206,Caucasian,Male,[50-60),?,3,1,1,2,BC,Orthopedics-Reconstructive,26,5,29,0,0,0,733,250,V58,4,,,Steady,No,No,No,No,No,Steady,No,No,No,Steady,No,No,No,No,No,No,Steady,No,No,No,No,No,Ch,Yes
162896070,28027962,Caucasian,Male,[20-30),?,1,1,2,4,?,?,39,1,15,0,0,0,250.13,682,892,6,,Norm,No,No,No,No,No,No,No,No,No,No,No,No,No,No,No,No,No,No,No,No,No,No,No,No,No
162897120,57214755,AfricanAmerican,Male,[70-80),?,1,4,1,5,?,?,41,0,18,0,0,1,577,428,585,9,,,No,No,No,No,No,No,No,No,No,No,No,No,No,No,No,No,No,Steady,No,No,No,No,No,No,Yes
162902160,25318548,Caucasian,Male,[70-80),?,3,1,1,1,MC,?,38,2,26,0,0,0,433,401,250,9,,,Steady,No,No,No,No,No,Steady,No,No,No,No,No,No,No,No,No,No,No,No,No,No,No,No,Ch,Yes
162903828,40403583,Caucasian,Male,[70-80),?,1,6,7,3,MC,?,72,1,11,1,0,0,532,185,197,9,,,No,No,No,Steady,No,No,No,No,No,No,No,No,No,No,No,No,No,Steady,No,No,No,No,No,Ch,Yes
162905742,2320794,Caucasian,Female,[70-80),?,2,1,1,3,?,?,21,1,23,1,0,3,682,581,427,9,,,No,No,No,No,No,No,Steady,No,No,No,No,No,No,No,No,No,No,Steady,No,No,No,No,No,Ch,Yes
162907674,66310668,?,Female,[20-30),?,5,1,1,3,HM,?,1,3,17,1,0,0,278,250,401,6,,,No,No,No,No,No,No,No,No,No,No,No,No,No,No,No,No,No,Down,No,No,No,No,No,Ch,Yes
162909114,56980809,AfricanAmerican,Female,[70-80),?,1,1,7,2,MC,?,39,0,7,0,0,3,577,401,577,5,,,No,No,No,No,No,No,No,No,No,No,No,No,No,No,No,No,No,Steady,No,No,No,No,No,No,Yes
162922656,108742113,Caucasian,Male,[60-70),?,1,2,7,1,BC,?,51,0,11,0,0,0,780,401,427,8,,,No,No,No,No,No,No,No,No,No,No,No,No,No,No,No,No,No,No,No,No,No,No,No,No,No
162924654,50164200,AfricanAmerican,Female,[50-60),?,3,1,1,2,?,Orthopedics-Reconstructive,40,1,34,1,0,0,715,276,272,9,,,No,No,No,No,No,No,No,No,No,No,No,No,No,No,No,No,No,Steady,No,No,No,No,No,No,Yes
162929424,23646159,Caucasian,Male,[50-60),?,3,1,1,1,BC,Nephrology,37,0,11,2,0,0,553,996,585,9,,,No,No,No,No,No,No,No,No,No,No,No,No,No,No,No,No,No,No,No,No,No,No,No,No,No
162930414,25318845,AfricanAmerican,Female,[50-60),?,3,1,1,1,MC,Surgery-Vascular,36,1,25,0,0,0,575,575,250.8,7,,,Steady,No,No,No,No,No,Steady,No,No,No,No,No,No,No,No,No,No,No,No,No,No,No,No,Ch,Yes
162930798,42231447,AfricanAmerican,Male,[40-50),?,1,1,7,4,?,?,49,0,18,0,0,0,434,428,250,7,,,Down,No,No,No,No,No,No,Down,No,No,No,No,No,No,No,No,No,Steady,No,No,No,No,No,Ch,Yes
162932202,108888570,Other,Male,[70-80),?,3,1,7,4,?,InternalMedicine,65,0,15,1,0,0,486,518,276,9,,,No,No,No,No,No,No,No,No,No,Steady,No,No,No,No,No,No,No,Steady,No,No,No,No,No,Ch,Yes
162936372,26439228,AfricanAmerican,Male,[70-80),?,2,1,1,2,?,Cardiology,58,3,13,0,0,0,280,413,401,9,,,Steady,No,No,No,No,No,No,No,No,No,No,No,No,No,No,No,No,No,No,No,No,No,No,No,Yes
162937896,105074514,Caucasian,Male,[40-50),?,2,1,7,2,SP,Emergency/Trauma,33,0,4,0,0,0,522,401,250,3,,,No,No,No,No,No,No,No,No,No,No,No,No,No,No,No,No,No,No,No,No,No,No,No,No,No
162938730,107724591,Caucasian,Male,[60-70),?,8,1,7,5,?,InternalMedicine,63,2,19,0,0,1,595,496,788,5,,,No,No,No,No,No,No,No,No,No,No,No,No,No,No,No,No,No,Steady,No,No,No,No,No,No,Yes
162942786,57700530,Caucasian,Male,[60-70),?,1,1,7,4,?,?,65,0,11,0,0,0,428,427,414,7,,,No,No,No,No,No,No,Steady,No,No,No,No,No,No,No,No,No,No,No,No,No,No,No,No,No,Yes
162945204,38671362,Caucasian,Female,[50-60),?,5,6,1,7,MC,?,66,2,22,0,2,1,250.2,276,584,9,,>8,No,No,No,No,No,No,Steady,No,No,No,No,No,No,No,No,No,No,Up,No,No,No,No,No,Ch,Yes
162945654,89428446,AfricanAmerican,Male,[50-60),?,1,23,2,10,?,?,68,1,24,0,1,1,518,513,482,9,,,No,No,No,No,No,No,No,No,No,No,No,No,No,No,No,No,No,Up,No,No,No,No,No,Ch,Yes
162948924,69060204,Caucasian,Male,[40-50),?,2,1,7,4,?,?,57,0,10,0,1,0,296,305,300,9,,>8,Steady,No,No,No,No,No,Steady,No,No,No,No,No,No,No,No,No,No,No,No,No,No,No,No,Ch,Yes
162953568,35364969,Caucasian,Female,[40-50),?,1,1,7,3,CM,?,57,0,9,0,0,2,584,276,276,9,,,No,No,No,No,No,No,No,No,No,No,No,No,No,No,No,No,No,Down,No,No,No,No,No,Ch,Yes
162953874,90543726,Caucasian,Female,[80-90),?,2,1,7,1,BC,Emergency/Trauma,40,1,1,2,1,3,276,250.4,403,9,,,No,No,No,No,No,No,No,No,No,No,No,No,No,No,No,No,No,No,No,No,No,No,No,No,No
162954456,51328179,Caucasian,Female,[70-80),?,1,11,7,7,MC,Gastroenterology,48,0,13,0,0,3,198,198,198,9,,,No,No,No,No,No,No,No,Steady,No,No,No,No,No,No,No,No,No,Steady,No,No,No,No,No,Ch,Yes
162954666,93281634,Caucasian,Male,[80-90),?,1,1,7,14,MC,?,67,5,19,0,0,0,682,592,295,9,,,Steady,No,No,No,No,No,No,No,No,No,No,No,No,No,No,No,No,No,No,No,No,No,No,No,Yes
162955722,39778776,Caucasian,Female,[40-50),?,2,1,7,5,SP,Emergency/Trauma,68,1,13,0,0,0,486,511,250,9,,Norm,No,No,No,No,No,No,No,No,No,No,No,No,No,No,No,No,No,Down,No,No,No,No,No,Ch,Yes
162957228,27777600,Caucasian,Male,[50-60),?,6,1,17,5,?,Family/GeneralPractice,57,6,23,0,0,1,428,425,403,9,,,No,No,No,No,No,No,No,No,No,No,No,No,No,No,No,No,No,No,No,No,No,No,No,No,No
162957504,39823155,Caucasian,Male,[50-60),?,1,1,7,6,UN,Emergency/Trauma,95,0,26,0,0,0,250.1,577,276,9,,,No,No,No,No,No,No,No,No,No,No,No,No,No,No,No,No,No,Down,No,No,No,No,No,Ch,Yes
162958950,25266798,AfricanAmerican,Female,[50-60),?,1,1,7,1,BC,InternalMedicine,43,0,17,0,0,0,786,401,250,4,,,Steady,No,No,No,No,No,No,No,No,No,Steady,No,No,No,No,No,No,Steady,No,No,No,No,No,Ch,Yes
162961152,13181382,Caucasian,Female,[60-70),?,1,3,7,5,CM,?,54,1,22,0,0,0,820,276,E885,9,,,No,No,No,No,No,No,No,No,No,No,No,No,No,No,No,No,No,Up,No,No,No,No,No,Ch,Yes
162961398,45323163,Caucasian,Male,[80-90),?,1,1,7,4,?,?,50,1,22,0,0,0,599,592,591,9,,,No,No,No,No,No,No,No,No,No,No,Steady,No,No,No,No,No,No,Steady,No,No,No,No,No,Ch,Yes
162961974,86645961,AfricanAmerican,Male,[60-70),?,2,4,1,12,?,Psychiatry,26,0,16,1,0,3,295,496,428,9,,,No,No,No,No,No,No,No,No,No,No,Down,No,No,No,No,No,No,Steady,No,No,No,No,No,Ch,Yes
162964860,85604958,AfricanAmerican,Female,[40-50),?,1,1,7,7,?,?,61,3,20,0,2,1,250.41,403,996,9,,,No,No,No,No,No,No,No,No,No,No,No,No,No,No,No,No,No,Steady,No,No,No,No,No,No,Yes
162965820,105653943,Caucasian,Female,[80-90),?,2,3,7,5,MD,Emergency/Trauma,64,1,24,0,0,0,280,403,428,9,,Norm,No,No,No,No,No,No,No,No,No,No,No,No,No,No,No,No,No,Up,No,No,No,No,No,Ch,Yes
162966516,28059885,AfricanAmerican,Female,[70-80),?,1,6,7,10,?,?,42,5,30,0,0,0,440,344,250.02,9,,,Steady,No,No,No,No,No,No,No,No,Steady,No,No,No,No,No,No,No,No,No,No,No,No,No,Ch,Yes
162967680,101373111,AfricanAmerican,Male,[50-60),?,1,1,7,3,CP,?,52,0,8,0,0,0,434,599,601,7,,>7,Steady,No,No,No,Steady,No,No,No,No,No,No,No,No,No,No,No,No,Steady,No,No,No,No,No,Ch,Yes
162967848,52785873,Caucasian,Male,[60-70),?,1,11,7,3,?,?,66,3,23,1,1,2,38,286,518,9,,,No,No,No,No,No,No,No,No,No,No,No,No,No,No,No,No,No,Steady,No,No,No,No,No,No,Yes
162968472,65714094,Caucasian,Female,[80-90),?,2,3,1,7,?,Family/GeneralPractice,43,0,18,2,0,1,599,428,491,9,,,No,No,No,No,No,No,No,No,No,No,No,No,No,No,No,No,No,No,No,No,No,No,No,No,No
162968478,23355594,Caucasian,Female,[70-80),?,1,3,7,5,MC,Emergency/Trauma,50,2,27,0,0,0,491,427,402,9,,,No,No,No,No,No,No,No,No,No,No,No,No,No,No,No,No,No,Up,No,No,No,No,No,Ch,Yes
162968724,97365555,Caucasian,Male,[30-40),?,5,1,1,3,UN,?,54,0,13,0,2,1,584,276,787,6,,>8,Steady,No,No,No,No,No,Steady,No,No,No,No,No,No,No,No,No,No,Steady,No,No,No,No,No,Ch,Yes
162968964,96125697,Caucasian,Female,[60-70),?,1,1,7,3,MC,?,28,0,21,0,0,0,682,680,401,9,,,No,No,No,No,No,No,No,No,No,No,No,No,No,No,No,No,No,Down,No,No,No,No,No,Ch,Yes
162969174,43304328,Caucasian,Male,[40-50),?,1,1,7,4,?,?,37,3,12,0,0,0,414,414,412,7,,,No,No,No,No,No,No,No,No,No,No,No,No,No,No,No,No,No,Steady,No,No,No,No,No,No,Yes
162969726,41882805,Caucasian,Male,[60-70),?,1,1,7,2,MC,?,55,0,9,0,0,1,780,250.02,V15,5,,,No,No,No,No,No,No,Steady,No,No,No,No,No,No,No,No,No,No,Steady,No,No,No,No,No,Ch,Yes
162970518,85500666,Caucasian,Female,[40-50),?,1,6,7,4,HM,?,61,1,13,0,0,1,453,493,401,9,,,Steady,No,No,No,No,No,Steady,No,No,No,No,No,No,No,No,No,No,No,No,No,No,No,No,Ch,Yes
162971190,79110054,Caucasian,Female,[70-80),?,1,3,7,10,?,?,67,2,29,2,0,1,550,557,276,9,,,No,No,No,No,No,No,No,No,No,No,No,No,No,No,No,No,No,No,No,No,No,No,No,No,No
162972528,97280964,Hispanic,Male,[50-60),?,2,1,7,3,OG,Emergency/Trauma,60,5,10,1,1,0,351,435,784,7,,Norm,No,No,No,No,No,No,No,No,No,Steady,No,No,No,No,No,No,No,Steady,No,No,No,No,No,Ch,Yes
162972774,41744394,Caucasian,Male,[70-80),?,1,1,7,1,MC,?,12,0,16,0,1,6,428,496,414,8,,,No,No,No,No,No,No,Steady,No,No,No,No,No,No,No,No,No,No,Down,No,No,No,No,No,Ch,Yes
162973272,79350498,AfricanAmerican,Female,[60-70),?,1,6,7,13,?,?,41,3,24,0,1,0,682,413,41,9,,,No,No,No,No,Steady,No,No,No,No,No,No,No,No,No,No,No,No,No,No,No,No,No,No,No,Yes
162974250,25267473,AfricanAmerican,Female,[80-90),?,1,3,7,13,MC,InternalMedicine,53,1,25,0,0,0,250.7,785,V58,9,,,No,No,No,No,No,No,No,No,No,No,No,No,No,No,No,No,No,Steady,No,No,No,No,No,No,Yes
162975420,109303614,Caucasian,Male,[70-80),?,5,1,1,3,MC,?,53,1,7,1,0,0,577,574,600,8,,,No,No,No,No,No,No,No,No,No,No,Steady,No,No,No,No,No,No,No,No,No,No,No,No,No,Yes
162977388,84540348,AfricanAmerican,Male,[50-60),?,1,1,7,2,HM,?,75,0,17,2,0,0,786,250.02,70,9,,>8,No,No,No,No,No,No,No,No,No,No,No,No,No,No,No,No,No,No,No,No,No,No,No,No,No
162981180,59621499,AfricanAmerican,Female,[40-50),?,1,1,7,6,MC,?,72,3,31,0,0,0,786,403,276,9,,,No,No,No,No,No,No,No,No,No,No,No,No,No,No,No,No,No,Up,No,No,No,No,No,Ch,Yes
162981222,59621508,Caucasian,Male,[50-60),?,1,1,7,2,PO,?,39,1,5,0,0,0,562,278,401,6,,Norm,No,No,No,No,No,No,No,No,No,No,No,No,No,No,No,No,No,No,No,No,No,No,No,No,No
162986796,24548805,Caucasian,Female,[50-60),?,1,1,7,1,BC,InternalMedicine,34,0,5,0,0,0,435,437,V12,7,,,No,No,No,No,No,No,No,No,No,No,No,No,No,No,No,No,No,No,No,No,No,No,No,No,No
162987048,53920917,AfricanAmerican,Male,[70-80),?,1,3,7,7,CM,?,70,2,22,0,0,0,285,428,427,9,,,No,No,No,No,No,No,No,No,No,No,No,No,No,No,No,No,No,Steady,No,No,No,No,No,No,Yes
162988350,42417216,Caucasian,Female,[80-90),?,3,6,1,4,MC,Family/GeneralPractice,53,0,16,0,0,0,486,496,428,7,,,No,No,No,No,No,No,Steady,No,No,No,Steady,No,No,No,No,No,No,No,No,No,No,No,No,Ch,Yes
162989394,84506580,Caucasian,Male,[70-80),?,1,3,7,2,HM,?,61,0,22,0,1,1,486,204,799,9,,,No,No,No,No,No,No,No,No,No,No,No,No,No,No,No,No,No,No,No,No,No,No,No,No,No
162990858,59621796,Caucasian,Female,[60-70),?,1,6,7,3,PO,?,40,0,6,0,0,0,348,518,250,5,,Norm,No,No,No,No,No,No,No,No,No,No,No,No,No,No,No,No,No,Up,No,No,No,No,No,Ch,Yes
162992598,62231994,Caucasian,Male,[50-60),?,1,1,7,2,?,?,61,0,9,0,0,0,250,305,785,6,,Norm,No,No,No,No,No,No,No,No,No,No,No,No,No,No,No,No,No,No,No,No,No,No,No,No,No
162992682,59621877,Caucasian,Female,[60-70),?,1,1,7,4,MC,?,59,1,11,0,0,0,574,560,574,9,,Norm,No,No,No,No,No,No,No,No,No,No,No,No,No,No,No,No,No,Down,No,No,No,No,No,Ch,Yes
162993174,90613782,Caucasian,Male,[60-70),?,1,1,7,1,BC,?,5,4,12,1,0,0,414,411,250,6,,>8,No,No,No,No,No,No,No,No,No,Steady,No,No,No,No,No,No,No,No,No,No,No,No,No,No,Yes
162996168,41539860,Caucasian,Male,[70-80),?,3,3,1,6,MC,Nephrology,31,0,22,0,0,3,?,585,427,8,,,No,No,No,No,No,No,No,Steady,No,No,No,No,No,No,No,No,No,Steady,No,No,No,No,No,Ch,Yes
162996660,23717187,AfricanAmerican,Female,[90-100),?,1,13,7,5,MC,Family/GeneralPractice,40,1,14,0,1,2,428,425,V66,6,,,Steady,No,No,No,No,No,No,No,No,No,No,No,No,No,No,No,No,No,No,No,No,No,No,No,Yes
162997092,85174641,Caucasian,Male,[70-80),?,1,1,7,3,MC,?,53,0,13,4,0,1,599,428,403,9,,,No,No,No,No,No,No,Steady,No,No,Steady,No,No,No,No,No,No,No,No,No,No,No,No,No,Ch,Yes
162997158,110587005,Other,Male,[0-10),[0-25),1,1,7,4,UN,Pediatrics,55,0,2,0,0,0,250.01,V58,8,3,,>8,No,No,No,No,No,No,No,No,No,No,No,No,No,No,No,No,No,No,No,No,No,No,No,No,No
162997554,43603857,Caucasian,Male,[60-70),?,1,1,7,3,SP,?,65,1,18,0,0,0,531,536,577,8,,,No,No,No,No,No,No,No,No,No,No,No,No,No,No,No,No,No,Up,No,No,No,No,No,Ch,Yes
162997854,27290394,Caucasian,Male,[40-50),?,1,1,1,4,?,?,54,0,22,0,0,0,577,453,250.02,9,,,Steady,No,No,No,No,No,Steady,No,No,No,No,No,No,No,No,No,No,Down,No,No,No,No,No,Ch,Yes
162998718,105057801,AfricanAmerican,Male,[80-90),?,1,3,7,3,MC,InternalMedicine,58,0,12,0,0,0,435,493,250,8,,>8,Steady,No,No,No,No,No,Steady,No,No,No,No,No,No,No,No,No,No,No,No,No,No,No,No,Ch,Yes
162999180,99396279,Caucasian,Female,[70-80),?,2,1,7,3,MC,Emergency/Trauma,64,0,12,0,3,3,428,427,276,9,,,No,No,No,No,No,No,No,No,No,No,No,No,No,No,No,No,No,Down,No,No,No,No,No,Ch,Yes
162999678,63266022,Caucasian,Female,[80-90),?,1,3,7,6,?,?,23,0,7,0,0,0,458,401,250,6,,Norm,No,No,No,No,No,No,No,No,No,No,No,No,No,No,No,No,No,No,No,No,No,No,No,No,No
162999732,98636319,Caucasian,Male,[50-60),?,2,1,7,6,BC,Emergency/Trauma,70,1,23,0,0,0,540,276,997,9,,,No,No,No,No,No,No,No,No,No,No,No,No,No,No,No,No,No,No,No,No,No,No,No,No,No
163000038,58927068,Caucasian,Female,[10-20),?,1,1,7,5,?,?,65,3,17,0,0,0,805,250.01,305,9,,,No,No,No,No,No,No,No,No,No,No,No,No,No,No,No,No,No,No,No,No,No,No,No,No,No
163000140,25322238,Caucasian,Female,[70-80),?,1,1,7,3,MC,InternalMedicine,40,0,18,0,0,0,466,428,250.02,8,,,No,No,No,No,No,No,No,No,No,No,No,No,No,No,No,No,No,No,No,No,No,No,No,No,No
163000356,87481521,Caucasian,Male,[90-100),?,1,1,7,9,MC,Emergency/Trauma,63,2,26,0,0,0,428,426,401,9,,,Steady,No,No,No,No,No,No,No,No,No,No,No,No,No,No,No,No,Steady,No,No,No,No,No,Ch,Yes
163001142,86543757,Caucasian,Female,[80-90),?,1,3,7,7,MC,?,56,0,21,2,0,1,410,250.02,348,9,,,No,No,No,No,No,No,No,No,No,Steady,No,No,No,No,No,No,No,No,No,No,No,No,No,No,Yes
163001658,106512057,AfricanAmerican,Female,[30-40),?,1,1,7,6,DM,?,43,1,17,0,0,0,682,250.92,41,8,,Norm,Steady,No,No,No,No,No,No,No,No,Steady,No,No,No,No,No,No,No,Up,No,No,No,No,No,Ch,Yes
163002444,30708963,AfricanAmerican,Male,[50-60),?,1,1,7,4,?,InternalMedicine,64,2,12,0,0,0,593,599,599,6,,>8,No,No,No,No,No,No,No,Steady,No,No,No,No,No,No,No,No,No,Steady,No,No,No,No,No,Ch,Yes
163002888,24616215,AfricanAmerican,Female,[60-70),?,1,3,7,13,MC,InternalMedicine,43,0,19,0,0,0,486,276,276,7,,,No,No,No,No,No,No,No,No,No,No,No,No,No,No,No,No,No,Up,No,No,No,No,No,Ch,Yes
163003056,106422975,Caucasian,Male,[70-80),?,5,6,1,7,MC,?,60,4,25,4,0,0,38,599,592,9,,,No,No,No,No,No,No,Steady,No,No,No,No,No,No,No,No,No,No,Up,No,No,No,No,No,Ch,Yes
163003470,46011321,Caucasian,Male,[80-90),?,2,1,7,3,MC,Pulmonology,66,0,17,2,0,1,486,496,780,9,,,No,No,No,No,No,No,No,No,No,No,No,No,No,No,No,No,No,No,No,No,No,No,No,No,No
163004826,84596670,Caucasian,Female,[50-60),?,1,1,7,1,HM,?,18,0,12,2,0,0,786,202,414,9,,Norm,No,No,No,No,No,No,No,No,No,No,No,No,No,No,No,No,No,No,No,No,No,No,No,No,No
163004946,63741717,Caucasian,Female,[70-80),?,2,11,7,1,?,Family/GeneralPractice,71,4,14,0,0,0,38,577,785,8,,,No,No,No,No,No,No,No,No,No,No,No,No,No,No,No,No,No,No,No,No,No,No,No,No,No
163005192,92029617,Caucasian,Male,[80-90),?,1,15,1,3,?,Emergency/Trauma,59,0,15,0,0,2,276,799,496,9,,,No,No,No,No,No,No,No,No,No,No,Steady,No,No,No,No,No,No,Steady,No,No,No,No,No,Ch,Yes
163005726,104974767,AfricanAmerican,Female,[70-80),?,1,15,1,4,?,?,56,0,19,0,0,2,486,428,599,9,,,No,No,No,No,No,No,No,No,No,No,No,No,No,No,No,No,No,Up,No,No,No,No,No,Ch,Yes
163006638,65660427,Caucasian,Male,[50-60),?,1,6,7,3,?,?,54,0,24,0,0,1,486,682,511,8,,,No,No,No,No,No,No,No,No,No,No,No,No,No,No,No,No,No,Down,No,No,No,No,No,Ch,Yes
163006668,57027213,Caucasian,Male,[80-90),?,1,1,7,4,MC,InternalMedicine,57,2,8,0,0,0,188,599,599,9,,,No,No,No,No,No,No,Steady,No,No,No,No,No,No,No,No,No,No,No,No,No,No,No,No,No,Yes
163006866,65524968,AfricanAmerican,Male,[40-50),?,1,6,7,4,?,?,37,0,27,0,0,0,891,E849,250.6,9,,,No,No,No,No,No,No,No,No,No,No,No,No,No,No,No,No,No,No,No,No,No,No,No,No,No
163007208,33768522,Caucasian,Female,[50-60),?,2,1,7,3,UN,Emergency/Trauma,37,1,11,0,0,0,682,427,401,8,,,Steady,No,No,No,No,No,No,Steady,No,No,No,No,No,No,No,No,No,Steady,No,No,No,No,No,Ch,Yes
163008000,92908611,Caucasian,Male,[50-60),?,1,1,7,2,?,?,43,3,19,1,0,0,414,411,V45,8,,,Steady,No,No,No,No,No,No,Steady,No,Steady,No,No,No,No,No,No,No,No,No,No,No,No,No,Ch,Yes
163008882,114662970,Caucasian,Female,[70-80),?,5,3,1,2,MC,?,65,0,17,2,1,1,514,424,427,9,,Norm,No,No,No,No,No,No,No,No,No,No,No,No,No,No,No,No,No,Up,No,No,No,No,No,Ch,Yes
163009494,58797027,Caucasian,Male,[40-50),?,5,1,1,1,HM,?,38,1,10,7,0,0,540,250,?,2,,,No,No,No,No,No,No,No,No,No,No,No,No,No,No,No,No,No,No,No,No,No,No,No,No,No
163009950,27561060,Caucasian,Female,[70-80),?,1,1,1,3,?,?,66,3,24,0,0,0,578,491,401,9,,,No,No,No,No,No,No,No,No,No,No,No,No,No,No,No,No,No,Steady,No,No,No,No,No,No,Yes
163012440,53776458,Caucasian,Female,[70-80),?,5,3,1,3,MC,?,41,0,21,6,0,0,250.8,162,198,9,,,No,No,No,No,No,No,No,No,No,No,No,No,No,No,No,No,No,No,No,No,No,No,No,No,No
163013490,59623128,Caucasian,Female,[70-80),?,1,1,7,4,CM,?,63,1,10,0,0,0,576,577,428,9,,,No,No,No,No,No,No,No,No,No,No,No,No,No,No,No,No,No,Down,No,No,No,No,No,Ch,Yes
163015548,70073919,Caucasian,Male,[80-90),?,1,1,7,2,?,?,51,0,26,0,0,0,786,496,414,9,,,Steady,No,No,No,No,No,No,Steady,No,No,No,No,No,No,No,No,No,No,No,No,No,No,No,Ch,Yes
163015674,84764097,Caucasian,Male,[70-80),?,1,1,7,8,HM,?,77,0,17,1,0,0,466,428,403,9,,,No,No,No,No,No,No,No,No,No,No,No,No,No,No,No,No,No,No,No,No,No,No,No,No,No
163016490,96185673,AfricanAmerican,Female,[40-50),?,2,1,7,2,UN,Emergency/Trauma,44,2,6,0,0,3,455,250.6,357,9,,,No,No,No,No,No,No,No,No,No,No,No,No,No,No,No,No,No,Down,No,No,No,No,No,Ch,Yes
163017336,24247476,AfricanAmerican,Female,[60-70),?,1,1,7,5,MC,Family/GeneralPractice,44,0,18,0,0,0,428,425,414,4,,,No,No,No,No,No,No,No,No,No,No,No,No,No,No,No,No,No,Down,No,No,No,No,No,Ch,Yes
163017654,88677000,Caucasian,Female,[70-80),?,1,1,7,2,?,?,38,5,16,0,0,0,410,414,414,4,,,Steady,No,No,No,No,No,No,Steady,No,No,No,No,No,No,No,No,No,No,No,No,No,No,No,Ch,Yes
163018614,23482098,AfricanAmerican,Female,[30-40),?,1,1,7,1,BC,Family/GeneralPractice,44,3,10,0,0,0,786,250,V58,4,,,No,No,No,No,No,No,No,No,No,No,No,No,No,No,No,No,No,Up,No,No,No,No,No,Ch,Yes
163019292,97158591,Caucasian,Male,[60-70),?,2,1,7,1,MC,Emergency/Trauma,40,0,15,0,0,0,486,496,922,9,,,No,No,No,No,No,No,No,No,No,No,No,No,No,No,No,No,No,No,No,No,No,No,No,No,No
163020096,46248840,AfricanAmerican,Female,[30-40),?,1,1,7,10,MD,?,49,1,18,0,0,0,719,250,401,4,,Norm,No,No,No,No,No,No,No,No,No,Steady,No,No,No,No,No,No,No,Down,No,No,No,No,No,Ch,Yes
163020678,91553562,Caucasian,Male,[70-80),?,1,1,7,4,MC,Cardiology,67,0,19,4,0,0,410,427,428,9,,,No,No,No,No,No,No,No,Steady,No,No,No,No,No,No,No,No,No,Down,No,No,No,No,No,Ch,Yes
163021128,84553569,Caucasian,Male,[50-60),?,1,1,7,3,MC,?,48,1,22,0,0,2,250.6,403,585,9,,>8,No,No,No,No,No,No,No,No,No,No,No,No,No,No,No,No,No,No,No,No,No,No,No,No,No
163021710,55286262,Caucasian,Female,[50-60),[100-125),2,1,1,2,CP,Cardiology,72,0,17,0,0,0,682,585,424,9,,,No,No,No,No,No,No,No,No,No,No,No,No,No,No,No,No,No,No,No,No,No,No,No,No,No
163022358,79427574,AfricanAmerican,Male,[60-70),?,1,1,7,7,?,?,59,3,34,0,0,0,513,512,496,9,,Norm,No,No,No,No,No,No,No,No,No,No,Steady,No,No,No,No,No,No,Steady,No,No,No,No,No,Ch,Yes
163022532,24736680,AfricanAmerican,Female,[20-30),?,3,1,1,3,BC,ObstetricsandGynecology,18,2,21,0,0,1,661,648,250.01,6,,,No,No,No,No,No,No,No,No,No,No,No,No,No,No,No,No,No,No,No,No,No,No,No,No,No
163022772,110335590,Caucasian,Female,[80-90),?,1,13,7,3,?,?,57,0,11,0,0,0,38,486,157,7,,,No,No,No,No,No,No,No,No,No,No,No,No,No,No,No,No,No,No,No,No,No,No,No,No,No
163023516,91895634,Caucasian,Male,[70-80),?,5,3,1,3,MC,?,52,0,12,3,1,0,507,427,707,8,,,Steady,No,No,No,No,No,No,No,No,No,No,No,No,No,No,No,No,No,No,No,No,No,No,No,Yes
163023702,97094556,Caucasian,Male,[60-70),?,1,1,7,2,MC,?,36,0,18,2,1,2,401,333,V45,8,,,No,No,No,No,No,No,No,No,No,No,No,No,No,No,No,No,No,Steady,No,No,No,No,No,No,Yes
163024206,23209560,Caucasian,Female,[60-70),?,1,3,7,9,MC,InternalMedicine,51,1,32,0,0,1,428,486,491,9,,,No,No,No,No,No,No,No,No,No,No,No,No,No,No,No,No,No,Down,No,No,No,No,No,Ch,Yes
163024524,89763678,Caucasian,Male,[80-90),?,1,2,7,1,MC,?,41,0,10,1,2,1,428,425,427,7,,,No,Steady,No,No,No,No,No,No,No,No,No,No,No,No,No,No,No,No,No,No,No,No,No,No,Yes
163024608,23591295,AfricanAmerican,Male,[30-40),?,1,1,7,3,BC,Nephrology,49,0,16,0,0,1,250.21,403,585,8,,,No,No,No,No,No,No,No,No,No,No,No,No,No,No,No,No,No,Up,No,No,No,No,No,Ch,Yes
163025238,59623785,Caucasian,Male,[70-80),?,1,3,7,3,MC,?,53,1,22,0,0,0,820,496,820,8,,,Steady,No,No,No,No,No,No,No,No,No,No,No,No,No,No,No,No,Steady,No,No,No,No,No,Ch,Yes
163025460,28320111,Caucasian,Female,[60-70),?,1,1,1,2,?,?,53,0,18,0,0,0,786,428,276,9,,Norm,No,No,No,No,No,No,No,No,No,No,No,No,No,No,No,No,No,Down,No,No,No,No,No,Ch,Yes
163025790,60716871,Caucasian,Male,[50-60),?,2,1,1,3,MC,?,31,1,12,0,0,0,558,403,585,5,,,No,No,No,No,No,No,No,No,No,No,No,No,No,No,No,No,No,Steady,No,No,No,No,No,No,Yes
163026258,94932432,Caucasian,Male,[70-80),?,1,1,7,3,HM,?,73,0,12,0,2,0,599,276,428,9,,,No,No,No,No,No,No,No,Steady,No,No,No,No,No,No,No,No,No,No,No,No,No,No,No,No,Yes
163026474,24741918,Caucasian,Female,[30-40),?,6,6,17,4,?,Cardiology,80,6,32,0,0,0,410,424,250.02,9,,>8,No,No,No,No,No,No,No,No,No,No,No,No,No,No,No,No,No,Up,No,No,No,No,No,Ch,Yes
