encounter_id,patient_nbr,race,gender,age,weight,admission_type_id,discharge_disposition_id,admission_source_id,time_in_hospital,payer_code,medical_specialty,num_lab_procedures,num_procedures,num_medications,number_outpatient,number_emergency,number_inpatient,diag_1,diag_2,diag_3,number_diagnoses,max_glu_serum,A1Cresult,metformin,repaglinide,nateglinide,chlorpropamide,glimepiride,acetohexamide,glipizide,glyburide,tolbutamide,pioglitazone,rosiglitazone,acarbose,miglitol,troglitazone,tolazamide,examide,citoglipton,insulin,glyburide-metformin,glipizide-metformin,glimepiride-pioglitazone,metformin-rosiglitazone,metformin-pioglitazone,change,diabetesMed
153096552,85921758,AfricanAmerican,Female,[60-70),?,3,3,1,6,MC,?,67,3,37,2,0,0,182,276,250,9,,,No,No,No,No,No,No,No,No,No,Steady,No,No,No,No,No,No,No,Steady,No,No,No,No,No,Ch,Yes
153098202,2158938,Caucasian,Male,[70-80),?,3,1,1,1,?,?,17,6,10,2,0,0,414,411,496,9,,,No,No,No,No,No,No,No,No,No,No,No,No,No,No,No,No,No,Steady,No,No,No,No,No,No,Yes
153101598,37597707,Caucasian,Male,[60-70),?,3,1,1,4,?,Urology,1,1,3,1,0,0,590,590,600,7,,,No,No,No,No,No,No,No,No,No,No,No,No,No,No,No,No,No,No,No,No,No,No,No,No,No
153103944,63271305,Caucasian,Male,[60-70),?,3,1,1,2,?,Gastroenterology,9,2,8,0,0,1,276,707,250,9,,,No,No,No,No,No,No,Steady,No,No,No,No,No,No,No,No,No,No,No,No,No,No,No,No,No,Yes
153116178,30276144,AfricanAmerican,Female,[60-70),?,2,3,1,3,MC,InternalMedicine,48,1,17,2,2,2,250.6,403,581,9,,,No,No,No,No,No,No,No,No,No,No,No,No,No,No,No,No,No,No,No,No,No,No,No,No,No
153117348,24343884,AfricanAmerican,Female,[70-80),?,3,1,1,1,MC,Surgery-Cardiovascular/Thoracic,38,3,18,1,0,0,996,403,286,8,,,No,No,No,No,No,No,No,No,No,No,No,No,No,No,No,No,No,Down,No,No,No,No,No,Ch,Yes
153119670,86605407,Caucasian,Female,[70-80),?,5,3,1,7,MC,?,69,5,34,1,0,0,715,285,428,9,,,Steady,No,No,No,No,No,No,No,No,No,No,No,No,No,No,No,No,Up,No,No,No,No,No,Ch,Yes
153124404,54926109,Caucasian,Female,[30-40),?,2,1,1,1,HM,?,28,0,2,1,0,0,658,250.01,424,6,,,No,No,No,No,No,No,No,No,No,No,No,No,No,No,No,No,No,Steady,No,No,No,No,No,No,Yes
153126402,24918273,AfricanAmerican,Male,[40-50),?,3,2,1,7,MC,Family/GeneralPractice,38,1,23,1,0,0,402,425,584,9,,,No,No,No,No,No,No,No,No,No,Steady,No,No,No,No,No,No,No,No,No,No,No,No,No,No,Yes
153131520,50330448,Caucasian,Male,[70-80),?,3,1,1,3,?,Family/GeneralPractice,32,1,6,0,0,0,578,427,250,7,,,No,No,No,No,No,No,No,No,No,No,No,No,No,No,No,No,No,No,No,No,No,No,No,No,No
153136884,93988143,AfricanAmerican,Female,[60-70),?,1,1,7,4,?,?,37,0,8,1,0,0,434,401,250,6,,,No,No,No,No,No,No,Steady,No,No,No,Steady,No,No,No,No,No,No,Steady,No,No,No,No,No,Ch,Yes
153138036,100653390,Caucasian,Male,[80-90),?,1,6,7,5,MC,?,68,0,7,0,0,1,428,276,287,9,,,No,No,No,No,No,No,No,No,No,No,No,No,No,No,No,No,No,No,No,No,No,No,No,No,No
153139638,25232670,Caucasian,Male,[70-80),?,3,1,1,2,MC,Surgery-Cardiovascular/Thoracic,35,3,17,0,0,0,414,411,401,5,,,No,No,No,No,No,No,No,Steady,No,No,No,No,No,No,No,No,No,Steady,No,No,No,No,No,Ch,Yes
153148524,23603472,AfricanAmerican,Female,[50-60),?,2,1,1,1,SP,Family/GeneralPractice,37,0,3,0,0,0,276,250,401,3,,,No,No,No,No,No,No,No,No,No,No,No,No,No,No,No,No,No,Steady,No,No,No,No,No,No,Yes
153149958,100356669,AfricanAmerican,Male,[70-80),?,2,2,1,6,?,Surgery-General,36,2,14,0,0,0,V57,952,853,8,,,No,No,No,No,No,No,No,No,No,No,No,No,No,No,No,No,No,No,No,No,No,No,No,No,No
153151674,95956785,Caucasian,Male,[70-80),?,6,1,17,6,?,Cardiology,43,1,27,0,2,0,428,496,414,9,,,No,No,No,No,No,No,No,No,No,Steady,No,No,No,No,No,No,No,No,No,No,No,No,No,No,Yes
153154092,50352237,Caucasian,Female,[70-80),?,5,3,1,6,MC,?,52,2,17,0,0,0,733,285,273,7,,,Steady,No,No,No,No,No,No,No,No,No,No,No,No,No,No,No,No,Down,No,No,No,No,No,Ch,Yes
153154440,41499441,Caucasian,Male,[60-70),?,3,23,1,3,MD,Family/GeneralPractice,37,1,17,0,0,1,707,294,332,6,,,No,No,No,No,No,No,Steady,No,No,No,No,No,No,No,No,No,No,Steady,No,No,No,No,No,Ch,Yes
153156936,89783919,Caucasian,Female,[40-50),?,2,1,1,1,SI,?,44,0,11,0,1,1,590,276,787,8,,,No,No,No,No,No,No,No,No,No,No,No,No,No,No,No,No,No,No,No,No,No,No,No,No,No
153157458,38226807,Caucasian,Male,[40-50),?,2,2,1,5,?,Family/GeneralPractice,34,1,28,1,0,0,250.6,560,536,9,,,No,No,No,No,No,No,No,No,No,No,No,No,No,No,No,No,No,Down,No,No,No,No,No,Ch,Yes
153160530,57661749,AfricanAmerican,Male,[60-70),?,2,1,1,3,?,Family/GeneralPractice,55,3,4,0,0,0,280,428,425,9,,,No,No,No,No,No,No,No,No,No,No,No,No,No,No,No,No,No,Down,No,No,No,No,No,Ch,Yes
153164280,99760023,Caucasian,Female,[50-60),?,1,1,7,1,CP,?,48,0,13,0,0,0,786,250,401,4,,Norm,No,No,No,No,No,No,Steady,No,No,No,No,No,No,No,No,No,No,No,No,No,No,No,No,No,Yes
153166932,63275517,Caucasian,Female,[80-90),?,2,6,1,3,?,InternalMedicine,22,0,5,0,0,1,428,427,250,8,,,No,No,No,No,No,No,No,No,No,No,No,No,No,No,No,No,No,No,No,No,No,No,No,No,No
153167502,81985473,Caucasian,Female,[80-90),?,1,1,7,2,?,?,38,2,12,0,0,0,426,250.01,426,7,,,Steady,No,No,No,No,No,No,No,No,No,No,No,No,No,No,No,No,Steady,No,No,No,No,No,Ch,Yes
153170406,63929484,Caucasian,Male,[70-80),?,2,1,1,6,MC,?,43,4,21,1,0,0,427,424,428,9,,,No,No,No,No,No,No,No,Steady,No,No,No,No,No,No,No,No,No,Steady,No,No,No,No,No,Ch,Yes
153174534,100633086,Caucasian,Male,[80-90),?,1,22,7,6,?,?,9,0,10,0,0,0,852,427,V42,9,,,No,No,No,No,No,No,No,No,No,No,No,No,No,No,No,No,No,No,No,No,No,No,No,No,No
153177558,88245513,Caucasian,Male,[60-70),?,1,1,7,2,CP,Cardiology,42,5,20,0,0,0,414,411,412,9,,,Steady,Steady,No,No,No,No,No,Steady,No,No,No,No,No,No,No,No,No,Steady,No,No,No,No,No,Ch,Yes
153178104,41097303,Caucasian,Female,[80-90),?,3,23,1,7,MD,?,52,0,30,0,0,0,682,585,428,9,,,No,No,No,No,No,No,No,No,No,No,No,No,No,No,No,No,No,No,No,No,No,No,No,No,No
153181926,42658587,Caucasian,Male,[60-70),?,6,1,17,3,?,Cardiology,67,6,20,0,0,1,414,428,414,9,,,No,No,No,No,No,No,No,No,No,Steady,No,No,No,No,No,No,No,No,No,No,No,No,No,No,Yes
153182274,38922318,Other,Female,[70-80),?,5,3,1,2,MC,?,58,0,12,1,0,2,250.02,584,403,9,,>8,No,No,No,No,No,No,Steady,No,No,No,No,No,No,No,No,No,No,Up,No,No,No,No,No,Ch,Yes
153182346,85868163,AfricanAmerican,Female,[80-90),?,1,3,7,10,?,?,43,0,4,3,0,1,276,599,728,9,,,No,No,No,No,No,No,No,No,No,No,No,No,No,No,No,No,No,No,No,No,No,No,No,No,No
153182382,85839309,Caucasian,Female,[50-60),?,1,3,7,13,BC,?,72,2,33,0,1,3,440,250.03,585,9,,,No,No,No,No,No,No,No,No,No,No,No,No,No,No,No,No,No,No,No,No,No,No,No,No,No
153182388,23862186,AfricanAmerican,Female,[30-40),?,3,1,4,2,MD,InternalMedicine,20,0,11,0,0,0,250.2,112,305,8,,,No,No,No,No,No,No,No,No,No,No,No,No,No,No,No,No,No,Steady,No,No,No,No,No,No,Yes
153182484,62631063,Caucasian,Male,[80-90),?,1,4,7,6,?,?,42,1,3,0,0,1,820,496,428,9,,,No,No,No,No,No,No,No,No,No,No,No,No,No,No,No,No,No,No,No,No,No,No,No,No,No
153182610,86161338,Caucasian,Male,[50-60),?,1,2,7,1,CP,?,8,0,6,0,0,0,410,427,V43,9,,,Steady,No,No,No,No,No,Steady,No,No,No,No,No,No,No,No,No,No,No,No,No,No,No,No,Ch,Yes
153183366,40752171,Caucasian,Male,[40-50),?,1,1,7,9,MC,?,42,0,15,2,0,2,969,305,585,6,,,No,No,No,No,No,No,No,No,No,No,No,No,No,No,No,No,No,No,No,No,No,No,No,No,No
153184518,41520618,Caucasian,Male,[60-70),?,1,1,7,3,SP,?,43,0,23,0,0,1,410,414,250.92,8,,>8,Steady,No,No,No,Steady,No,No,No,No,No,No,No,No,No,No,No,No,Down,No,No,No,No,No,Ch,Yes
153190260,93512871,Caucasian,Male,[50-60),?,3,6,1,8,?,Surgery-Cardiovascular,38,3,13,0,0,0,414,411,998,6,,,Steady,No,No,No,No,No,No,Up,No,No,No,No,No,No,No,No,No,No,No,No,No,No,No,Ch,Yes
153194052,40825989,Caucasian,Male,[80-90),?,1,6,7,3,MC,?,35,0,10,0,0,3,428,491,427,7,,,Steady,No,No,No,Steady,No,No,No,No,No,No,No,No,No,No,No,No,No,No,No,No,No,No,Ch,Yes
153196488,108897210,Caucasian,Female,[60-70),[50-75),3,1,1,2,BC,ObstetricsandGynecology,18,2,9,3,0,0,618,623,250,3,,,No,No,No,No,No,No,No,No,No,No,No,No,No,No,No,No,No,No,No,No,No,No,No,No,No
153196704,97835274,Caucasian,Female,[60-70),?,1,1,7,2,HM,?,45,0,10,0,0,0,427,493,250,9,,,No,No,No,No,No,No,Steady,No,No,Steady,No,No,No,No,No,No,No,No,No,No,No,No,No,Ch,Yes
153198366,95320629,Caucasian,Male,[60-70),?,3,1,7,2,UN,Surgery-General,9,0,5,0,0,0,427,441,250,5,,,No,No,No,No,No,No,No,Steady,No,No,No,No,No,No,No,No,No,No,No,No,No,No,No,No,Yes
153203340,30533976,Caucasian,Female,[50-60),?,1,1,7,9,MC,Emergency/Trauma,56,2,40,0,0,4,552,250.6,357,9,,,No,No,No,No,No,No,No,No,No,No,No,No,No,No,No,No,No,Down,No,No,No,No,No,Ch,Yes
153210498,91796157,Caucasian,Male,[70-80),?,1,1,7,2,?,InternalMedicine,54,1,5,0,0,1,276,585,535,8,,,No,No,No,No,No,No,No,No,No,No,No,No,No,No,No,No,No,No,No,No,No,No,No,No,No
153213438,45341100,Caucasian,Male,[60-70),?,1,1,7,2,HM,?,18,5,7,0,0,0,414,411,272,5,,,No,No,No,No,No,No,No,No,No,No,No,No,No,No,No,No,No,No,No,No,No,No,No,No,No
153230646,49103100,Caucasian,Male,[70-80),?,1,1,7,4,?,Family/GeneralPractice,73,3,26,1,0,0,428,518,427,9,,,No,No,No,No,No,No,Steady,No,No,No,No,No,No,No,No,No,No,Steady,No,No,No,No,No,Ch,Yes
153233388,89973036,Caucasian,Male,[70-80),?,3,2,1,5,CM,Family/GeneralPractice,69,3,17,1,0,2,428,427,424,9,,,No,No,No,No,No,No,No,No,No,No,No,No,No,No,No,No,No,Up,No,No,No,No,No,Ch,Yes
153234168,23209560,Caucasian,Female,[60-70),?,1,3,5,7,MC,InternalMedicine,43,0,20,0,0,0,250.8,428,293,9,,,No,No,No,No,No,No,No,No,No,No,No,No,No,No,No,No,No,Down,No,No,No,No,No,Ch,Yes
153247890,24161436,Caucasian,Female,[60-70),?,2,1,1,3,BC,InternalMedicine,9,0,19,0,0,0,535,415,496,8,,,Steady,No,No,No,No,No,No,No,No,No,No,No,No,No,No,No,No,Steady,No,No,No,No,No,Ch,Yes
153248304,90449127,Caucasian,Female,[60-70),?,2,6,1,13,?,Cardiology,52,4,13,0,0,0,440,496,250.02,9,,,No,No,No,No,No,No,No,No,No,No,No,No,No,No,No,No,No,No,No,No,No,No,No,No,No
153258894,78180975,AfricanAmerican,Female,[60-70),?,1,22,7,9,?,?,30,0,2,0,0,1,333,425,241,9,,,No,No,No,No,No,No,No,No,No,No,No,No,No,No,No,No,No,Steady,No,No,No,No,No,No,Yes
153259488,102420405,AfricanAmerican,Male,[40-50),?,1,1,7,1,MD,?,29,0,14,0,0,0,411,250.42,250.6,9,,,No,No,No,No,No,No,No,No,No,No,Steady,No,No,No,No,No,No,Down,No,No,No,No,No,Ch,Yes
153260334,84325770,Caucasian,Female,[70-80),?,2,6,1,2,MC,Radiologist,39,2,15,0,0,0,414,401,250.5,6,,,No,No,No,No,No,No,No,No,No,No,No,No,No,No,No,No,No,No,No,No,No,No,No,No,No
153261984,23429817,AfricanAmerican,Male,[70-80),?,2,1,1,5,MC,InternalMedicine,40,0,8,0,0,1,584,596,276,9,,,No,No,No,No,No,No,No,No,No,No,No,No,No,No,No,No,No,No,No,No,No,No,No,No,No
153264426,65654505,AfricanAmerican,Female,[40-50),?,5,6,1,5,MC,?,77,0,16,0,0,0,458,250.02,584,8,,,No,No,No,No,No,No,No,No,No,No,No,No,No,No,No,No,No,Up,No,No,No,No,No,Ch,Yes
153269238,41615262,Caucasian,Female,[70-80),?,3,1,1,2,MC,Cardiology,33,2,10,0,0,2,414,414,413,6,,,No,No,No,No,No,No,No,No,No,No,No,No,No,No,No,No,No,No,No,No,No,No,No,No,No
153272604,46773162,Caucasian,Female,[70-80),?,3,3,1,14,?,Family/GeneralPractice,41,3,37,0,0,0,155,198,197,9,,,Steady,Steady,No,No,No,No,No,No,No,Steady,No,No,No,No,No,No,No,Steady,No,No,No,No,No,Ch,Yes
153272826,57934017,Caucasian,Female,[70-80),?,1,1,7,4,MC,?,61,0,18,0,0,0,428,403,425,9,,,No,No,No,No,No,No,No,No,No,Steady,No,No,No,No,No,No,No,Steady,No,No,No,No,No,Ch,Yes
153273510,4406616,AfricanAmerican,Male,[50-60),?,1,1,7,5,?,InternalMedicine,95,0,25,0,0,0,486,427,276,9,,>7,Steady,No,No,No,No,No,No,No,No,No,No,No,No,No,No,No,No,Steady,No,No,No,No,No,Ch,Yes
153274704,103729131,Caucasian,Male,[70-80),?,2,1,1,4,MC,?,60,0,13,2,0,0,276,496,783,9,,,No,No,No,No,Steady,No,No,No,No,No,No,No,No,No,No,No,No,No,No,No,No,No,No,No,Yes
153274818,59227668,Caucasian,Male,[60-70),?,2,1,1,2,OG,?,37,0,7,0,0,0,198,172,250,5,,,No,No,No,No,No,No,No,Steady,No,No,No,No,No,No,No,No,No,No,No,No,No,No,No,No,Yes
153276096,25228593,AfricanAmerican,Female,[80-90),?,2,2,1,14,MC,InternalMedicine,41,0,17,0,0,1,507,428,427,6,,,No,No,No,No,No,No,No,No,No,No,No,No,No,No,No,No,No,Up,No,No,No,No,No,Ch,Yes
153278502,66056328,Caucasian,Male,[70-80),?,6,1,7,6,?,?,59,0,23,0,0,2,428,491,250.02,6,>300,,Steady,No,No,No,No,No,No,No,No,No,No,No,No,No,No,No,No,Up,No,No,No,No,No,Ch,Yes
153278622,36254268,Caucasian,Male,[50-60),?,5,6,1,13,MC,?,1,1,9,0,0,0,296,780,250,6,,,No,No,No,No,No,No,No,No,No,No,No,No,No,No,No,No,No,No,No,No,No,No,No,No,No
153279078,92506518,AfricanAmerican,Male,[80-90),?,2,11,7,12,MC,Surgery-General,47,0,14,0,0,1,415,197,276,9,,,No,No,No,No,No,No,No,Steady,No,No,Up,No,No,No,No,No,No,Up,No,No,No,No,No,Ch,Yes
153279240,59227803,Caucasian,Male,[70-80),?,1,1,7,3,CM,?,58,1,12,0,0,0,511,496,250,6,,,No,No,No,No,No,No,No,No,No,No,No,No,No,No,No,No,No,No,No,No,No,No,No,No,No
153283224,104428827,Caucasian,Female,[70-80),?,2,1,7,2,OT,Family/GeneralPractice,48,0,15,0,0,0,920,250.82,428,9,,,Steady,No,No,No,No,No,No,Steady,No,No,No,No,No,No,No,No,No,No,No,No,No,No,No,Ch,Yes
153289008,32441454,Hispanic,Male,[40-50),?,2,1,7,4,SP,Emergency/Trauma,60,0,13,0,0,0,38,590,601,7,,,No,No,No,No,No,No,No,No,No,No,No,No,No,No,No,No,No,Steady,No,No,No,No,No,No,Yes
153289290,94320873,Caucasian,Female,[70-80),?,2,22,1,3,?,Orthopedics-Reconstructive,11,1,19,0,0,0,820,599,E849,9,,,No,No,No,No,No,No,No,No,No,No,No,No,No,No,No,No,No,No,No,No,No,No,No,No,No
153291414,94717026,Asian,Female,[60-70),?,2,1,7,1,SP,Family/GeneralPractice,27,0,4,0,0,1,592,592,788,8,,,No,No,No,No,No,No,Steady,No,No,No,No,No,No,No,No,No,No,No,No,No,No,No,No,No,Yes
153292938,85039065,Caucasian,Female,[60-70),?,1,6,7,6,BC,?,65,0,24,0,0,1,682,276,491,9,,,No,No,No,No,No,No,No,Steady,No,No,Steady,No,No,No,No,No,No,No,No,No,No,No,No,Ch,Yes
153297618,75268737,AfricanAmerican,Male,[40-50),?,1,1,7,4,?,?,32,1,9,0,0,3,486,518,403,9,,,No,No,No,No,No,No,No,No,No,No,No,No,No,No,No,No,No,No,No,No,No,No,No,No,No
153297690,99218628,AfricanAmerican,Male,[80-90),?,5,3,1,1,MC,?,43,0,15,0,1,0,435,426,786,8,,,Steady,No,No,No,No,No,No,No,No,No,No,No,No,No,No,No,No,No,No,No,No,No,No,No,Yes
153298398,41704074,Caucasian,Female,[70-80),?,1,1,7,1,SP,?,3,0,7,1,0,0,786,724,285,7,,,No,No,No,No,Steady,No,No,No,No,No,Steady,No,No,No,No,No,No,No,No,No,No,No,No,Ch,Yes
153298524,92919915,AfricanAmerican,Female,[50-60),?,2,1,7,1,BC,Emergency/Trauma,15,0,5,0,1,0,786,401,250,3,,,No,No,No,No,No,No,No,No,No,No,No,No,No,No,No,No,No,No,Steady,No,No,No,No,No,Yes
153298590,96485418,Caucasian,Female,[80-90),?,2,3,7,3,MC,Emergency/Trauma,50,0,9,0,1,2,808,808,808,8,,>8,No,No,No,No,No,No,Up,No,No,No,No,No,No,No,No,No,No,Steady,No,No,No,No,No,Ch,Yes
153298608,43717050,Caucasian,Male,[50-60),?,1,1,7,7,MC,?,10,0,5,0,0,0,997,493,442,9,,,No,No,No,No,No,No,No,No,No,No,No,No,No,No,No,No,No,Steady,No,No,No,No,No,No,Yes
153298716,28360278,Caucasian,Male,[50-60),?,5,1,1,1,SP,?,35,0,14,0,0,0,401,786,414,9,,,No,No,No,No,No,No,No,No,No,No,No,No,No,No,No,No,No,Steady,No,No,No,No,No,No,Yes
153301854,73489932,Caucasian,Male,[70-80),?,1,2,7,14,CM,?,74,2,35,0,1,0,518,428,410,9,,>7,No,No,No,No,No,No,No,No,No,No,No,No,No,No,No,No,No,Steady,No,No,No,No,No,No,Yes
153301914,87104907,Caucasian,Female,[70-80),?,5,3,1,3,MC,?,52,0,14,12,1,0,507,491,428,9,,,No,No,No,No,No,No,No,No,No,No,No,No,No,No,No,No,No,No,No,No,No,No,No,No,No
153301920,98843184,Caucasian,Male,[90-100),?,5,3,1,12,MC,?,45,0,26,1,0,1,410,428,599,9,,,Down,No,No,No,No,No,No,No,No,No,No,No,No,No,No,No,No,Down,No,No,No,No,No,Ch,Yes
153303174,81210069,AfricanAmerican,Male,[40-50),?,1,15,1,7,?,?,46,3,8,0,0,1,276,112,558,6,,,No,No,No,No,No,No,No,No,No,No,No,No,No,No,No,No,No,No,No,No,No,No,No,No,No
153303660,71142228,Other,Male,[50-60),?,1,1,7,8,SP,?,65,3,17,0,0,0,201,581,276,9,,Norm,No,No,No,No,No,No,No,No,No,No,No,No,No,No,No,No,No,No,No,No,No,No,No,No,No
153303894,23303034,AfricanAmerican,Female,[90-100),?,1,11,7,9,MC,InternalMedicine,53,5,41,0,0,2,584,599,263,9,,,No,No,No,No,No,No,No,No,No,No,No,No,No,No,No,No,No,Down,No,No,No,No,No,Ch,Yes
153304518,63824274,Caucasian,Male,[70-80),?,1,11,7,9,?,?,30,0,11,0,0,1,491,428,425,9,,,No,No,No,No,No,No,No,No,No,No,No,No,No,No,No,No,No,Up,No,No,No,No,No,Ch,Yes
153304722,60583914,Caucasian,Female,[60-70),?,3,6,1,5,?,Surgery-Cardiovascular,42,2,18,0,1,0,424,746,518,9,,,No,No,No,No,No,No,No,No,No,No,No,No,No,No,No,No,No,No,No,No,No,No,No,No,No
153305448,25233651,Caucasian,Male,[80-90),?,3,1,1,3,MC,Surgery-Neuro,35,4,29,0,0,0,724,250,716,3,,,Steady,No,No,No,No,No,No,Steady,No,No,No,No,No,No,No,No,No,No,No,No,No,No,No,Ch,Yes
153308940,105895566,Caucasian,Female,[80-90),?,1,2,7,11,MC,?,70,4,31,0,0,0,491,518,428,9,,,No,No,No,No,No,No,No,No,No,No,No,No,No,No,No,No,No,No,No,No,No,No,No,No,No
153309174,105441300,Caucasian,Female,[80-90),[50-75),3,6,1,6,MC,?,36,1,25,0,0,0,996,425,E878,7,,,No,No,No,No,No,No,No,No,No,No,No,No,No,No,No,No,No,Steady,No,No,No,No,No,No,Yes
153310902,80803998,Other,Female,[50-60),[50-75),1,1,7,1,CP,Cardiology,53,0,4,0,0,0,786,401,250,6,,,No,No,No,No,No,No,No,No,No,No,No,No,No,No,No,No,No,No,No,No,No,No,No,No,No
153312546,33202062,Caucasian,Female,[50-60),?,3,1,1,5,UN,Neurology,32,6,25,0,0,0,722,722,727,6,,,No,No,No,No,No,No,No,No,No,No,Steady,No,No,No,No,No,No,No,No,No,No,No,No,No,Yes
153315654,85136535,Caucasian,Male,[70-80),?,1,1,1,1,MC,?,7,3,7,0,0,0,285,571,456,8,,,No,No,No,No,No,No,Steady,No,No,No,No,No,No,No,No,No,No,No,No,No,No,No,No,No,Yes
153323688,50519592,Caucasian,Male,[50-60),?,3,1,1,3,CP,?,33,2,17,0,0,0,726,41,V09,9,,,No,No,No,No,No,No,Steady,No,No,No,Steady,No,No,No,No,No,No,Up,No,No,No,No,No,Ch,Yes
153326154,58104882,Caucasian,Male,[40-50),?,1,6,7,2,MC,?,51,0,6,0,0,0,789,276,428,9,,,No,No,No,No,No,No,No,No,No,No,No,No,No,No,No,No,No,No,No,No,No,No,No,No,No
153334278,25133058,Caucasian,Female,[70-80),?,2,1,1,1,MC,InternalMedicine,46,0,14,0,1,1,428,427,V45,6,,,No,No,No,No,No,No,No,No,No,No,No,No,No,No,No,No,No,Steady,No,No,No,No,No,No,Yes
153341058,24340617,Caucasian,Female,[80-90),?,3,1,1,6,MC,InternalMedicine,40,2,20,0,0,1,537,276,276,5,,,No,No,No,No,No,No,Steady,No,No,No,No,No,No,No,No,No,No,Steady,No,No,No,No,No,Ch,Yes
153343662,105024123,AfricanAmerican,Female,[30-40),?,3,1,1,6,DM,?,44,1,11,2,4,1,242,70,250,5,,,Steady,No,No,No,No,No,No,No,No,No,No,No,No,No,No,No,No,No,No,No,No,No,No,No,Yes
153356706,25035516,AfricanAmerican,Female,[70-80),?,3,1,1,1,MC,Cardiology,31,0,13,0,0,1,410,414,250,4,,,No,No,No,No,No,No,No,No,No,No,No,No,No,No,No,No,No,Steady,No,No,No,No,No,No,Yes
153358314,71927532,Caucasian,Male,[70-80),?,1,2,7,1,CM,Cardiology,56,1,8,0,0,1,998,322,401,4,,,No,No,No,No,No,No,No,No,No,No,No,No,No,No,No,No,No,No,No,No,No,No,No,No,No
153358764,43790481,Caucasian,Male,[30-40),?,3,1,1,8,MD,Surgery-General,62,2,28,0,0,0,574,401,250,5,,,No,No,No,No,No,No,No,No,No,No,No,No,No,No,No,No,No,Down,No,No,No,No,No,Ch,Yes
153358794,112281156,Asian,Female,[70-80),?,3,1,1,2,MD,Family/GeneralPractice,54,1,9,0,1,1,780,276,250,7,,,No,No,No,No,No,No,No,Steady,No,No,No,No,No,No,No,No,No,No,No,No,No,No,No,No,Yes
153358908,84309129,Caucasian,Female,[60-70),?,1,2,7,1,MC,?,46,3,19,2,0,0,414,496,401,9,,,No,No,No,No,No,No,Steady,No,No,No,No,No,No,No,No,No,No,No,No,No,No,No,No,No,Yes
153360306,23576238,AfricanAmerican,Male,[80-90),?,1,3,7,6,MC,InternalMedicine,40,0,11,0,0,0,780,437,562,6,,,Steady,No,No,No,No,No,No,No,No,No,No,No,No,No,No,No,No,No,No,No,No,No,No,No,Yes
153360810,89807616,Caucasian,Female,[70-80),?,2,1,7,1,MC,Emergency/Trauma,25,0,13,0,0,0,780,599,276,6,,,No,No,No,No,No,No,No,No,No,No,No,No,No,No,No,No,No,Up,No,No,No,No,No,Ch,Yes
153368106,24093873,AfricanAmerican,Female,[80-90),?,1,1,7,3,?,InternalMedicine,43,0,10,0,0,0,786,276,433,7,,,Steady,No,No,No,No,No,No,No,No,No,No,No,No,No,No,No,No,No,No,No,No,No,No,No,Yes
153369444,24934032,AfricanAmerican,Male,[80-90),?,1,11,7,1,MC,InternalMedicine,51,2,12,0,0,0,584,410,599,9,,,No,No,No,No,No,No,No,No,No,No,No,No,No,No,No,No,No,Up,No,No,No,No,No,Ch,Yes
153371508,56065779,AfricanAmerican,Female,[50-60),?,3,1,4,4,OG,Radiologist,18,6,13,0,0,0,410,305,250.01,9,,,No,No,No,No,No,No,No,No,No,No,No,No,No,No,No,No,No,No,No,No,No,No,No,No,No
153374202,105878223,Caucasian,Male,[80-90),[75-100),1,1,6,6,MC,Cardiology,68,2,24,0,0,4,428,414,427,9,,,No,No,No,No,No,No,No,No,No,No,No,No,No,No,No,No,No,No,No,No,No,No,No,No,No
153379140,61772949,Caucasian,Female,[70-80),?,1,1,7,2,?,?,36,0,16,0,0,1,574,428,428,9,,,No,No,No,No,Steady,No,No,No,No,No,No,No,No,No,No,No,No,Up,No,No,No,No,No,Ch,Yes
153383322,58585113,AfricanAmerican,Male,[60-70),?,1,1,7,11,MC,?,16,2,5,0,0,0,721,496,276,9,,,No,No,No,No,No,No,No,No,No,No,No,No,No,No,No,No,No,No,No,No,No,No,No,No,No
153387636,52035903,Caucasian,Male,[60-70),?,2,6,1,7,?,Cardiology,38,0,8,0,0,5,428,250.01,428,9,,,No,No,No,No,No,No,No,No,No,No,No,No,No,No,No,No,No,No,No,No,No,No,No,No,No
153388590,41346216,Caucasian,Female,[80-90),?,1,22,7,12,MC,?,56,1,16,0,0,2,531,532,562,8,,,No,No,No,No,No,No,No,No,No,No,No,No,No,No,No,No,No,No,No,No,No,No,No,No,No
153388956,32667201,Caucasian,Male,[70-80),?,1,13,7,2,MC,?,40,0,23,0,0,1,404,491,425,9,,,No,No,No,No,Steady,No,No,No,No,No,No,No,No,No,No,No,No,Steady,No,No,No,No,No,Ch,Yes
153390162,86447799,Caucasian,Female,[50-60),?,2,1,1,3,HM,?,58,0,21,1,1,0,428,788,276,9,,,Steady,No,No,No,No,No,Steady,No,No,No,No,No,No,No,No,No,No,No,No,No,No,No,No,Ch,Yes
153392256,28158219,AfricanAmerican,Female,[80-90),?,1,1,7,4,?,?,39,2,11,0,0,0,599,560,285,9,,,No,No,No,No,No,No,No,No,No,No,No,No,No,No,No,No,No,Steady,No,No,No,No,No,No,Yes
153394068,82218582,Caucasian,Female,[70-80),[75-100),2,1,1,4,MC,Surgery-General,57,1,15,0,0,0,574,428,496,9,,,No,No,No,No,No,No,No,No,No,No,No,No,No,No,No,No,No,No,No,No,No,No,No,No,No
153394602,85484196,Caucasian,Male,[60-70),?,2,1,1,2,CP,?,30,1,26,1,0,0,607,275,401,7,,,Steady,No,No,No,No,No,No,No,No,Steady,No,No,No,No,No,No,No,No,No,No,No,No,No,Ch,Yes
153398064,55557171,Caucasian,Male,[40-50),?,1,1,1,7,?,?,57,0,15,0,0,0,250.02,276,295,7,,,Steady,No,No,No,No,No,No,No,No,No,Steady,No,No,No,No,No,No,Down,No,No,No,No,No,Ch,Yes
153400128,92532465,Caucasian,Male,[40-50),?,2,1,7,3,SP,Surgery-General,57,0,15,0,0,0,518,278,277,9,,,Steady,No,No,No,Steady,No,No,No,No,No,No,No,No,No,No,No,No,Up,No,No,No,No,No,Ch,Yes
153401760,102251475,Caucasian,Male,[60-70),?,3,2,1,7,BC,Psychology,43,0,24,1,0,1,296,820,959,9,,>7,Steady,Steady,No,No,No,No,No,No,No,No,Steady,No,No,No,No,No,No,Up,No,No,No,No,No,Ch,Yes
153402462,106805349,Asian,Male,[70-80),?,2,22,1,4,MC,Pulmonology,35,0,15,2,0,2,427,428,578,9,,,No,No,No,No,No,No,No,No,No,No,No,No,No,No,No,No,No,No,No,No,No,No,No,No,No
153402954,92708118,Caucasian,Male,[40-50),?,2,1,7,1,HM,Emergency/Trauma,40,0,3,0,0,0,584,276,276,6,,Norm,No,No,No,No,No,No,No,No,No,No,No,No,No,No,No,No,No,No,No,No,No,No,No,No,No
153403926,100322946,Hispanic,Male,[50-60),?,2,1,7,1,BC,Emergency/Trauma,11,3,5,0,0,0,794,786,250,3,,,No,No,No,No,No,No,No,No,No,No,No,No,No,No,No,No,No,Steady,No,No,No,No,No,No,Yes
153404142,96352425,AfricanAmerican,Male,[70-80),?,1,1,7,5,?,InternalMedicine,48,5,22,0,0,0,414,411,305,8,,Norm,No,No,No,No,No,No,No,No,No,No,No,No,No,No,No,No,No,Up,No,No,No,No,No,Ch,Yes
153404436,44948682,Caucasian,Male,[20-30),?,1,1,7,3,OG,?,34,1,7,0,0,0,540,250,V58,4,,,No,No,No,No,No,No,No,No,No,No,No,No,No,No,No,No,No,No,No,No,No,No,No,No,No
153404496,104126247,Caucasian,Male,[60-70),?,2,1,7,14,SP,Emergency/Trauma,89,0,25,0,0,1,491,250.01,427,9,,,No,No,No,No,No,No,No,No,No,No,No,No,No,No,No,No,No,Down,No,No,No,No,No,Ch,Yes
153406326,34628679,Caucasian,Female,[50-60),?,1,3,7,2,MC,?,40,1,26,0,0,2,780,511,785,9,,,No,No,No,No,No,No,No,No,No,No,No,No,No,No,No,No,No,Steady,No,No,No,No,No,No,Yes
153406812,86383323,Caucasian,Male,[70-80),?,1,3,7,4,MC,?,42,0,7,0,0,1,434,427,428,9,,,No,No,No,No,No,No,No,No,No,No,No,No,No,No,No,No,No,No,No,No,No,No,No,No,No
153407064,98544690,Caucasian,Female,[40-50),?,2,1,1,4,HM,?,58,1,10,1,0,0,998,286,286,8,,,No,No,No,No,No,No,No,No,No,No,No,No,No,No,No,No,No,No,No,No,No,No,No,No,No
153407214,91475937,Caucasian,Female,[80-90),?,1,3,7,13,MC,?,88,3,32,0,0,0,153,196,599,9,,,No,No,No,No,No,No,No,No,No,No,No,No,No,No,No,No,No,No,No,No,No,No,No,No,No
153408174,107768889,Caucasian,Male,[50-60),?,2,2,7,4,MD,Surgery-General,54,4,19,0,5,4,410,780,201,9,,,No,No,No,No,No,No,No,No,No,No,No,No,No,No,No,No,No,Down,No,No,No,No,No,Ch,Yes
153408228,76285233,Caucasian,Female,[80-90),?,1,4,1,5,?,?,53,2,24,0,0,0,276,616,286,9,,,No,No,No,No,Steady,No,No,No,No,No,Steady,No,No,No,No,No,No,Steady,No,No,No,No,No,Ch,Yes
153408480,22003884,Caucasian,Female,[80-90),?,6,1,17,4,?,Orthopedics-Reconstructive,25,1,28,0,0,0,996,250,401,9,,,Steady,No,No,No,No,No,No,No,No,No,No,No,No,No,No,No,No,No,No,No,No,No,No,No,Yes
153409842,57959928,Caucasian,Male,[70-80),?,1,3,7,4,MC,?,57,2,17,0,0,0,532,285,414,9,,,No,No,No,No,Steady,No,No,No,No,No,Steady,No,No,No,No,No,No,Steady,No,No,No,No,No,Ch,Yes
153410052,103310973,Caucasian,Male,[70-80),?,2,1,7,7,MC,Emergency/Trauma,54,0,14,0,0,0,562,250,600,6,,,No,No,No,No,No,No,No,No,No,No,No,No,No,No,No,No,No,Up,No,No,No,No,No,Ch,Yes
153410382,90486387,Caucasian,Female,[90-100),?,1,6,7,5,HM,?,46,0,15,1,0,0,410,427,428,9,,,No,No,No,No,No,No,No,Steady,No,No,No,No,No,No,No,No,No,No,No,No,No,No,No,No,Yes
153411714,42698403,Caucasian,Female,[50-60),?,1,1,7,1,SP,?,42,0,17,0,0,0,514,250.4,583,5,,,No,No,No,No,No,No,No,No,No,No,No,No,No,No,No,No,No,Steady,No,No,No,No,No,No,Yes
153412296,84559347,AfricanAmerican,Female,[40-50),?,2,1,1,1,HM,?,47,0,8,0,0,0,786,401,250,5,,Norm,No,No,No,No,No,No,No,No,No,No,No,No,No,No,No,No,No,No,No,No,No,No,No,No,No
153412614,32195718,Caucasian,Female,[80-90),?,2,3,7,2,SP,Emergency/Trauma,48,3,7,0,0,1,805,805,599,9,,,No,No,No,No,No,No,No,No,No,No,No,No,No,No,No,No,No,No,No,No,No,No,No,No,No
153412980,84924720,Caucasian,Female,[50-60),?,1,1,7,5,HM,?,48,0,20,0,0,0,786,413,414,9,,,No,No,No,No,No,No,No,No,No,No,Steady,No,No,No,No,No,No,No,No,No,No,No,No,No,Yes
153414024,90901845,Caucasian,Male,[70-80),?,1,1,7,6,?,?,35,5,15,0,0,0,410,569,280,9,,,No,No,No,No,No,No,No,No,No,No,No,No,No,No,No,No,No,No,No,No,No,No,No,No,No
153414258,59231862,Caucasian,Female,[60-70),?,1,6,7,5,HM,?,70,6,31,0,0,0,410,518,428,9,,,No,No,No,No,No,No,No,No,No,No,No,No,No,No,No,No,No,Steady,No,No,No,No,No,No,Yes
153415674,31233519,Caucasian,Male,[50-60),?,1,1,7,3,CP,?,39,0,20,0,0,0,434,682,428,9,,>8,Steady,No,No,No,No,No,Steady,No,No,No,Steady,No,No,No,No,No,No,No,No,No,No,No,No,Ch,Yes
153416340,41921316,Caucasian,Female,[50-60),?,1,1,7,3,SP,?,53,0,11,0,0,0,250.02,276,428,8,,>8,Steady,No,No,No,No,No,No,No,No,No,No,No,No,No,No,No,No,Up,Steady,No,No,No,No,Ch,Yes
153416976,90693081,Caucasian,Male,[60-70),?,1,3,7,4,MC,?,48,0,8,0,0,0,486,496,250,9,,,No,No,No,No,No,No,No,No,No,No,No,No,No,No,No,No,No,No,No,No,No,No,No,No,No
153417060,24237441,AfricanAmerican,Male,[70-80),?,1,1,7,2,MC,Nephrology,40,0,14,0,0,0,38,995,250,5,,,No,No,No,No,No,No,No,No,No,No,No,No,No,No,No,No,No,No,No,No,No,No,No,No,No
153417996,89079975,Caucasian,Female,[70-80),?,2,1,7,1,MC,Emergency/Trauma,61,0,13,0,1,1,786,427,V45,9,,,No,No,No,No,No,No,No,No,No,No,No,No,No,No,No,No,No,Steady,No,No,No,No,No,No,Yes
153418218,104185458,Caucasian,Female,[70-80),?,3,6,1,12,MC,?,46,4,26,2,0,1,440,997,E878,9,,,No,No,No,No,No,No,No,No,No,No,No,No,No,No,No,No,No,No,No,No,No,No,No,No,No
153418326,36248976,AfricanAmerican,Male,[70-80),?,1,6,7,8,?,?,68,5,40,0,0,0,410,402,428,9,,,Steady,No,No,No,No,No,Steady,No,No,No,Steady,No,No,No,No,No,No,No,No,No,No,No,No,Ch,Yes
153418464,41670747,Caucasian,Female,[70-80),?,1,1,7,1,MC,?,46,0,13,0,0,0,428,424,427,6,,,No,No,No,No,No,No,Steady,No,No,No,No,No,No,No,No,No,No,No,No,No,No,No,No,No,Yes
153421464,59303943,Caucasian,Female,[50-60),?,3,6,1,5,WC,Orthopedics,50,1,18,0,0,0,715,250,V58,8,,,No,No,No,No,No,No,No,No,No,No,Steady,No,No,No,No,No,No,No,No,No,No,No,No,No,Yes
153438588,23512311,AfricanAmerican,Female,[30-40),?,3,1,1,3,MC,Surgery-General,40,1,30,0,0,0,278,250,401,3,,,No,No,No,No,No,No,No,No,No,No,No,No,No,No,No,No,No,No,No,No,No,No,No,No,No
153442416,60653889,AfricanAmerican,Male,[70-80),?,3,23,1,14,?,Surgery-Vascular,37,5,25,0,0,0,440,996,444,8,,,No,No,No,No,No,No,No,No,No,No,No,No,No,No,No,No,No,No,No,No,No,No,No,No,No
153443106,25241166,AfricanAmerican,Female,[60-70),?,3,1,1,1,MC,Cardiology,29,6,20,0,0,0,414,250,272,5,,,No,No,No,No,No,No,No,No,No,No,No,No,No,No,No,No,No,Up,No,No,No,No,No,Ch,Yes
153464970,94012839,Caucasian,Female,[90-100),?,2,3,1,8,MC,Family/GeneralPractice,66,4,20,0,0,1,453,427,428,9,,,No,Steady,No,No,No,No,Steady,No,No,No,No,No,No,No,No,No,No,Down,No,No,No,No,No,Ch,Yes
153466446,89387631,Caucasian,Female,[60-70),?,5,1,1,1,MD,?,41,0,12,0,0,0,786,250.02,295,8,,>8,No,No,No,No,No,No,No,No,No,No,No,No,No,No,No,No,No,Steady,No,No,No,No,No,No,Yes
153469914,24115563,Caucasian,Male,[70-80),?,1,1,7,1,MC,InternalMedicine,43,0,1,0,0,1,562,780,250,4,,,No,No,No,No,No,No,No,No,No,No,No,No,No,No,No,No,No,No,No,No,No,No,No,No,No
153479256,23320953,AfricanAmerican,Female,[80-90),?,1,6,7,2,MC,InternalMedicine,43,0,7,0,2,2,427,294,250,4,,,No,No,No,No,No,No,No,No,No,No,No,No,No,No,No,No,No,No,No,No,No,No,No,No,No
153480936,89622648,AfricanAmerican,Female,[80-90),?,1,1,7,1,MC,?,60,0,5,0,0,0,786,242,276,9,,Norm,No,No,No,No,No,No,No,No,No,No,No,No,No,No,No,No,No,No,No,No,No,No,No,No,No
153482892,65338263,Caucasian,Male,[50-60),?,3,2,1,5,?,InternalMedicine,43,3,16,0,0,0,V57,198,189,9,,,Steady,No,No,No,No,No,No,Steady,No,No,Steady,No,No,No,No,No,No,No,No,No,No,No,No,Ch,Yes
153488364,41381793,Caucasian,Female,[70-80),?,3,1,1,3,MC,?,19,1,10,0,0,0,562,250,?,2,,,No,No,No,No,No,No,No,No,No,No,No,No,No,No,No,No,No,No,No,No,No,No,No,No,No
153488904,60987717,AfricanAmerican,Female,[70-80),?,2,1,1,3,?,InternalMedicine,9,0,11,1,0,1,276,276,401,4,,,No,No,No,No,No,No,No,No,No,No,No,No,No,No,No,No,No,Steady,No,No,No,No,No,No,Yes
153489792,62154153,Caucasian,Male,[70-80),?,2,6,1,4,?,Surgery-Cardiovascular,31,0,22,0,0,0,998,428,414,6,,,No,No,No,No,No,No,No,No,No,No,No,No,No,No,No,No,No,Down,No,No,No,No,No,Ch,Yes
153490458,58118535,Caucasian,Female,[70-80),?,1,1,7,3,CM,?,34,0,12,0,0,0,569,599,280,9,,,No,No,No,No,No,No,No,No,No,No,No,No,No,No,No,No,No,No,No,No,No,No,No,No,No
153490914,78246351,Caucasian,Female,[60-70),?,2,1,1,4,?,Cardiology,47,5,25,0,0,0,414,411,496,9,,,Steady,No,No,No,No,No,No,No,No,No,No,No,No,No,No,No,No,No,No,No,No,No,No,No,Yes
153491400,93865599,Caucasian,Female,[90-100),?,2,3,7,6,MC,Emergency/Trauma,40,2,14,0,0,0,569,569,244,9,,,No,No,No,No,No,No,No,No,No,No,No,No,No,No,No,No,No,No,No,No,No,No,No,No,No
153491898,95414868,AfricanAmerican,Female,[60-70),?,2,1,1,4,?,Nephrology,40,2,21,0,0,0,250.4,403,428,9,,,No,No,No,No,No,No,No,No,No,No,No,No,No,No,No,No,No,Up,No,No,No,No,No,Ch,Yes
153493776,88692750,Caucasian,Female,[30-40),?,2,1,7,5,MD,Emergency/Trauma,76,0,21,4,4,4,486,403,276,9,,,No,No,No,No,No,No,No,No,No,No,No,No,No,No,No,No,No,Down,No,No,No,No,No,Ch,Yes
153494256,97830666,Caucasian,Female,[80-90),?,1,1,7,2,MC,?,4,0,1,0,0,0,435,515,242,7,,,No,No,No,No,No,No,No,No,No,No,No,No,No,No,No,No,No,No,No,No,No,No,No,No,No
153495102,81292158,Caucasian,Female,[80-90),?,1,1,7,4,?,InternalMedicine,64,2,24,0,1,2,427,403,428,9,,Norm,No,No,No,No,No,No,No,No,No,No,No,No,No,No,No,No,No,No,No,No,No,No,No,No,No
153497478,92423439,AfricanAmerican,Female,[40-50),?,1,1,7,2,OT,?,17,0,5,1,0,0,346,250,401,5,,Norm,Steady,No,No,No,No,No,No,No,No,No,Steady,No,No,No,No,No,No,No,No,No,No,No,No,Ch,Yes
153498534,93299553,AfricanAmerican,Male,[40-50),?,2,1,7,1,MD,Emergency/Trauma,29,0,19,1,4,3,250.02,428,496,6,,,Steady,No,No,No,No,No,No,No,No,No,Steady,No,No,No,No,No,No,Down,No,No,No,No,No,Ch,Yes
153499458,43717050,Caucasian,Male,[50-60),?,3,1,1,5,SP,?,32,1,35,0,0,1,997,493,442,9,,,No,No,No,No,No,No,No,No,No,No,No,Steady,No,No,No,No,No,Down,No,No,No,No,No,Ch,Yes
153499530,1869426,Caucasian,Female,[80-90),?,2,1,1,1,?,?,14,0,12,0,2,1,578,493,250,9,,,No,No,No,No,No,No,No,No,No,No,No,No,No,No,No,No,No,Steady,No,No,No,No,No,No,Yes
153500892,95958027,Caucasian,Female,[80-90),?,2,3,7,4,MC,Emergency/Trauma,39,0,6,0,1,1,250.8,427,272,4,,,No,Steady,No,No,No,No,No,Steady,No,No,No,No,No,No,No,No,No,Steady,No,No,No,No,No,Ch,Yes
153501624,41744394,Caucasian,Male,[70-80),?,1,6,7,3,MC,?,35,0,23,0,0,4,428,780,V15,9,,,No,No,No,No,No,No,Steady,No,No,Steady,No,No,No,No,No,No,No,Steady,No,No,No,No,No,Ch,Yes
153502404,102869604,Caucasian,Female,[50-60),?,2,1,7,5,SP,Emergency/Trauma,57,0,15,0,1,1,491,112,786,7,,,No,No,No,No,Steady,No,No,No,No,No,Steady,No,No,No,No,No,No,Up,No,No,No,No,No,Ch,Yes
153502992,45604485,Caucasian,Female,[30-40),?,1,2,7,2,?,?,49,0,13,0,0,3,996,584,250.6,9,,,No,No,No,No,No,No,No,No,No,No,No,No,No,No,No,No,No,No,No,No,No,No,No,No,No
153503718,56271726,AfricanAmerican,Male,[50-60),?,1,1,7,3,DM,?,6,0,8,0,0,0,786,785,401,6,,Norm,No,No,No,No,No,No,No,No,No,No,No,No,No,No,No,No,No,No,No,No,No,No,No,No,No
153504102,31064490,Caucasian,Female,[70-80),?,5,6,1,3,MC,?,51,0,12,0,0,0,965,780,E850,9,,Norm,Steady,No,No,No,No,No,No,No,No,No,No,No,No,No,No,No,No,No,No,No,No,No,No,No,Yes
153504444,37595970,Caucasian,Female,[70-80),?,2,3,7,11,MD,Emergency/Trauma,77,1,14,0,0,3,486,276,780,9,,,No,No,No,No,No,No,No,No,No,No,No,No,No,No,No,No,No,Down,No,No,No,No,No,Ch,Yes
153506736,89709336,Other,Male,[50-60),?,2,1,1,2,?,Family/GeneralPractice,42,3,14,1,0,0,535,599,789,9,,,No,No,No,No,No,No,Steady,No,No,No,No,No,No,No,No,No,No,Steady,No,No,No,No,No,Ch,Yes
153507306,90374067,Caucasian,Female,[70-80),?,2,1,7,4,MC,Emergency/Trauma,33,0,6,1,1,1,250.8,401,414,7,,,No,No,No,No,No,No,Steady,No,No,No,No,No,No,No,No,No,No,Steady,No,No,No,No,No,Ch,Yes
153508626,95180184,Caucasian,Female,[80-90),?,2,3,7,6,MC,Emergency/Trauma,64,1,16,2,0,2,8,276,428,9,,,No,No,No,No,No,No,No,No,No,No,No,No,No,No,No,No,No,Down,No,No,No,No,No,Ch,Yes
153508638,56139264,AfricanAmerican,Female,[50-60),?,2,1,1,11,?,Psychiatry,42,0,15,0,0,0,295,780,250,5,,,No,No,No,No,Steady,No,No,No,No,No,No,No,No,No,No,No,No,No,No,No,No,No,No,No,Yes
153509460,69555843,Caucasian,Female,[60-70),?,1,3,7,7,MC,?,39,0,35,1,0,0,427,496,250.6,9,,,No,No,No,No,No,No,No,Steady,No,No,No,No,No,No,No,No,No,Up,No,No,No,No,No,Ch,Yes
153511548,61940700,AfricanAmerican,Female,[70-80),?,1,1,7,5,?,?,53,0,14,1,0,0,414,413,428,9,,,Steady,No,No,No,No,No,Steady,No,No,No,No,No,No,No,No,No,No,Steady,No,No,No,No,No,Ch,Yes
153512622,59235246,AfricanAmerican,Male,[40-50),?,1,1,7,4,MC,?,54,0,7,0,0,0,250.12,345,530,4,,,Steady,No,No,No,No,No,No,Down,No,Steady,No,No,No,No,No,No,No,Steady,No,No,No,No,No,Ch,Yes
153513648,12105468,AfricanAmerican,Male,[50-60),?,1,1,7,4,DM,Cardiology,68,1,22,0,0,2,682,428,584,9,,Norm,No,No,No,No,No,No,No,No,No,No,No,No,No,No,No,No,No,Steady,No,No,No,No,No,No,Yes
153513966,54400698,Caucasian,Female,[0-10),?,1,11,7,7,?,?,86,3,34,0,0,0,250.31,518,434,8,,,No,No,No,No,No,No,No,No,No,No,No,No,No,No,No,No,No,Steady,No,No,No,No,No,No,Yes
153515400,107056692,AfricanAmerican,Male,[30-40),?,1,6,7,3,MC,?,54,2,13,0,0,0,726,707,726,7,,,No,No,No,No,No,No,Steady,No,No,No,No,No,No,No,No,No,No,No,No,No,No,No,No,No,Yes
153515424,41722155,Caucasian,Female,[80-90),?,1,23,7,1,MD,?,55,0,13,1,0,0,250.8,401,?,2,,,No,No,No,No,No,No,No,No,No,No,No,No,No,No,No,No,No,Down,No,No,No,No,No,Ch,Yes
153516132,95375223,AfricanAmerican,Male,[50-60),?,1,3,7,6,MD,?,36,2,22,0,0,0,403,584,511,9,,,No,No,No,No,No,No,No,No,No,No,No,No,No,No,No,No,No,Steady,No,No,No,No,No,No,Yes
153516702,41564862,Caucasian,Female,[40-50),?,1,1,7,1,BC,?,10,0,10,2,0,2,428,571,305,5,,,Steady,No,No,No,Steady,No,No,No,No,No,No,No,No,No,No,No,No,No,No,No,No,No,No,Ch,Yes
153517362,59315292,?,Male,[50-60),?,2,1,4,3,MD,?,9,1,3,0,0,0,250.6,378,374,9,,,No,No,No,No,No,No,No,No,No,No,Steady,No,No,No,No,No,No,Steady,No,No,No,No,No,Ch,Yes
153530742,78275943,Caucasian,Female,[70-80),?,1,1,7,2,MC,?,10,0,11,0,0,0,53,276,255,9,,,No,No,No,No,No,No,No,No,No,No,No,No,No,No,No,No,No,Steady,No,No,No,No,No,No,Yes
153534138,111023406,Caucasian,Male,[60-70),[75-100),2,3,1,7,MC,?,54,4,15,0,0,2,997,682,707,9,,,No,No,No,No,Steady,No,No,No,No,No,No,No,No,No,No,No,No,No,No,No,No,No,No,No,Yes
153534588,23472009,Caucasian,Male,[60-70),?,1,1,7,3,MC,Family/GeneralPractice,45,3,17,0,0,0,532,41,211,9,,,No,No,No,No,No,No,No,No,No,No,No,No,No,No,No,No,No,Down,No,No,No,No,No,Ch,Yes
153539370,100539243,AfricanAmerican,Male,[40-50),?,1,7,7,2,?,?,42,0,16,0,0,1,802,401,250,3,,,No,No,No,No,No,No,No,No,No,No,No,No,No,No,No,No,No,No,No,No,No,No,No,No,No
153542310,52743015,Caucasian,Male,[50-60),?,1,6,7,6,?,InternalMedicine,85,0,25,0,0,0,428,493,250.02,9,,,Down,No,No,No,No,No,No,No,No,No,No,No,No,No,No,No,No,Down,No,No,No,No,No,Ch,Yes
153542376,100571814,AfricanAmerican,Female,[60-70),?,1,1,7,3,?,?,55,0,17,0,0,0,434,276,584,9,,,No,No,No,No,No,No,Steady,No,No,No,No,No,No,No,No,No,No,Steady,No,No,No,No,No,Ch,Yes
153542622,35846991,AfricanAmerican,Male,[70-80),?,1,3,7,4,MC,?,29,0,5,0,0,0,434,342,784,9,,,No,No,No,No,No,No,No,No,No,No,No,No,No,No,No,No,No,No,No,No,No,No,No,No,No
153543096,27727578,AfricanAmerican,Male,[60-70),?,2,1,7,2,MD,Emergency/Trauma,28,0,8,0,0,1,250.6,337,458,9,,,No,No,Steady,No,No,No,No,No,No,No,No,No,No,No,No,No,No,No,No,No,No,No,No,No,Yes
153543156,78447222,Caucasian,Male,[50-60),?,1,1,7,2,?,?,38,0,12,1,0,1,780,413,250.01,6,,,Steady,No,No,No,No,No,No,No,No,No,No,No,No,No,No,No,No,No,No,No,No,No,No,No,Yes
153543270,85609008,Caucasian,Female,[80-90),?,1,3,7,5,MC,?,74,0,16,0,0,0,428,599,414,8,,,No,No,No,No,No,No,No,No,No,No,Steady,No,No,No,No,No,No,No,No,No,No,No,No,No,Yes
153543708,93151035,Caucasian,Female,[40-50),?,2,6,7,13,MD,Emergency/Trauma,40,1,17,0,1,0,682,250.02,459,8,,>8,Steady,No,No,No,No,No,Steady,No,No,No,No,No,No,No,No,No,No,Down,No,No,No,No,No,Ch,Yes
153543816,91287567,Caucasian,Female,[70-80),?,3,1,4,3,MC,Family/GeneralPractice,6,0,18,0,0,0,599,276,250,9,,,No,No,No,No,No,No,No,Down,No,No,No,No,No,No,No,No,No,No,No,No,No,No,No,Ch,Yes
153544362,95649363,Caucasian,Male,[80-90),?,1,1,7,3,MC,?,9,3,15,0,0,0,410,427,401,9,,,No,No,No,No,No,No,No,No,No,No,No,No,No,No,No,No,No,Down,No,No,No,No,No,Ch,Yes
153545706,59227668,Caucasian,Male,[60-70),?,1,6,7,11,OG,?,36,1,6,0,0,1,198,172,250,5,,,Steady,No,No,No,No,No,No,Up,No,No,No,No,No,No,No,No,No,No,No,No,No,No,No,Ch,Yes
153547266,88410879,AfricanAmerican,Male,[70-80),?,1,1,7,9,MC,?,4,2,15,0,0,1,401,564,250,9,,,Steady,No,No,No,No,No,No,No,No,No,No,No,No,No,No,No,No,No,No,No,No,No,No,No,Yes
153547410,87707115,Caucasian,Male,[70-80),?,1,3,7,6,MC,Emergency/Trauma,40,1,18,0,1,3,682,276,250,9,,,No,No,No,No,No,No,No,No,No,No,No,No,No,No,No,No,No,Steady,No,No,No,No,No,No,Yes
153547482,104138541,Caucasian,Female,[80-90),?,2,3,7,5,MC,Emergency/Trauma,57,1,18,0,1,2,431,458,784,9,,,No,Steady,No,No,No,No,No,No,No,No,No,No,No,No,No,No,No,Down,No,No,No,No,No,Ch,Yes
153547716,103201398,AfricanAmerican,Female,[30-40),?,2,1,7,6,SP,Emergency/Trauma,70,0,12,0,0,0,250.11,276,493,8,,>8,No,No,No,No,No,No,No,No,No,No,No,No,No,No,No,No,No,Down,No,No,No,No,No,Ch,Yes
153548118,100573605,Caucasian,Female,[70-80),?,1,1,7,1,?,?,43,0,6,0,0,0,351,284,401,7,,,No,No,No,No,No,No,No,No,No,No,Steady,No,No,No,No,No,No,No,No,No,No,No,No,No,Yes
153548706,55050732,Caucasian,Male,[60-70),?,1,4,7,4,?,?,64,0,11,0,0,0,276,305,250,7,,,Steady,No,No,No,No,No,No,No,No,No,No,No,No,No,No,No,No,No,No,No,No,No,No,No,Yes
153548964,73923876,Caucasian,Female,[80-90),?,1,3,7,6,MC,InternalMedicine,33,0,9,0,0,0,434,250.02,293,5,,,No,No,No,No,No,No,Steady,No,No,No,No,No,No,No,No,No,No,Steady,No,No,No,No,No,Ch,Yes
153549132,86537070,Caucasian,Male,[50-60),?,6,1,7,3,?,InternalMedicine,75,0,8,0,0,2,572,571,V42,6,>200,,No,No,No,No,No,No,No,Steady,No,No,No,No,No,No,No,No,No,Steady,No,No,No,No,No,Ch,Yes
153549282,71195022,AfricanAmerican,Female,[60-70),?,1,11,7,1,MC,?,61,4,15,0,0,0,430,427,570,9,,,No,No,No,No,No,No,No,No,No,No,No,No,No,No,No,No,No,Down,No,No,No,No,No,Ch,Yes
153549354,92243403,Caucasian,Female,[60-70),?,5,6,1,5,MC,?,61,0,14,0,0,1,288,162,276,9,,,No,No,No,No,No,No,No,No,No,No,No,No,No,No,No,No,No,Up,No,No,No,No,No,Ch,Yes
153549780,45574155,Caucasian,Male,[90-100),?,1,11,7,2,?,?,53,2,18,0,0,0,410,428,428,9,,,No,No,No,No,No,No,No,Steady,No,No,No,No,No,No,No,No,No,Steady,No,No,No,No,No,Ch,Yes
153550272,90527256,Caucasian,Female,[70-80),?,2,5,7,3,MC,Emergency/Trauma,42,1,10,0,1,1,276,196,198,9,,,No,No,No,No,No,No,No,No,No,No,No,No,No,No,No,No,No,Up,No,No,No,No,No,Ch,Yes
153550662,84430710,Caucasian,Male,[60-70),?,1,1,7,4,MC,?,60,0,10,0,0,0,491,428,250,5,,,No,No,No,No,No,No,Steady,No,No,No,No,No,No,No,No,No,No,No,No,No,No,No,No,No,Yes
153551244,24053895,Caucasian,Female,[40-50),?,1,1,7,2,MC,InternalMedicine,49,0,20,0,1,1,250.12,276,276,9,,>8,No,No,No,No,No,No,No,No,No,No,No,No,No,No,No,No,No,Down,No,No,No,No,No,Ch,Yes
153551904,55986678,Caucasian,Female,[50-60),?,5,1,1,7,HM,?,55,6,31,0,0,0,614,518,38,9,,,No,No,No,No,No,No,Steady,No,No,No,Steady,No,No,No,No,No,No,Up,No,No,No,No,No,Ch,Yes
153552600,107250282,AfricanAmerican,Female,[30-40),?,2,1,7,3,SP,Emergency/Trauma,55,2,8,0,0,0,435,276,242,9,,Norm,No,No,No,No,No,No,No,No,No,No,No,No,No,No,No,No,No,No,No,No,No,No,No,No,No
153554172,38557224,AfricanAmerican,Female,[50-60),?,1,1,7,1,?,?,43,0,16,0,1,0,786,250.01,493,4,,,No,No,No,No,No,No,No,No,No,No,No,No,No,No,No,No,No,Down,No,No,No,No,No,Ch,Yes
153554490,70162488,AfricanAmerican,Female,[40-50),?,1,1,1,1,?,?,34,0,8,0,0,0,493,401,250,3,,,No,No,No,No,No,No,No,No,No,No,No,No,No,No,No,No,No,Steady,No,No,No,No,No,No,Yes
153554988,75190284,AfricanAmerican,Male,[40-50),?,6,1,7,3,?,InternalMedicine,65,0,17,0,0,0,733,250,466,6,>200,>8,No,No,No,No,No,No,No,No,No,No,No,No,No,No,No,No,No,No,No,No,No,No,No,No,No
153556878,23761899,AfricanAmerican,Female,[60-70),?,1,6,7,2,?,InternalMedicine,50,0,9,0,0,0,428,250.4,403,9,,,No,No,No,No,No,No,No,No,No,No,No,No,No,No,No,No,No,Up,No,No,No,No,No,Ch,Yes
153557166,66278844,Caucasian,Male,[80-90),?,1,3,7,3,MC,?,45,0,11,0,0,1,584,276,780,9,,,Steady,No,No,No,No,No,No,No,No,No,No,No,No,No,No,No,No,No,No,No,No,No,No,No,Yes
153558456,88785891,Caucasian,Female,[20-30),?,2,1,7,1,BC,Emergency/Trauma,35,0,10,3,1,11,250.11,V15,V58,4,,,No,No,No,No,No,No,No,No,No,No,No,No,No,No,No,No,No,Up,No,No,No,No,No,Ch,Yes
153559548,50484015,AfricanAmerican,Female,[60-70),?,1,6,7,11,CM,?,37,1,10,0,0,1,348,276,599,9,,,No,No,No,No,No,No,No,No,No,No,No,No,No,No,No,No,No,No,No,No,No,No,No,No,No
153560400,92072232,Caucasian,Male,[50-60),?,1,1,7,4,BC,?,37,0,7,0,0,1,560,250,273,9,,,No,No,No,No,No,No,No,No,No,No,No,No,No,No,No,No,No,No,No,No,No,No,No,No,No
153560574,55046187,AfricanAmerican,Male,[50-60),?,1,1,1,2,?,?,45,0,18,0,0,1,276,401,250,7,,,No,No,No,No,No,No,No,No,No,No,No,No,No,No,No,No,No,Steady,No,No,No,No,No,No,Yes
153560640,55209501,Caucasian,Male,[20-30),[50-75),1,1,7,1,DM,?,52,0,4,0,1,2,780,250.01,V58,7,,,No,No,No,No,No,No,No,No,No,No,No,No,No,No,No,No,No,No,No,No,No,No,No,No,No
153561204,38933658,Caucasian,Male,[90-100),?,2,3,7,5,MC,Emergency/Trauma,57,0,18,0,0,0,486,493,276,9,,,No,No,No,No,No,No,No,No,No,No,No,No,No,No,No,No,No,Up,No,No,No,No,No,Ch,Yes
153561318,92253816,Caucasian,Female,[60-70),?,1,1,7,3,HM,?,46,0,10,0,0,0,435,331,414,9,,,No,No,No,No,No,No,No,Steady,No,No,No,No,No,No,No,No,No,No,No,No,No,No,No,No,Yes
153561810,90527346,Caucasian,Female,[80-90),?,1,3,7,3,MC,?,55,0,10,0,0,0,427,783,250,6,,,Steady,No,No,No,No,No,Steady,No,No,Steady,No,No,No,No,No,No,No,No,No,No,No,No,No,Ch,Yes
153562110,100578105,Caucasian,Male,[60-70),?,1,22,1,5,?,?,55,1,32,0,0,0,820,E849,250,9,,,No,No,No,No,No,No,No,No,No,No,No,No,No,No,No,No,No,Steady,No,No,No,No,No,No,Yes
153562290,24872661,AfricanAmerican,Male,[70-80),?,1,1,7,3,MC,Family/GeneralPractice,48,0,14,0,0,0,780,401,250,4,,,No,No,No,No,No,No,Steady,No,No,No,No,No,No,No,No,No,No,Steady,No,No,No,No,No,Ch,Yes
153565200,97537068,Caucasian,Female,[70-80),?,1,1,7,2,MC,?,21,1,12,0,0,1,276,284,428,9,,,No,No,No,No,No,No,No,No,No,No,No,No,No,No,No,No,No,Steady,No,No,No,No,No,No,Yes
153565272,47841021,Caucasian,Male,[60-70),?,1,6,7,5,MC,Gastroenterology,43,4,20,0,0,0,511,786,162,9,,,Steady,No,No,No,No,No,No,No,No,No,Steady,No,No,No,No,No,No,No,No,No,No,No,No,Ch,Yes
153567990,84332835,Caucasian,Female,[60-70),?,1,1,7,2,HM,?,8,0,12,0,0,1,786,285,414,9,,,No,No,No,No,No,No,No,No,No,No,No,No,No,No,No,No,No,No,No,No,No,No,No,No,No
153568206,60878466,Caucasian,Female,[60-70),?,1,1,7,5,?,?,48,0,14,1,0,3,491,428,733,5,,,No,No,No,No,No,No,No,No,No,No,No,No,No,No,No,No,No,No,No,No,No,No,No,No,No
153568428,58848966,Caucasian,Female,[30-40),?,3,1,1,4,MD,ObstetricsandGynecology,14,3,9,10,0,0,661,648,663,6,,,No,No,No,No,No,No,No,No,No,No,No,No,No,No,No,No,No,Steady,No,No,No,No,No,No,Yes
153568494,42471297,Caucasian,Male,[60-70),?,1,22,7,12,SP,?,41,6,39,0,0,0,410,427,491,9,,,No,No,No,No,No,No,No,No,No,No,No,No,No,No,No,No,No,Up,No,No,No,No,No,Ch,Yes
153568746,64961586,Caucasian,Female,[50-60),?,1,6,7,3,?,?,52,0,14,0,0,1,386,428,428,9,,,Steady,No,No,No,No,No,No,No,No,No,No,No,No,No,No,No,No,No,No,No,No,No,No,No,Yes
153569592,33574887,Caucasian,Female,[70-80),?,5,6,1,4,MC,?,49,2,15,1,0,0,996,38,496,9,,,No,No,No,No,No,No,No,No,No,No,No,No,No,No,No,No,No,Steady,No,No,No,No,No,No,Yes
153570306,85222926,Caucasian,Female,[80-90),?,1,6,1,6,MC,?,37,1,14,0,0,0,562,427,285,8,,,No,No,No,No,No,No,No,No,No,No,No,No,No,No,No,No,No,No,No,No,No,No,No,No,No
153570348,55062198,AfricanAmerican,Female,[50-60),?,1,1,7,3,PO,?,27,0,8,0,0,0,428,428,401,5,,,No,No,No,No,No,No,No,No,No,Steady,No,No,No,No,No,No,No,Steady,No,No,No,No,No,Ch,Yes
153570690,70534557,Caucasian,Female,[70-80),?,1,3,7,3,MC,?,37,0,17,0,0,0,428,424,424,9,,,Steady,No,No,No,No,No,No,No,No,No,No,No,No,No,No,No,No,Down,No,No,No,No,No,Ch,Yes
153571002,73186065,Caucasian,Male,[60-70),?,2,1,1,1,?,Family/GeneralPractice,44,0,4,0,0,0,967,780,414,8,,,No,No,No,No,No,No,No,No,No,No,No,No,No,No,No,No,No,No,No,No,No,No,No,No,No
153572406,86608053,AfricanAmerican,Male,[50-60),?,5,1,1,6,HM,?,52,2,14,0,0,0,403,584,427,9,,,No,No,No,No,No,No,No,No,No,No,No,No,No,No,No,No,No,Steady,No,No,No,No,No,No,Yes
153573738,66248298,Hispanic,Female,[50-60),?,1,1,7,2,MC,InternalMedicine,70,1,16,0,0,0,428,403,599,8,,,No,No,No,No,No,No,No,No,No,No,No,No,No,No,No,No,No,Steady,No,No,No,No,No,No,Yes
153574602,84737628,Caucasian,Male,[80-90),?,5,14,1,8,MC,?,54,1,17,2,0,1,507,428,496,9,,,No,No,No,No,No,No,No,No,No,No,No,No,No,No,No,No,No,Steady,No,No,No,No,No,No,Yes
153576582,32426352,Caucasian,Female,[90-100),?,2,1,7,2,MC,Emergency/Trauma,51,0,10,0,0,0,250.8,276,593,9,,,No,No,No,No,Steady,No,No,No,No,No,No,No,No,No,No,No,No,No,No,No,No,No,No,No,Yes
153577632,41098923,Caucasian,Female,[60-70),?,1,6,7,2,SP,?,39,0,16,0,0,0,428,250,401,6,,,No,No,No,No,No,No,No,No,No,Steady,No,No,No,No,No,No,No,Up,No,No,No,No,No,Ch,Yes
153578970,23299227,AfricanAmerican,Female,[50-60),?,1,1,7,1,?,InternalMedicine,48,0,18,0,0,0,427,250.02,427,8,,,No,No,No,No,No,No,No,No,No,No,No,No,No,No,No,No,No,Up,No,No,No,No,No,Ch,Yes
153579264,89472789,Caucasian,Male,[90-100),?,5,3,1,3,MC,?,47,0,11,1,0,0,486,428,427,9,,,No,No,No,No,No,No,No,No,No,No,No,No,No,No,No,No,No,Steady,No,No,No,No,No,No,Yes
153579330,44365149,AfricanAmerican,Female,[70-80),?,1,1,7,2,MC,?,33,4,16,0,0,2,569,578,V49,9,,,No,No,No,No,No,No,No,No,No,No,No,No,No,No,No,No,No,Steady,No,No,No,No,No,No,Yes
153579684,95427423,Caucasian,Female,[70-80),?,1,6,7,11,MC,Emergency/Trauma,49,1,28,0,0,1,491,427,276,9,,>7,No,No,No,No,No,No,No,No,No,No,No,No,No,No,No,No,No,Down,No,No,No,No,No,Ch,Yes
153580482,99758934,Caucasian,Female,[50-60),?,3,6,1,7,?,Surgery-Cardiovascular,52,2,30,1,0,0,396,250.92,496,9,,,No,No,No,No,No,No,No,No,No,No,No,No,No,No,No,No,No,No,No,No,No,No,No,No,No
153580782,25136118,AfricanAmerican,Female,[70-80),?,1,1,7,4,?,Family/GeneralPractice,38,2,19,0,1,0,38,486,496,9,,,No,No,No,No,No,No,No,No,No,No,No,No,No,No,No,No,No,No,No,No,No,No,No,No,No
153580866,56056896,Caucasian,Female,[80-90),?,3,3,1,3,?,Urology,30,3,30,1,0,0,189,428,997,9,,,No,No,No,No,No,No,No,No,No,No,No,No,No,No,No,No,No,No,No,No,No,No,No,No,No
153581694,82325268,AfricanAmerican,Female,[30-40),?,3,1,1,1,MD,Cardiology,32,1,16,0,0,1,428,425,250.6,8,,,No,No,No,No,No,No,No,Steady,No,No,No,No,No,No,No,No,No,Down,No,No,No,No,No,Ch,Yes
153584580,94222107,Caucasian,Male,[50-60),?,3,6,1,3,MC,?,7,1,28,0,0,0,715,401,311,5,,,Steady,No,No,No,No,No,Up,No,No,No,Steady,No,No,No,No,No,No,No,No,No,No,No,No,Ch,Yes
153588762,42679179,Caucasian,Male,[60-70),?,1,23,7,2,SP,?,61,0,17,0,0,1,410,434,780,7,,,No,No,No,No,No,No,No,No,No,No,No,No,No,No,No,No,No,No,No,No,No,No,No,No,No
153591300,92430774,AfricanAmerican,Male,[60-70),?,2,1,1,3,?,Oncology,38,1,13,2,0,4,V58,162,250,5,,,Steady,No,No,No,No,No,No,No,No,No,No,No,No,No,No,No,No,No,No,No,No,No,No,No,Yes
153593730,24432543,AfricanAmerican,Female,[50-60),?,1,6,7,3,BC,?,49,1,16,0,0,1,434,250.02,424,8,,>8,No,No,No,No,No,No,Steady,No,No,Steady,No,No,No,No,No,No,No,Up,No,No,No,No,No,Ch,Yes
153597228,46176912,AfricanAmerican,Male,[50-60),?,1,1,7,2,HM,?,63,0,6,0,0,0,428,250,794,8,,Norm,No,No,No,No,No,No,No,No,No,No,No,No,No,No,No,No,No,No,No,No,No,No,No,No,No
153614562,56470302,Caucasian,Male,[50-60),?,3,6,1,3,?,Orthopedics-Reconstructive,28,1,35,0,0,0,715,401,244,6,,,Steady,No,No,No,No,No,No,No,No,No,No,No,No,No,No,No,No,No,No,No,No,No,No,No,Yes
153618222,89976654,Caucasian,Male,[70-80),?,3,1,1,6,MC,?,29,1,25,0,1,0,600,496,428,9,,,No,No,No,No,No,No,No,Steady,No,No,No,No,No,No,No,No,No,No,No,No,No,No,No,No,Yes
153619542,105856713,Caucasian,Female,[70-80),?,1,1,7,7,MC,?,53,0,19,0,0,0,402,427,428,8,,>7,No,No,No,No,No,No,Steady,No,No,No,No,No,No,No,No,No,No,No,No,No,No,No,No,No,Yes
153622908,97883046,AfricanAmerican,Male,[60-70),?,2,6,1,10,MC,?,44,2,13,0,0,0,789,287,403,9,,Norm,No,No,No,No,No,No,No,No,No,Steady,No,No,No,No,No,No,No,No,No,No,No,No,No,No,Yes
153628986,33636825,AfricanAmerican,Female,[60-70),?,1,11,7,11,HM,?,74,0,19,0,0,0,288,511,276,9,,,No,No,No,No,No,No,No,No,No,No,No,No,No,No,No,No,No,Steady,No,No,No,No,No,No,Yes
153633942,25101216,AfricanAmerican,Male,[50-60),?,3,1,1,1,BC,InternalMedicine,17,0,6,0,0,0,250.2,276,?,2,,,Steady,No,No,No,No,No,No,No,No,No,Steady,No,No,No,No,No,No,Steady,No,No,No,No,No,Ch,Yes
153636534,58327686,Caucasian,Male,[80-90),?,2,1,1,8,?,Cardiology,42,3,12,1,0,0,404,584,428,9,,,No,No,No,No,No,No,Steady,No,No,No,No,No,No,No,No,No,No,Steady,No,No,No,No,No,Ch,Yes
153645684,59271606,Caucasian,Male,[60-70),?,1,3,7,8,PO,?,38,1,14,0,0,0,730,584,599,9,,,No,No,No,No,No,No,No,No,No,No,No,No,No,No,No,No,No,No,No,No,No,No,No,No,No
153646350,87754203,Caucasian,Female,[60-70),?,5,3,1,2,MC,?,35,1,24,0,0,0,V54,491,292,9,,,No,No,No,No,No,No,No,No,No,No,No,No,No,No,No,No,No,Steady,No,No,No,No,No,No,Yes
153652362,104502474,Caucasian,Female,[90-100),?,3,3,1,11,MC,Cardiology,58,1,19,0,0,0,250.8,731,730,7,,,No,No,No,No,No,No,No,No,No,No,No,No,No,No,No,No,No,Down,Steady,No,No,No,No,Ch,Yes
153653178,89472402,Caucasian,Male,[30-40),?,3,1,1,2,SP,Emergency/Trauma,50,0,15,0,4,11,786,250.02,414,7,,,Steady,No,No,No,Steady,No,No,No,No,No,No,No,No,No,No,No,No,Up,No,No,No,No,No,Ch,Yes
153655218,38591505,Hispanic,Female,[70-80),?,1,6,7,4,MC,?,30,1,17,1,1,2,789,292,401,9,,,No,No,No,No,No,No,No,No,No,Steady,No,No,No,No,No,No,No,No,No,No,No,No,No,No,Yes
153658776,41424075,Caucasian,Female,[80-90),?,1,3,7,8,UN,?,53,1,25,0,0,0,507,428,599,8,,,Steady,No,No,No,No,No,No,No,No,No,No,No,No,No,No,No,No,No,No,No,No,No,No,No,Yes
153661158,97747668,Caucasian,Male,[20-30),?,3,1,1,5,SP,Family/GeneralPractice,50,0,7,0,0,1,250.01,303,575,4,,,No,No,No,No,No,No,No,No,No,No,No,No,No,No,No,No,No,Down,No,No,No,No,No,Ch,Yes
153663114,41166342,Caucasian,Male,[70-80),?,3,1,1,1,MC,Cardiology,35,6,18,0,0,0,414,414,250,9,,,No,No,No,No,No,No,No,No,No,No,No,No,No,No,No,No,No,Down,No,No,No,No,No,Ch,Yes
153663252,59320512,Caucasian,Male,[30-40),?,1,1,7,4,OT,?,46,0,2,0,0,0,250.11,276,276,9,,,No,No,No,No,No,No,No,No,No,No,No,No,No,No,No,No,No,Steady,No,No,No,No,No,No,Yes
153663594,7967961,Caucasian,Female,[70-80),?,6,6,17,3,?,?,62,2,22,0,0,5,486,493,593,9,,,No,No,No,No,No,No,No,No,No,Steady,No,No,No,No,No,No,No,No,No,No,No,No,No,No,Yes
153665136,63198702,Caucasian,Female,[20-30),?,1,1,7,4,?,?,60,0,11,1,2,1,682,527,250.02,5,,>8,No,No,No,No,No,No,No,No,No,No,No,No,No,No,No,No,No,Steady,No,No,No,No,No,No,Yes
153667608,42625809,Caucasian,Male,[40-50),?,3,11,1,9,MD,?,51,0,12,0,0,2,162,486,305,7,,,No,No,No,No,No,No,No,No,No,No,No,No,No,No,No,No,No,No,No,No,No,No,No,No,No
153670236,42344388,Caucasian,Female,[70-80),?,1,3,7,7,?,?,49,0,19,6,0,0,515,428,599,9,,,No,No,No,No,Steady,No,No,No,No,No,No,No,No,No,No,No,No,No,No,No,No,No,No,No,Yes
153672636,41046777,Caucasian,Female,[70-80),?,3,6,1,11,MC,Surgery-General,47,4,23,1,0,0,250.82,682,785,9,,,Steady,No,No,No,No,No,Steady,No,No,No,No,No,No,No,No,No,No,Down,No,No,No,No,No,Ch,Yes
153672666,103691484,Caucasian,Male,[60-70),?,1,6,7,4,MC,?,23,0,20,0,0,0,491,443,401,5,,,Up,No,No,No,No,No,Up,No,No,No,No,No,No,No,No,No,No,Steady,No,No,No,No,No,Ch,Yes
153673722,40810176,Caucasian,Female,[40-50),?,3,1,1,4,SP,Cardiology,58,1,36,0,0,0,518,496,412,9,,,No,No,No,No,No,No,No,No,No,No,No,No,No,No,No,No,No,Steady,Steady,No,No,No,No,Ch,Yes
153673908,45359307,Caucasian,Male,[70-80),?,2,6,1,3,?,InternalMedicine,46,0,13,0,0,0,255,427,714,9,,,No,No,No,No,No,No,No,Steady,No,No,No,No,No,No,No,No,No,Steady,No,No,No,No,No,Ch,Yes
153674568,70791318,Caucasian,Female,[60-70),?,2,1,1,2,?,InternalMedicine,56,0,19,0,0,0,490,428,285,9,,,Steady,No,No,No,No,No,Steady,No,No,No,No,No,No,No,No,No,No,Steady,No,No,No,No,No,Ch,Yes
153676080,32479083,Caucasian,Female,[20-30),?,3,1,1,10,UN,Psychology,27,0,8,0,0,0,307,250.01,?,2,,>8,No,No,No,No,No,No,No,No,No,No,No,No,No,No,No,No,No,Up,No,No,No,No,No,Ch,Yes
153678270,40958973,Caucasian,Female,[60-70),?,1,1,7,1,SP,?,42,0,5,0,0,0,780,786,780,8,,,No,No,No,No,No,No,No,No,No,No,No,No,No,No,No,No,No,No,No,No,No,No,No,No,No
153678918,109129194,Caucasian,Male,[20-30),?,5,1,1,2,BC,?,53,0,7,0,0,0,250.12,?,?,1,,>8,No,No,No,No,No,No,No,No,No,No,No,No,No,No,No,No,No,Up,No,No,No,No,No,Ch,Yes
153680274,43650189,Caucasian,Male,[20-30),?,3,1,1,2,UN,?,64,0,7,0,0,0,250,276,272,4,,>8,Steady,No,No,No,Steady,No,No,No,No,No,No,No,No,No,No,No,No,Up,No,No,No,No,No,Ch,Yes
153681264,60672429,Caucasian,Female,[70-80),?,1,1,7,3,?,?,38,4,22,0,0,0,414,411,250,7,,,Steady,No,No,No,No,No,No,No,No,No,No,No,No,No,No,No,No,Steady,No,No,No,No,No,Ch,Yes
153683292,96681294,AfricanAmerican,Male,[50-60),?,1,1,7,1,?,?,37,0,14,0,0,1,493,414,412,7,,,No,No,No,No,No,No,No,No,No,No,No,No,No,No,No,No,No,No,No,No,No,No,No,No,No
153683688,77785515,Caucasian,Female,[60-70),?,1,6,7,3,?,?,37,0,8,0,0,0,486,493,287,8,,,No,No,No,No,No,No,Steady,No,No,No,No,No,No,No,No,No,No,Steady,No,No,No,No,No,Ch,Yes
153684318,98421363,Caucasian,Male,[80-90),?,2,1,7,1,MC,Emergency/Trauma,1,0,11,0,0,1,250.6,788,596,6,,,Steady,No,No,No,Steady,No,No,No,No,No,No,No,No,No,No,No,No,Steady,No,No,No,No,No,Ch,Yes
153684660,21651354,Caucasian,Female,[50-60),[100-125),3,6,4,4,UN,?,45,0,20,14,0,2,V57,V43,719,7,,,No,No,No,No,No,No,Steady,No,No,No,No,No,No,No,No,No,No,No,No,No,No,No,No,No,Yes
153684978,41239872,AfricanAmerican,Female,[50-60),?,2,1,1,4,?,Cardiology,26,4,28,1,0,3,996,584,414,9,,,No,No,No,No,No,No,No,No,No,No,Steady,No,No,No,No,No,No,Up,No,No,No,No,No,Ch,Yes
153687210,38883906,Caucasian,Male,[90-100),?,2,7,7,1,MC,Emergency/Trauma,27,1,1,0,0,0,935,491,V15,6,,,No,No,No,No,No,No,No,No,No,No,No,No,No,No,No,No,No,No,No,No,No,No,No,No,No
153688056,111282093,Caucasian,Male,[70-80),?,3,1,1,2,SP,InternalMedicine,44,0,8,1,0,1,780,427,425,9,,,No,No,No,No,No,No,No,No,No,No,No,No,No,No,No,No,No,Down,No,No,No,No,No,Ch,Yes
153688434,45002646,AfricanAmerican,Male,[60-70),?,1,1,7,4,?,?,35,1,18,0,0,0,431,250.02,401,3,,,No,No,No,No,No,No,No,No,No,No,No,No,No,No,No,No,No,No,No,No,No,No,No,No,No
153688770,36505485,Caucasian,Female,[80-90),?,2,3,7,4,MC,Emergency/Trauma,65,1,9,0,0,0,431,286,427,9,,,No,No,No,No,No,No,No,No,No,No,No,No,No,No,No,No,No,Up,No,No,No,No,No,Ch,Yes
153689268,45995886,Caucasian,Female,[70-80),?,1,14,7,3,MC,InternalMedicine,83,1,8,0,2,0,197,428,427,9,,,No,No,No,No,No,No,Steady,No,No,No,No,No,No,No,No,No,No,No,No,No,No,No,No,No,Yes
153689964,93293460,Caucasian,Female,[80-90),?,2,1,7,5,MC,Emergency/Trauma,51,0,6,0,0,1,345,599,787,9,,,Steady,No,No,No,No,No,No,No,No,No,No,No,No,No,No,No,No,No,No,No,No,No,No,No,Yes
153693438,40996701,Caucasian,Female,[70-80),?,1,1,7,4,MC,?,44,4,18,0,0,0,414,272,250,8,,,No,No,No,No,No,No,No,No,No,No,No,No,No,No,No,No,No,No,No,No,No,No,No,No,No
153698184,95905872,AfricanAmerican,Female,[50-60),[75-100),1,1,7,2,HM,?,70,0,6,0,0,0,780,424,424,9,,,No,No,No,No,No,No,No,No,No,No,No,No,No,No,No,No,No,No,No,No,No,No,No,No,No
153701034,42442749,Caucasian,Male,[60-70),?,1,2,7,2,MC,?,45,4,21,0,0,0,996,427,414,9,,,No,No,No,No,No,No,No,Steady,No,Steady,No,No,No,No,No,No,No,No,No,No,No,No,No,Ch,Yes
153703638,90588681,Caucasian,Male,[40-50),?,1,1,7,1,HM,?,46,0,9,0,0,0,786,401,272,5,,,No,No,No,No,No,No,No,Steady,No,No,No,No,No,No,No,No,No,No,No,No,No,No,No,No,Yes
153703968,103049865,Caucasian,Male,[10-20),?,1,1,7,2,HM,?,82,0,8,0,0,0,250.11,276,289,5,,>8,No,No,No,No,No,No,No,No,No,No,No,No,No,No,No,No,No,No,No,No,No,No,No,No,No
153704406,86275206,Caucasian,Female,[60-70),?,1,2,7,3,MC,?,75,0,15,2,0,0,428,581,276,9,,,No,No,No,No,No,No,No,Steady,No,No,No,No,No,No,No,No,No,No,No,No,No,No,No,No,Yes
153705948,91320228,Caucasian,Female,[70-80),?,1,1,7,1,HM,?,65,0,10,0,0,0,250.02,425,401,8,,>8,No,No,No,No,Steady,No,No,No,No,No,No,No,No,No,No,No,No,No,No,No,No,No,No,No,Yes
153706128,66776904,Caucasian,Female,[70-80),?,1,6,7,3,?,?,43,0,14,0,0,4,518,428,425,9,,,No,No,No,No,No,No,No,Steady,No,No,No,No,No,No,No,No,No,No,No,No,No,No,No,No,Yes
153706170,29541681,Caucasian,Male,[60-70),?,5,1,1,1,MC,?,64,0,15,0,0,0,414,411,584,9,,,No,No,No,No,No,No,Steady,No,No,No,No,No,No,No,No,No,No,Steady,No,No,No,No,No,Ch,Yes
153706932,59874336,AfricanAmerican,Male,[70-80),?,1,1,7,3,?,?,57,0,10,0,0,3,434,784,250,7,,,No,No,No,No,No,No,No,No,No,No,No,No,No,No,No,No,No,Down,No,No,No,No,No,Ch,Yes
153706974,54234000,Caucasian,Female,[60-70),?,6,1,17,2,?,Cardiology,44,6,16,1,1,2,786,427,426,9,,,Steady,No,No,No,No,No,No,No,No,No,No,No,No,No,No,No,No,No,No,No,No,No,No,No,Yes
153707400,97234983,Caucasian,Female,[60-70),?,3,1,1,6,?,Surgery-General,30,4,13,0,0,0,V55,569,998,9,,,No,No,No,No,No,No,No,No,No,No,No,No,No,No,No,No,No,No,No,No,No,No,No,No,No
153707826,85570290,Caucasian,Male,[40-50),?,1,1,7,7,MC,?,72,4,23,0,0,0,3,496,780,9,,,No,No,No,No,No,No,No,No,No,No,No,No,No,No,No,No,No,No,No,No,No,No,No,No,No
153708546,100755045,Caucasian,Female,[80-90),?,1,6,7,3,?,?,43,0,17,0,0,0,428,486,282,9,,,No,No,No,No,Down,No,No,No,No,No,Steady,No,No,No,No,No,No,No,No,No,No,No,No,Ch,Yes
153712638,86660559,AfricanAmerican,Female,[60-70),?,3,1,1,3,MC,?,27,4,19,0,0,0,182,276,250.4,9,,,No,No,No,No,No,No,Steady,No,No,No,No,No,No,No,No,No,No,No,No,No,No,No,No,No,Yes
153716538,25232670,Caucasian,Male,[70-80),?,3,1,1,5,MC,Surgery-Cardiovascular/Thoracic,51,3,55,0,0,1,414,401,V15,7,,,No,No,No,No,No,No,No,Steady,No,No,No,No,No,No,No,No,No,Steady,No,No,No,No,No,Ch,Yes
153716820,761670,Caucasian,Male,[50-60),[100-125),3,1,1,1,UN,Cardiology,32,4,18,0,0,2,428,414,401,9,,,No,No,No,No,No,No,No,No,No,No,No,No,No,No,No,No,No,Steady,No,No,No,No,No,No,Yes
153720756,97873704,Caucasian,Male,[70-80),?,2,1,7,1,MC,Emergency/Trauma,33,0,1,0,0,0,250.8,401,276,4,,>8,No,No,No,No,No,No,No,No,No,No,No,No,No,No,No,No,No,Steady,No,No,No,No,No,No,Yes
153726276,25238682,AfricanAmerican,Male,[40-50),?,3,1,1,8,BC,Surgery-Cardiovascular/Thoracic,39,1,33,0,0,0,428,425,276,6,,,Steady,No,No,No,No,No,No,Steady,No,No,No,No,No,No,No,No,No,No,No,No,No,No,No,Ch,Yes
153728856,30999051,Caucasian,Female,[50-60),?,5,6,1,4,MC,?,32,3,20,0,0,0,552,295,537,9,,,Steady,No,No,No,No,No,No,No,No,No,No,No,No,No,No,No,No,Down,No,No,No,No,No,Ch,Yes
153729138,23210334,AfricanAmerican,Male,[60-70),?,1,1,7,1,MC,InternalMedicine,29,1,18,0,0,1,428,425,V46,7,,,No,No,No,No,No,No,Steady,No,No,No,No,No,No,No,No,No,No,Steady,No,No,No,No,No,Ch,Yes
153734148,70601634,Caucasian,Female,[40-50),?,3,3,1,10,BC,Podiatry,40,5,34,9,0,3,998,250.6,278,9,,,No,No,No,No,No,No,No,No,No,No,No,No,No,No,No,No,No,Up,No,No,No,No,No,Ch,Yes
153745500,24519501,Caucasian,Male,[60-70),?,3,1,1,1,MC,Otolaryngology,29,2,22,0,0,0,142,196,401,7,,,No,No,No,No,No,No,No,No,No,No,No,No,No,No,No,No,No,Steady,No,No,No,No,No,No,Yes
153754896,43820649,Caucasian,Male,[70-80),?,3,3,1,3,CM,?,28,2,6,0,0,0,733,836,718,7,,,No,No,No,No,No,No,No,Steady,No,No,No,No,No,No,No,No,No,No,No,No,No,No,No,No,Yes
153757236,42673383,Caucasian,Female,[70-80),?,3,6,1,1,MC,Surgery-General,19,1,18,0,0,1,709,789,401,9,,,No,No,No,No,No,No,No,No,No,No,No,No,No,No,No,No,No,No,No,No,No,No,No,No,No
153760728,41097492,Caucasian,Female,[60-70),?,1,1,7,10,MC,?,56,2,22,0,0,0,433,496,427,9,,Norm,No,No,No,No,No,No,Down,No,No,No,No,No,No,No,No,No,No,Steady,No,No,No,No,No,Ch,Yes
153770460,86144688,Caucasian,Female,[50-60),?,2,1,1,1,MC,?,47,3,16,0,0,0,786,780,719,9,,,Steady,No,No,No,No,No,Down,No,No,No,No,No,No,No,No,No,No,No,No,No,No,No,No,Ch,Yes
153772812,59343948,Caucasian,Female,[70-80),?,1,1,7,3,CM,?,38,1,20,0,0,0,491,562,401,9,,,Steady,No,No,No,No,No,No,No,No,No,No,No,No,No,No,No,No,Steady,No,No,No,No,No,Ch,Yes
153775722,23659110,AfricanAmerican,Female,[60-70),?,2,6,1,8,MC,InternalMedicine,47,1,23,0,2,2,486,263,332,5,,,Steady,No,No,No,No,No,No,No,No,No,No,No,No,No,No,No,No,Steady,No,No,No,No,No,Ch,Yes
153775836,94660011,Caucasian,Male,[50-60),?,1,1,7,3,BC,?,51,0,7,0,0,0,242,427,250,5,,,Steady,No,No,No,No,No,No,No,No,No,Steady,No,No,No,No,No,No,No,No,No,No,No,No,Ch,Yes
153776388,24508053,AfricanAmerican,Male,[60-70),?,1,11,5,1,MC,Nephrology,40,0,6,1,1,0,38,995,250,5,,,No,No,No,No,No,No,No,No,No,No,No,No,No,No,No,No,No,Up,No,No,No,No,No,Ch,Yes
153777810,24587082,AfricanAmerican,Female,[70-80),?,1,1,7,7,MC,Nephrology,35,1,17,0,1,2,250.7,707,785,7,,,No,No,No,No,No,No,No,No,No,No,No,No,No,No,No,No,No,No,No,No,No,No,No,No,No
153779616,77682573,Caucasian,Female,[70-80),?,1,1,7,3,MC,Family/GeneralPractice,63,0,16,0,0,0,486,590,276,9,,,No,No,No,No,No,No,No,Steady,No,No,No,No,No,No,No,No,No,Steady,No,No,No,No,No,Ch,Yes
153785748,87311988,Caucasian,Female,[70-80),?,1,1,7,2,MC,?,52,0,11,0,0,0,599,428,414,7,,,No,No,No,No,No,No,Steady,No,No,No,No,No,No,No,No,No,No,No,No,No,No,No,No,No,Yes
153788070,59324625,Caucasian,Female,[60-70),?,2,1,1,9,MC,?,35,5,24,0,0,0,433,250,272,9,,,No,No,No,No,No,No,No,No,No,No,No,No,No,No,No,No,No,No,No,No,No,No,No,No,No
153789102,43781706,Caucasian,Male,[70-80),?,3,6,1,6,MC,Cardiology,57,2,36,0,0,0,441,496,997,9,,,No,No,No,No,No,No,No,No,No,No,No,No,No,No,No,No,No,No,No,No,No,No,No,No,No
153789468,43777359,Caucasian,Male,[40-50),?,3,1,1,5,MD,Nephrology,56,1,41,0,0,1,250.11,276,496,9,,,No,No,No,No,No,No,No,No,No,No,No,No,No,No,No,No,No,Down,No,No,No,No,No,Ch,Yes
153791400,65302578,Caucasian,Male,[70-80),?,2,1,1,2,?,Cardiology,43,0,8,0,0,0,402,424,428,9,,,No,No,No,No,No,No,No,Steady,No,Steady,No,No,No,No,No,No,No,No,No,No,No,No,No,Ch,Yes
153791922,102921246,Caucasian,Female,[70-80),?,2,3,7,8,MC,Surgery-General,54,0,27,0,0,1,681,599,790,9,,,No,No,Steady,No,Steady,No,No,No,No,No,No,No,No,No,No,No,No,Down,No,No,No,No,No,Ch,Yes
153792474,89641179,Caucasian,Female,[70-80),?,3,3,1,7,UN,Family/GeneralPractice,61,2,18,0,0,0,560,564,564,8,,,Steady,No,No,No,No,No,No,No,No,No,No,No,No,No,No,No,No,Down,No,No,No,No,No,Ch,Yes
153793578,87632190,Caucasian,Male,[60-70),?,2,1,1,4,MC,?,61,0,16,0,0,0,959,496,E881,9,,,No,No,No,No,No,No,No,No,No,No,No,No,No,No,No,No,No,No,No,No,No,No,No,No,No
153796260,99445761,Other,Male,[80-90),?,2,1,7,4,MD,Surgery-General,59,3,14,0,0,1,202,250,401,5,,,No,No,No,No,No,No,No,No,No,No,No,No,No,No,No,No,No,Up,No,No,No,No,No,Ch,Yes
153797340,44800398,Caucasian,Female,[50-60),[75-100),1,1,7,3,MC,?,38,3,15,2,1,3,789,403,595,9,,,No,Steady,No,No,No,No,No,No,No,No,No,No,No,No,No,No,No,No,No,No,No,No,No,No,Yes
153797586,99357255,Caucasian,Male,[70-80),?,2,1,1,4,?,Urology,30,3,23,0,0,0,188,596,428,9,,,No,No,No,No,No,No,Steady,No,No,Steady,No,No,No,No,No,No,No,No,No,No,No,No,No,Ch,Yes
153799518,52840206,Caucasian,Male,[50-60),?,5,3,1,8,MD,?,72,0,14,0,0,1,572,571,304,9,,,No,No,No,No,No,No,Steady,No,No,No,No,No,No,No,No,No,No,Steady,No,No,No,No,No,Ch,Yes
153801636,93727548,Caucasian,Male,[80-90),?,2,1,7,2,MC,Surgery-General,65,0,8,0,0,0,403,276,599,8,,,No,No,No,No,No,No,Steady,No,No,Steady,No,No,No,No,No,No,No,Steady,No,No,No,No,No,Ch,Yes
153801642,76969638,Caucasian,Female,[50-60),?,1,1,1,1,HM,InternalMedicine,9,0,8,0,0,0,786,493,787,9,,,No,No,No,No,No,No,No,No,No,No,No,No,No,No,No,No,No,No,No,No,No,No,No,No,No
153801912,59345019,Caucasian,Male,[60-70),?,1,1,7,4,PO,?,33,4,17,0,0,0,427,425,250,7,,,No,No,No,No,No,No,No,Steady,No,No,No,No,No,No,No,No,No,No,No,No,No,No,No,No,Yes
153801924,36705645,Other,Female,[60-70),?,2,6,7,6,MC,Emergency/Trauma,44,0,17,0,2,2,486,491,401,8,,,No,No,No,No,Steady,No,No,No,No,No,No,No,No,No,No,No,No,Down,No,No,No,No,No,Ch,Yes
153802596,65287629,Caucasian,Male,[60-70),?,5,1,1,1,HM,?,36,0,9,0,0,0,786,401,250,7,,,Steady,No,No,No,No,No,No,No,No,No,No,No,No,No,No,No,No,No,No,No,No,No,No,No,Yes
153804876,89074755,Caucasian,Male,[50-60),?,2,1,1,2,?,Oncology,18,0,9,1,0,0,38,153,197,9,,,No,No,No,No,No,No,No,No,No,No,No,No,No,No,No,No,No,No,No,No,No,No,No,No,No
153805278,62917902,Caucasian,Male,[60-70),?,3,3,1,3,?,Orthopedics-Reconstructive,32,3,27,0,0,0,250.82,707,401,9,,,Steady,No,No,No,No,No,No,No,No,No,Steady,No,No,No,No,No,No,No,No,No,No,No,No,Ch,Yes
153807240,71236674,Caucasian,Female,[70-80),?,2,1,1,4,MC,Emergency/Trauma,60,0,26,0,0,0,486,250.02,401,9,,>7,No,No,No,No,No,No,No,Steady,No,Steady,No,No,No,No,No,No,No,Down,No,No,No,No,No,Ch,Yes
153807942,28986894,Other,Male,[40-50),?,2,2,7,2,UN,Surgery-General,39,3,8,0,0,0,414,411,412,7,,,No,No,No,No,Steady,No,No,No,No,No,No,No,No,No,No,No,No,No,No,No,No,No,No,No,Yes
153808296,45725796,AfricanAmerican,Female,[80-90),?,1,1,7,8,MC,?,28,1,7,0,0,0,427,403,996,7,,,No,No,No,No,No,No,No,No,No,No,No,No,No,No,No,No,No,No,No,No,No,No,No,No,No
153808326,91830285,Caucasian,Female,[50-60),?,2,6,1,7,?,Nephrology,50,2,24,3,0,3,70,571,403,9,,,No,No,No,No,No,No,No,No,No,No,No,No,No,No,No,No,No,Down,No,No,No,No,No,Ch,Yes
153808842,47881161,AfricanAmerican,Male,[70-80),?,1,1,7,4,?,?,37,1,4,0,0,1,276,403,288,9,,,No,No,No,No,No,No,No,No,No,No,No,No,No,No,No,No,No,No,No,No,No,No,No,No,No
153809208,38892231,Caucasian,Male,[70-80),?,2,1,7,2,BC,Emergency/Trauma,36,0,12,0,0,0,428,414,V45,9,,,Steady,No,No,No,No,No,No,Steady,No,No,No,No,No,No,No,No,No,No,No,No,No,No,No,Ch,Yes
153809784,61196148,AfricanAmerican,Male,[70-80),?,2,1,1,4,?,Oncology,51,0,12,3,0,2,682,284,424,6,,,No,No,No,No,No,No,No,Steady,No,No,Steady,No,No,No,No,No,No,Steady,No,No,No,No,No,Ch,Yes
153812226,53049357,Caucasian,Female,[50-60),?,1,1,7,2,?,?,53,0,16,0,0,1,428,443,250,7,,,No,No,No,No,No,No,No,No,No,No,No,No,No,No,No,No,No,Steady,No,No,No,No,No,No,Yes
153812538,98887572,Caucasian,Male,[70-80),?,2,3,1,7,MC,Orthopedics,41,2,29,0,0,1,736,285,V45,9,,,Steady,No,No,No,No,No,No,No,No,No,Steady,No,No,No,No,No,No,Up,No,No,No,No,No,Ch,Yes
153812694,59325228,Caucasian,Female,[50-60),?,1,1,7,10,MC,?,19,3,15,0,0,0,415,599,276,9,,,Steady,No,No,No,Steady,No,No,No,No,No,No,No,No,No,No,No,No,No,No,No,No,No,No,Ch,Yes
153813024,87812100,AfricanAmerican,Female,[50-60),?,1,1,7,8,DM,?,61,1,9,0,0,0,38,V45,250.42,9,,,No,No,No,No,No,No,No,No,No,No,No,No,No,No,No,No,No,Steady,No,No,No,No,No,No,Yes
153813054,62320203,Caucasian,Female,[30-40),?,1,1,7,4,?,?,60,0,14,0,1,4,250.1,276,250.6,7,,,No,No,No,No,No,No,No,No,No,No,No,No,No,No,No,No,No,Steady,No,No,No,No,No,No,Yes
153816684,92182770,Caucasian,Male,[50-60),?,1,6,7,5,MC,?,81,3,16,0,1,5,250.12,707,276,9,,,No,No,No,No,No,No,No,No,No,No,No,No,No,No,No,No,No,Steady,No,No,No,No,No,No,Yes
153820134,71121231,Caucasian,Male,[60-70),?,1,11,7,14,MC,?,78,5,32,0,0,0,410,486,428,9,,,No,No,No,No,No,No,No,No,No,No,No,No,No,No,No,No,No,No,No,No,No,No,No,No,No
153820722,83810628,AfricanAmerican,Male,[50-60),?,6,1,7,5,?,?,79,1,9,0,0,2,280,784,593,6,Norm,,No,No,No,No,No,No,No,No,No,No,No,No,No,No,No,No,No,No,No,No,No,No,No,No,No
153821058,90374067,Caucasian,Female,[70-80),?,2,3,7,3,MC,Emergency/Trauma,55,0,5,1,1,2,786,786,780,7,,,No,No,No,No,No,No,Steady,No,No,No,Up,No,No,No,No,No,No,Steady,No,No,No,No,No,Ch,Yes
153821202,89487801,Caucasian,Female,[80-90),?,2,3,7,4,MD,Emergency/Trauma,9,0,17,0,0,3,558,276,428,9,,,No,No,No,No,No,No,Steady,No,No,No,No,No,No,No,No,No,No,Up,No,No,No,No,No,Ch,Yes
153821208,89163495,Caucasian,Female,[70-80),?,1,3,7,6,MC,?,64,3,24,1,0,0,410,599,414,9,,,No,No,No,No,No,No,No,Steady,No,No,No,No,No,No,No,No,No,No,No,No,No,No,No,No,Yes
153821814,78277599,AfricanAmerican,Female,[50-60),?,1,22,7,8,?,?,58,1,26,1,1,5,250.7,40,707,9,,,No,No,No,No,No,No,No,No,No,No,No,No,No,No,No,No,No,Down,No,No,No,No,No,Ch,Yes
153821976,93420405,Caucasian,Female,[60-70),?,1,1,7,1,CP,?,56,2,11,0,0,0,592,250,401,4,,,No,No,No,No,No,No,No,No,No,No,No,No,No,No,No,No,No,No,No,No,No,No,No,No,No
153821982,81831888,Caucasian,Male,[60-70),?,1,1,7,4,HM,?,74,1,21,0,0,1,47,584,428,9,,,No,No,No,No,No,No,No,No,No,No,No,No,No,No,No,No,No,Down,No,No,No,No,No,Ch,Yes
153825684,87883101,Caucasian,Female,[70-80),?,1,13,1,1,?,?,28,0,6,2,0,1,787,157,780,9,,,No,No,No,No,No,No,No,No,No,No,No,No,No,No,No,No,No,Steady,No,No,No,No,No,No,Yes
153827304,104226867,Caucasian,Female,[70-80),?,1,1,7,1,MC,?,61,1,20,0,0,0,780,599,255,9,,,No,No,No,No,No,No,No,No,No,No,No,No,No,No,No,No,No,Steady,No,No,No,No,No,No,Yes
153827472,89009793,Caucasian,Male,[70-80),?,1,6,7,6,?,?,21,0,22,0,0,0,428,427,682,9,,,Steady,No,No,No,No,No,No,Steady,No,No,No,No,No,No,No,No,No,Steady,No,No,No,No,No,Ch,Yes
153829794,89081181,AfricanAmerican,Female,[50-60),?,3,1,1,1,?,Surgery-General,30,4,11,0,0,0,440,401,250,4,,,Steady,No,No,No,No,No,No,Steady,No,Steady,No,No,No,No,No,No,No,No,No,No,No,No,No,Ch,Yes
153829890,3001059,Caucasian,Male,[60-70),?,3,1,1,2,?,Orthopedics-Reconstructive,38,1,19,0,0,0,996,V43,250,9,,,Steady,No,No,No,No,No,Steady,No,No,No,No,No,No,No,No,No,No,Steady,No,No,No,No,No,Ch,Yes
153833442,114347457,Caucasian,Male,[80-90),?,5,3,1,7,MC,?,44,3,24,1,0,0,574,197,496,9,,,Steady,No,No,No,No,No,No,Down,No,Steady,No,No,No,No,No,No,No,No,No,No,No,No,No,Ch,Yes
153833922,10924290,Caucasian,Male,[60-70),[75-100),3,6,1,4,MC,?,45,4,31,0,0,0,414,997,250,7,,,No,No,No,No,No,No,Steady,No,No,No,No,No,No,No,No,No,No,Steady,No,No,No,No,No,Ch,Yes
153834204,24857712,Caucasian,Female,[60-70),?,3,1,1,1,MC,Surgery-Neuro,35,1,17,0,0,0,724,722,401,6,,,No,No,No,No,No,No,No,No,No,No,No,No,No,No,No,No,No,No,No,No,No,No,No,No,No
153836910,86939847,Caucasian,Female,[40-50),?,5,1,1,4,HM,?,33,2,21,0,0,0,220,789,621,7,,,No,No,No,No,No,No,No,No,No,No,No,No,No,No,No,No,No,Steady,No,No,No,No,No,No,Yes
153837234,103739877,Caucasian,Male,[50-60),?,6,1,17,1,?,Cardiology,36,6,18,0,0,0,414,411,272,7,,,No,No,No,No,No,No,No,No,No,Steady,No,No,No,No,No,No,No,No,No,No,No,No,No,No,Yes
153838176,35126721,Caucasian,Male,[80-90),?,1,1,7,2,MC,Family/GeneralPractice,57,0,11,0,0,0,558,276,250.4,9,,>7,No,No,No,No,No,No,No,No,No,No,No,No,No,No,No,No,No,Down,No,No,No,No,No,Ch,Yes
153840246,90594459,Caucasian,Male,[70-80),?,1,3,7,13,MC,?,76,1,17,0,0,0,348,577,595,9,,,No,No,No,No,No,No,Steady,No,No,No,Steady,No,No,No,No,No,No,No,No,No,No,No,No,Ch,Yes
153857202,91723869,Caucasian,Male,[80-90),?,2,1,1,2,?,Oncology,30,1,18,0,1,1,V58,204,163,7,,,Steady,No,No,No,No,No,No,No,No,No,No,No,No,No,No,No,No,Steady,No,No,No,No,No,Ch,Yes
153858402,23232969,Caucasian,Female,[40-50),?,1,1,7,3,BC,Family/GeneralPractice,49,0,13,0,0,0,250.13,305,277,7,,,No,No,No,No,No,No,No,No,No,No,No,No,No,No,No,No,No,Down,No,No,No,No,No,Ch,Yes
153861534,25178058,AfricanAmerican,Female,[60-70),?,1,1,7,3,MC,InternalMedicine,43,0,28,0,0,0,486,V42,276,9,,,No,No,No,No,No,No,No,No,No,No,No,No,No,No,No,No,No,No,No,No,No,No,No,No,No
153863766,113797431,Caucasian,Female,[80-90),?,2,1,7,6,MC,?,47,3,22,0,0,1,414,427,427,9,,,No,No,No,No,No,No,No,Steady,No,No,No,No,No,No,No,No,No,Steady,No,No,No,No,No,Ch,Yes
153865998,113901327,Caucasian,Male,[50-60),?,6,1,17,9,?,?,85,6,57,0,0,0,414,397,396,9,,>7,No,No,No,No,No,No,No,Steady,No,No,No,No,No,No,No,No,No,Down,No,No,No,No,No,Ch,Yes
153871788,101447406,?,Female,[80-90),[50-75),1,6,7,12,MC,InternalMedicine,38,2,21,0,0,1,578,E934,427,9,,,No,No,No,No,No,No,No,No,No,No,No,No,No,No,No,No,No,No,No,No,No,No,No,No,No
153872538,114242598,Caucasian,Female,[70-80),?,1,1,7,2,MC,?,52,0,10,0,0,0,53,276,428,9,,,No,No,No,No,No,No,No,Steady,No,No,No,No,No,No,No,No,No,Steady,No,No,No,No,No,Ch,Yes
153879492,87974145,Caucasian,Male,[80-90),?,1,3,7,3,MC,?,40,1,25,0,0,0,812,427,812,9,,,No,No,No,No,No,No,No,No,No,No,No,No,No,No,No,No,No,No,No,No,No,No,No,No,No
153883854,34449723,Caucasian,Female,[70-80),?,2,1,1,3,MC,Family/GeneralPractice,38,4,14,0,0,0,574,401,250,5,,,No,No,No,No,No,No,No,No,No,No,No,No,No,No,No,No,No,Up,No,No,No,No,No,Ch,Yes
153885360,100787562,AfricanAmerican,Female,[80-90),?,2,4,1,5,?,Neurology,36,0,14,0,0,0,331,294,250,4,,,Steady,No,No,No,No,No,No,Up,No,No,No,No,No,No,No,No,No,No,No,No,No,No,No,Ch,Yes
153886590,41295951,Caucasian,Female,[50-60),?,1,1,7,13,MC,?,40,0,19,0,0,1,296,250,401,4,,Norm,No,No,No,No,No,No,No,No,No,No,No,No,No,No,No,No,No,No,No,No,No,No,No,No,No
153889884,100623699,Caucasian,Male,[70-80),?,2,1,1,1,SP,Urology,1,2,8,0,0,0,592,591,433,6,,,Steady,No,No,No,No,No,No,No,No,No,No,No,No,No,No,No,No,No,No,No,No,No,No,No,Yes
153890892,85245651,Caucasian,Male,[70-80),?,3,3,1,2,HM,?,32,1,16,0,0,0,805,428,E888,9,,,No,No,No,No,No,No,Steady,No,No,Steady,No,No,No,No,No,No,No,No,No,No,No,No,No,Ch,Yes
153892470,27629370,Caucasian,Male,[80-90),?,1,6,1,1,MC,?,24,1,8,0,0,0,599,185,250,4,,,Steady,No,No,No,No,No,No,No,No,No,No,No,No,No,No,No,No,No,No,No,No,No,No,No,Yes
153892998,91484838,Caucasian,Female,[70-80),?,2,2,7,2,MC,Surgery-General,39,3,13,0,0,1,414,411,424,7,,,No,No,No,No,Steady,No,No,No,No,No,No,No,No,No,No,No,No,Up,No,No,No,No,No,Ch,Yes
153897300,97210863,Caucasian,Female,[70-80),?,5,3,1,5,MC,?,56,0,20,9,1,0,491,599,427,9,,,No,No,No,No,No,No,No,No,No,No,No,No,No,No,No,No,No,Up,No,No,No,No,No,Ch,Yes
153901104,88057611,Caucasian,Male,[60-70),?,1,6,7,2,BC,?,46,0,5,0,0,0,434,250,414,6,,>8,No,No,No,No,No,No,No,No,No,No,No,No,No,No,No,No,No,No,No,No,No,No,No,No,No
153905952,49365693,Caucasian,Male,[80-90),?,1,1,1,2,?,Emergency/Trauma,37,0,6,8,0,1,250,276,458,7,,,No,No,No,No,No,No,Steady,No,No,No,No,No,No,No,No,No,No,No,No,No,No,No,No,No,Yes
153907560,41448105,Caucasian,Female,[90-100),?,3,3,1,3,MC,?,41,1,21,0,0,0,610,428,276,7,,,No,No,No,No,No,No,No,No,No,No,No,No,No,No,No,No,No,No,No,No,No,No,No,No,No
153908100,87627492,Caucasian,Female,[70-80),?,2,6,1,1,MC,?,3,2,13,0,0,0,196,427,250,5,,,No,No,No,No,No,No,No,No,No,No,No,No,No,No,No,No,No,No,No,No,No,No,No,No,No
153909948,27889002,Caucasian,Female,[60-70),?,5,6,1,2,MC,?,69,0,15,2,1,1,571,789,428,9,,>7,No,No,No,No,No,No,No,No,No,No,No,No,No,No,No,No,No,Down,No,No,No,No,No,Ch,Yes
153915648,52423326,AfricanAmerican,Female,[60-70),?,2,6,1,14,?,Nephrology,36,0,24,0,1,5,998,403,707,9,,,No,No,No,No,No,No,No,No,No,No,No,No,No,No,No,No,No,Up,No,No,No,No,No,Ch,Yes
153916926,102279168,Caucasian,Female,[80-90),?,2,3,1,2,MC,InternalMedicine,35,2,14,0,1,3,453,285,401,7,,,No,No,Steady,No,No,No,No,No,No,No,No,No,No,No,No,No,No,No,No,No,No,No,No,No,Yes
153921942,24998463,Caucasian,Female,[80-90),?,3,5,7,12,?,Psychiatry,54,0,12,1,0,0,331,599,285,9,,,No,No,No,No,No,No,No,No,No,No,No,No,No,No,No,No,No,No,No,No,No,No,No,No,No
153922482,92944377,Hispanic,Male,[40-50),?,2,7,7,1,SP,Family/GeneralPractice,24,0,9,0,0,0,786,276,250.6,9,,>8,No,No,No,No,No,No,No,No,No,No,No,No,No,No,No,No,No,Down,No,No,No,No,No,Ch,Yes
153924966,42526458,Caucasian,Female,[80-90),?,1,3,7,1,SP,?,39,0,6,0,0,1,530,V43,V58,7,,,No,No,No,No,No,No,Steady,No,No,No,No,No,No,No,No,No,No,Down,No,No,No,No,No,Ch,Yes
153926244,23526486,AfricanAmerican,Female,[50-60),?,1,6,7,6,BC,InternalMedicine,50,1,17,0,0,0,682,599,789,9,,,No,No,No,No,No,No,No,No,No,No,No,No,No,No,No,No,No,No,No,No,No,No,No,No,No
153928698,62544303,Caucasian,Male,[40-50),?,1,1,7,3,?,?,35,4,17,0,0,0,414,413,V45,9,,,No,No,No,No,No,No,No,No,No,No,No,No,No,No,No,No,No,No,No,No,No,No,No,No,No
153929550,67921101,Caucasian,Male,[80-90),?,1,3,7,5,?,InternalMedicine,44,1,25,0,0,0,566,428,427,9,,,No,No,No,No,No,No,No,No,No,No,No,No,No,No,No,No,No,No,No,No,No,No,No,No,No
153931746,91521288,Caucasian,Male,[70-80),?,2,1,7,3,SP,Emergency/Trauma,61,0,15,0,2,0,276,780,250,9,,,No,No,No,No,No,No,No,Steady,No,No,No,No,No,No,No,No,No,Steady,No,No,No,No,No,Ch,Yes
153931968,94367925,Caucasian,Female,[70-80),?,2,1,7,2,MC,Emergency/Trauma,42,3,10,0,0,0,414,786,250,5,,,No,No,No,No,No,No,No,No,No,No,No,No,No,No,No,No,No,No,No,No,No,No,No,No,No
153932166,59067144,AfricanAmerican,Female,[60-70),?,1,1,7,3,MC,?,34,1,6,0,0,0,574,250,401,4,,,No,No,No,No,No,No,No,No,No,No,No,No,No,No,No,No,No,No,No,No,No,No,No,No,No
153932856,34838856,Caucasian,Male,[70-80),?,2,3,7,7,MC,Family/GeneralPractice,46,0,17,0,1,5,250.82,276,V54,9,,>7,No,No,No,No,No,No,No,No,No,No,No,No,No,No,No,No,No,Up,No,No,No,No,No,Ch,Yes
153933468,87297345,Caucasian,Male,[50-60),?,1,1,7,1,HM,?,64,0,13,0,0,0,786,496,401,8,,>8,No,No,No,No,No,No,No,Up,No,No,Steady,No,No,No,No,No,No,No,No,No,No,No,No,Ch,Yes
153933948,2190906,Caucasian,Female,[60-70),?,2,1,1,5,?,?,72,2,11,0,0,0,560,403,492,9,,,No,No,No,No,No,No,No,No,No,No,No,No,No,No,No,No,No,No,No,No,No,No,No,No,No
153934596,91853226,Caucasian,Female,[40-50),?,1,1,7,6,OG,Emergency/Trauma,68,0,12,0,0,0,682,707,788,8,,,Steady,Steady,No,No,No,No,No,No,No,No,No,No,No,No,No,No,No,No,No,No,No,No,No,Ch,Yes
153934668,92192463,Caucasian,Male,[80-90),?,1,3,7,7,MC,?,67,0,13,0,0,0,599,276,276,9,,>8,No,No,No,No,No,No,No,Up,No,No,No,No,No,No,No,No,No,No,No,No,No,No,No,Ch,Yes
153934758,106588170,Caucasian,Female,[80-90),?,2,1,7,7,MC,Emergency/Trauma,38,1,6,0,0,2,567,707,799,9,,,No,No,No,No,No,No,No,No,No,No,No,No,No,No,No,No,No,No,No,No,No,No,No,No,No
153936456,23854077,AfricanAmerican,Male,[50-60),?,1,1,7,2,MC,Nephrology,28,1,18,0,1,1,567,403,250.42,5,,,No,No,No,No,No,No,No,No,No,No,No,No,No,No,No,No,No,No,No,No,No,No,No,No,No
153936834,58356459,Caucasian,Male,[60-70),?,2,3,1,6,?,InternalMedicine,53,0,12,0,2,4,332,428,492,8,,,No,No,No,No,No,No,No,No,No,No,No,No,No,No,No,No,No,Down,No,No,No,No,No,Ch,Yes
153938646,111834819,Hispanic,Female,[20-30),?,2,1,7,4,OG,Emergency/Trauma,63,0,9,0,0,0,577,276,305,5,,>8,No,No,No,No,No,No,No,No,No,No,No,No,No,No,No,No,No,Up,No,No,No,No,No,Ch,Yes
153939096,113373018,Caucasian,Female,[70-80),?,5,1,1,1,MC,?,41,0,16,0,0,0,401,428,530,9,,,No,No,No,No,No,No,No,No,No,No,No,No,No,No,No,No,No,No,No,No,No,No,No,No,No
153940074,57371175,AfricanAmerican,Female,[50-60),?,3,6,1,7,?,Surgery-General,55,2,36,0,1,0,151,998,285,9,,,No,No,No,No,No,No,No,No,No,No,No,No,No,No,No,No,No,Steady,No,No,No,No,No,No,Yes
153940752,31117113,Caucasian,Female,[70-80),?,2,3,7,5,SP,Emergency/Trauma,69,1,21,0,0,0,486,491,428,9,,,No,No,No,No,No,No,No,No,No,No,Steady,No,No,No,No,No,No,Down,No,No,No,No,No,Ch,Yes
153940770,86272758,Caucasian,Female,[50-60),?,1,22,7,1,MC,Cardiology,49,0,17,0,0,0,434,496,571,5,,,No,No,No,No,No,No,No,No,No,No,No,No,No,No,No,No,No,No,No,No,No,No,No,No,No
153947280,88257078,Caucasian,Male,[60-70),?,5,1,1,5,MC,?,27,2,28,0,0,0,154,197,496,8,,,No,No,No,No,No,No,No,Up,No,No,No,No,No,No,No,No,No,Steady,No,No,No,No,No,Ch,Yes
153947352,59227506,Caucasian,Female,[70-80),?,3,1,1,1,MC,Radiologist,44,6,13,0,0,0,414,401,272,4,,,No,No,No,No,No,No,No,No,No,No,No,No,No,No,No,No,No,No,No,No,No,No,No,No,No
153957288,58104882,Caucasian,Male,[40-50),?,1,7,7,1,MC,?,1,0,1,0,0,1,276,295,560,8,,,No,No,No,No,No,No,No,No,No,No,No,No,No,No,No,No,No,No,No,No,No,No,No,No,No
153957342,70813683,Caucasian,Male,[50-60),?,1,1,7,1,CP,?,44,0,9,0,0,0,435,250.01,437,9,,>8,No,No,No,No,No,No,No,No,No,No,No,No,No,No,No,No,No,Steady,No,No,No,No,No,No,Yes
153964074,59265036,Caucasian,Female,[50-60),?,3,1,1,1,CH,?,9,1,3,0,0,0,626,618,401,4,,,No,No,No,No,No,No,No,No,No,No,No,No,No,No,No,No,No,No,No,No,No,No,No,No,No
153964980,95789709,Caucasian,Female,[80-90),?,2,1,7,2,MC,Surgery-General,49,0,15,1,0,2,162,496,786,9,,,No,Steady,No,No,No,No,No,No,No,Steady,No,No,No,No,No,No,No,Up,No,No,No,No,No,Ch,Yes
153971106,24288264,Caucasian,Male,[40-50),?,2,1,1,6,BC,Nephrology,43,2,20,0,1,1,571,276,250.41,9,,,No,No,No,No,No,No,No,No,No,No,No,No,No,No,No,No,No,No,No,No,No,No,No,No,No
153972642,93274407,Caucasian,Female,[80-90),?,1,3,1,8,MC,?,59,1,21,2,0,0,38,276,995,9,,,Steady,No,No,No,No,No,No,Steady,No,No,No,No,No,No,No,No,No,No,No,No,No,No,No,Ch,Yes
153974388,98578107,Caucasian,Female,[40-50),?,6,1,17,2,?,Orthopedics-Reconstructive,25,1,22,0,0,1,714,715,250,6,,,No,No,No,No,Down,No,No,No,No,No,No,No,No,No,No,No,No,No,No,No,No,No,No,Ch,Yes
153974970,44387910,Caucasian,Male,[80-90),?,2,3,1,8,MC,Family/GeneralPractice,41,5,21,0,0,0,250.7,443,707,9,,,No,No,No,No,No,No,No,No,No,No,No,No,No,No,No,No,No,No,No,No,No,No,No,No,No
153979524,59350302,Caucasian,Male,[50-60),?,1,1,7,7,MC,?,35,1,20,0,0,0,511,491,466,9,,,No,No,No,No,No,No,No,No,No,No,No,No,No,No,No,No,No,No,No,No,No,No,No,No,No
153982506,59329809,Caucasian,Male,[40-50),?,2,1,6,1,HM,?,30,5,7,0,0,0,410,250,272,4,,,No,No,No,No,No,No,No,No,No,No,No,No,No,No,No,No,No,No,No,No,No,No,No,No,No
153985332,77740974,Caucasian,Female,[10-20),?,2,1,1,2,?,Family/GeneralPractice,29,0,5,0,0,0,682,250.01,V58,4,,,No,No,No,No,No,No,No,No,No,No,No,No,No,No,No,No,No,Down,No,No,No,No,No,Ch,Yes
153988860,97341534,Caucasian,Male,[20-30),?,1,7,7,1,HM,?,75,0,8,0,2,0,250.1,?,?,1,,>8,No,No,No,No,No,No,No,No,No,No,No,No,No,No,No,No,No,No,No,No,No,No,No,No,No
153989292,23833827,AfricanAmerican,Female,[30-40),?,2,4,1,2,BC,InternalMedicine,43,0,9,0,1,0,674,428,250,4,,,No,No,No,No,No,No,No,No,No,No,No,No,No,No,No,No,No,Steady,No,No,No,No,No,No,Yes
153992070,50961195,Caucasian,Male,[60-70),?,5,6,1,5,HM,?,61,1,22,0,0,1,250.6,481,511,9,,,No,No,No,No,No,No,No,No,No,No,No,No,No,No,No,No,No,Steady,No,No,No,No,No,No,Yes
153992898,59330061,Caucasian,Male,[80-90),?,1,1,7,7,MC,?,10,0,17,0,0,0,427,486,428,9,,,No,No,No,No,No,No,Steady,No,No,Steady,No,No,No,No,No,No,No,No,No,No,No,No,No,Ch,Yes
153993372,101522322,Caucasian,Male,[80-90),?,2,3,1,5,MC,Cardiology,65,0,12,0,0,2,428,496,707,9,,,No,No,No,No,No,No,No,No,No,No,No,No,No,No,No,No,No,Steady,No,No,No,No,No,No,Yes
154000380,43798185,Caucasian,Male,[70-80),?,3,11,1,1,MC,Nephrology,56,5,25,0,0,0,38,518,511,9,,,No,No,No,No,No,No,No,No,No,No,No,No,No,No,No,No,No,Steady,No,No,No,No,No,No,Yes
154002306,71235216,Caucasian,Male,[70-80),?,3,1,1,6,MC,Surgery-Vascular,54,5,17,0,0,0,250.6,707,682,9,,Norm,No,No,No,No,No,No,No,No,No,No,No,No,No,No,No,No,No,Down,No,No,No,No,No,Ch,Yes
154004610,38910366,Caucasian,Female,[40-50),?,2,1,7,1,SP,Emergency/Trauma,41,0,6,0,0,0,786,250.02,401,3,,>8,Steady,No,No,No,Steady,No,No,No,No,No,No,No,No,No,No,No,No,Steady,No,No,No,No,No,Ch,Yes
154004616,86241888,Caucasian,Female,[70-80),?,1,1,7,3,MC,?,35,4,24,0,0,0,414,94,250,6,,,No,No,No,No,No,No,No,No,No,Steady,No,No,No,No,No,No,No,No,No,No,No,No,No,No,Yes
154008300,43399116,Caucasian,Female,[40-50),?,1,1,7,6,BC,?,41,3,24,0,0,1,780,518,276,7,,,No,No,No,No,No,No,No,No,No,No,No,No,No,No,No,No,No,Steady,No,No,No,No,No,No,Yes
154008780,108140553,Caucasian,Female,[60-70),?,2,1,1,3,?,InternalMedicine,64,3,11,0,0,0,531,280,V14,9,,,No,No,No,No,No,No,No,Steady,No,No,No,No,No,No,No,No,No,No,No,No,No,No,No,No,Yes
154010856,69658641,Caucasian,Male,[60-70),?,1,1,7,1,?,?,19,0,3,0,0,0,414,413,401,5,,,No,No,No,No,No,No,No,No,No,No,No,No,No,No,No,No,No,No,No,No,No,No,No,No,No
154011360,72201411,Caucasian,Female,[80-90),?,2,1,1,1,?,InternalMedicine,54,0,11,0,1,0,428,427,250,6,,>7,No,No,No,No,No,No,Steady,No,No,Steady,No,No,No,No,No,No,No,No,No,No,No,No,No,Ch,Yes
154011942,108428832,Caucasian,Female,[50-60),?,1,1,7,4,MC,?,33,2,15,0,0,0,250.6,707,682,9,,,Steady,No,No,No,Steady,No,No,No,No,No,No,No,No,No,No,No,No,Steady,No,No,No,No,No,Ch,Yes
154017162,25217487,Caucasian,Female,[70-80),?,3,6,1,3,MC,Surgery-Cardiovascular/Thoracic,28,1,10,0,0,0,511,428,401,6,,,No,No,No,No,No,No,Steady,No,No,Steady,No,No,No,No,No,No,No,Up,No,No,No,No,No,Ch,Yes
154018374,88663752,Caucasian,Female,[50-60),?,1,1,7,3,HM,?,46,0,10,0,0,0,493,250,593,3,,Norm,No,No,No,No,No,No,No,No,No,No,No,No,No,No,No,No,No,No,No,No,No,No,No,No,No
154020090,65673216,Caucasian,Female,[80-90),?,5,1,1,3,MC,?,55,0,14,0,0,0,276,466,250,9,,,Steady,No,No,No,No,No,No,No,No,No,No,No,No,No,No,No,No,No,No,No,No,No,No,No,Yes
154020372,59893902,Caucasian,Female,[60-70),?,1,1,1,3,CH,?,54,0,21,0,0,0,584,428,E944,9,,>7,No,No,No,No,No,No,No,No,No,No,Steady,No,No,No,No,No,No,Steady,No,No,No,No,No,Ch,Yes
154021260,87314670,Caucasian,Male,[60-70),?,1,6,7,6,HM,?,39,1,16,0,0,2,250.82,682,707,9,,,No,No,No,No,No,No,No,No,No,No,No,No,No,No,No,No,No,No,No,No,No,No,No,No,No
154021902,93205692,Caucasian,Male,[40-50),?,2,1,7,3,OG,Emergency/Trauma,35,0,11,6,9,1,577,276,250,6,,,No,No,No,No,No,No,No,No,No,No,No,No,No,No,No,No,No,No,No,No,No,No,No,No,No
154023240,62428428,Caucasian,Male,[70-80),?,1,1,7,2,?,?,3,3,17,0,0,0,414,411,427,9,,,No,No,No,No,No,No,No,No,No,No,Steady,No,No,No,No,No,No,Steady,No,No,No,No,No,Ch,Yes
154024554,112880682,Caucasian,Male,[60-70),?,3,1,1,2,MC,Orthopedics,25,1,16,0,0,0,820,496,304,8,,,No,No,No,No,No,No,No,No,No,No,No,No,No,No,No,No,No,Steady,No,No,No,No,No,No,Yes
154025598,86662206,Caucasian,Female,[60-70),?,2,1,1,1,HM,?,45,0,9,0,0,0,435,784,401,5,,>7,No,No,No,No,No,No,No,No,No,No,No,No,No,No,No,No,No,No,Steady,No,No,No,No,No,Yes
154027302,50542884,Caucasian,Male,[70-80),?,1,1,7,2,CM,?,43,0,11,0,0,0,428,V45,V45,9,,Norm,No,No,No,No,Steady,No,No,No,No,No,No,No,No,No,No,No,No,No,No,No,No,No,No,No,Yes
154028442,38835369,Caucasian,Female,[40-50),?,2,3,1,6,SP,InternalMedicine,35,1,11,0,0,1,707,250.02,276,7,,>8,Steady,No,No,No,No,No,No,No,No,No,Steady,No,No,No,No,No,No,Down,No,No,No,No,No,Ch,Yes
154031070,38911725,Caucasian,Female,[80-90),?,2,3,7,5,SP,Emergency/Trauma,67,2,20,0,0,0,820,287,821,9,,,No,No,No,No,No,No,No,No,No,No,Steady,No,No,No,No,No,No,Up,No,No,No,No,No,Ch,Yes
154031826,40894128,Caucasian,Female,[60-70),?,1,2,3,1,UN,Nephrology,43,0,22,2,0,3,434,780,780,9,,,Steady,No,No,No,No,No,No,No,No,No,No,No,No,No,No,No,No,No,No,No,No,No,No,No,Yes
154035156,108116442,AfricanAmerican,Male,[40-50),?,2,1,7,1,HM,Family/GeneralPractice,38,0,10,0,0,0,786,425,401,6,,,Steady,No,No,No,No,No,No,No,No,Steady,No,No,No,No,No,No,No,No,Steady,No,No,No,No,Ch,Yes
154036668,97704801,Caucasian,Female,[80-90),?,1,1,7,6,MC,?,65,0,14,0,0,1,38,599,428,9,,,No,No,No,No,No,No,No,No,No,No,No,No,No,No,No,No,No,No,No,No,No,No,No,No,No
154037802,99811710,Caucasian,Female,[70-80),[50-75),1,1,7,5,MC,Surgery-General,36,1,11,3,0,0,574,424,250,7,,,No,No,No,No,No,No,No,No,No,No,No,No,No,No,No,No,No,No,No,No,No,No,No,No,No
154038042,91107747,Caucasian,Male,[80-90),?,2,3,7,1,SP,Family/GeneralPractice,45,0,9,1,0,2,786,250,414,5,,,No,No,No,No,Steady,No,No,No,No,Steady,No,No,No,No,No,No,No,No,No,No,No,No,No,Ch,Yes
154038306,41675661,Caucasian,Male,[20-30),?,1,1,7,2,SP,?,10,0,3,0,0,0,250.11,V58,401,4,,,No,No,No,No,No,No,No,No,No,No,No,No,No,No,No,No,No,Down,No,No,No,No,No,Ch,Yes
154042674,43798815,Caucasian,Female,[50-60),?,3,6,4,13,MD,Nephrology,74,4,33,0,0,0,180,250.42,403,9,,Norm,No,No,No,No,No,No,No,No,No,No,No,No,No,No,No,No,No,Steady,No,No,No,No,No,No,Yes
154043304,84125817,AfricanAmerican,Male,[70-80),?,1,1,7,3,?,?,48,1,18,0,0,2,458,250.02,285,9,,,No,No,No,No,No,No,No,No,No,No,No,No,No,No,No,No,No,No,No,No,No,No,No,No,No
154043958,42556419,Caucasian,Male,[70-80),?,1,1,7,2,SP,?,36,0,16,0,0,0,428,425,530,8,,,No,No,No,No,No,No,No,Steady,No,No,No,No,No,No,No,No,No,No,No,No,No,No,No,No,Yes
154044420,31313808,Caucasian,Female,[70-80),?,1,3,1,5,MC,?,44,1,20,0,1,0,820,250.02,425,9,,>8,Down,No,No,No,No,No,No,Steady,No,No,Steady,No,No,No,No,No,No,Steady,No,No,No,No,No,Ch,Yes
154044930,58148586,Caucasian,Male,[40-50),?,3,6,1,5,?,Surgery-Cardiovascular,44,2,41,1,0,1,414,411,250.43,9,,,No,No,No,No,No,No,No,No,No,No,No,No,No,No,No,No,No,Up,No,No,No,No,No,Ch,Yes
154045626,25216218,AfricanAmerican,Female,[50-60),?,3,1,1,1,BC,Surgery-General,26,1,12,0,0,0,226,250,?,2,,,No,No,No,No,No,No,No,No,No,No,No,No,No,No,No,No,No,No,No,No,No,No,No,No,No
154055130,58489083,Caucasian,Female,[60-70),?,3,1,1,5,HM,?,44,6,23,0,0,0,197,998,198,9,,,Steady,No,No,No,Steady,No,No,No,No,No,No,No,No,No,No,No,No,Down,No,No,No,No,No,Ch,Yes
154060320,86035140,Caucasian,Female,[50-60),?,3,6,1,2,BC,?,21,2,7,0,0,0,621,401,250,3,,,No,No,No,No,No,No,No,No,No,No,Steady,No,No,No,No,No,No,No,No,No,No,No,No,No,Yes
154071996,24667965,Caucasian,Male,[60-70),?,3,1,1,1,BC,Surgery-General,40,1,16,0,0,0,574,250,401,5,,,No,No,No,No,No,No,No,No,No,No,No,No,No,No,No,No,No,No,No,No,No,No,No,No,No
154083222,94089636,Caucasian,Female,[70-80),?,2,1,7,2,SP,Emergency/Trauma,47,0,7,0,0,0,276,403,275,8,,,No,No,No,No,No,No,No,No,No,No,No,No,No,No,No,No,No,No,No,No,No,No,No,No,No
154083246,49765446,Caucasian,Male,[60-70),?,2,1,7,3,MC,Pulmonology,64,0,27,1,1,0,518,496,682,8,,>8,No,No,No,No,No,No,No,No,No,No,No,No,No,No,No,No,No,Down,No,No,No,No,No,Ch,Yes
154084206,42572835,Caucasian,Male,[70-80),?,2,6,1,11,?,InternalMedicine,40,2,19,0,0,3,27,320,112,9,,,No,Up,No,No,No,No,No,No,No,No,No,No,No,No,No,No,No,Steady,No,No,No,No,No,Ch,Yes
154085352,92492208,Caucasian,Female,[50-60),?,5,1,1,6,HM,?,1,3,11,0,0,0,153,250,272,4,,,No,No,No,No,No,No,No,No,No,No,No,No,No,No,No,No,No,No,No,No,No,No,No,No,No
154091280,85812795,Caucasian,Female,[60-70),?,1,1,1,6,MC,?,45,0,12,0,0,0,780,496,401,7,,>7,No,No,No,No,No,No,No,No,No,No,No,No,No,No,No,No,No,No,No,No,No,No,No,No,No
154094616,43723152,Caucasian,Female,[80-90),?,1,3,7,5,MC,?,67,0,13,0,0,0,434,784,428,8,,,No,No,No,No,No,No,No,Steady,No,No,No,No,No,No,No,No,No,No,No,No,No,No,No,No,Yes
154094994,41686677,Caucasian,Female,[70-80),?,1,22,3,6,MC,?,49,4,32,0,0,0,434,433,?,8,,,No,No,No,No,No,No,No,No,No,No,No,No,No,No,No,No,No,No,No,No,No,No,No,No,No
154096290,42758352,Caucasian,Female,[70-80),?,2,3,1,5,MC,?,34,1,14,1,0,0,785,250,401,8,,,No,No,No,No,No,No,No,Steady,No,No,Steady,No,No,No,No,No,No,No,No,No,No,No,No,Ch,Yes
154098870,84461175,AfricanAmerican,Female,[60-70),?,3,1,1,4,MC,?,34,5,14,1,0,0,414,401,250,6,,,No,No,No,No,No,No,No,No,No,No,No,No,No,No,No,No,No,No,No,No,No,No,No,No,No
154102146,100549989,Caucasian,Female,[90-100),?,2,6,1,6,?,InternalMedicine,3,2,18,0,0,0,486,428,496,9,,,No,No,No,No,No,No,No,Steady,No,No,No,No,No,No,No,No,No,No,No,No,No,No,No,No,Yes
154102974,6451281,Caucasian,Male,[70-80),?,8,1,1,11,?,Family/GeneralPractice,48,2,27,3,0,0,410,415,250.02,5,,,No,No,No,No,No,No,No,No,No,Up,No,No,No,No,No,No,No,Down,No,No,No,No,No,Ch,Yes
154106244,114062751,Caucasian,Female,[80-90),?,1,1,7,1,MC,?,9,0,14,0,0,0,786,401,553,8,,,No,No,No,No,No,No,No,Steady,No,No,No,No,No,No,No,No,No,No,No,No,No,No,No,No,Yes
154109856,43799292,Caucasian,Male,[60-70),?,1,6,7,4,BC,?,53,2,22,0,0,0,821,910,E819,8,,,No,No,No,No,No,No,No,No,No,No,No,No,No,No,No,No,No,No,No,No,No,No,No,No,No
154110624,71581995,Caucasian,Male,[80-90),?,2,6,1,4,?,Family/GeneralPractice,31,0,10,0,0,0,914,276,682,8,,,No,No,No,No,No,No,No,No,No,No,No,No,No,No,No,No,No,No,No,No,No,No,No,No,No
154110924,95930262,Caucasian,Female,[70-80),?,6,3,7,10,?,?,37,0,26,0,0,1,458,780,780,6,Norm,,No,No,No,No,No,No,No,Steady,No,No,No,No,No,No,No,No,No,No,No,No,No,No,No,No,Yes
154114170,23869746,Caucasian,Female,[70-80),?,3,22,1,5,MC,InternalMedicine,42,5,12,0,0,0,280,401,250,7,,>7,No,No,No,No,No,No,No,No,No,No,Steady,No,No,No,No,No,No,Steady,No,No,No,No,No,Ch,Yes
154114722,98421651,Caucasian,Female,[80-90),?,2,3,7,6,MC,Emergency/Trauma,46,0,21,0,0,0,491,428,427,6,,,No,No,No,No,No,No,No,No,No,Steady,No,No,No,No,No,No,No,Up,No,No,No,No,No,Ch,Yes
154116828,23850342,AfricanAmerican,Female,[40-50),?,1,1,7,1,BC,InternalMedicine,43,2,2,0,0,0,562,250,401,5,,,No,No,No,No,No,No,No,No,No,No,No,No,No,No,No,No,No,No,No,No,No,No,No,No,No
154118610,43799391,Caucasian,Male,[50-60),?,1,1,7,1,OG,?,44,0,6,0,0,0,458,786,585,9,,,No,No,No,No,No,No,No,No,No,No,No,No,No,No,No,No,No,Steady,No,No,No,No,No,No,Yes
154118844,79323246,Caucasian,Female,[30-40),[50-75),2,1,1,2,DM,?,71,0,4,0,1,0,786,250.2,745,3,,,Steady,No,No,No,No,No,No,No,No,No,No,No,No,No,No,No,No,No,No,No,No,No,No,No,Yes
154119606,111792150,Caucasian,Male,[60-70),[75-100),2,1,1,4,DM,?,40,0,17,1,1,2,250.8,681,428,9,,,Steady,No,No,No,No,No,No,No,No,No,No,No,No,No,No,No,No,No,No,No,No,No,No,No,Yes
154119846,46965474,Caucasian,Female,[80-90),?,3,6,5,11,MC,?,43,2,15,0,0,4,428,414,458,8,,,No,Steady,No,No,No,No,No,No,No,No,No,No,No,No,No,No,No,No,No,No,No,No,No,No,Yes
154120092,95093784,Hispanic,Male,[50-60),?,2,1,7,5,BC,Emergency/Trauma,61,0,11,0,0,0,695,682,682,9,,Norm,No,No,No,No,No,No,No,No,No,No,No,No,No,No,No,No,No,Down,No,No,No,No,No,Ch,Yes
154120836,41397408,Caucasian,Female,[70-80),?,3,1,1,1,MC,Family/GeneralPractice,46,0,4,0,0,0,786,402,250,3,,,No,No,No,No,No,No,No,No,No,No,No,No,No,No,No,No,No,No,No,No,No,No,No,No,No
154121016,84795921,Caucasian,Male,[70-80),?,1,2,1,3,MC,?,41,4,11,1,0,0,410,424,427,9,,,No,No,No,No,No,No,No,Steady,No,No,No,No,No,No,No,No,No,No,No,No,No,No,No,No,Yes
154121100,64831653,AfricanAmerican,Female,[50-60),?,1,1,7,4,?,?,51,1,11,1,0,2,349,403,428,9,,,No,No,No,No,No,No,No,No,No,No,No,No,No,No,No,No,No,No,No,No,No,No,No,No,No
154122792,58161204,Caucasian,Female,[70-80),?,1,1,7,7,CM,?,9,3,16,0,2,1,416,428,424,9,,,Steady,No,No,No,No,No,No,No,No,No,No,No,No,No,No,No,No,No,No,No,No,No,No,No,Yes
154123422,95822271,AfricanAmerican,Female,[60-70),?,1,3,7,5,BC,?,63,0,17,0,0,0,428,491,414,9,,,No,No,No,No,No,No,No,No,No,No,No,No,No,No,No,No,No,No,No,No,No,No,No,No,No
154124538,111514617,Caucasian,Male,[80-90),?,2,3,7,3,MC,Emergency/Trauma,17,0,8,0,0,0,780,276,427,9,,,No,No,No,No,Steady,No,No,No,No,No,No,No,No,No,No,No,No,No,No,No,No,No,No,No,Yes
154124604,95350050,Caucasian,Female,[20-30),?,1,1,7,7,SP,Emergency/Trauma,68,1,16,0,1,2,250.11,577,276,7,,,No,No,No,No,No,No,No,No,No,No,No,No,No,No,No,No,No,Down,No,No,No,No,No,Ch,Yes
154126032,83074248,Caucasian,Male,[70-80),?,6,6,17,6,?,?,82,3,32,5,1,1,433,403,250.4,9,,,No,No,No,No,No,No,No,Down,No,No,Steady,No,No,No,No,No,No,No,No,No,No,No,No,Ch,Yes
154126164,95211243,Caucasian,Male,[80-90),?,1,1,7,3,?,Pulmonology,45,0,8,6,0,0,486,276,424,9,,,Steady,No,No,No,No,No,No,Steady,No,No,No,No,No,No,No,No,No,No,No,No,No,No,No,Ch,Yes
154126962,91760571,Caucasian,Female,[80-90),?,2,1,7,5,MC,Emergency/Trauma,43,0,18,0,0,0,486,491,427,9,,,Steady,No,No,No,Steady,No,No,No,No,No,No,No,No,No,No,No,No,Down,No,No,No,No,No,Ch,Yes
154127268,85282128,AfricanAmerican,Female,[40-50),?,1,1,7,1,?,InternalMedicine,67,0,13,0,0,2,575,428,425,9,,,No,No,No,No,No,No,No,No,No,No,No,No,No,No,No,No,No,Steady,No,No,No,No,No,No,Yes
154128210,96746976,AfricanAmerican,Male,[50-60),?,1,1,7,1,HM,?,6,0,9,0,1,0,786,789,414,9,,,No,Steady,No,No,No,No,No,No,No,No,No,No,No,No,No,No,No,No,No,No,No,No,No,No,Yes
154128708,102184632,Caucasian,Female,[80-90),?,6,6,7,11,?,?,39,0,15,0,0,3,560,574,789,6,Norm,,No,No,No,No,No,No,No,No,No,No,No,No,No,No,No,No,No,No,No,No,No,No,No,No,No
154131984,40945509,Caucasian,Female,[70-80),?,1,1,7,3,SP,?,43,0,16,4,0,1,427,403,250,3,,,No,No,No,No,Steady,No,No,No,No,No,No,Steady,No,No,No,No,No,Up,No,No,No,No,No,Ch,Yes
154133022,85545603,AfricanAmerican,Female,[70-80),?,1,3,7,4,MC,?,29,0,5,0,1,0,599,276,707,9,,,No,No,No,No,No,No,No,No,No,No,No,No,No,No,No,No,No,Steady,No,No,No,No,No,No,Yes
154134558,84015063,AfricanAmerican,Male,[40-50),?,1,1,7,6,?,?,11,1,16,0,0,1,780,404,425,9,,,No,No,No,No,No,No,No,No,No,No,No,No,No,No,No,No,No,Down,No,No,No,No,No,Ch,Yes
154134942,65707722,Caucasian,Female,[70-80),?,1,3,1,4,MC,?,53,1,17,0,0,0,820,250,E882,4,,Norm,No,No,No,No,No,No,No,No,No,No,No,No,No,No,No,No,No,Up,No,No,No,No,No,Ch,Yes
154135068,43748883,Caucasian,Male,[70-80),?,1,1,7,6,MC,?,56,5,18,0,0,0,574,575,553,7,,,No,No,No,No,No,No,No,No,No,No,No,No,No,No,No,No,No,Up,No,No,No,No,No,Ch,Yes
154135932,41694273,Caucasian,Female,[60-70),?,1,1,7,4,MC,?,43,4,22,4,0,2,410,414,414,7,,,No,No,No,No,No,No,No,No,No,No,No,No,No,No,No,No,No,Down,No,No,No,No,No,Ch,Yes
154136250,43620444,Caucasian,Female,[70-80),?,1,11,7,7,MC,?,66,0,30,1,0,2,507,518,250.82,7,,,No,No,No,No,No,No,No,Steady,No,No,No,No,No,No,No,No,No,No,No,No,No,No,No,No,Yes
154137588,75118500,Caucasian,Female,[70-80),?,1,6,7,6,?,?,2,3,17,1,0,0,599,535,285,9,,,Steady,No,No,No,No,No,No,No,No,No,No,No,No,No,No,No,No,No,No,No,No,No,No,No,Yes
154138218,43650189,Caucasian,Male,[20-30),?,1,1,7,6,UN,?,33,0,12,0,0,1,272,250,?,2,,,Steady,No,No,No,Up,No,No,No,No,No,No,No,No,No,No,No,No,Down,No,No,No,No,No,Ch,Yes
154138752,89472789,Caucasian,Male,[90-100),?,5,14,1,2,MC,?,30,0,2,1,0,1,518,481,496,7,,,No,No,No,No,No,No,No,No,No,No,No,No,No,No,No,No,No,No,No,No,No,No,No,No,No
154139592,63180018,Caucasian,Male,[60-70),?,1,1,7,1,?,?,27,0,7,1,0,1,592,592,401,6,,,No,No,No,No,No,No,No,No,No,No,No,No,No,No,No,No,No,No,No,No,No,No,No,No,No
154140096,54672858,Caucasian,Female,[70-80),[75-100),1,1,7,2,MC,Surgery-General,44,1,11,4,0,1,577,574,427,9,,,No,No,No,No,No,No,No,No,No,Steady,No,No,No,No,No,No,No,No,No,No,No,No,No,No,Yes
154141356,31058469,Caucasian,Male,[80-90),?,1,1,1,3,MC,?,31,0,17,1,0,0,491,250.02,593,9,,,No,No,No,No,No,No,No,No,No,No,No,No,No,No,No,No,No,Up,No,No,No,No,No,Ch,Yes
154145826,114948729,AfricanAmerican,Female,[60-70),?,1,1,7,5,CM,?,48,4,21,0,1,11,996,403,250.7,9,,,No,No,No,No,No,No,No,No,No,No,No,No,No,No,No,No,No,Steady,No,No,No,No,No,No,Yes
154147278,96402087,Caucasian,Female,[50-60),?,1,6,7,3,CP,?,61,0,16,0,0,0,428,780,278,9,,>8,No,No,No,No,No,No,No,No,No,Steady,No,No,No,No,No,No,No,Steady,No,No,No,No,No,Ch,Yes
154148646,101215224,Caucasian,Male,[60-70),?,1,1,7,4,CP,?,51,5,19,0,0,0,414,411,578,9,,Norm,No,No,No,No,No,No,No,No,No,No,No,No,No,No,No,No,No,No,No,No,No,No,No,No,No
154153152,95029434,Hispanic,Male,[70-80),?,6,1,7,7,?,InternalMedicine,56,0,5,0,0,1,584,593,250.6,6,>200,,Steady,Steady,No,No,No,No,No,No,No,No,No,No,No,No,No,No,No,No,No,No,No,No,No,Ch,Yes
154154580,92023875,Caucasian,Male,[70-80),?,2,3,7,6,UN,Emergency/Trauma,64,1,11,0,0,2,599,280,496,9,,>7,No,No,No,No,No,No,Steady,No,No,No,No,No,No,No,No,No,No,Up,No,No,No,No,No,Ch,Yes
154157154,23481783,AfricanAmerican,Female,[70-80),?,1,1,7,1,?,InternalMedicine,43,0,16,1,0,5,435,272,401,7,,,Steady,No,No,No,No,No,No,No,No,No,No,No,No,No,No,No,No,Steady,No,No,No,No,No,Ch,Yes
154157394,84622230,Caucasian,Female,[40-50),?,1,1,7,1,MC,?,44,0,15,5,0,1,250.11,403,V45,9,,,No,No,No,No,No,No,No,No,No,No,No,No,No,No,No,No,No,No,No,No,No,No,No,No,No
154157898,36581805,Caucasian,Male,[40-50),?,6,1,17,3,?,Cardiology,54,1,13,0,1,0,427,424,414,9,,,No,No,No,No,No,No,No,No,No,No,No,No,No,No,No,No,No,No,No,No,No,No,No,No,No
154157934,58734189,Caucasian,Female,[50-60),?,1,3,7,6,MC,?,43,1,21,0,1,1,590,8,250.6,9,,,No,No,No,No,No,No,No,No,No,No,No,No,No,No,No,No,No,No,No,No,No,No,No,No,No
154157940,89875836,Caucasian,Male,[40-50),?,2,1,1,1,CP,?,6,3,11,2,0,0,786,780,782,8,,,Steady,No,No,No,No,No,No,Steady,No,No,No,No,No,No,No,No,No,No,No,No,No,No,No,Ch,Yes
154159128,89174187,Caucasian,Female,[80-90),?,2,4,7,3,MC,Family/GeneralPractice,59,0,19,0,0,0,786,780,276,8,,>7,Steady,Steady,No,No,No,No,No,No,No,No,No,No,No,No,No,No,No,Down,No,No,No,No,No,Ch,Yes
154159506,71204589,Caucasian,Male,[70-80),?,1,1,7,2,MD,?,41,0,15,0,0,0,433,250,401,6,,Norm,No,No,No,No,No,No,Steady,No,No,No,No,No,No,No,No,No,No,Steady,No,No,No,No,No,Ch,Yes
154161018,24293475,AfricanAmerican,Female,[50-60),?,1,3,5,11,MD,InternalMedicine,46,1,17,0,0,0,682,780,319,7,,,No,No,No,No,No,No,No,No,No,No,No,No,No,No,No,No,No,No,No,No,No,No,No,No,No
154162536,65807757,AfricanAmerican,Female,[80-90),?,1,6,1,5,?,?,1,0,9,3,0,2,294,599,250,9,,,No,No,No,No,No,No,No,No,No,No,No,No,No,No,No,No,No,Steady,No,No,No,No,No,No,Yes
154162812,64195281,Caucasian,Female,[40-50),?,2,1,7,2,HM,Pediatrics,72,0,9,0,0,0,786,250,493,5,,>8,No,No,No,No,No,No,No,No,No,No,Steady,No,No,No,No,No,No,Steady,No,No,No,No,No,Ch,Yes
154162986,103038309,Caucasian,Male,[50-60),?,5,1,1,1,HM,?,35,0,9,0,0,0,780,250,786,9,,,No,No,No,No,No,No,No,No,No,No,No,No,No,No,No,No,No,No,No,No,No,No,No,No,No
154163130,43800210,Caucasian,Female,[60-70),?,3,1,1,3,MC,?,20,1,15,0,0,0,285,288,780,8,,,No,No,No,No,No,No,No,No,No,No,No,No,No,No,No,No,No,No,Steady,No,No,No,No,No,Yes
154164402,43800282,Caucasian,Male,[60-70),?,1,22,7,9,SP,?,71,0,16,0,0,0,434,305,428,8,,>8,Steady,No,No,No,No,No,No,No,No,No,No,No,No,No,No,No,No,No,No,No,No,No,No,No,Yes
154165518,83548665,AfricanAmerican,Male,[40-50),?,2,1,1,6,?,Gastroenterology,51,0,13,0,0,0,292,599,318,8,,,No,No,No,No,Steady,No,No,No,No,No,No,No,No,No,No,No,No,No,No,No,No,No,No,No,Yes
154167228,106768719,AfricanAmerican,Female,[30-40),?,1,1,7,4,DM,?,25,0,15,0,0,0,789,710,250,8,,,Steady,No,No,No,No,No,Steady,No,No,No,No,No,No,No,No,No,No,No,No,No,No,No,No,Ch,Yes
154168116,85911273,Caucasian,Female,[80-90),?,2,3,1,5,HM,Radiologist,57,1,22,0,0,0,820,496,285,9,,,No,No,No,No,No,No,Steady,No,No,No,No,No,No,No,No,No,No,No,No,No,No,No,No,No,Yes
154168644,85162410,Caucasian,Female,[60-70),?,1,6,7,11,HM,?,62,5,30,0,0,1,188,486,491,9,,>8,No,No,No,No,No,No,Up,No,No,No,No,No,No,No,No,No,No,No,No,No,No,No,No,Ch,Yes
154169958,99445761,Other,Male,[80-90),?,2,6,7,9,MD,Surgery-General,58,5,21,0,0,2,250.82,200,511,9,,,No,No,No,No,Up,No,No,No,No,No,Steady,No,No,No,No,No,No,Up,No,No,No,No,No,Ch,Yes
154171314,103341330,Caucasian,Male,[80-90),?,5,1,1,2,MC,?,54,0,11,1,0,0,38,599,995,8,,>7,Steady,No,No,No,No,No,Steady,No,No,No,No,No,No,No,No,No,No,Steady,No,No,No,No,No,Ch,Yes
154173804,23326173,Caucasian,Female,[60-70),?,1,22,7,3,MC,Orthopedics-Reconstructive,41,1,27,0,0,0,820,428,V58,9,,,No,No,No,No,No,No,No,No,No,No,No,No,No,No,No,No,No,Up,No,No,No,No,No,Ch,Yes
154174434,42671313,Caucasian,Male,[60-70),?,1,1,7,8,MC,?,49,0,16,0,0,2,238,428,284,9,,,No,No,No,No,No,No,No,Steady,No,No,No,No,No,No,No,No,No,No,No,No,No,No,No,No,Yes
154176006,99530073,Caucasian,Male,[50-60),?,2,11,7,7,BC,Emergency/Trauma,67,3,34,1,1,0,482,518,250.6,9,,,No,No,No,No,No,No,No,No,No,No,No,No,No,No,No,No,No,Down,No,No,No,No,No,Ch,Yes
154177146,63495468,AfricanAmerican,Male,[50-60),?,1,1,7,2,BC,Emergency/Trauma,54,1,18,0,0,0,805,881,?,7,,,No,No,No,No,No,No,No,No,No,No,No,No,No,No,No,No,No,Steady,No,No,No,No,No,No,Yes
154177338,24356340,AfricanAmerican,Female,[60-70),?,1,1,7,2,?,InternalMedicine,40,0,8,0,0,0,789,553,250,7,,,No,No,No,No,No,No,No,No,No,No,No,No,No,No,No,No,No,Steady,No,No,No,No,No,No,Yes
154177428,23197284,AfricanAmerican,Male,[60-70),?,1,1,7,3,MC,Family/GeneralPractice,43,0,19,0,0,0,491,250,V58,7,,,Steady,No,No,No,Steady,No,No,No,No,No,No,No,No,No,No,No,No,Steady,No,No,No,No,No,Ch,Yes
154177596,41041530,Caucasian,Female,[70-80),?,3,3,1,8,MC,?,49,1,26,1,0,4,611,403,707,9,,,No,No,No,No,No,No,No,No,No,No,No,No,No,No,No,No,No,Down,No,No,No,No,No,Ch,Yes
154178100,41615262,Caucasian,Female,[70-80),?,1,1,7,1,MC,?,46,0,7,0,0,3,414,413,786,9,,,No,No,No,No,No,No,No,No,No,No,No,No,No,No,No,No,No,No,No,No,No,No,No,No,No
154178856,66233700,Caucasian,Male,[60-70),?,1,1,7,2,MC,?,9,1,14,0,0,0,786,428,401,7,,,No,No,No,No,No,No,No,No,No,No,No,No,No,No,No,No,No,Steady,No,No,No,No,No,No,Yes
154179048,32711382,AfricanAmerican,Female,[60-70),?,1,1,7,2,MC,?,27,1,6,1,4,1,578,578,280,9,,,No,No,No,No,No,No,No,No,No,No,No,No,No,No,No,No,No,No,No,No,No,No,No,No,No
154179138,83853531,Caucasian,Male,[70-80),?,1,1,7,1,MC,?,3,0,10,0,0,0,435,458,305,9,,,No,No,No,No,No,No,No,No,No,No,No,No,No,No,No,No,No,Down,No,No,No,No,No,Ch,Yes
154179426,85679280,Caucasian,Female,[50-60),?,1,1,7,3,HM,?,60,0,19,0,0,0,590,458,401,8,,,Steady,No,No,No,No,No,No,No,No,No,No,No,No,No,No,No,No,No,No,No,No,No,No,No,Yes
154181172,95740929,AfricanAmerican,Female,[80-90),?,1,4,7,11,?,?,37,0,6,1,0,1,250.81,599,428,9,,,No,No,No,No,No,No,No,No,No,No,No,No,No,No,No,No,No,No,No,No,No,No,No,No,No
154181196,24601626,AfricanAmerican,Female,[30-40),?,1,3,5,4,MD,InternalMedicine,54,1,8,0,0,0,276,496,276,9,,>8,No,No,No,No,No,No,No,No,No,No,No,No,No,No,No,No,No,Steady,No,No,No,No,No,No,Yes
154182126,103778271,Caucasian,Male,[70-80),?,2,1,7,4,MC,Family/GeneralPractice,69,0,13,2,0,1,428,427,424,9,,,No,No,No,No,No,No,No,No,No,No,No,No,No,No,No,No,No,No,No,No,No,No,No,No,No
154182168,55335159,Caucasian,Male,[70-80),?,1,22,7,5,CM,?,51,1,15,0,0,0,820,250,401,8,,,No,No,No,No,No,No,No,No,No,No,No,No,No,No,No,No,No,No,No,No,No,No,No,No,No
154182546,85976901,Caucasian,Female,[70-80),?,1,6,7,11,MC,?,64,2,28,1,0,0,820,599,707,9,,,Steady,No,No,No,No,No,No,No,No,No,No,No,No,No,No,No,No,No,No,No,No,No,No,No,Yes
154182612,41217957,Caucasian,Female,[70-80),?,1,6,7,11,MC,?,66,6,36,0,0,1,410,428,425,9,,,No,No,No,No,No,No,No,No,No,No,No,No,No,No,No,No,No,Up,No,No,No,No,No,Ch,Yes
154183368,84449133,Caucasian,Male,[60-70),?,1,3,1,5,MC,?,40,0,14,0,0,0,458,427,428,9,,,No,No,No,No,No,No,No,No,No,No,No,No,No,No,No,No,No,Up,No,No,No,No,No,Ch,Yes
154184130,93742353,Caucasian,Male,[70-80),?,2,1,7,3,BC,Emergency/Trauma,35,2,13,0,0,1,162,511,787,8,,,No,No,No,No,No,No,No,No,No,Steady,No,No,No,No,No,No,No,No,No,No,No,No,No,No,Yes
154185540,41306976,Caucasian,Female,[70-80),?,3,1,1,2,MC,?,7,0,8,0,0,0,428,403,427,9,,,No,No,Steady,No,No,No,No,No,No,No,No,No,No,No,No,No,No,No,No,No,No,No,No,No,Yes
154185738,29598399,Caucasian,Female,[70-80),?,5,23,1,5,MC,?,45,0,10,2,0,0,433,250.02,784,8,,,Steady,No,No,No,No,No,No,Steady,No,No,No,No,No,No,No,No,No,Steady,No,No,No,No,No,Ch,Yes
154186548,92205675,Caucasian,Male,[60-70),?,2,1,7,2,MC,InternalMedicine,86,0,8,7,0,6,292,571,E933,4,,,No,No,No,No,No,No,No,No,No,No,No,No,No,No,No,No,No,No,No,No,No,No,No,No,No
154187226,65705454,Caucasian,Male,[80-90),?,1,6,1,5,MC,?,28,0,9,0,0,0,458,425,53,7,,,No,No,No,No,No,No,Steady,No,No,No,No,No,No,No,No,No,No,Steady,No,No,No,No,No,Ch,Yes
154187424,73254492,Caucasian,Male,[30-40),?,1,1,1,8,?,?,43,0,16,0,0,0,250.1,577,401,8,,,Steady,No,No,No,No,No,No,No,No,No,No,No,No,No,No,No,No,Down,No,No,No,No,No,Ch,Yes
154187808,93685851,Caucasian,Male,[70-80),?,5,3,1,3,MC,?,30,1,15,0,0,0,823,413,E917,9,,,No,No,No,No,No,No,No,No,No,No,No,No,No,No,No,No,No,No,No,No,No,No,No,No,No
154187850,106809822,Caucasian,Male,[50-60),?,1,1,7,2,MC,?,53,0,13,0,0,0,786,428,496,9,,,Steady,No,No,No,No,No,No,No,No,No,No,No,No,No,No,No,No,No,No,No,No,No,No,No,Yes
154188096,93912552,Caucasian,Male,[80-90),?,2,1,7,3,MC,Emergency/Trauma,52,0,16,0,0,0,780,428,412,9,,,No,No,No,No,No,No,No,No,No,No,No,No,No,No,No,No,No,Down,No,No,No,No,No,Ch,Yes
154188618,56406582,Caucasian,Female,[50-60),?,2,1,1,4,?,Cardiology,9,5,13,0,0,0,414,411,250,7,,,No,No,No,No,No,No,No,No,No,No,Steady,No,No,No,No,No,No,No,No,No,No,No,No,No,Yes
154190196,52050861,AfricanAmerican,Female,[60-70),?,1,1,7,6,MC,?,54,0,22,0,0,0,486,428,414,9,,,No,No,No,No,No,No,Steady,No,No,No,No,No,No,No,No,No,No,Steady,No,No,No,No,No,Ch,Yes
154190766,65714130,Caucasian,Female,[40-50),?,5,2,1,3,UN,?,48,0,5,0,0,0,427,424,397,9,,Norm,Steady,No,No,No,No,No,No,No,No,No,No,No,No,No,No,No,No,No,No,No,No,No,No,No,Yes
154191354,85336479,Caucasian,Female,[70-80),?,1,1,7,5,MC,?,47,0,13,0,0,0,8,276,401,9,,,No,No,No,No,No,No,No,Steady,No,No,No,No,No,No,No,No,No,No,No,No,No,No,No,No,Yes
154193808,25219719,Caucasian,Female,[60-70),?,3,6,6,4,MC,InternalMedicine,29,0,25,0,0,0,491,530,786,9,,,No,No,No,No,No,No,Steady,No,No,No,No,No,No,No,No,No,No,Steady,No,No,No,No,No,Ch,Yes
154194234,92033568,AfricanAmerican,Female,[50-60),?,1,1,7,4,HM,?,40,0,4,0,0,0,282,250,401,3,,,Steady,No,No,No,No,No,No,No,No,No,No,No,No,No,No,No,No,No,No,No,No,No,No,No,Yes
154194576,63674622,Caucasian,Male,[60-70),?,1,1,7,3,?,InternalMedicine,52,0,18,2,0,0,428,496,414,9,,,Steady,No,No,No,No,No,Steady,No,No,No,No,No,No,No,No,No,No,Steady,No,No,No,No,No,Ch,Yes
154195446,79128711,Caucasian,Female,[80-90),?,1,3,7,3,MC,?,54,2,21,0,0,0,V55,599,584,8,,,No,No,No,No,No,No,No,No,No,No,No,No,No,No,No,No,No,Steady,No,No,No,No,No,No,Yes
154196004,89641395,Caucasian,Male,[70-80),?,2,14,7,7,?,?,71,0,23,0,1,0,428,427,276,9,,,No,No,No,No,No,No,No,No,No,No,No,No,No,No,No,No,No,Steady,No,No,No,No,No,No,Yes
154196700,25219701,AfricanAmerican,Male,[60-70),?,1,1,7,5,?,Surgery-Cardiovascular/Thoracic,62,5,63,0,0,0,441,286,701,4,,,No,No,No,No,No,No,Steady,No,No,No,No,No,No,No,No,No,No,Up,No,No,No,No,No,Ch,Yes
154196730,92975436,Caucasian,Female,[40-50),?,1,6,7,3,MC,?,46,0,15,9,1,0,250.4,428,585,6,,,No,No,No,No,No,No,No,No,No,No,No,No,No,No,No,No,No,No,No,No,No,No,No,No,No
154196796,43643997,Caucasian,Female,[70-80),?,3,6,4,9,SP,Cardiology,45,6,30,0,0,0,410,427,518,9,,,No,No,No,No,No,No,No,No,No,No,No,No,No,No,No,No,No,Down,No,No,No,No,No,Ch,Yes
154197660,97114851,AfricanAmerican,Female,[40-50),?,1,6,7,13,SP,Emergency/Trauma,88,6,26,0,0,0,280,205,276,9,,>8,No,Steady,No,No,No,No,No,No,No,No,No,No,No,No,No,No,No,Up,No,No,No,No,No,Ch,Yes
154197720,89096580,Caucasian,Male,[60-70),?,3,1,1,5,HM,?,36,1,24,0,0,0,211,780,347,4,,,Steady,No,No,No,No,No,No,No,No,No,No,No,No,No,No,No,No,No,No,No,No,No,No,No,Yes
154197798,100286874,Caucasian,Female,[70-80),?,3,6,1,3,?,Orthopedics-Reconstructive,24,1,13,0,0,0,715,250.92,428,9,,,Steady,No,No,No,No,No,No,No,No,No,No,No,No,No,No,No,No,Steady,No,No,No,No,No,Ch,Yes
154198158,62045658,Caucasian,Female,[60-70),?,5,1,1,2,MC,?,42,0,16,0,0,0,38,599,584,7,,,No,No,No,No,No,No,No,No,No,No,Steady,No,No,No,No,No,No,Down,No,No,No,No,No,Ch,Yes
154198170,25225722,AfricanAmerican,Male,[50-60),?,3,1,1,1,MC,Surgery-Neuro,18,2,20,0,0,0,724,250,401,4,,,No,No,No,No,No,No,No,No,No,No,No,No,No,No,No,No,No,No,No,No,No,No,No,No,No
154198578,108154179,Caucasian,Female,[80-90),?,3,3,1,6,MC,?,8,1,30,0,0,0,433,427,250,6,,,No,No,No,No,No,No,No,No,No,No,No,No,No,No,No,No,No,No,No,No,No,No,No,No,No
154200822,29343825,Caucasian,Male,[40-50),?,1,6,7,9,BC,Emergency/Trauma,59,4,36,0,0,2,584,403,428,9,,>8,No,No,No,No,No,No,No,No,No,No,No,No,No,No,No,No,No,Up,No,No,No,No,No,Ch,Yes
154201092,103799052,Caucasian,Male,[30-40),?,3,1,1,2,UN,Family/GeneralPractice,39,2,18,0,0,0,278,518,780,7,,,No,No,No,No,No,No,No,No,No,No,No,No,No,No,No,No,No,Steady,No,No,No,No,No,No,Yes
154201206,57050100,Caucasian,Female,[70-80),?,3,22,1,3,?,Orthopedics-Reconstructive,2,3,17,0,0,0,715,998,285,9,,,No,No,No,No,No,No,No,No,No,No,No,No,No,No,No,No,No,Steady,No,No,No,No,No,No,Yes
154201380,61012404,Caucasian,Male,[40-50),?,5,1,1,3,HM,?,9,4,17,2,0,0,278,340,250,8,,,No,No,No,No,No,No,No,No,No,No,No,No,No,No,No,No,No,Down,No,No,No,No,No,Ch,Yes
154209624,42067044,Caucasian,Male,[80-90),?,1,23,7,1,MD,?,31,0,17,1,0,4,558,998,285,9,,,No,No,No,No,No,No,No,No,No,No,No,No,No,No,No,No,No,Down,No,No,No,No,No,Ch,Yes
154215048,69769476,Asian,Female,[60-70),[50-75),3,1,1,1,DM,Surgery-General,1,1,19,4,0,0,241,401,250,9,,,Steady,No,No,No,No,No,No,No,No,No,No,No,No,No,No,No,No,No,No,No,No,No,No,No,Yes
154215570,2143755,Caucasian,Female,[50-60),?,1,6,7,2,?,?,59,1,13,0,1,1,584,276,276,9,,,No,No,No,No,No,No,No,No,No,No,No,No,No,No,No,No,No,Down,No,No,No,No,No,Ch,Yes
154219758,101952639,Caucasian,Female,[70-80),?,3,3,1,3,MC,Orthopedics,52,1,28,0,0,4,715,496,780,6,,>7,No,No,No,No,No,No,Steady,No,No,No,No,No,No,No,No,No,No,Down,No,No,No,No,No,Ch,Yes
154221138,23934996,Caucasian,Male,[40-50),?,3,1,1,1,BC,Surgery-Vascular,38,2,23,0,1,2,403,250.4,285,3,,,No,No,No,No,No,No,No,No,No,No,Steady,No,No,No,No,No,No,No,No,No,No,No,No,No,Yes
154224588,54926109,Caucasian,Female,[30-40),?,5,1,1,4,HM,?,26,1,22,1,0,1,642,648,250.01,4,,,No,No,No,No,No,No,No,No,No,No,No,No,No,No,No,No,No,Up,No,No,No,No,No,Ch,Yes
154227678,57623049,AfricanAmerican,Female,[70-80),?,5,3,1,5,MD,?,25,3,21,2,0,1,250.7,785,278,7,,,No,No,No,No,No,No,Steady,No,No,No,No,No,No,No,No,No,No,Up,No,No,No,No,No,Ch,Yes
154229022,114605658,Caucasian,Male,[70-80),[100-125),3,3,1,1,MC,?,41,1,13,1,0,1,996,707,E878,9,,,No,No,No,No,No,No,No,No,No,Steady,No,No,No,No,No,No,No,No,No,No,No,No,No,No,Yes
154229046,79558839,Caucasian,Female,[40-50),?,3,1,1,4,HM,Surgery-Vascular,27,4,28,0,0,1,440,444,250.6,9,,,No,No,No,No,No,No,No,No,No,No,No,No,No,No,No,No,No,Down,No,No,No,No,No,Ch,Yes
154230972,101555280,Caucasian,Female,[80-90),[50-75),1,6,7,4,MC,Cardiology,75,0,21,3,1,1,518,428,276,9,,,No,No,No,No,No,No,Down,No,No,No,No,No,No,No,No,No,No,No,No,No,No,No,No,Ch,Yes
154235724,39911247,AfricanAmerican,Female,[60-70),?,5,3,1,4,MC,?,61,3,31,2,0,1,715,285,250,6,,,Steady,No,No,No,No,No,No,Steady,No,No,No,No,No,No,No,No,No,No,No,No,No,No,No,Ch,Yes
154236570,41573529,Caucasian,Female,[50-60),?,3,6,1,8,UN,Family/GeneralPractice,72,6,64,0,0,0,410,496,414,9,,,Down,No,No,No,No,No,No,Steady,No,No,Steady,No,No,No,No,No,No,Up,No,No,No,No,No,Ch,Yes
154240872,41492844,Caucasian,Female,[60-70),?,3,1,1,4,MC,Cardiology,39,2,28,1,0,3,428,427,414,8,,,No,No,No,No,Steady,No,No,No,No,No,No,No,No,No,No,No,No,Steady,No,No,No,No,No,Ch,Yes
154244238,92098494,Caucasian,Male,[70-80),?,3,6,1,7,HM,Radiologist,31,2,23,0,0,0,715,285,V10,9,,,No,No,No,No,No,No,No,No,No,No,No,No,No,No,No,No,No,No,No,No,No,No,No,No,No
154244250,89484300,Caucasian,Male,[40-50),?,1,1,1,3,MC,?,36,1,12,1,0,0,682,250,311,6,,,Steady,No,No,No,No,No,Steady,No,No,No,No,No,No,No,No,No,No,No,No,No,No,No,No,Ch,Yes
154246146,88657128,Caucasian,Female,[70-80),?,1,4,7,10,MC,?,19,0,18,0,0,1,276,599,486,9,,,No,No,No,No,No,No,No,No,No,No,No,No,No,No,No,No,No,Up,No,No,No,No,No,Ch,Yes
154249626,95227020,Caucasian,Male,[70-80),?,1,11,7,1,MC,Emergency/Trauma,61,4,14,1,0,0,431,799,427,9,,,No,No,No,No,No,No,No,No,No,No,No,No,No,No,No,No,No,Down,No,No,No,No,No,Ch,Yes
154250406,42510132,Caucasian,Female,[70-80),?,5,3,1,7,MC,?,47,0,17,0,0,0,295,425,428,7,,,No,No,No,No,No,No,Steady,No,No,No,Steady,No,No,No,No,No,No,No,No,No,No,No,No,Ch,Yes
154251888,105781572,AfricanAmerican,Female,[70-80),?,3,1,1,6,OG,Surgery-Vascular,34,2,19,1,0,1,996,403,428,9,,,No,No,Steady,No,No,No,No,No,No,No,No,No,No,No,No,No,No,Up,No,No,No,No,No,Ch,Yes
154252716,96068511,Caucasian,Female,[80-90),?,6,1,17,1,?,Cardiology,31,6,15,0,0,0,414,411,496,7,,,No,No,No,No,No,No,No,No,No,No,No,No,No,No,No,No,No,No,No,No,No,No,No,No,No
154256580,37360863,Caucasian,Female,[70-80),?,1,1,7,3,?,?,50,0,9,2,0,0,276,250.81,584,9,,,No,No,No,No,No,No,No,No,No,No,No,No,No,No,No,No,No,Steady,No,No,No,No,No,No,Yes
154257498,95242653,Caucasian,Female,[80-90),?,5,1,1,1,MC,?,39,0,16,0,0,0,427,414,530,6,,,No,No,No,No,No,No,No,No,No,No,No,No,No,No,No,No,No,Up,No,No,No,No,No,Ch,Yes
154257702,90435348,AfricanAmerican,Male,[70-80),?,3,1,1,1,MC,Radiologist,31,6,10,0,0,0,414,250,272,3,,,No,No,No,No,No,No,Steady,No,No,No,No,No,No,No,No,No,No,No,No,No,No,No,No,No,Yes
154261704,100743867,AfricanAmerican,Female,[80-90),?,2,13,1,4,?,Family/GeneralPractice,11,0,7,0,0,0,584,276,282,9,,,No,No,No,No,No,No,No,No,No,No,No,No,No,No,No,No,No,Steady,No,No,No,No,No,No,Yes
154262124,85850811,Caucasian,Male,[70-80),?,2,6,1,4,MC,?,43,0,18,3,1,0,451,413,428,9,>300,,No,No,No,No,No,No,No,No,No,No,No,No,No,No,No,No,No,No,No,No,No,No,No,No,No
154263210,85755006,Caucasian,Female,[70-80),?,2,1,1,9,MC,?,57,1,15,0,1,1,784,496,250,8,,>7,Steady,No,No,No,No,No,No,No,No,No,Steady,No,No,No,No,No,No,No,No,No,No,No,No,Ch,Yes
154264686,25243101,Caucasian,Male,[40-50),?,1,1,7,2,BC,InternalMedicine,55,0,11,0,0,0,250.1,276,?,2,,>8,Steady,No,No,No,No,No,Steady,No,No,No,No,No,No,No,No,No,No,Up,No,No,No,No,No,Ch,Yes
154265046,68337009,Other,Male,[60-70),?,1,2,1,1,?,?,37,1,13,3,0,0,576,250,401,5,,,No,No,No,No,No,No,No,No,No,No,No,No,No,No,No,No,No,Steady,No,No,No,No,No,No,Yes
154267878,58861944,Caucasian,Male,[80-90),?,1,3,7,5,MC,?,69,2,17,0,0,0,507,8,276,7,,,No,No,No,No,No,No,No,No,No,Steady,No,No,No,No,No,No,No,Down,No,No,No,No,No,Ch,Yes
154268184,102236301,Caucasian,Female,[70-80),?,1,2,7,2,MC,?,54,2,12,0,0,0,183,197,562,7,,,No,No,No,No,Steady,No,No,No,No,Steady,No,No,No,No,No,No,No,No,No,No,No,No,No,Ch,Yes
154272774,40786713,Caucasian,Female,[60-70),?,3,22,1,8,MC,Family/GeneralPractice,45,1,12,3,2,3,443,707,276,9,,,No,No,No,No,No,No,No,No,No,No,No,No,No,No,No,No,No,Down,No,No,No,No,No,Ch,Yes
154273428,92823741,Caucasian,Male,[60-70),?,3,1,1,3,?,Family/GeneralPractice,10,2,7,2,0,0,47,414,V45,9,,,No,No,No,No,No,No,Steady,No,No,No,No,No,No,No,No,No,No,Steady,No,No,No,No,No,Ch,Yes
154277070,25248636,Caucasian,Male,[50-60),?,1,1,7,4,BC,Cardiology,25,3,13,0,0,0,414,425,402,7,,,No,No,No,No,No,No,No,No,No,No,No,No,No,No,No,No,No,No,No,No,No,No,No,No,No
154278366,107579232,Caucasian,Male,[70-80),?,2,1,1,4,MC,?,43,2,10,0,0,0,287,459,428,8,,,No,No,No,No,No,No,No,No,No,No,No,No,No,No,No,No,No,No,No,No,No,No,No,No,No
154279062,89472402,Caucasian,Male,[30-40),?,3,1,1,4,SP,?,48,0,15,0,4,12,401,250.02,722,9,,,Steady,No,No,No,Steady,No,No,No,No,No,No,No,No,No,No,No,No,Down,No,No,No,No,No,Ch,Yes
154284834,47994840,Caucasian,Female,[70-80),?,1,3,7,5,MC,?,52,3,9,0,0,0,518,599,138,9,,,No,No,No,No,No,No,No,No,No,No,No,No,No,No,No,No,No,No,No,No,No,No,No,No,No
154287198,43233138,Caucasian,Female,[70-80),?,3,1,1,2,UN,Cardiology,47,1,38,0,0,0,997,426,428,9,,,No,No,No,No,No,No,No,Steady,No,No,No,No,No,No,No,No,No,No,No,No,No,No,No,No,Yes
154290822,49027563,Caucasian,Female,[30-40),?,2,1,1,3,?,?,21,1,6,0,0,0,790,599,V42,9,,,No,No,No,No,No,No,No,No,No,No,No,No,No,No,No,No,No,No,No,No,No,No,No,No,No
154290996,82725669,Caucasian,Female,[80-90),?,1,1,7,1,?,?,41,0,8,1,0,0,458,424,397,9,,,No,No,No,No,No,No,No,No,No,No,No,No,No,No,No,No,No,No,No,No,No,No,No,No,No
154293336,64982862,Caucasian,Female,[70-80),?,2,3,7,7,MC,Family/GeneralPractice,69,0,11,1,1,1,789,599,599,9,,,Steady,No,No,No,No,No,No,No,No,No,No,No,No,No,No,No,No,No,No,No,No,No,No,No,Yes
154294620,87414903,Caucasian,Female,[60-70),?,1,3,7,1,CP,?,37,0,6,0,0,0,808,E880,916,7,,>8,Steady,No,No,No,No,No,No,No,No,No,No,No,No,No,No,No,No,No,Steady,No,No,No,No,Ch,Yes
154297128,62806959,Caucasian,Female,[60-70),?,2,22,1,3,?,Family/GeneralPractice,46,0,13,0,0,0,434,342,346,9,,,No,No,No,No,No,No,No,No,No,No,No,No,No,No,No,No,No,Down,No,No,No,No,No,Ch,Yes
154298616,43761636,Caucasian,Male,[60-70),?,3,6,1,5,MC,Surgery-General,29,1,11,0,0,1,250.7,785,?,2,,,No,No,No,No,No,No,No,Steady,No,No,No,No,No,No,No,No,No,Steady,No,No,No,No,No,Ch,Yes
154300764,40975893,Caucasian,Female,[80-90),?,1,3,7,8,MD,?,67,2,35,0,0,1,518,486,428,9,,,No,No,No,No,No,No,No,No,No,No,No,No,No,No,No,No,No,Up,No,No,No,No,No,Ch,Yes
154303494,94089636,Caucasian,Female,[70-80),?,2,1,7,4,MC,Emergency/Trauma,59,2,14,0,0,1,428,403,285,6,,,No,No,No,No,No,No,No,No,No,No,No,No,No,No,No,No,No,No,No,No,No,No,No,No,No
154308660,7726122,Caucasian,Female,[80-90),?,1,3,7,7,MC,Family/GeneralPractice,57,0,7,0,0,3,780,599,290,9,,,No,No,No,No,Steady,No,No,No,No,No,No,No,No,No,No,No,No,No,No,No,No,No,No,No,Yes
154309530,71254620,AfricanAmerican,Male,[70-80),?,1,1,7,2,CP,?,54,4,21,0,0,0,414,411,401,9,,Norm,No,No,No,No,No,No,No,No,No,No,No,No,No,No,No,No,No,Steady,No,No,No,No,No,No,Yes
154309950,35345421,Caucasian,Female,[60-70),?,1,6,7,10,?,?,61,2,22,3,0,6,789,276,553,9,,,No,No,No,No,No,No,No,Steady,No,No,No,No,No,No,No,No,No,No,No,No,No,No,No,No,Yes
154315056,37063080,Caucasian,Male,[60-70),?,1,1,7,1,?,?,38,0,14,0,0,0,723,428,414,9,,,Up,No,No,No,No,No,No,Up,No,No,No,No,No,No,No,No,No,No,No,No,No,No,No,Ch,Yes
154315530,50773068,Caucasian,Male,[70-80),?,3,6,1,4,?,Surgery-Cardiovascular,31,2,19,2,0,0,414,413,518,7,,,Steady,No,No,No,No,No,Steady,No,No,No,No,No,No,No,No,No,No,Steady,No,No,No,No,No,Ch,Yes
154315698,84929193,Caucasian,Male,[70-80),?,1,1,7,2,MC,?,31,0,9,0,0,0,786,428,401,7,,,No,No,No,No,No,No,No,No,No,No,No,No,No,No,No,No,No,No,No,No,No,No,No,No,No
154316016,92610045,Caucasian,Male,[40-50),?,3,6,1,3,?,Orthopedics-Reconstructive,30,5,9,0,0,0,722,258,997,9,,,No,No,No,No,No,No,No,No,No,No,No,No,No,No,No,No,No,No,No,No,No,No,No,No,No
154316172,100556874,Caucasian,Male,[60-70),?,1,22,7,7,?,?,56,0,23,0,0,1,434,599,428,9,,,Steady,No,No,No,No,No,No,No,No,No,No,No,No,No,No,No,No,Steady,No,No,No,No,No,Ch,Yes
154320114,51779628,Caucasian,Male,[60-70),?,5,1,1,7,HM,?,30,2,9,1,0,0,153,197,196,8,,,No,No,No,No,No,No,No,No,No,No,No,No,No,No,No,No,No,Steady,No,No,No,No,No,No,Yes
154320828,23616342,Caucasian,Female,[70-80),?,3,1,1,4,MC,Nephrology,30,2,24,2,0,0,V56,403,250.4,3,,,No,No,Steady,No,No,No,No,No,No,No,No,No,No,No,No,No,No,No,No,No,No,No,No,No,Yes
154321308,58666455,Caucasian,Female,[50-60),?,3,3,1,3,CM,?,28,1,12,0,0,0,714,998,780,7,,,No,No,No,No,No,No,No,Steady,No,No,No,No,No,No,No,No,No,No,No,No,No,No,No,No,Yes
154324920,40529979,Caucasian,Female,[50-60),?,1,1,7,10,UN,?,54,1,20,1,0,1,253,252,276,8,,,No,No,No,No,No,No,No,No,No,No,No,No,No,No,No,No,No,No,No,No,No,No,No,No,No
154327038,23422635,AfricanAmerican,Female,[30-40),?,1,1,7,2,MC,Nephrology,34,1,13,1,3,3,789,403,V45,8,,,No,No,No,No,No,No,No,Steady,No,No,No,No,No,No,No,No,No,Steady,No,No,No,No,No,Ch,Yes
154327512,95396022,Caucasian,Male,[30-40),?,5,1,1,3,HM,?,9,3,14,1,0,0,278,250,401,4,,,No,No,No,No,No,No,No,No,No,No,No,No,No,No,No,No,No,No,No,No,No,No,No,No,No
154340016,24375231,Caucasian,Male,[60-70),?,3,1,1,1,BC,Otolaryngology,38,1,30,0,0,0,241,401,250,7,,,Steady,No,No,No,Steady,No,No,No,No,No,Steady,No,No,No,No,No,No,Steady,No,No,No,No,No,Ch,Yes
154350942,89968950,Caucasian,Male,[60-70),?,1,11,7,5,CP,?,57,0,11,1,0,1,162,198,401,8,,,No,No,No,No,No,No,No,No,No,No,No,No,No,No,No,No,No,No,No,No,No,No,No,No,No
154352958,55665783,AfricanAmerican,Female,[60-70),?,1,1,7,2,CP,?,44,5,16,0,0,1,414,411,427,9,,,No,No,No,No,No,No,No,No,No,No,No,No,No,No,No,No,No,No,No,No,No,No,No,No,No
154357116,23233860,AfricanAmerican,Female,[50-60),?,2,1,1,11,MC,InternalMedicine,55,1,27,0,0,2,428,427,282,9,,,No,No,No,No,No,No,No,No,No,No,No,No,No,No,No,No,No,Up,No,No,No,No,No,Ch,Yes
154358988,106271055,Caucasian,Male,[70-80),?,5,3,1,9,MC,?,20,5,20,2,0,0,440,518,285,9,,,Steady,No,No,No,No,No,Steady,No,No,No,No,No,No,No,No,No,No,Steady,No,No,No,No,No,Ch,Yes
154360044,41782077,Caucasian,Female,[70-80),?,1,6,7,5,MC,?,50,2,18,0,0,0,427,428,428,9,,,No,No,No,No,No,No,No,No,No,No,No,No,No,No,No,No,No,Down,No,No,No,No,No,Ch,Yes
154360956,23537439,Caucasian,Female,[50-60),?,3,1,1,1,BC,Surgery-Neuro,36,1,19,0,0,2,998,V58,723,8,,,No,No,No,No,No,No,No,No,No,No,No,No,No,No,No,No,No,No,No,No,No,No,No,No,No
154367490,41973777,Caucasian,Female,[70-80),?,3,1,1,2,SP,?,15,0,5,0,0,0,427,428,427,5,,,No,No,No,No,Steady,No,No,No,No,No,No,No,No,No,No,No,No,No,No,No,No,No,No,No,Yes
154367496,43801065,Caucasian,Female,[60-70),?,3,1,1,1,SP,Radiologist,32,4,12,0,0,0,414,411,428,5,,,No,No,No,No,Steady,No,No,No,No,Steady,No,No,No,No,No,No,No,No,No,No,No,No,No,Ch,Yes
154368288,113697108,Caucasian,Male,[70-80),?,2,1,1,7,?,?,26,6,21,0,0,0,428,425,427,9,,,Steady,No,No,No,Steady,No,No,No,No,No,Steady,No,No,No,No,No,No,No,No,No,No,No,No,Ch,Yes
154368540,70617528,Caucasian,Male,[50-60),?,2,1,1,2,MC,Surgery-Vascular,25,1,18,2,0,0,440,250.6,707,8,,,No,No,No,No,No,No,No,No,No,No,No,No,No,No,No,No,No,Down,No,No,No,No,No,Ch,Yes
154368552,23854077,AfricanAmerican,Male,[50-60),?,1,1,7,2,MC,Nephrology,37,1,15,0,1,2,458,403,V45,6,,,No,No,No,No,No,No,No,No,No,No,No,No,No,No,No,No,No,Down,No,No,No,No,No,Ch,Yes
154369290,41590413,Caucasian,Male,[70-80),?,3,1,1,1,MC,?,52,0,11,0,0,1,458,V45,250,4,,,Steady,No,No,No,No,No,No,No,No,No,No,No,No,No,No,No,No,Up,No,No,No,No,No,Ch,Yes
154372536,89680383,AfricanAmerican,Male,[40-50),?,1,1,7,9,HM,?,73,2,28,0,0,0,250.6,70,276,9,>300,,No,No,No,No,No,No,Steady,No,No,No,No,No,No,No,No,No,No,No,No,No,No,No,No,No,Yes
154374684,41714937,Caucasian,Female,[80-90),?,3,6,1,2,SP,Family/GeneralPractice,51,0,10,0,0,0,401,599,V45,5,,>7,Steady,No,No,No,No,No,No,No,No,No,No,No,No,No,No,No,No,No,No,No,No,No,No,No,Yes
154376730,25249302,AfricanAmerican,Male,[40-50),?,3,1,1,1,BC,Cardiology,32,3,11,0,0,0,786,250,272,4,,,No,No,No,No,No,No,Steady,No,No,Steady,No,No,No,No,No,No,No,Steady,No,No,No,No,No,Ch,Yes
154379130,58533705,AfricanAmerican,Female,[40-50),?,3,1,1,9,HM,?,34,0,12,0,0,1,V57,434,401,4,,,Steady,No,No,No,No,No,No,No,No,No,No,No,No,No,No,No,No,No,No,No,No,No,No,No,Yes
154379898,98671725,Caucasian,Female,[70-80),?,1,3,7,3,MC,?,59,0,9,0,1,2,780,496,250.6,9,,,No,No,No,No,No,No,No,No,No,No,No,No,No,No,No,No,No,No,No,No,No,No,No,No,No
154380894,54543474,Caucasian,Female,[80-90),?,1,3,7,7,MC,?,57,0,11,0,1,0,491,599,276,8,,,No,No,No,No,No,No,No,No,No,No,No,No,No,No,No,No,No,No,No,No,No,No,No,No,No
154384356,88606773,Caucasian,Female,[90-100),?,1,11,7,2,MC,?,36,4,8,1,0,0,518,578,427,9,,,No,No,No,No,No,No,No,No,No,No,No,No,No,No,No,No,No,No,No,No,No,No,No,No,No
154385748,29155599,Caucasian,Male,[50-60),?,2,8,1,4,HM,?,54,3,23,6,0,0,250.7,428,707,9,,,No,No,No,No,No,No,No,No,No,No,No,No,No,No,No,No,No,Down,No,No,No,No,No,Ch,Yes
154390248,41549157,Caucasian,Female,[70-80),?,1,6,7,10,MC,?,57,1,24,0,0,0,287,786,486,8,,,No,No,No,No,No,No,No,Steady,No,No,No,No,No,No,No,No,No,No,No,No,No,No,No,No,Yes
154398804,23438160,AfricanAmerican,Male,[40-50),?,1,11,7,1,MC,Family/GeneralPractice,35,4,22,0,1,0,577,276,276,9,,,No,No,No,No,No,No,Steady,No,No,No,No,No,No,No,No,No,No,Steady,No,No,No,No,No,Ch,Yes
154403244,86108913,AfricanAmerican,Male,[40-50),?,2,6,1,4,?,Family/GeneralPractice,28,1,13,0,0,0,566,250,401,4,,,Steady,No,No,No,No,No,No,No,No,No,No,No,No,No,No,No,No,Steady,No,No,No,No,No,Ch,Yes
154404762,42431004,Caucasian,Female,[50-60),?,3,1,1,7,MC,?,52,0,23,1,0,0,296,714,250,6,,Norm,No,No,No,No,No,No,No,No,No,No,No,No,No,No,No,No,No,No,No,No,No,No,No,No,No
154405884,88392825,Caucasian,Male,[60-70),?,1,1,7,1,MC,?,6,2,9,2,0,0,786,414,401,9,,,No,No,No,No,No,No,No,No,No,No,No,No,No,No,No,No,No,No,No,No,No,No,No,No,No
154406190,91751121,Caucasian,Male,[60-70),?,1,6,7,4,MC,?,45,1,29,0,1,7,482,494,780,9,,,Steady,No,No,No,No,No,No,No,No,Steady,Steady,No,No,No,No,No,No,Steady,No,No,No,No,No,Ch,Yes
154406424,45658503,Caucasian,Male,[70-80),?,1,1,7,3,?,?,21,0,20,0,0,0,486,496,250,4,,,No,No,No,No,No,No,No,No,No,No,No,No,No,No,No,No,No,No,No,No,No,No,No,No,No
154406562,86330826,Caucasian,Male,[80-90),?,1,6,7,6,MC,?,63,2,18,1,1,1,562,250.02,427,9,,,No,No,No,No,No,No,Steady,No,No,No,No,No,No,No,No,No,No,No,No,No,No,No,No,No,Yes
154408050,87845526,Caucasian,Male,[60-70),?,2,6,1,6,?,Cardiology,48,4,37,3,1,1,410,707,250.6,9,,,No,No,No,No,No,No,No,No,No,No,No,No,No,No,No,No,No,Steady,No,No,No,No,No,No,Yes
154408506,89048466,AfricanAmerican,Female,[50-60),?,1,1,7,9,DM,?,64,1,19,0,0,0,493,250.02,519,8,,,No,No,No,No,No,No,No,No,No,No,Steady,No,No,No,No,No,No,Steady,No,No,No,No,No,Ch,Yes
154410402,88149285,Caucasian,Male,[50-60),?,2,2,1,6,BC,?,83,6,27,0,0,2,38,571,303,9,,,No,No,No,No,No,No,No,No,No,No,No,No,No,No,No,No,No,No,No,No,No,No,No,No,No
154412550,59878035,Other,Female,[80-90),?,1,2,1,4,?,?,41,2,25,5,0,0,518,428,785,9,,,No,No,No,No,No,No,No,No,No,No,No,No,No,No,No,No,No,Down,No,No,No,No,No,Ch,Yes
154413462,84433932,AfricanAmerican,Female,[50-60),?,3,1,1,6,MC,Orthopedics-Reconstructive,53,4,42,0,0,0,722,599,250,9,,,Steady,No,No,No,No,No,No,No,No,No,No,Steady,No,No,No,No,No,Steady,No,No,No,No,No,Ch,Yes
154414230,63680193,AfricanAmerican,Female,[90-100),?,1,3,1,3,?,?,34,1,13,1,0,1,342,707,428,9,,,No,No,No,No,No,No,No,No,No,No,No,No,No,No,No,No,No,Down,No,No,No,No,No,Ch,Yes
154417602,42667344,Caucasian,Male,[60-70),?,3,1,1,1,MC,Cardiology,32,2,12,0,0,0,414,428,496,7,,,No,No,No,No,No,No,No,No,No,Steady,No,No,No,No,No,No,No,No,No,No,No,No,No,No,Yes
154417782,23318685,Caucasian,Male,[70-80),?,3,1,1,2,MC,InternalMedicine,43,0,12,0,0,1,785,V45,786,7,,,No,No,No,No,No,No,Steady,No,No,No,No,No,No,No,No,No,No,No,No,No,No,No,No,No,Yes
154418088,88346142,Caucasian,Female,[50-60),?,1,6,7,8,MC,?,91,1,15,0,0,0,996,785,995,9,,>8,No,No,No,No,No,No,No,No,No,No,No,No,No,No,No,No,No,No,No,No,No,No,No,No,No
154418292,25244307,Caucasian,Male,[90-100),?,1,3,5,2,MC,InternalMedicine,30,3,15,0,0,0,535,E934,496,9,,,No,No,No,No,No,No,No,No,No,No,No,No,No,No,No,No,No,Steady,No,No,No,No,No,No,Yes
154418514,29715678,Caucasian,Male,[60-70),?,1,1,7,7,HM,?,49,0,7,0,0,0,427,401,272,9,,Norm,No,No,No,No,No,No,No,No,No,No,No,No,No,No,No,No,No,No,No,No,No,No,No,No,No
154420884,93851703,Caucasian,Male,[70-80),?,1,1,7,2,MC,?,2,0,12,2,0,0,410,427,428,9,,,No,No,No,No,No,No,No,No,No,No,No,No,No,No,No,No,No,No,No,No,No,No,No,No,No
154421292,84459447,Caucasian,Female,[40-50),?,1,3,7,3,HM,?,50,0,7,0,0,1,250.6,682,707,9,,,No,No,No,No,No,No,No,No,No,No,No,No,No,No,No,No,No,No,No,No,No,No,No,No,No
154422786,92508120,Caucasian,Female,[50-60),?,2,3,7,7,SP,Surgery-General,60,1,19,0,0,0,428,780,250,9,,,Steady,No,No,No,No,No,Steady,No,No,No,No,No,No,No,No,No,No,Steady,No,No,No,No,No,Ch,Yes
154423878,59273460,Caucasian,Male,[50-60),?,1,1,7,3,CH,?,28,6,8,0,1,0,414,411,428,9,,Norm,No,No,No,No,No,No,No,No,No,No,No,No,No,No,No,No,No,No,No,No,No,No,No,No,No
154424382,89725509,?,Female,[90-100),?,1,3,7,10,MC,?,72,0,16,0,0,0,428,466,428,8,,,No,No,No,No,No,No,Steady,No,No,No,No,No,No,No,No,No,No,No,No,No,No,No,No,No,Yes
154424658,71214201,Caucasian,Female,[70-80),?,1,1,7,1,MC,?,25,0,9,0,0,0,250.82,790,794,9,,Norm,No,No,No,No,No,No,No,No,No,No,No,No,No,No,No,No,No,Steady,No,No,No,No,No,No,Yes
154427160,84938625,Caucasian,Female,[70-80),?,1,6,7,7,HM,?,77,0,16,0,0,1,599,276,780,9,,,No,No,No,No,No,No,No,Down,No,No,No,No,No,No,No,No,No,No,No,No,No,No,No,Ch,Yes
154428510,100700019,Caucasian,Male,[60-70),?,2,6,1,14,?,Family/GeneralPractice,29,0,17,0,0,1,682,250,272,7,,,No,No,No,No,No,No,No,No,No,No,No,No,No,No,No,No,No,No,No,No,No,No,No,No,No
154428630,84571938,Caucasian,Female,[50-60),?,1,1,1,6,HM,?,28,0,13,1,0,0,682,250,401,6,,,Steady,No,No,No,No,No,No,No,No,No,No,No,No,No,No,No,No,Up,No,No,No,No,No,Ch,Yes
154430700,64139346,AfricanAmerican,Female,[20-30),?,1,1,7,10,?,?,44,2,25,0,3,4,250.6,486,403,9,,,No,No,No,No,No,No,No,No,No,No,No,No,No,No,No,No,No,Steady,No,No,No,No,No,No,Yes
154431306,60771915,AfricanAmerican,Male,[50-60),?,1,2,7,2,HM,InternalMedicine,61,0,14,0,0,0,414,250.02,242,6,,,Steady,Steady,No,No,No,No,No,No,No,No,No,No,No,No,No,No,No,Down,No,No,No,No,No,Ch,Yes
154431528,84847275,Caucasian,Female,[80-90),?,1,6,7,3,MC,?,60,1,10,0,0,1,578,707,285,9,,,No,No,No,No,No,No,No,No,No,No,No,No,No,No,No,No,No,No,No,No,No,No,No,No,No
154431990,97076493,Caucasian,Female,[70-80),?,1,4,7,3,?,?,6,0,6,0,0,0,852,E849,290,7,,,No,No,No,No,No,No,No,No,No,No,No,No,No,No,No,No,No,No,No,No,No,No,No,No,No
154432488,41355648,Caucasian,Female,[70-80),?,1,6,7,1,UN,?,54,0,14,0,0,0,599,515,780,5,,,No,No,No,No,No,No,No,No,No,No,No,No,No,No,No,No,No,Down,No,No,No,No,No,Ch,Yes
154433634,25069554,Hispanic,Male,[40-50),?,1,1,7,2,BC,InternalMedicine,42,0,13,0,5,1,250.1,V58,401,7,,,No,No,No,No,No,No,No,No,No,No,No,No,No,No,No,No,No,Up,No,No,No,No,No,Ch,Yes
154433952,85001256,AfricanAmerican,Male,[50-60),?,3,22,1,6,?,Surgery-Neuro,37,3,21,0,0,0,722,401,458,9,,,No,No,No,No,No,No,No,No,No,No,No,No,No,No,No,No,No,Steady,No,No,No,No,No,No,Yes
154434270,25102962,Caucasian,Female,[60-70),?,3,1,1,1,MC,Surgery-Neuro,35,4,23,0,0,1,723,414,V45,5,,,No,No,No,No,No,No,No,No,No,No,No,No,No,No,No,No,No,No,No,No,No,No,No,No,No
154437948,45335016,Caucasian,Male,[70-80),?,3,6,1,1,?,Orthopedics-Reconstructive,30,1,14,1,0,1,722,V12,250,9,,,No,No,No,No,No,No,Steady,No,No,No,No,No,No,No,No,No,No,No,No,No,No,No,No,No,Yes
154438326,24576228,Caucasian,Male,[80-90),?,3,1,1,1,MC,Surgery-General,39,1,19,0,0,0,574,211,V72,5,,,Steady,No,No,No,No,No,No,No,No,No,No,No,No,No,No,No,No,No,No,No,No,No,No,No,Yes
154441224,55648350,Caucasian,Male,[80-90),?,1,1,7,2,MC,?,23,1,12,2,0,1,413,707,428,9,,,Steady,No,No,No,No,No,No,No,No,No,No,No,No,No,No,No,No,No,No,No,No,No,No,No,Yes
154442850,34106571,AfricanAmerican,Female,[60-70),?,1,1,7,2,?,?,1,0,10,0,1,0,995,E849,401,7,,,No,No,No,No,No,No,No,No,No,No,No,No,No,No,No,No,No,No,No,No,No,No,No,No,No
154443036,46448379,Caucasian,Male,[60-70),?,3,1,1,3,MC,Urology,24,1,19,1,0,0,189,491,518,9,,,No,No,No,No,No,No,No,No,No,No,No,No,No,No,No,No,No,Steady,No,No,No,No,No,No,Yes
154452996,44895969,Caucasian,Female,[80-90),?,1,4,7,2,?,?,33,1,22,5,0,0,821,428,E849,9,,,Down,No,No,No,No,No,No,No,No,No,Down,No,No,No,No,No,No,Steady,No,No,No,No,No,Ch,Yes
154457766,89008074,Caucasian,Female,[90-100),?,1,1,7,1,MC,?,39,0,11,1,0,0,786,V42,250,7,,,No,No,Steady,No,No,No,No,No,No,No,No,No,No,No,No,No,No,No,No,No,No,No,No,No,Yes
154461306,61863615,AfricanAmerican,Female,[60-70),?,3,1,1,3,?,Surgery-Vascular,3,5,15,1,0,0,996,453,438,7,,,No,No,No,No,No,No,No,No,No,Steady,No,No,No,No,No,No,No,No,No,No,No,No,No,No,Yes
154462110,88892217,Caucasian,Female,[80-90),?,1,6,7,7,MC,?,52,2,15,0,0,0,38,599,780,9,,,No,No,No,No,No,No,No,No,No,No,No,No,No,No,No,No,No,No,No,No,No,No,No,No,No
154476384,78259050,Caucasian,Female,[70-80),?,2,6,1,1,?,PhysicalMedicineandRehabilitation,36,2,13,0,0,0,V57,428,V54,9,,,No,No,No,No,No,No,No,No,No,No,No,No,No,No,No,No,No,No,No,No,No,No,No,No,No
154479366,55165932,Caucasian,Female,[40-50),?,5,1,1,3,HM,?,9,3,12,1,0,0,278,401,272,7,,,No,No,No,No,No,No,No,No,No,No,No,No,No,No,No,No,No,No,No,No,No,No,No,No,No
154480452,24522489,Caucasian,Female,[60-70),?,3,1,1,2,BC,Cardiology,46,0,18,0,0,1,403,276,593,5,,,No,No,No,No,Steady,No,No,No,No,No,No,No,No,No,No,No,No,No,No,No,No,No,No,No,Yes
154480650,58356459,Caucasian,Male,[60-70),?,2,1,1,9,?,InternalMedicine,9,2,14,0,2,5,V57,331,707,9,,,No,No,No,No,No,No,No,No,No,No,No,No,No,No,No,No,No,Steady,No,No,No,No,No,No,Yes
154483722,86447799,Caucasian,Female,[50-60),?,2,1,1,1,HM,?,29,0,6,1,1,1,V58,401,250,3,,,No,No,No,No,No,No,No,No,No,No,No,No,No,No,No,No,No,No,No,No,No,No,No,No,No
154487100,90257688,Caucasian,Female,[40-50),?,3,1,1,3,?,Pediatrics,38,3,27,0,0,2,280,496,535,9,,,Steady,No,No,No,No,No,No,No,No,No,Steady,No,No,No,No,No,No,Steady,No,No,No,No,No,Ch,Yes
154494228,113542884,Caucasian,Female,[70-80),?,2,1,1,5,?,InternalMedicine,61,0,12,0,0,1,465,710,284,7,,,No,No,No,No,No,No,No,No,No,No,No,No,No,No,No,No,No,No,No,No,No,No,No,No,No
154498764,40906323,Caucasian,Male,[80-90),?,1,1,7,5,MC,?,36,0,14,0,0,1,682,V45,250,8,,,No,No,No,No,No,No,No,Steady,No,No,No,No,No,No,No,No,No,No,No,No,No,No,No,No,Yes
154502640,51366123,Caucasian,Female,[70-80),?,3,1,1,2,MC,Emergency/Trauma,50,6,12,0,0,0,780,414,411,9,,,No,No,No,No,No,No,No,No,No,No,No,No,No,No,No,No,No,No,No,No,No,No,No,No,No
154505130,37764801,Caucasian,Female,[70-80),?,2,1,1,2,SP,Orthopedics,35,4,14,0,0,1,720,724,733,5,,,No,No,No,No,No,No,Up,No,No,No,No,No,No,No,No,No,No,Up,No,No,No,No,No,Ch,Yes
154509276,37144017,AfricanAmerican,Male,[40-50),?,1,1,7,1,HM,?,43,0,6,1,1,0,250.6,401,305,5,,,No,No,No,No,No,No,No,No,No,No,No,No,No,No,No,No,No,Steady,No,No,No,No,No,No,Yes
154509534,89339067,Caucasian,Female,[80-90),?,3,3,1,13,MC,?,36,2,20,1,1,1,997,518,427,9,,,No,No,No,No,No,No,Steady,No,No,Steady,No,No,No,No,No,No,No,Steady,No,No,No,No,No,Ch,Yes
154512036,46773162,Caucasian,Female,[70-80),?,2,6,1,6,?,Family/GeneralPractice,30,3,27,0,0,1,V58,155,198,9,,,Steady,No,No,No,No,No,No,No,No,No,No,No,No,No,No,No,No,Steady,No,No,No,No,No,Ch,Yes
154512282,25218126,Caucasian,Male,[70-80),?,2,1,1,6,MC,Cardiology,38,3,31,0,0,0,162,511,198,5,,,Steady,No,No,No,No,No,No,No,No,No,No,No,No,No,No,No,No,No,No,No,No,No,No,No,Yes
154515840,84716343,Caucasian,Female,[70-80),?,1,3,7,6,MC,?,33,0,15,0,0,0,682,276,250,9,,,No,No,No,No,No,No,No,No,No,No,No,No,No,No,No,No,No,No,No,No,No,No,No,No,No
154517382,84584556,Caucasian,Female,[70-80),?,1,3,7,5,MC,?,41,0,12,0,0,0,724,276,250,7,,,No,No,No,No,No,No,No,No,No,No,No,No,No,No,No,No,No,No,No,No,No,No,No,No,No
154518060,48087351,Caucasian,Female,[60-70),?,1,1,7,2,CM,?,58,0,10,0,0,0,435,340,401,9,,Norm,Steady,No,No,No,No,No,No,No,No,No,No,No,No,No,No,No,No,No,No,No,No,No,No,No,Yes
154518408,78705279,Caucasian,Female,[70-80),?,1,4,7,5,?,?,32,0,25,1,1,0,599,780,428,8,,,Steady,No,No,No,No,No,No,No,No,No,No,No,No,No,No,No,No,No,No,No,No,No,No,No,Yes
154520250,100143639,Caucasian,Female,[70-80),?,2,1,7,8,MC,Emergency/Trauma,54,2,21,0,0,3,996,38,995,9,,,No,Steady,No,No,No,No,No,No,No,No,No,No,No,No,No,No,No,Steady,No,No,No,No,No,Ch,Yes
154523652,23414886,Caucasian,Female,[70-80),?,2,1,1,5,MC,InternalMedicine,42,1,17,0,0,0,562,427,491,6,,,No,No,No,No,No,No,No,No,No,No,No,No,No,No,No,No,No,No,No,No,No,No,No,No,No
154523742,88813107,Caucasian,Female,[70-80),?,1,1,1,2,MC,?,30,0,9,0,0,0,780,250.6,357,7,,>8,No,No,No,No,No,No,No,No,No,No,No,No,No,No,No,No,No,Steady,No,No,No,No,No,No,Yes
154524720,84348792,AfricanAmerican,Female,[20-30),?,1,6,7,5,HM,?,54,0,14,1,5,5,250.6,599,733,9,,,No,No,No,No,No,No,No,No,No,No,No,No,No,No,No,No,No,No,No,No,No,No,No,No,No
154525818,95649363,Caucasian,Male,[80-90),?,1,11,7,2,MC,?,19,2,16,0,0,1,410,427,428,9,,,No,No,No,No,No,No,Steady,No,No,No,No,No,No,No,No,No,No,Down,No,No,No,No,No,Ch,Yes
154526688,38714985,AfricanAmerican,Male,[30-40),?,2,1,7,4,OG,Emergency/Trauma,32,2,12,0,0,0,250.6,276,357,9,,>8,Up,Steady,No,No,No,No,Steady,No,No,No,No,No,No,No,No,No,No,Down,No,No,No,No,No,Ch,Yes
154527120,46934883,AfricanAmerican,Male,[80-90),?,5,3,1,4,MC,?,62,0,12,1,0,0,250.82,728,E932,8,,>8,No,No,No,No,No,No,No,No,No,No,No,No,No,No,No,No,No,Steady,No,No,No,No,No,No,Yes
154527444,88785891,Caucasian,Female,[20-30),?,2,1,7,1,BC,Emergency/Trauma,20,0,7,3,1,12,250.11,300,296,5,,,No,No,No,No,No,No,No,No,No,No,No,No,No,No,No,No,No,Up,No,No,No,No,No,Ch,Yes
154533348,90379611,Caucasian,Male,[60-70),?,2,1,7,1,SP,Emergency/Trauma,55,0,15,0,0,0,682,250.02,571,8,,,No,Steady,No,No,No,No,No,No,No,No,No,No,No,No,No,No,No,Up,No,No,No,No,No,Ch,Yes
154534350,85676202,Caucasian,Male,[60-70),?,1,6,7,4,BC,?,52,2,23,1,0,0,706,428,496,9,,,Steady,No,No,No,No,No,No,Down,No,No,No,No,No,No,No,No,No,No,No,No,No,No,No,Ch,Yes
154535400,24304473,Caucasian,Male,[60-70),?,1,1,7,6,MC,InternalMedicine,45,2,31,0,1,0,593,780,591,6,,,No,No,No,No,No,No,No,No,No,No,No,No,No,No,No,No,No,Steady,No,No,No,No,No,No,Yes
154536954,41191884,Caucasian,Female,[70-80),?,1,3,7,4,MC,?,55,0,15,0,0,2,250.8,428,595,7,,,No,No,No,No,No,No,No,No,No,No,No,No,No,No,No,No,No,Down,No,No,No,No,No,Ch,Yes
154537260,89952120,Caucasian,Male,[40-50),?,3,1,1,2,MC,?,29,1,35,1,0,0,607,250,278,6,,,Steady,No,No,No,No,No,Steady,No,No,Steady,No,No,No,No,No,No,No,No,No,No,No,No,No,Ch,Yes
154537602,23790681,Caucasian,Male,[70-80),?,3,3,1,3,MC,?,38,2,36,0,0,0,715,401,250,5,,,Steady,No,No,No,No,No,No,No,No,No,No,No,No,No,No,No,No,Steady,No,No,No,No,No,Ch,Yes
154537608,23272101,AfricanAmerican,Female,[50-60),?,1,1,7,7,MC,InternalMedicine,49,0,31,0,4,2,428,425,250.02,9,,,No,No,No,No,No,No,No,No,No,No,No,No,No,No,No,No,No,Up,No,No,No,No,No,Ch,Yes
154537728,25250112,Caucasian,Male,[70-80),?,3,1,1,1,MC,Surgery-Neuro,36,1,20,0,0,0,724,250,427,6,,,No,No,No,No,No,No,No,No,No,No,No,No,No,No,No,No,No,No,No,No,No,No,No,No,No
154541076,89643555,AfricanAmerican,Female,[50-60),?,5,28,1,4,MC,?,41,0,19,0,1,1,507,491,295,9,,,Steady,No,No,No,No,No,No,No,No,Steady,No,No,No,No,No,No,No,Steady,No,No,No,No,No,Ch,Yes
154541820,110724678,Caucasian,Female,[60-70),?,5,6,1,4,MC,Orthopedics,50,1,22,0,0,0,715,293,285,9,,,Steady,No,No,No,No,No,No,No,No,No,Steady,No,No,No,No,No,No,Up,No,No,No,No,No,Ch,Yes
154542186,23206968,Caucasian,Male,[70-80),?,3,1,1,6,MC,Surgery-Cardiovascular/Thoracic,54,6,57,0,0,0,414,411,401,7,,,No,No,No,No,No,No,No,No,No,Steady,No,No,No,No,No,No,No,Steady,No,No,No,No,No,Ch,Yes
154543566,57761208,Caucasian,Female,[80-90),?,2,1,1,2,CM,?,9,4,14,0,0,0,414,250,244,8,,,No,No,No,No,No,No,No,Steady,No,No,Steady,No,No,No,No,No,No,No,No,No,No,No,No,Ch,Yes
154545666,23915196,AfricanAmerican,Female,[40-50),?,3,1,1,1,MC,Surgery-Cardiovascular/Thoracic,39,2,27,2,3,5,250.4,403,V45,7,,,No,No,No,No,No,No,No,No,No,No,No,No,No,No,No,No,No,Steady,No,No,No,No,No,No,Yes
154545768,74869110,Caucasian,Female,[70-80),[25-50),1,1,7,13,HM,?,100,3,28,3,0,0,38,599,584,9,,,No,No,No,No,No,No,Steady,No,No,No,No,No,No,No,No,No,No,No,No,No,No,No,No,No,Yes
154546026,23230116,AfricanAmerican,Female,[60-70),?,3,3,1,2,?,Surgery-Neuro,27,1,32,1,0,0,724,305,250,4,,,Steady,No,No,No,No,No,No,No,No,No,No,No,No,No,No,No,No,No,No,No,No,No,No,No,Yes
154547556,88308783,AfricanAmerican,Female,[60-70),?,1,1,7,2,?,?,45,1,10,0,0,0,813,802,403,9,,,No,No,No,No,No,No,No,No,No,No,No,No,No,No,No,No,No,No,No,No,No,No,No,No,No
154548162,90494838,Caucasian,Male,[80-90),?,3,6,1,5,MC,Family/GeneralPractice,41,2,20,0,1,2,997,682,730,9,,Norm,No,No,No,No,No,No,Steady,No,No,No,Steady,Down,No,No,No,No,No,Up,No,No,No,No,No,Ch,Yes
154548282,85435371,Caucasian,Male,[50-60),?,3,6,1,5,BC,Radiologist,7,1,26,1,0,0,733,285,715,7,,,No,No,No,No,No,No,Steady,No,No,No,No,No,No,No,No,No,No,No,No,No,No,No,No,No,Yes
154549920,85146066,Caucasian,Male,[30-40),?,3,6,1,5,MC,Radiologist,15,2,29,0,0,0,715,250,530,7,,,No,No,No,No,No,No,No,No,No,No,Up,No,No,No,No,No,No,Down,No,No,No,No,No,Ch,Yes
154558326,42466140,Caucasian,Male,[70-80),?,1,6,7,6,SP,?,72,1,20,0,0,0,574,577,V45,4,,,No,No,No,No,No,No,No,No,No,No,No,No,No,No,No,No,No,Up,No,No,No,No,No,Ch,Yes
154559142,100804068,Caucasian,Male,[40-50),?,1,4,7,2,?,?,52,0,12,0,0,0,564,70,564,9,,,No,No,No,No,No,No,No,No,No,No,No,No,No,No,No,No,No,No,No,No,No,No,No,No,No
154564014,87017877,Caucasian,Female,[40-50),?,2,1,1,2,BC,?,40,1,17,0,0,1,155,574,V64,4,,,No,No,No,No,No,No,No,No,No,No,No,No,No,No,No,No,No,No,No,No,No,No,No,No,No
154572456,58962933,Caucasian,Male,[60-70),?,3,1,1,1,MC,?,9,2,13,0,0,1,414,250,414,9,,,Steady,No,No,No,No,No,Steady,No,No,Steady,No,No,No,No,No,No,No,No,No,No,No,No,No,Ch,Yes
154584210,94012839,Caucasian,Female,[90-100),?,2,3,7,4,MC,Emergency/Trauma,40,0,14,0,0,2,428,427,285,7,,,No,Steady,No,No,No,No,Steady,No,No,No,No,No,No,No,No,No,No,Up,No,No,No,No,No,Ch,Yes
154585392,23815710,AfricanAmerican,Male,[80-90),?,3,1,1,6,?,InternalMedicine,48,0,12,0,1,2,403,410,496,9,,Norm,No,No,No,No,No,No,Steady,No,No,No,No,No,No,No,No,No,No,Steady,No,No,No,No,No,Ch,Yes
154585488,84592962,Caucasian,Female,[60-70),?,1,1,1,1,HM,?,44,0,8,0,1,0,574,288,287,9,,,No,No,No,No,No,No,No,No,No,No,No,No,No,No,No,No,No,No,No,No,No,No,No,No,No
154585494,84784842,Caucasian,Female,[50-60),?,1,1,7,1,HM,?,42,0,14,0,1,1,786,733,729,9,,,No,No,No,No,No,No,No,Steady,No,No,No,No,No,No,No,No,No,No,No,No,No,No,No,No,Yes
154586730,91846287,Caucasian,Male,[70-80),?,2,1,7,1,MC,Emergency/Trauma,44,0,9,0,0,0,428,401,250,9,,,No,No,No,No,No,No,No,No,No,No,No,No,No,No,No,No,No,No,No,No,No,No,No,No,No
154587618,70776540,Caucasian,Male,[70-80),?,1,1,7,6,MC,?,51,4,26,0,0,0,410,250,401,9,,>8,No,No,No,No,No,No,Steady,No,No,No,No,No,No,No,No,No,No,Up,No,No,No,No,No,Ch,Yes
154589094,41686677,Caucasian,Female,[70-80),?,3,2,1,4,MC,?,32,0,25,0,0,1,V57,438,438,9,,,No,No,No,No,No,No,Steady,No,No,No,No,No,No,No,No,No,No,No,No,No,No,No,No,No,Yes
154589928,31232574,Caucasian,Female,[80-90),?,1,1,7,6,HM,?,46,0,16,0,0,0,682,284,707,9,,,No,No,No,No,No,No,No,Steady,No,Steady,No,No,No,No,No,No,No,No,No,No,No,No,No,Ch,Yes
154590960,70944795,AfricanAmerican,Female,[70-80),?,3,6,1,5,MC,Surgery-Vascular,39,2,18,3,0,6,38,440,403,9,,,No,No,No,No,No,No,No,No,No,No,Steady,No,No,No,No,No,No,Steady,No,No,No,No,No,Ch,Yes
154594440,23226120,AfricanAmerican,Female,[50-60),?,1,6,7,14,MC,Nephrology,45,2,22,0,2,2,8,403,250.4,6,,,No,No,No,No,No,No,No,No,No,No,No,No,No,No,No,No,No,No,No,No,No,No,No,No,No
154594848,108773658,AfricanAmerican,Female,[50-60),?,2,1,7,1,CH,?,16,0,4,0,0,0,435,401,250,5,,,Steady,No,No,No,No,No,No,No,No,No,No,No,No,No,No,No,No,No,No,No,No,No,No,No,Yes
154596456,56638359,Caucasian,Female,[70-80),?,2,3,1,8,?,PhysicalMedicineandRehabilitation,39,3,31,1,0,1,V57,996,998,9,,,Steady,No,No,No,Steady,No,No,No,No,No,No,No,No,No,No,No,No,No,No,No,No,No,No,Ch,Yes
154601454,43805637,Caucasian,Male,[60-70),?,3,6,1,9,SP,Radiologist,63,6,52,0,0,0,410,496,278,9,,,No,No,No,No,No,No,No,No,No,No,No,No,No,No,No,No,No,Up,No,No,No,No,No,Ch,Yes
154602264,58735485,AfricanAmerican,Male,[40-50),?,1,1,7,1,MD,?,54,0,17,0,0,0,786,311,300,9,,Norm,No,No,No,No,No,No,No,No,No,No,No,No,No,No,No,No,No,Down,No,No,No,No,No,Ch,Yes
154603800,23908770,Caucasian,Male,[80-90),?,1,1,7,3,MC,InternalMedicine,43,0,11,0,0,0,491,530,250,7,,,No,No,No,No,No,No,Steady,No,No,No,No,No,No,No,No,No,No,No,No,No,No,No,No,No,Yes
154608402,88618896,Caucasian,Male,[70-80),?,2,2,1,4,HM,?,40,1,17,3,0,1,250.6,682,707,9,,,No,No,No,No,No,No,No,No,No,No,No,No,No,No,No,No,No,Steady,No,No,No,No,No,No,Yes
154614510,98817282,AfricanAmerican,Female,[60-70),?,1,1,7,5,MC,?,46,1,17,0,0,0,250.8,403,414,4,,,No,No,No,No,No,No,No,No,No,Steady,No,No,No,No,No,No,No,No,No,No,No,No,No,No,Yes
154616790,90478242,Caucasian,Male,[60-70),?,2,1,1,7,?,InternalMedicine,41,2,30,0,0,0,518,486,427,9,,,Steady,No,No,No,No,No,No,No,No,No,No,No,No,No,No,No,No,Down,No,No,No,No,No,Ch,Yes
154617552,35751924,Caucasian,Female,[50-60),?,2,1,1,2,?,Family/GeneralPractice,7,0,11,0,0,1,590,250,356,9,,,Steady,No,No,No,No,No,No,No,No,No,No,No,No,No,No,No,No,No,No,No,No,No,No,No,Yes
154620180,49920075,AfricanAmerican,Female,[90-100),?,1,1,7,6,MC,?,51,3,21,0,0,0,410,427,424,9,,,No,No,No,No,No,No,No,No,No,No,No,No,No,No,No,No,No,Steady,No,No,No,No,No,No,Yes
154620690,57515301,AfricanAmerican,Female,[50-60),?,2,1,1,8,?,Surgery-General,41,2,12,0,0,1,535,553,250,3,,,No,No,No,No,No,No,No,No,No,No,No,No,No,No,No,No,No,No,No,No,No,No,No,No,No
154629564,96746274,Caucasian,Female,[80-90),?,5,6,1,4,MC,?,42,0,14,1,0,0,8,414,V45,6,,,No,No,No,No,No,No,No,No,No,No,No,No,No,No,No,No,No,Up,No,No,No,No,No,Ch,Yes
154629852,54940977,AfricanAmerican,Female,[50-60),?,1,1,7,2,?,?,37,3,10,0,0,0,414,425,413,7,,,No,No,No,No,No,No,No,No,No,No,No,No,No,No,No,No,No,Steady,No,No,No,No,No,No,Yes
154630326,31121838,AfricanAmerican,Female,[90-100),?,1,6,7,7,?,?,39,0,13,0,1,0,507,427,434,9,,,No,No,No,No,No,No,No,No,No,No,No,No,No,No,No,No,No,Steady,No,No,No,No,No,No,Yes
154630602,81244233,Caucasian,Female,[80-90),?,1,1,7,3,MC,?,58,3,13,0,0,0,562,280,428,9,,,No,No,No,No,No,No,No,No,No,No,No,No,No,No,No,No,No,No,No,No,No,No,No,No,No
154630698,107678277,Caucasian,Male,[60-70),[75-100),1,1,7,7,BC,InternalMedicine,56,0,13,4,0,0,250.22,276,486,9,,,No,No,No,No,No,No,No,No,No,No,No,No,No,No,No,No,No,No,No,No,No,No,No,No,No
154631544,100811754,Caucasian,Male,[70-80),?,1,1,7,3,?,?,3,0,8,0,0,0,851,780,402,9,,,Steady,No,No,No,No,No,Steady,No,No,No,No,No,No,No,No,No,No,No,No,No,No,No,No,Ch,Yes
154633278,40816332,Caucasian,Female,[70-80),?,1,1,7,3,SP,?,48,0,20,0,0,2,414,411,584,9,,,No,No,No,No,No,No,No,No,No,No,No,No,No,No,No,No,No,Up,No,No,No,No,No,Ch,Yes
154634724,84904533,Caucasian,Female,[60-70),?,1,1,7,4,?,?,54,3,17,0,0,1,569,280,496,9,,,No,Steady,No,No,No,No,No,No,No,No,No,No,No,No,No,No,No,No,No,No,No,No,No,No,Yes
154635030,38979441,Caucasian,Female,[40-50),?,2,1,7,8,SP,Emergency/Trauma,36,3,19,0,0,0,250.8,682,428,9,,,No,No,No,No,No,No,No,No,No,No,No,No,No,No,No,No,No,Down,No,No,No,No,No,Ch,Yes
154635168,41873481,Caucasian,Male,[70-80),?,1,6,7,5,MC,Orthopedics,29,3,21,1,0,0,813,807,813,9,,,No,No,No,No,No,No,No,Steady,No,No,No,No,No,No,No,No,No,Steady,Steady,Steady,No,No,No,Ch,Yes
154635882,68714424,Caucasian,Male,[80-90),?,1,3,7,3,MC,?,63,2,17,0,0,0,820,285,250.02,5,,>8,Steady,No,No,No,No,No,No,No,No,No,Steady,No,No,No,No,No,No,Steady,No,No,No,No,No,Ch,Yes
154638822,53827704,Caucasian,Male,[70-80),?,1,3,7,4,?,?,61,0,10,0,0,0,292,250.6,403,9,,,No,No,No,No,No,No,No,No,No,No,No,No,No,No,No,No,No,No,No,No,No,No,No,No,No
154638888,30721977,Caucasian,Female,[80-90),?,1,1,7,4,?,?,49,1,23,0,0,0,428,280,235,9,,,No,No,No,No,No,No,No,Steady,No,No,No,No,No,No,No,No,No,Steady,No,No,No,No,No,Ch,Yes
154639392,97605432,Caucasian,Female,[80-90),?,1,1,7,5,MC,Emergency/Trauma,72,0,12,0,0,0,276,599,799,9,,>8,No,No,No,No,No,No,No,No,No,No,No,No,No,No,No,No,No,Up,No,No,No,No,No,Ch,Yes
154640958,25249806,Caucasian,Male,[60-70),?,3,1,1,2,BC,Surgery-Neuro,35,1,35,0,0,0,724,724,250,5,,,Steady,No,No,No,No,No,Steady,No,No,No,No,No,No,No,No,No,No,Steady,No,No,No,No,No,Ch,Yes
154643868,100586583,Caucasian,Female,[70-80),?,6,1,17,2,?,Cardiology,35,4,9,0,0,0,427,414,250,9,,,Steady,No,No,No,No,No,No,Steady,No,No,No,No,No,No,No,No,No,No,No,No,No,No,No,Ch,Yes
154645350,40428918,Caucasian,Female,[60-70),?,1,23,7,3,MC,?,41,1,19,0,0,5,812,276,585,8,,,No,No,No,No,No,No,No,No,No,No,No,No,No,No,No,No,No,Steady,No,No,No,No,No,No,Yes
154645524,24490017,Caucasian,Male,[60-70),?,3,1,1,1,BC,Surgery-Vascular,38,1,23,0,0,0,433,427,V58,6,,,No,No,No,No,No,No,No,No,No,No,No,No,No,No,No,No,No,Steady,No,No,No,No,No,No,Yes
154648554,90288981,Caucasian,Male,[70-80),?,1,1,7,6,MC,?,49,0,19,0,1,0,428,427,496,9,,,Steady,No,No,No,No,No,Steady,No,No,No,No,No,No,No,No,No,No,No,No,No,No,No,No,Ch,Yes
154664010,23910327,AfricanAmerican,Male,[40-50),?,3,1,1,1,BC,Cardiology,31,4,14,0,0,0,414,411,401,6,,,Steady,No,No,No,No,No,Steady,No,No,No,No,No,No,No,No,No,No,Steady,No,No,No,No,No,Ch,Yes
154666416,79968276,Caucasian,Male,[60-70),?,2,1,1,5,?,InternalMedicine,52,0,15,1,0,0,8,250,414,7,,,No,No,No,No,No,No,No,Steady,No,Steady,No,No,No,No,No,No,No,No,No,No,No,No,No,Ch,Yes
154667502,86477724,Caucasian,Male,[60-70),?,3,1,1,4,HM,?,37,4,11,0,0,0,562,568,250,3,,,Steady,No,No,No,No,No,No,No,No,No,No,No,No,No,No,No,No,No,No,No,No,No,No,No,Yes
154669794,85295430,AfricanAmerican,Male,[60-70),?,5,1,1,3,MC,?,40,0,6,0,0,2,682,295,727,6,,,No,No,No,No,No,No,No,No,No,No,No,No,No,No,No,No,No,Steady,No,No,No,No,No,No,Yes
154679016,24587082,AfricanAmerican,Female,[70-80),?,3,22,1,5,MC,Surgery-General,32,2,18,0,1,3,250.7,785,403,6,,,No,No,No,No,No,No,No,No,No,No,No,No,No,No,No,No,No,Steady,No,No,No,No,No,No,Yes
154686372,43734672,Caucasian,Male,[70-80),?,3,1,1,2,MC,?,43,0,6,0,0,0,427,799,250,3,,,Steady,No,No,No,No,No,No,No,No,No,No,No,No,No,No,No,No,Steady,No,No,No,No,No,Ch,Yes
154691826,49896378,Hispanic,Female,[50-60),?,3,1,1,2,MD,?,53,0,7,0,0,0,276,425,250.8,9,,,No,No,No,No,No,No,No,No,No,No,No,No,No,No,No,No,No,Steady,No,No,No,No,No,No,Yes
154692924,24478308,AfricanAmerican,Female,[80-90),?,2,1,1,11,MC,Nephrology,52,1,15,0,0,0,428,790,486,9,,,No,No,Steady,No,No,No,No,No,No,No,No,No,No,No,No,No,No,Steady,No,No,No,No,No,Ch,Yes
154693104,47914317,Caucasian,Female,[50-60),?,2,1,1,4,?,Oncology,38,0,12,0,0,1,682,157,401,6,,,No,No,No,No,No,No,No,No,No,No,No,No,No,No,No,No,No,No,No,No,No,No,No,No,No
154694214,40595031,Caucasian,Female,[70-80),?,3,22,1,4,MC,?,50,0,17,2,1,3,311,496,465,5,,,No,No,No,No,No,No,No,No,No,No,No,No,No,No,No,No,No,Down,No,No,No,No,No,Ch,Yes
154694328,103333095,Caucasian,Male,[70-80),?,2,1,1,3,MC,?,30,0,7,0,0,0,486,276,401,9,,,No,No,No,No,No,No,No,No,No,No,No,No,No,No,No,No,No,No,No,No,No,No,No,No,No
154695138,57129579,AfricanAmerican,Male,[50-60),?,2,1,1,5,?,InternalMedicine,45,0,12,0,0,0,250.8,707,682,9,,,No,No,No,No,No,No,No,No,No,No,No,No,No,No,No,No,No,Steady,No,No,No,No,No,No,Yes
154695144,47578374,Caucasian,Male,[70-80),?,2,1,1,2,?,Nephrology,21,0,10,0,0,0,458,304,781,9,,,No,No,No,No,No,No,No,No,No,No,No,No,No,No,No,No,No,Steady,No,No,No,No,No,No,Yes
154695708,17685864,Caucasian,Female,[20-30),?,2,1,7,4,SP,Psychiatry,65,3,9,0,0,0,296,309,250,5,,>7,Steady,No,No,No,No,No,No,No,No,No,Steady,No,No,No,No,No,No,No,No,No,No,No,No,Ch,Yes
154696110,104624334,Other,Female,[60-70),?,2,2,7,10,MC,Emergency/Trauma,59,3,31,0,0,0,428,428,493,9,,>8,No,Steady,No,No,No,No,Steady,No,No,No,No,No,No,No,No,No,No,Down,No,No,No,No,No,Ch,Yes
154698072,61997148,Caucasian,Female,[40-50),?,2,1,1,3,BC,InternalMedicine,41,1,15,0,0,0,681,27,883,9,,>7,Steady,No,No,No,Steady,No,No,No,No,No,No,No,No,No,No,No,No,Steady,No,No,No,No,No,Ch,Yes
154699470,50601906,Caucasian,Female,[80-90),?,1,1,1,1,?,?,43,0,23,0,0,1,599,496,428,9,,,No,No,No,No,No,No,No,No,No,No,No,No,No,No,No,No,No,Down,No,No,No,No,No,Ch,Yes
154699782,92817657,Caucasian,Male,[50-60),?,2,1,7,1,MC,Emergency/Trauma,2,0,11,2,3,3,414,786,250,8,,,No,No,No,No,No,No,No,No,No,No,No,No,No,No,No,No,No,Down,No,No,No,No,No,Ch,Yes
154700352,58775571,AfricanAmerican,Female,[50-60),?,1,4,1,1,?,?,46,0,22,1,0,2,780,780,250,6,,,No,No,No,No,No,No,Steady,No,No,No,No,No,No,No,No,No,No,Steady,No,No,No,No,No,Ch,Yes
154705374,38729097,Other,Male,[20-30),?,2,1,7,10,SP,Surgery-General,94,0,26,0,0,0,250.1,486,577,9,,>8,No,No,No,No,No,No,No,No,No,No,No,No,No,No,No,No,No,Up,No,No,No,No,No,Ch,Yes
154705494,105342993,Caucasian,Female,[60-70),?,2,1,1,5,UN,Emergency/Trauma,73,0,30,0,0,0,250.11,276,298,8,,>8,Steady,Up,No,No,No,No,No,No,No,No,No,No,No,No,No,No,No,Up,No,No,No,No,No,Ch,Yes
154708422,63047574,Caucasian,Female,[70-80),[50-75),1,3,7,3,MC,?,59,1,26,0,0,0,820,285,599,9,,,No,No,No,No,No,No,No,No,No,No,No,No,No,No,No,No,No,No,No,No,No,No,No,No,No
154710558,48186288,Caucasian,Female,[70-80),?,2,1,1,4,?,Orthopedics-Reconstructive,49,1,14,0,0,0,724,805,250,9,,,No,No,No,No,No,No,No,No,No,Steady,No,No,No,No,No,No,No,No,No,No,No,No,No,No,Yes
154710612,101136204,AfricanAmerican,Male,[10-20),?,2,1,1,4,?,Pediatrics,20,0,6,0,0,0,250.11,276,V58,4,,,No,No,No,No,No,No,No,No,No,No,No,No,No,No,No,No,No,Up,No,No,No,No,No,Ch,Yes
154711560,43424154,Caucasian,Female,[50-60),?,3,1,1,4,SP,?,37,0,22,0,0,1,360,250.92,426,6,,,Steady,No,No,No,No,No,No,No,No,No,No,No,No,No,No,No,No,Steady,No,No,No,No,No,Ch,Yes
154713438,55386522,Hispanic,Male,[60-70),?,5,1,1,4,MC,?,4,3,13,0,0,0,996,403,428,9,,,No,No,No,No,No,No,No,No,No,No,No,No,No,No,No,No,No,Up,No,No,No,No,No,Ch,Yes
154713708,25244865,Caucasian,Female,[70-80),?,1,22,7,5,MC,Family/GeneralPractice,35,0,18,0,0,0,434,401,250,5,,,Steady,No,No,No,No,No,No,Down,No,Steady,No,No,No,No,No,No,No,Steady,No,No,No,No,No,Ch,Yes
154715298,96301809,Caucasian,Male,[40-50),?,2,1,7,4,SP,Emergency/Trauma,57,0,6,0,0,0,786,414,401,4,,Norm,No,No,No,No,No,No,No,No,No,No,No,No,No,No,No,No,No,No,No,No,No,No,No,No,No
154716330,38731770,Caucasian,Female,[50-60),?,2,1,7,5,SP,Emergency/Trauma,42,3,13,0,0,0,414,V45,401,6,,,Steady,No,No,No,Steady,No,No,No,No,Steady,No,No,No,No,No,No,No,Down,No,No,No,No,No,Ch,Yes
154717596,38191896,Caucasian,Female,[90-100),?,2,3,7,6,MC,Emergency/Trauma,31,1,21,0,0,0,820,401,250,8,,,No,No,No,No,Steady,No,No,Steady,No,No,No,No,No,No,No,No,No,Down,No,No,No,No,No,Ch,Yes
154717974,48349557,AfricanAmerican,Male,[50-60),?,2,6,1,4,HM,Surgery-Vascular,33,5,12,0,0,1,440,682,707,9,,,No,No,No,No,No,No,No,No,No,No,No,No,No,No,No,No,No,Down,No,No,No,No,No,Ch,Yes
154718670,106177302,Caucasian,Male,[60-70),?,1,6,7,5,MC,?,83,2,17,0,1,1,511,162,196,9,,>8,No,No,No,No,No,No,No,No,No,No,Steady,No,No,No,No,No,No,Down,No,No,No,No,No,Ch,Yes
154718916,100827090,Other,Male,[60-70),?,1,6,7,4,?,?,39,4,19,0,0,0,824,250.92,682,9,,,No,No,No,No,Steady,No,No,No,No,No,No,No,No,No,No,No,No,No,No,No,No,No,No,No,Yes
154718970,82500786,AfricanAmerican,Female,[40-50),?,1,1,7,11,?,?,56,0,17,0,0,0,431,401,250,9,,,No,No,No,No,No,No,No,No,No,Steady,No,No,No,No,No,No,No,No,No,No,No,No,No,No,Yes
154720704,25246998,Caucasian,Female,[80-90),?,1,23,7,11,MC,Family/GeneralPractice,45,6,38,0,0,0,574,599,305,5,,,No,No,No,No,No,No,No,No,No,No,No,No,No,No,No,No,No,Down,No,No,No,No,No,Ch,Yes
154724436,90607095,AfricanAmerican,Female,[60-70),?,1,1,7,5,?,?,50,1,7,0,0,0,518,276,492,6,,,No,No,No,No,No,No,No,No,No,No,No,No,No,No,No,No,No,No,No,No,No,No,No,No,No
154725258,57184236,Caucasian,Female,[80-90),?,1,6,7,4,MC,?,42,0,15,0,0,4,599,V09,275,9,,,No,No,No,No,No,No,Steady,No,No,No,No,No,No,No,No,No,No,Steady,No,No,No,No,No,Ch,Yes
154725696,42943761,AfricanAmerican,Female,[40-50),?,1,1,7,7,MD,?,39,1,8,0,0,0,486,428,250,7,,,No,No,No,No,No,No,No,No,No,No,No,No,No,No,No,No,No,No,No,No,No,No,No,No,No
154725840,84174444,Caucasian,Female,[40-50),?,3,1,7,5,MD,Emergency/Trauma,13,0,16,0,2,0,295,780,401,9,,,Steady,No,No,No,No,No,No,No,No,Steady,No,No,No,No,No,No,No,No,No,No,No,No,No,Ch,Yes
154725924,38989440,Caucasian,Male,[50-60),?,2,1,7,5,UN,Emergency/Trauma,33,1,21,0,0,0,486,250.02,571,7,,,No,No,No,No,No,No,No,No,No,No,No,No,No,No,No,No,No,Down,No,No,No,No,No,Ch,Yes
154726764,24868170,AfricanAmerican,Male,[50-60),?,3,1,1,2,BC,InternalMedicine,42,0,2,0,0,0,276,401,250,4,,,No,No,No,No,No,No,No,No,No,No,No,No,No,No,No,No,No,No,No,No,No,No,No,No,No
154727370,45597528,Caucasian,Male,[60-70),?,1,1,7,3,?,?,41,2,15,1,0,0,996,38,995,9,,,No,No,No,No,No,No,No,No,No,No,No,No,No,No,No,No,No,Steady,No,No,No,No,No,No,Yes
154729224,42471297,Caucasian,Male,[60-70),?,3,3,1,7,MC,Family/GeneralPractice,69,1,34,0,0,1,537,496,285,9,,,No,No,No,No,No,No,No,No,No,No,No,No,No,No,No,No,No,Steady,No,No,No,No,No,No,Yes
154730196,89972676,Caucasian,Female,[60-70),?,1,2,7,1,CP,?,47,0,17,1,0,1,428,425,427,9,,,No,No,No,No,No,No,No,No,No,No,No,No,No,No,No,No,No,No,No,No,No,No,No,No,No
154730346,97777944,Caucasian,Male,[70-80),?,1,3,7,6,MC,Emergency/Trauma,52,1,24,1,0,3,786,428,162,9,,,No,No,No,No,No,No,No,Steady,No,No,No,No,No,No,No,No,No,Down,No,No,No,No,No,Ch,Yes
154731228,32388039,Caucasian,Male,[20-30),?,1,1,7,3,CP,Family/GeneralPractice,56,1,10,0,0,2,530,276,41,7,,,No,No,No,No,No,No,No,No,No,No,No,No,No,No,No,No,No,Steady,No,No,No,No,No,No,Yes
154736124,55402155,AfricanAmerican,Male,[70-80),?,1,3,7,12,MC,?,74,0,20,0,0,0,434,427,599,9,,,No,No,No,No,No,No,No,No,No,No,No,No,No,No,No,No,No,Steady,No,No,No,No,No,No,Yes
154739622,57808350,Caucasian,Female,[70-80),?,1,6,7,4,MC,?,1,0,5,0,0,0,427,780,250,9,,,Steady,No,No,No,No,No,No,No,No,No,Steady,No,No,No,No,No,No,No,No,No,No,No,No,Ch,Yes
154740618,59878035,Other,Female,[80-90),?,2,1,1,4,?,Cardiology,37,3,16,5,0,1,410,428,493,9,,,No,No,No,No,No,No,No,No,No,No,No,No,No,No,No,No,No,No,No,No,No,No,No,No,No
154742028,104790456,Caucasian,Female,[60-70),?,2,1,1,6,HM,?,53,2,21,1,1,0,250.6,707,682,9,,,No,No,No,No,No,No,No,No,No,No,No,No,No,No,No,No,No,Steady,No,No,No,No,No,No,Yes
154746396,25247358,Caucasian,Male,[70-80),?,1,3,5,5,MC,InternalMedicine,21,3,38,0,0,0,820,285,162,9,,,No,No,No,No,No,No,No,No,No,No,No,No,No,No,No,No,No,Steady,No,No,No,No,No,No,Yes
154746768,43392258,Caucasian,Male,[80-90),?,1,6,7,6,MC,?,51,0,18,0,0,1,707,571,428,7,,,No,No,No,No,No,No,Steady,No,No,No,No,No,No,No,No,No,No,Steady,No,No,No,No,No,Ch,Yes
154747032,94302819,Caucasian,Male,[60-70),?,1,1,7,2,CP,?,51,0,8,0,0,0,434,276,250.02,8,,,No,No,No,No,No,No,No,No,No,No,No,No,No,No,No,No,No,Steady,No,No,No,No,No,No,Yes
154747164,80707590,Caucasian,Male,[80-90),?,1,3,7,6,MC,?,31,1,15,0,0,0,820,780,428,9,,,No,No,No,No,No,No,No,No,No,No,No,No,No,No,No,No,No,No,No,No,No,No,No,No,No
154747674,30904929,AfricanAmerican,Male,[60-70),?,1,1,7,4,MC,?,35,0,9,0,0,0,780,599,427,9,,,No,No,No,Steady,No,No,No,No,No,No,No,No,No,No,No,No,No,No,No,No,No,No,No,No,Yes
154748916,42558318,Caucasian,Male,[50-60),?,1,11,7,1,CP,Emergency/Trauma,49,2,14,0,0,0,410,428,38,9,,,No,No,No,No,No,No,No,No,No,No,No,No,No,No,No,No,No,Down,No,No,No,No,No,Ch,Yes
154749510,25247376,Hispanic,Male,[50-60),?,1,1,7,4,HM,InternalMedicine,40,2,9,0,0,0,151,531,285,8,,,No,No,No,No,No,No,No,No,No,No,No,No,No,No,No,No,No,Steady,No,No,No,No,No,No,Yes
154749678,111882843,Caucasian,Male,[80-90),?,1,1,7,4,MC,Cardiology,58,2,16,0,0,1,414,411,496,9,,,No,No,No,No,No,No,No,Steady,No,No,No,No,No,No,No,No,No,No,No,No,No,No,No,No,Yes
154750878,100504377,Caucasian,Male,[70-80),?,1,1,7,4,MC,?,48,1,20,0,0,0,410,428,425,9,,,Steady,No,No,No,No,No,No,No,No,No,No,No,No,No,No,No,No,No,No,No,No,No,No,No,Yes
154752186,65082951,Caucasian,Female,[60-70),?,2,6,1,13,?,PhysicalMedicineandRehabilitation,37,2,18,0,1,4,V57,496,428,9,,,No,No,No,No,No,No,No,No,No,No,No,No,No,No,No,No,No,No,No,No,No,No,No,No,No
154753080,109431036,Caucasian,Male,[40-50),?,2,1,7,2,SP,Emergency/Trauma,29,0,7,0,0,0,577,574,250,6,,,Steady,No,No,No,No,No,Steady,No,No,No,No,No,No,No,No,No,No,No,No,No,No,No,No,Ch,Yes
154753152,91015515,Caucasian,Female,[70-80),?,2,1,7,2,SP,Emergency/Trauma,44,2,8,1,0,1,435,780,729,9,,,Steady,No,No,No,No,No,No,No,No,No,No,No,No,No,No,No,No,No,No,No,No,No,No,No,Yes
154754928,106662204,Caucasian,Female,[70-80),?,1,1,7,7,MC,Emergency/Trauma,53,4,22,0,0,0,537,518,428,9,,,No,No,No,No,No,No,No,No,No,No,No,No,No,No,No,No,No,Up,No,No,No,No,No,Ch,Yes
154755660,42036156,Caucasian,Female,[50-60),?,1,1,7,7,SP,?,65,2,10,1,0,0,38,590,595,9,,,No,No,No,No,No,No,No,No,No,No,No,No,No,No,No,No,No,No,No,No,No,No,No,No,No
154756362,89045397,Caucasian,Male,[80-90),?,2,1,7,6,MC,Surgery-General,75,0,23,0,0,1,486,428,491,9,,>7,No,No,No,No,No,No,No,No,No,No,No,No,No,No,No,No,No,Up,No,No,No,No,No,Ch,Yes
154757808,28995678,Caucasian,Female,[80-90),?,1,3,7,3,MC,?,34,1,5,1,0,0,821,812,715,9,,,No,No,No,No,No,No,No,No,No,Steady,No,No,No,No,No,No,No,No,No,No,No,No,No,No,Yes
154758102,27684801,Caucasian,Male,[70-80),?,1,1,7,5,MC,?,37,0,13,0,0,0,786,428,427,9,,,No,No,No,No,No,No,No,No,No,No,No,No,No,No,No,No,No,No,No,No,No,No,No,No,No
154758180,43807500,Caucasian,Male,[50-60),?,3,1,1,1,SP,Orthopedics,32,0,3,0,0,0,823,250,272,5,,,No,No,No,No,No,No,No,No,No,No,No,No,No,No,No,No,No,No,Steady,No,No,No,No,No,Yes
154758594,62964252,AfricanAmerican,Female,[60-70),?,1,1,7,4,MC,?,34,5,25,0,0,0,414,780,250,7,,,No,No,No,No,No,No,No,No,No,No,No,No,No,No,No,No,No,Steady,No,No,No,No,No,No,Yes
154758822,32716377,Caucasian,Female,[10-20),?,2,1,1,2,MD,Pediatrics,10,0,5,0,0,0,250.11,V58,?,2,,,No,No,No,No,No,No,No,No,No,No,No,No,No,No,No,No,No,Steady,No,No,No,No,No,No,Yes
154759332,100467954,Caucasian,Male,[50-60),?,1,1,7,13,?,?,64,5,28,0,0,0,202,276,351,9,,,No,No,No,No,No,No,No,No,No,No,No,No,No,No,No,No,No,No,No,No,No,No,No,No,No
154760358,11941956,Hispanic,Female,[50-60),?,1,1,7,2,DM,?,51,0,5,0,0,0,780,401,250,5,,,No,No,No,No,No,No,No,No,No,No,No,No,No,No,No,No,No,Steady,No,No,No,No,No,No,Yes
154760622,66574323,AfricanAmerican,Female,[70-80),?,1,6,7,5,?,?,48,0,13,0,0,0,434,402,428,9,,,No,No,No,No,No,No,No,No,No,No,Steady,No,No,No,No,No,No,No,No,No,No,No,No,No,Yes
154760742,88901460,Caucasian,Female,[70-80),?,5,3,1,13,MC,?,46,0,26,0,0,0,682,276,496,9,,,No,No,No,No,No,No,No,No,No,No,No,No,No,No,No,No,No,Up,No,No,No,No,No,Ch,Yes
154761726,85063725,Caucasian,Male,[70-80),?,1,1,7,2,HM,?,53,0,10,0,0,0,728,496,401,5,,,No,No,No,No,No,No,Steady,No,No,No,No,No,No,No,No,No,No,No,No,No,No,No,No,No,Yes
154763322,65553282,Caucasian,Female,[90-100),?,1,3,7,3,MC,?,53,1,8,0,0,0,584,820,E888,9,,,No,No,No,No,No,No,No,Steady,No,No,No,No,No,No,No,No,No,No,No,No,No,No,No,No,Yes
154763682,96979005,Caucasian,Male,[50-60),?,2,2,7,3,UN,Emergency/Trauma,55,3,12,0,1,1,571,496,456,8,,,No,No,No,No,No,No,No,No,No,No,No,No,No,No,No,No,No,Down,No,No,No,No,No,Ch,Yes
154763730,25246854,AfricanAmerican,Female,[30-40),?,3,1,1,3,MD,ObstetricsandGynecology,18,2,25,0,0,0,661,647,250,4,,,No,No,No,No,No,No,No,No,No,No,No,No,No,No,No,No,No,No,No,No,No,No,No,No,No
154765656,58227678,AfricanAmerican,Female,[60-70),?,1,1,7,3,?,?,50,0,19,0,0,0,434,413,414,9,,,No,No,No,No,No,No,No,No,No,No,No,No,No,No,No,No,No,Up,No,No,No,No,No,Ch,Yes
154766076,89472402,Caucasian,Male,[30-40),?,2,2,7,2,BC,Surgery-General,46,0,14,0,4,13,724,250.02,304,9,,,Steady,No,No,No,Steady,No,No,No,No,No,No,No,No,No,No,No,No,Up,No,No,No,No,No,Ch,Yes
154767222,105325803,Caucasian,Female,[60-70),?,2,1,7,3,CM,Emergency/Trauma,51,1,13,0,0,0,780,303,276,9,,>7,No,No,No,No,No,No,No,No,No,No,No,No,No,No,No,No,No,Down,No,No,No,No,No,Ch,Yes
154767504,55585710,Caucasian,Male,[60-70),?,1,1,7,3,CP,?,55,2,12,0,0,0,584,276,792,9,,,No,No,No,No,No,No,No,No,No,No,No,No,No,No,No,No,No,Steady,No,No,No,No,No,No,Yes
154767828,42611859,Caucasian,Male,[60-70),[100-125),1,1,7,3,MC,Cardiology,79,0,17,1,1,2,786,493,466,9,,,No,No,No,No,No,No,Steady,No,No,No,No,No,No,No,No,No,No,No,No,No,No,No,No,No,Yes
154768074,29155599,Caucasian,Male,[50-60),?,1,1,7,5,HM,?,35,3,24,6,0,1,428,135,403,9,,,No,No,No,No,No,No,No,No,No,No,No,No,No,No,No,No,No,Down,No,No,No,No,No,Ch,Yes
154769466,25247871,Caucasian,Male,[80-90),?,1,13,7,4,MC,Family/GeneralPractice,45,0,22,0,0,0,584,411,428,9,,,No,No,No,No,No,No,Steady,No,No,No,No,No,No,No,No,No,No,No,No,No,No,No,No,No,Yes
154771530,85435281,Caucasian,Female,[60-70),?,1,1,7,3,CP,?,43,0,13,1,0,0,786,428,425,9,,,No,No,No,No,No,No,No,No,No,No,No,No,No,No,No,No,No,No,No,No,No,No,No,No,No
154771776,93804858,Caucasian,Female,[70-80),?,2,3,7,5,MC,Emergency/Trauma,54,1,13,0,0,0,820,496,786,7,,,No,No,No,No,No,No,No,No,No,No,No,No,No,No,No,No,No,No,No,No,No,No,No,No,No
154773492,58775571,AfricanAmerican,Female,[50-60),?,1,15,1,2,?,Emergency/Trauma,43,0,16,1,0,3,599,780,250,9,,,No,No,No,No,No,No,Steady,No,No,No,No,No,No,No,No,No,No,Steady,No,No,No,No,No,Ch,Yes
154773612,90500193,Caucasian,Female,[70-80),?,2,1,7,1,?,?,50,5,12,0,0,0,434,401,250,9,,,Steady,No,No,No,No,No,No,Steady,No,No,No,No,No,No,No,No,No,No,No,No,No,No,No,Ch,Yes
154773750,25219719,Caucasian,Female,[60-70),?,1,6,7,3,MC,InternalMedicine,35,0,14,0,0,1,276,491,558,8,,,No,No,No,No,No,No,Up,No,No,No,No,No,No,No,No,No,No,No,No,No,No,No,No,Ch,Yes
154775544,23224626,Caucasian,Female,[70-80),?,1,6,7,9,MC,Family/GeneralPractice,39,0,30,0,0,1,38,599,427,9,,,Steady,Steady,No,No,No,No,No,No,No,No,No,No,No,No,No,No,No,Steady,No,No,No,No,No,Ch,Yes
154776216,89169849,Caucasian,Male,[50-60),?,1,7,7,1,MC,?,24,0,9,0,0,0,786,250,401,6,,,No,No,No,No,No,No,No,No,No,No,No,No,No,No,No,No,No,No,No,No,No,No,No,No,No
154776414,43883757,AfricanAmerican,Female,[90-100),?,1,3,7,3,MC,?,45,0,5,0,1,0,250.8,112,599,7,,,No,No,No,No,No,No,No,No,No,No,No,No,No,No,No,No,No,No,No,No,No,No,No,No,No
154777020,78405480,Caucasian,Male,[60-70),?,1,1,7,3,MC,?,34,1,11,0,0,2,571,789,287,7,,,No,No,No,No,No,No,Steady,No,No,No,No,No,No,No,No,No,No,No,No,No,No,No,No,No,Yes
154777068,98713800,AfricanAmerican,Female,[50-60),?,1,1,7,2,?,?,16,0,7,0,0,0,276,782,250,5,,,Steady,No,No,No,No,No,No,No,No,No,No,No,No,No,No,No,No,Steady,No,No,No,No,No,Ch,Yes
154777854,91202580,Hispanic,Female,[70-80),?,2,3,7,13,BC,Emergency/Trauma,71,2,22,0,0,2,518,276,491,9,,,No,No,No,No,No,No,No,No,No,No,No,No,No,No,No,No,No,Down,No,No,No,No,No,Ch,Yes
154778316,61924455,AfricanAmerican,Female,[50-60),?,1,1,7,2,?,?,41,0,9,0,0,0,781,250.01,401,5,,,No,No,No,No,No,No,No,No,No,No,No,No,No,No,No,No,No,Steady,No,No,No,No,No,No,Yes
154778448,23892975,Caucasian,Female,[80-90),?,1,3,5,4,MC,InternalMedicine,38,2,31,0,0,0,820,428,733,9,,,No,No,No,No,No,No,No,No,No,No,No,No,No,No,No,No,No,Up,No,No,No,No,No,Ch,Yes
154779228,72251757,Caucasian,Female,[80-90),?,1,3,7,4,?,?,41,2,6,0,0,0,531,599,276,9,,,No,No,No,No,No,No,No,No,No,No,No,No,No,No,No,No,No,No,No,No,No,No,No,No,No
154779516,94692951,AfricanAmerican,Male,[50-60),?,1,1,7,3,?,?,55,0,20,2,0,0,402,425,427,9,,,No,No,No,No,Steady,No,No,No,No,No,No,No,No,No,No,No,No,No,No,No,No,No,No,No,Yes
154779828,86333958,Caucasian,Female,[70-80),?,1,3,7,3,MC,?,32,0,8,1,0,0,812,276,E888,9,,,No,No,No,No,No,No,No,No,No,No,No,No,No,No,No,No,No,No,No,No,No,No,No,No,No
154780590,73293417,Caucasian,Female,[60-70),?,1,1,7,3,MC,?,58,1,19,0,0,0,435,272,244,9,,,Steady,No,No,No,No,No,No,No,No,No,Steady,No,No,No,No,No,No,No,No,No,No,No,No,Ch,Yes
154780692,30533976,Caucasian,Female,[50-60),?,3,1,1,5,MC,Surgery-General,12,1,18,0,0,5,998,493,250.6,7,,,No,No,No,No,No,No,No,No,No,No,No,No,No,No,No,No,No,Steady,No,No,No,No,No,No,Yes
154784370,45723159,AfricanAmerican,Female,[50-60),?,1,1,7,1,?,?,10,0,13,0,0,0,458,402,428,9,,,No,No,No,No,No,No,No,No,No,No,No,No,No,No,No,No,No,No,No,No,No,No,No,No,No
154784754,110118132,Caucasian,Male,[20-30),[75-100),1,1,7,2,UN,InternalMedicine,38,0,5,1,0,2,576,473,250,7,,,No,No,No,No,No,No,No,No,No,No,No,No,No,No,No,No,No,No,No,No,No,No,No,No,No
154785924,24954642,AfricanAmerican,Male,[50-60),?,1,1,7,3,MD,Nephrology,43,1,20,1,0,4,491,518,V45,9,,,No,No,No,No,No,No,No,No,No,No,No,No,No,No,No,No,No,No,No,No,No,No,No,No,No
154786836,58648518,Caucasian,Male,[70-80),?,1,22,7,10,MC,?,43,0,16,0,0,0,434,250,414,8,,,No,No,No,No,No,No,No,No,No,No,No,No,No,No,No,No,No,No,No,No,No,No,No,No,No
154786884,55925532,AfricanAmerican,Male,[40-50),?,1,3,7,4,?,?,43,0,22,0,0,1,536,682,599,9,,,Down,No,No,No,No,No,No,No,No,No,Steady,No,No,No,No,No,No,No,No,No,No,No,No,Ch,Yes
154788906,50657661,Caucasian,Female,[70-80),?,3,6,1,4,MC,Orthopedics,12,3,24,0,0,0,715,733,285,8,,,No,No,No,No,No,No,No,No,No,No,No,No,No,No,No,No,No,No,No,No,No,No,No,No,No
154792224,23290542,AfricanAmerican,Female,[80-90),?,1,6,7,5,MC,InternalMedicine,51,0,18,0,0,2,410,428,427,9,,,No,No,No,No,No,No,No,No,No,Steady,No,No,No,No,No,No,No,No,No,No,No,No,No,No,Yes
154796958,38417571,Caucasian,Female,[50-60),?,8,1,1,2,?,ObstetricsandGynecology,66,3,18,0,0,0,218,218,618,5,,,No,No,No,No,No,No,No,No,No,No,No,No,No,No,No,No,No,Steady,No,No,No,No,No,No,Yes
154799748,74520729,Caucasian,Female,[50-60),?,6,1,17,2,?,?,49,2,24,0,0,1,428,410,403,9,,,No,No,No,No,Steady,No,No,No,No,No,No,No,No,No,No,No,No,Up,No,No,No,No,No,Ch,Yes
154803918,55015830,AfricanAmerican,Male,[70-80),?,1,1,7,4,?,?,50,0,21,0,0,1,428,425,250.92,9,,,No,No,No,No,No,No,No,No,No,Steady,No,No,No,No,No,No,No,No,No,No,No,No,No,No,Yes
154812810,24221376,AfricanAmerican,Male,[40-50),?,1,1,7,4,BC,Nephrology,50,3,30,0,0,1,403,250,285,4,,,No,No,No,No,No,No,No,No,No,No,No,No,No,No,No,No,No,No,No,No,No,No,No,No,No
154829436,94856427,Caucasian,Female,[70-80),?,3,11,1,2,MC,Hematology,38,1,13,0,0,0,276,203,198,9,,,No,No,No,No,No,No,No,No,No,No,No,No,No,No,No,No,No,Down,No,No,No,No,No,Ch,Yes
154830054,81968238,Caucasian,Female,[70-80),?,3,22,1,4,?,Orthopedics-Reconstructive,50,2,40,0,0,0,715,424,401,7,,,No,No,No,No,No,No,Steady,No,No,No,No,No,No,No,No,No,No,Steady,No,No,No,No,No,Ch,Yes
154833762,40989024,Caucasian,Male,[60-70),?,3,1,1,1,PO,Radiologist,31,6,12,0,0,0,414,401,272,6,,,No,No,No,No,No,No,No,No,No,No,Steady,No,No,No,No,No,No,No,No,No,No,No,No,No,Yes
154835958,84382812,Caucasian,Male,[50-60),?,1,3,7,3,HM,?,22,3,15,0,0,0,998,996,496,7,,,No,No,No,No,No,No,No,Steady,No,No,Steady,Steady,No,No,No,No,No,No,No,No,No,No,No,Ch,Yes
154837320,100517184,Caucasian,Male,[80-90),?,6,1,7,4,?,InternalMedicine,49,3,18,0,0,1,414,411,250,5,Norm,,No,No,No,No,No,No,No,No,No,No,No,No,No,No,No,No,No,No,No,No,No,No,No,No,No
154839024,43800282,Caucasian,Male,[60-70),?,1,2,3,7,MC,?,39,0,20,0,0,1,V57,438,438,9,,,Up,No,No,No,No,No,No,No,No,No,No,No,No,No,No,No,No,No,No,No,No,No,No,Ch,Yes
154839072,108496620,AfricanAmerican,Male,[50-60),?,2,1,1,4,BC,?,49,0,15,0,0,0,684,41,V09,9,,,Steady,No,No,No,No,No,No,No,No,Steady,No,No,No,No,No,No,No,No,No,No,No,No,No,Ch,Yes
154842594,59159295,Caucasian,Female,[60-70),?,3,1,1,10,MD,?,43,1,24,0,0,1,428,425,403,9,,,No,No,No,No,No,No,No,No,No,No,No,No,No,No,No,No,No,No,No,No,No,No,No,No,No
154843080,42941232,Caucasian,Male,[70-80),?,3,1,1,2,MC,Radiologist,41,0,13,3,0,2,428,707,414,4,,,No,No,No,No,No,No,No,No,No,No,No,No,No,No,No,No,No,Steady,No,No,No,No,No,No,Yes
154843344,69926589,AfricanAmerican,Male,[60-70),?,2,4,1,12,?,Family/GeneralPractice,39,3,30,4,0,0,250.7,440,428,5,,,No,No,No,No,No,No,No,No,No,No,No,No,No,No,No,No,No,Down,No,No,No,No,No,Ch,Yes
154844772,94440663,Caucasian,Female,[50-60),?,6,1,17,3,?,Orthopedics-Reconstructive,15,1,20,0,0,0,715,250,272,5,,,Steady,No,No,No,No,No,Steady,No,No,No,Steady,No,No,No,No,No,No,No,No,No,No,No,No,Ch,Yes
154845270,55415745,Caucasian,Female,[80-90),?,1,3,7,3,WC,?,31,1,14,0,0,0,820,401,250,9,,,No,No,No,No,No,No,No,No,No,No,No,No,No,No,No,No,No,No,No,No,No,No,No,No,No
154845414,39004569,Caucasian,Male,[40-50),?,1,1,7,2,SP,Emergency/Trauma,74,0,10,0,0,0,250.11,276,276,4,,>8,No,No,No,No,No,No,No,No,No,No,No,No,No,No,No,No,No,Up,No,No,No,No,No,Ch,Yes
154848252,40854564,Caucasian,Female,[20-30),?,1,1,7,3,MD,?,51,0,9,0,1,2,250.13,276,780,4,,,No,No,No,No,No,No,No,No,No,No,No,No,No,No,No,No,No,Down,No,No,No,No,No,Ch,Yes
154852614,86049819,Caucasian,Female,[70-80),?,2,1,1,4,MC,?,37,0,23,0,0,0,35,682,112,9,,,Down,No,No,No,No,No,Down,No,No,No,No,No,No,No,No,No,No,No,No,No,No,No,No,Ch,Yes
154852944,84369501,Caucasian,Female,[80-90),?,1,6,1,3,MC,?,71,0,20,5,0,3,428,427,599,9,,,No,No,No,No,No,No,No,No,No,No,Steady,No,No,No,No,No,No,Steady,No,No,No,No,No,Ch,Yes
154853046,24481998,AfricanAmerican,Female,[60-70),?,1,1,7,7,SP,InternalMedicine,39,2,11,0,0,0,599,599,403,7,,,No,No,No,No,No,No,No,No,No,No,No,No,No,No,No,No,No,Up,No,No,No,No,No,Ch,Yes
154856394,43809561,Caucasian,Male,[70-80),?,3,1,1,4,MC,Cardiology,29,4,30,0,0,0,410,428,486,9,,,No,No,Up,No,No,No,No,No,No,No,Steady,No,No,No,No,No,No,No,No,No,No,No,No,Ch,Yes
154861032,40788081,Caucasian,Male,[60-70),?,3,1,1,2,MC,?,42,0,11,0,0,0,414,428,413,8,,,Steady,No,No,No,No,No,No,No,No,No,No,No,No,No,No,No,No,Steady,No,No,No,No,No,Ch,Yes
154861158,41141025,Caucasian,Male,[50-60),?,3,1,1,4,MC,?,42,0,15,0,0,1,296,198,172,5,,>7,Up,No,No,No,No,No,No,No,No,No,No,No,No,No,No,No,No,No,No,No,No,No,No,Ch,Yes
154863594,43801065,Caucasian,Female,[60-70),?,3,6,1,6,MD,Cardiology,53,3,43,0,0,1,414,411,496,9,,,No,No,No,No,Steady,No,No,No,No,Steady,No,No,No,No,No,No,No,Steady,No,No,No,No,No,Ch,Yes
154864434,84358908,Caucasian,Female,[50-60),?,1,3,7,3,BC,?,41,0,17,0,1,1,428,599,590,9,,,No,No,No,No,No,No,No,No,No,No,No,No,No,No,No,No,No,No,No,No,No,No,No,No,No
154866012,43204842,Caucasian,Female,[50-60),?,1,1,7,8,CH,?,37,0,18,0,0,1,493,684,250,4,,,Steady,No,No,No,No,No,No,No,No,No,No,No,No,No,No,No,No,Steady,No,No,No,No,No,Ch,Yes
154867836,23711940,Caucasian,Female,[70-80),?,2,1,1,3,MC,InternalMedicine,40,2,18,0,0,0,574,599,276,7,,,No,No,No,No,No,No,No,No,No,No,No,No,No,No,No,No,No,Steady,No,No,No,No,No,No,Yes
154869780,105024123,AfricanAmerican,Female,[30-40),?,2,1,1,9,DM,?,48,2,19,2,4,2,242,70,250,9,,Norm,Down,No,No,No,No,No,No,No,No,No,No,No,No,No,No,No,No,No,No,No,No,No,No,Ch,Yes
154871532,41602698,Hispanic,Male,[80-90),?,3,2,1,5,MC,?,50,1,17,3,1,0,V57,V45,438,9,,,No,No,No,No,No,No,No,No,No,No,No,No,No,No,No,No,No,Up,No,No,No,No,No,Ch,Yes
154871886,102420405,AfricanAmerican,Male,[40-50),?,1,1,7,2,BC,?,29,0,11,0,0,1,402,250.03,428,8,,,No,No,No,No,No,No,No,No,No,No,Steady,No,No,No,No,No,No,Steady,No,No,No,No,No,Ch,Yes
154872450,86092254,Caucasian,Female,[70-80),?,2,6,1,4,MC,?,45,0,5,2,2,0,707,681,401,7,,>7,No,No,No,No,No,No,No,No,No,No,No,No,No,No,No,No,No,No,No,No,No,No,No,No,No
154872678,90245358,Caucasian,Male,[80-90),?,2,3,1,3,MC,?,31,0,11,0,0,0,507,250.02,276,9,,Norm,No,No,No,No,No,No,No,No,No,No,No,No,No,No,No,No,No,No,No,No,No,No,No,No,No
154875282,103738113,Caucasian,Female,[70-80),?,1,11,7,4,MC,?,43,0,6,0,0,1,584,571,276,9,,,No,No,No,No,No,No,No,No,No,No,No,No,No,No,No,No,No,No,No,No,No,No,No,No,No
154876116,71213733,Caucasian,Female,[60-70),?,2,3,1,3,?,InternalMedicine,21,0,16,0,0,0,707,682,276,9,,,No,No,No,No,No,No,No,No,No,No,No,No,No,No,No,No,No,Steady,No,No,No,No,No,No,Yes
154876710,23790681,Caucasian,Male,[70-80),?,1,3,7,4,MC,InternalMedicine,44,1,21,0,0,1,410,707,V43,8,,,Steady,No,No,No,No,No,No,No,No,No,No,No,No,No,No,No,No,Steady,No,No,No,No,No,Ch,Yes
154878102,34826526,Caucasian,Male,[60-70),?,3,1,1,1,?,Family/GeneralPractice,42,0,5,0,0,0,276,780,786,7,,,No,No,No,No,No,No,Steady,No,No,No,No,No,No,No,No,No,No,No,No,No,No,No,No,No,Yes
154878372,100885032,AfricanAmerican,Male,[90-100),?,3,6,1,1,?,Surgery-Vascular,44,0,8,0,0,0,441,428,401,8,,,No,No,No,No,No,No,No,No,No,No,No,No,No,No,No,No,No,No,No,No,No,No,No,No,No
154879134,23384304,Caucasian,Female,[70-80),?,2,3,1,11,MC,InternalMedicine,37,0,13,0,0,0,584,599,780,7,,,No,No,No,No,No,No,No,No,No,No,No,No,No,No,No,No,No,Up,No,No,No,No,No,Ch,Yes
154879182,52639281,Caucasian,Female,[70-80),?,2,1,1,4,MC,?,50,0,12,0,0,0,38,250.6,995,9,,>8,No,No,No,No,No,No,No,Steady,No,No,No,No,No,No,No,No,No,Down,No,No,No,No,No,Ch,Yes
154886172,76752072,Caucasian,Female,[80-90),?,1,22,7,4,MC,?,43,1,26,0,0,0,820,486,599,9,,,No,No,No,No,No,No,No,No,No,No,No,No,No,No,No,No,No,Steady,No,No,No,No,No,No,Yes
154886400,87899625,Caucasian,Female,[20-30),?,1,1,7,4,MC,Psychiatry,66,0,8,0,0,0,314,309,301,6,,,No,No,No,No,No,No,No,No,No,No,No,No,No,No,No,No,No,No,No,No,No,No,No,No,No
154886580,10422657,AfricanAmerican,Male,[20-30),?,1,1,7,3,DM,?,60,0,17,0,0,0,786,250,401,4,,>7,Up,No,No,No,No,No,Steady,No,No,No,Steady,No,No,No,No,No,No,Steady,No,No,No,No,No,Ch,Yes
154887756,108750861,Caucasian,Male,[40-50),?,2,1,7,1,SP,Emergency/Trauma,1,0,8,0,0,0,786,780,250,5,,,Steady,No,No,No,No,No,No,No,No,No,No,No,No,No,No,No,No,No,No,No,No,No,No,No,Yes
154889160,52035903,Caucasian,Male,[60-70),?,1,1,7,4,?,?,66,0,10,1,0,6,584,276,428,9,,,No,No,No,No,No,No,No,No,No,No,No,No,No,No,No,No,No,No,No,No,No,No,No,No,No
154890864,39010923,Caucasian,Male,[50-60),?,2,1,7,1,SP,Emergency/Trauma,37,0,11,0,0,0,780,250.4,403,5,,,No,Steady,No,No,No,No,No,No,No,Steady,Steady,No,No,No,No,No,No,Down,No,No,No,No,No,Ch,Yes
154891644,70250850,AfricanAmerican,Male,[40-50),?,1,1,7,3,MC,?,33,0,8,0,0,0,250.11,584,276,9,,,No,No,No,No,No,No,No,No,No,No,No,No,No,No,No,No,No,No,No,No,No,No,No,No,No
154892592,40382343,Caucasian,Male,[70-80),?,1,1,7,2,MC,?,66,0,10,0,0,0,789,428,425,7,,,No,No,No,No,No,No,No,No,No,No,No,No,No,No,No,No,No,No,No,No,No,No,No,No,No
154892892,95958027,Caucasian,Female,[80-90),?,2,3,7,9,MC,Emergency/Trauma,63,3,13,0,1,2,285,518,923,9,,Norm,No,Steady,No,No,No,No,No,No,No,No,No,No,No,No,No,No,No,Up,No,No,No,No,No,Ch,Yes
154895682,1484037,Caucasian,Female,[80-90),?,1,3,7,8,MC,InternalMedicine,54,1,14,1,1,0,682,41,294,9,,,No,No,No,No,No,No,No,No,No,No,No,No,No,No,No,No,No,Steady,No,No,No,No,No,No,Yes
154896156,89441217,Caucasian,Female,[80-90),?,1,1,7,13,MC,Family/GeneralPractice,54,0,33,0,0,2,427,493,276,9,,,No,No,No,No,No,No,No,No,No,No,No,No,No,No,No,No,No,Down,No,No,No,No,No,Ch,Yes
154902180,52669341,Caucasian,Male,[70-80),?,2,3,1,11,?,Family/GeneralPractice,64,5,43,0,0,1,820,425,428,9,,,No,No,No,No,No,No,No,No,No,No,No,No,No,No,No,No,No,No,No,No,No,No,No,No,No
154902720,55835865,AfricanAmerican,Female,[60-70),?,1,1,7,1,MC,?,61,0,16,0,0,0,428,276,496,9,,>8,No,No,No,No,No,No,No,No,No,No,No,No,No,No,No,No,No,Down,No,No,No,No,No,Ch,Yes
154903272,40449006,Caucasian,Female,[80-90),?,1,6,7,2,?,?,38,0,10,0,0,1,428,427,278,9,,,No,No,No,No,No,No,No,Steady,No,No,No,No,No,No,No,No,No,Steady,No,No,No,No,No,Ch,Yes
154903518,62532630,Caucasian,Female,[50-60),?,3,1,1,1,?,Family/GeneralPractice,31,0,14,1,0,0,493,278,250,8,,,No,No,No,No,No,No,No,No,No,Steady,No,No,No,No,No,No,No,No,No,No,No,No,No,No,Yes
154903602,82203444,AfricanAmerican,Female,[40-50),?,1,6,7,3,?,?,53,1,17,4,2,6,284,250,401,5,,,No,No,No,No,No,No,No,No,No,No,Steady,No,No,No,No,No,No,Steady,No,No,No,No,No,Ch,Yes
154903818,73865367,Caucasian,Male,[60-70),?,3,22,1,3,?,Orthopedics-Reconstructive,39,2,40,0,0,1,715,496,518,9,,,Steady,No,No,No,No,No,No,Steady,No,No,No,No,No,No,No,No,No,No,No,No,No,No,No,Ch,Yes
154903920,110359710,Caucasian,Female,[40-50),?,1,1,7,3,SP,Surgery-General,36,1,14,0,0,1,998,997,682,9,,,No,No,No,No,No,No,Steady,No,No,No,No,No,No,No,No,No,No,Steady,No,No,No,No,No,Ch,Yes
154904220,100154142,Caucasian,Male,[30-40),?,3,1,1,2,?,Orthopedics-Reconstructive,39,1,24,0,0,0,722,722,493,7,,,No,No,No,No,No,No,No,No,No,No,No,No,No,No,No,No,No,No,No,No,No,No,No,No,No
154905288,42612219,Caucasian,Female,[60-70),?,1,1,3,3,SP,?,23,0,8,1,0,0,584,403,276,9,,,No,No,No,No,No,No,No,No,No,No,No,No,No,No,No,No,No,Steady,No,No,No,No,No,No,Yes
154908732,99256932,Caucasian,Female,[70-80),?,3,22,1,3,MC,Orthopedics,20,2,19,0,0,0,715,401,250,4,,,Steady,No,No,No,Up,No,No,No,No,Steady,No,No,No,No,No,No,No,No,No,No,No,No,No,Ch,Yes
154909524,70021251,Caucasian,Female,[80-90),?,1,6,7,2,MC,?,42,1,17,0,0,0,920,276,403,9,,,No,No,No,No,No,No,No,No,No,No,No,No,No,No,No,No,No,Down,No,No,No,No,No,Ch,Yes
154911108,85386168,Caucasian,Male,[70-80),?,3,1,1,4,?,Urology,33,1,14,1,2,0,600,560,250,5,,,No,No,No,No,No,No,No,No,No,No,No,No,No,No,No,No,No,Steady,No,No,No,No,No,No,Yes
154911978,77801868,AfricanAmerican,Female,[40-50),?,3,22,1,3,?,Orthopedics-Reconstructive,33,3,27,1,0,0,715,428,998,9,,,Steady,No,No,No,No,No,Steady,No,No,No,No,No,No,No,No,No,No,Steady,No,No,No,No,No,Ch,Yes
154916052,51497919,Caucasian,Female,[70-80),?,3,6,1,10,MC,Surgery-General,41,2,37,0,0,0,998,569,562,9,,,No,No,No,No,No,No,No,No,No,No,No,No,No,No,No,No,No,Down,No,No,No,No,No,Ch,Yes
154924974,24069258,AfricanAmerican,Female,[50-60),?,3,1,1,1,MC,Surgery-Vascular,39,1,19,1,1,0,403,250.4,285,3,,,No,No,No,No,No,No,No,No,No,No,No,No,No,No,No,No,No,No,No,No,No,No,No,No,No
154925430,69144210,Caucasian,Female,[50-60),?,3,22,1,3,?,Orthopedics-Reconstructive,12,1,30,0,0,0,715,780,401,6,,,No,No,No,No,No,No,No,No,No,No,No,No,No,No,No,No,No,No,No,No,No,No,No,No,No
154937796,47208636,Caucasian,Male,[70-80),?,1,6,7,9,MC,?,59,6,39,0,0,0,414,413,581,9,,Norm,No,No,No,No,No,No,Steady,No,No,No,No,No,No,No,No,No,No,Down,No,No,No,No,No,Ch,Yes
154944828,23489793,Caucasian,Female,[80-90),?,3,1,1,1,MC,Cardiology,29,2,23,1,0,0,427,V72,401,8,,,No,No,No,No,No,No,No,No,No,No,No,No,No,No,No,No,No,Up,No,No,No,No,No,Ch,Yes
154950354,41492844,Caucasian,Female,[60-70),?,3,1,1,7,MC,Cardiology,41,2,30,1,0,4,182,428,427,9,,,No,No,No,No,Steady,No,No,No,No,No,No,No,No,No,No,No,No,Steady,No,No,No,No,No,Ch,Yes
154951128,77248881,Caucasian,Female,[70-80),?,2,6,1,9,?,InternalMedicine,61,3,15,2,1,0,276,428,486,9,,,No,No,No,No,No,No,No,No,No,No,No,No,No,No,No,No,No,No,No,No,No,No,No,No,No
154957272,71235216,Caucasian,Male,[70-80),?,3,6,1,11,MC,Podiatry,37,6,25,0,0,1,250.6,707,682,9,,,No,No,No,No,No,No,No,No,No,No,No,No,No,No,No,No,No,Down,No,No,No,No,No,Ch,Yes
154957560,62619804,AfricanAmerican,Male,[80-90),?,1,3,7,9,?,?,50,2,12,0,0,0,511,518,560,9,,,No,No,No,No,No,No,No,No,No,No,No,No,No,No,No,No,No,No,No,No,No,No,No,No,No
154959708,24368526,AfricanAmerican,Female,[60-70),?,1,6,7,8,BC,Surgery-Neuro,40,0,11,0,0,0,852,920,924,9,,,No,No,No,No,No,No,No,No,No,No,No,No,No,No,No,No,No,No,No,No,No,No,No,No,No
154960278,89347140,Caucasian,Male,[80-90),?,2,3,7,8,MC,Emergency/Trauma,58,3,20,0,0,0,38,599,536,9,,,No,No,No,No,Down,No,No,No,No,Steady,No,No,No,No,No,No,No,Up,No,No,No,No,No,Ch,Yes
154960410,77551191,Caucasian,Female,[30-40),?,1,1,7,2,SP,?,57,0,8,0,0,0,780,292,305,5,,,No,No,No,No,No,No,No,No,No,No,No,No,No,No,No,No,No,Up,No,No,No,No,No,Ch,Yes
154961730,66173058,Caucasian,Female,[60-70),?,2,6,1,5,?,InternalMedicine,41,0,17,1,0,1,682,707,584,9,,,No,No,No,No,No,No,No,No,No,No,No,No,No,No,No,No,No,Steady,No,No,No,No,No,No,Yes
154962672,70037532,Caucasian,Male,[50-60),?,2,1,1,2,?,InternalMedicine,8,1,7,0,0,0,79,250,401,5,,,No,No,No,No,No,No,No,No,No,No,No,No,No,No,No,No,No,No,No,No,No,No,No,No,No
154973820,88308783,AfricanAmerican,Female,[60-70),?,2,6,1,3,?,Orthopedics-Reconstructive,41,1,10,0,0,1,813,802,250.42,9,,,No,No,No,No,No,No,No,No,No,No,No,No,No,No,No,No,No,Steady,No,No,No,No,No,No,Yes
154973952,58096935,AfricanAmerican,Female,[50-60),?,1,1,7,2,PO,?,11,1,3,0,0,0,531,280,250,8,,,No,No,No,No,No,No,No,No,No,No,No,No,No,No,No,No,No,No,No,No,No,No,No,No,No
154975344,101516319,AfricanAmerican,Male,[20-30),?,1,4,2,4,?,?,53,3,19,0,0,0,530,530,250.51,9,,,No,No,No,No,No,No,No,No,No,No,No,No,No,No,No,No,No,No,No,No,No,No,No,No,No
154991250,85717926,Caucasian,Female,[80-90),?,1,3,7,3,MC,?,35,0,8,0,1,0,276,780,780,5,,,Steady,No,No,No,No,No,Steady,No,No,No,No,No,No,No,No,No,No,No,No,No,No,No,No,Ch,Yes
154993212,24287589,AfricanAmerican,Male,[60-70),?,2,1,1,3,MC,Cardiology,47,0,12,0,0,0,404,427,428,6,,,No,No,No,No,No,No,No,No,No,No,No,No,No,No,No,No,No,No,No,No,No,No,No,No,No
154994094,58507200,Caucasian,Male,[60-70),?,2,2,4,1,PO,?,9,3,13,0,0,0,414,411,V42,9,,,No,No,No,No,No,No,No,No,No,No,No,No,No,No,No,No,No,No,No,No,No,No,No,No,No
154994880,3447360,Caucasian,Male,[70-80),?,6,1,17,1,?,Cardiology,46,0,5,0,0,0,427,414,250,9,,,Steady,No,No,No,No,No,No,No,No,No,No,No,No,No,No,No,No,No,No,No,No,No,No,No,Yes
154995162,39084714,Caucasian,Male,[80-90),?,2,3,7,8,MC,Emergency/Trauma,59,0,14,0,0,0,599,276,486,9,,,No,No,No,No,No,No,No,No,No,No,No,No,No,No,No,No,No,Up,No,No,No,No,No,Ch,Yes
154995240,26040105,Caucasian,Female,[50-60),?,2,3,7,2,MC,InternalMedicine,41,0,8,0,0,0,780,276,295,8,,>7,Steady,No,No,No,No,No,No,No,No,No,Steady,No,No,No,No,No,No,No,No,No,No,No,No,Ch,Yes
154995534,89472402,Caucasian,Male,[30-40),?,3,1,1,7,BC,Psychology,4,6,15,0,4,14,296,304,250.02,7,,,Steady,No,No,No,Steady,No,No,No,No,No,No,No,No,No,No,No,No,Down,No,No,No,No,No,Ch,Yes
154996674,103778271,Caucasian,Male,[70-80),?,2,2,7,2,MC,Family/GeneralPractice,24,0,9,2,0,2,428,424,250,4,,,No,No,No,No,No,No,No,No,No,No,No,No,No,No,No,No,No,No,No,No,No,No,No,No,No
154996746,56045493,Caucasian,Male,[0-10),?,2,1,1,3,?,Pediatrics,41,0,6,0,0,0,250.11,276,?,2,,,No,No,No,No,No,No,No,No,No,No,No,No,No,No,No,No,No,Steady,No,No,No,No,No,No,Yes
154999410,41282334,Caucasian,Female,[60-70),?,1,6,7,8,SP,?,58,2,28,0,0,3,553,276,491,9,,,No,No,No,No,No,No,No,No,No,No,No,No,No,No,No,No,No,No,No,No,No,No,No,No,No
155000538,58775571,AfricanAmerican,Female,[50-60),?,2,1,1,7,?,Family/GeneralPractice,44,0,18,1,0,4,840,780,599,9,,,No,No,No,No,No,No,Steady,No,No,No,No,No,No,No,No,No,No,Steady,No,No,No,No,No,Ch,Yes
155000736,44182620,Caucasian,Male,[40-50),?,1,1,7,1,?,?,4,0,14,0,0,2,786,414,V45,6,,,No,No,No,No,No,No,No,No,No,No,No,No,No,No,No,No,No,Down,No,No,No,No,No,Ch,Yes
155001264,77640543,Caucasian,Female,[40-50),?,1,1,7,2,?,InternalMedicine,64,0,14,1,0,1,250.12,276,599,5,,>8,No,No,No,No,No,No,No,No,No,No,No,No,No,No,No,No,No,Up,No,No,No,No,No,Ch,Yes
155005488,42769701,Hispanic,Female,[50-60),?,3,1,1,5,SP,Family/GeneralPractice,29,0,13,0,0,0,486,860,807,6,,,Steady,No,No,No,No,No,No,No,No,Steady,No,No,No,No,No,No,No,No,No,No,No,No,No,Ch,Yes
155005722,88589988,AfricanAmerican,Female,[70-80),?,1,1,7,4,?,?,53,0,10,0,0,0,428,427,250,7,,,No,No,No,No,No,No,Steady,No,No,No,No,No,No,No,No,No,No,No,No,No,No,No,No,No,Yes
155006964,43001271,Caucasian,Female,[80-90),?,1,6,7,3,MC,?,42,6,15,1,0,1,410,427,?,7,,,No,No,No,No,No,No,Steady,No,No,No,No,No,No,No,No,No,No,No,No,No,No,No,No,No,Yes
155007444,28353330,Caucasian,Male,[80-90),?,1,1,7,3,MC,?,45,0,7,0,0,0,558,276,584,9,,,No,No,No,No,No,No,No,No,No,No,No,No,No,No,No,No,No,No,No,No,No,No,No,No,No
155007786,101519190,Caucasian,Female,[30-40),?,1,1,7,6,?,?,36,5,20,0,0,0,453,451,289,9,,,No,No,No,No,No,No,No,No,No,No,No,No,No,No,No,No,No,No,No,No,No,No,No,No,No
155008332,57384666,Caucasian,Male,[50-60),?,1,1,7,2,PO,?,34,3,8,0,0,0,414,428,496,9,,,No,No,No,No,No,No,No,No,No,No,No,No,No,No,No,No,No,No,No,No,No,No,No,No,No
155008860,101523330,Caucasian,Female,[50-60),?,1,1,2,9,?,?,47,3,25,0,0,0,430,427,424,9,,,No,No,No,No,No,No,No,No,No,No,No,No,No,No,No,No,No,Steady,No,No,No,No,No,No,Yes
155009424,111718386,Caucasian,Female,[80-90),?,2,3,7,11,BC,Emergency/Trauma,56,5,28,0,0,0,574,428,V42,9,,,No,No,No,No,No,No,No,No,No,No,No,No,No,No,No,No,No,No,No,No,No,No,No,No,No
155009706,57760335,Caucasian,Male,[20-30),?,2,6,7,10,SP,InternalMedicine,48,4,22,0,0,0,682,728,250.03,7,,>8,No,No,No,No,No,No,No,No,No,No,No,No,No,No,No,No,No,Up,No,No,No,No,No,Ch,Yes
155009880,93189591,Caucasian,Female,[80-90),?,1,1,7,3,?,?,43,0,9,0,0,2,599,428,250,6,,,No,No,No,No,No,No,No,No,No,No,No,No,No,No,No,No,No,No,No,No,No,No,No,No,No
155010240,101550330,AfricanAmerican,Female,[60-70),?,1,3,2,8,?,?,56,1,22,0,0,0,428,584,276,9,,,No,No,No,No,No,No,No,No,No,No,Steady,No,No,No,No,No,No,Up,No,No,No,No,No,Ch,Yes
155010402,64705392,Caucasian,Male,[70-80),?,1,6,7,8,MC,?,67,1,17,0,1,1,38,584,482,9,,,No,No,No,No,No,No,Steady,No,No,No,No,No,No,No,No,No,No,Steady,No,No,No,No,No,Ch,Yes
155012886,68222871,AfricanAmerican,Male,[80-90),?,1,1,7,2,?,?,41,0,12,0,0,2,786,V12,401,5,,,No,No,No,No,No,No,No,No,No,No,No,No,No,No,No,No,No,Steady,No,No,No,No,No,No,Yes
155013126,23746752,AfricanAmerican,Male,[60-70),?,1,1,7,1,BC,InternalMedicine,43,0,12,0,0,0,428,250,780,6,,,Steady,No,No,No,Steady,No,No,No,No,No,Steady,No,No,No,No,No,No,Steady,No,No,No,No,No,Ch,Yes
155013570,34838856,Caucasian,Male,[70-80),?,2,3,7,6,MC,Emergency/Trauma,59,0,15,0,1,6,250.82,427,276,9,,,No,No,No,No,No,No,No,No,No,No,No,No,No,No,No,No,No,Up,No,No,No,No,No,Ch,Yes
155013864,43816050,Caucasian,Male,[70-80),?,1,11,7,4,MC,?,37,0,8,0,0,0,434,427,401,5,,,No,No,No,No,No,No,No,No,No,No,No,No,No,No,No,No,No,No,No,No,No,No,No,No,No
155014578,43493175,Caucasian,Male,[80-90),?,1,3,7,3,MC,?,52,0,12,0,0,4,507,808,276,6,,,No,No,No,No,No,No,No,Steady,No,No,No,No,No,No,No,No,No,No,No,No,No,No,No,No,Yes
155015094,23325939,AfricanAmerican,Female,[30-40),?,1,1,7,2,SP,InternalMedicine,35,1,17,0,2,0,682,250,285,3,,,Steady,No,No,No,No,No,No,Steady,No,No,No,No,No,No,No,No,No,Steady,No,No,No,No,No,Ch,Yes
155016852,61846506,Caucasian,Male,[70-80),?,3,6,1,5,?,Surgery-Cardiovascular,53,2,27,0,0,0,414,411,412,9,,,Steady,No,No,No,Steady,No,No,No,No,No,No,No,No,No,No,No,No,No,No,No,No,No,No,Ch,Yes
155017446,32205213,Caucasian,Female,[40-50),?,3,1,1,1,DM,?,9,3,1,0,0,0,625,401,250,5,,,No,No,No,No,No,No,No,No,No,No,No,No,No,No,No,No,No,No,No,No,No,No,No,No,No
155017848,85496598,Caucasian,Female,[60-70),?,3,22,1,4,MC,?,38,2,36,0,0,0,715,285,284,9,,,Steady,No,No,No,No,No,Steady,No,No,No,No,No,No,No,No,No,No,No,No,No,No,No,No,Ch,Yes
155021622,59242446,AfricanAmerican,Female,[70-80),?,3,1,1,2,MC,?,40,1,21,0,0,0,227,275,252,8,,Norm,Steady,No,No,No,No,No,No,Steady,No,Steady,No,Steady,No,No,No,No,No,No,No,No,No,No,No,Ch,Yes
155022870,24257925,Caucasian,Male,[60-70),?,3,1,1,8,BC,Surgery-General,43,6,32,0,0,0,574,575,997,9,,,Steady,No,No,No,No,No,No,No,No,No,No,No,No,No,No,No,No,Up,No,No,No,No,No,Ch,Yes
155026734,24925653,AfricanAmerican,Male,[60-70),?,3,6,1,3,MC,Surgery-Vascular,39,1,25,1,0,0,440,403,282,5,,,No,No,No,No,No,No,No,No,No,No,Steady,No,No,No,No,No,No,Up,No,No,No,No,No,Ch,Yes
155060904,1522161,Caucasian,Male,[80-90),?,8,1,1,1,?,Cardiology,38,3,17,2,0,0,427,427,272,8,,,No,No,No,No,No,No,Steady,No,No,No,No,No,No,No,No,No,No,No,No,No,No,No,No,No,Yes
155062734,49916277,Caucasian,Female,[60-70),?,3,1,1,2,?,Family/GeneralPractice,10,0,7,0,0,0,250.12,401,272,6,,,Steady,No,No,No,No,No,No,No,No,No,Steady,No,No,No,No,No,No,Steady,No,No,No,No,No,Ch,Yes
155063886,59133321,Caucasian,Male,[70-80),?,1,1,7,2,CM,?,46,0,5,0,0,0,435,239,401,9,,,No,No,No,No,No,No,No,No,No,No,No,No,No,No,No,No,No,No,No,No,No,No,No,No,No
155067336,23506749,AfricanAmerican,Male,[40-50),?,3,1,1,1,BC,Cardiology,20,3,4,0,0,0,794,250.4,403,5,,,No,No,No,No,No,No,No,No,No,No,No,No,No,No,No,No,No,Down,No,No,No,No,No,Ch,Yes
155069574,102018159,Caucasian,Female,[40-50),?,5,1,1,2,HM,?,1,2,20,4,0,0,220,250,401,4,,,Steady,No,No,No,No,No,No,No,No,No,No,No,No,No,No,No,No,No,No,No,No,No,No,No,Yes
155072034,85922406,Caucasian,Female,[60-70),?,2,6,1,7,CP,?,48,3,23,0,0,0,996,730,41,7,,,No,No,No,No,No,No,No,No,No,No,No,No,No,No,No,No,No,No,No,No,No,No,No,No,No
155072304,57868290,AfricanAmerican,Female,[30-40),?,1,1,7,9,OT,?,42,0,8,0,0,0,415,428,250,5,,,No,No,No,No,No,No,No,No,No,No,No,No,No,No,No,No,No,No,Steady,No,No,No,No,No,Yes
155075652,23218839,AfricanAmerican,Female,[80-90),?,3,1,1,1,MC,Surgery-Cardiovascular/Thoracic,30,4,11,3,0,1,996,403,V45,5,,,No,No,No,No,No,No,No,No,No,No,No,No,No,No,No,No,No,Steady,No,No,No,No,No,No,Yes
155076060,112849803,Caucasian,Female,[70-80),?,1,3,7,5,MC,?,76,3,26,0,0,0,996,576,38,9,,,No,No,No,No,No,No,No,No,No,No,No,No,No,No,No,No,No,Steady,No,No,No,No,No,No,Yes
155077182,91000953,Other,Male,[60-70),?,1,1,1,8,?,Emergency/Trauma,47,0,12,0,0,0,415,305,200,9,,,No,No,No,No,No,No,No,No,No,No,No,No,No,No,No,No,No,Steady,No,No,No,No,No,No,Yes
155080506,97365555,Caucasian,Male,[30-40),?,5,1,1,5,UN,?,33,1,12,0,2,0,682,250.6,357,4,,,No,No,No,No,No,No,Steady,No,No,No,Steady,No,No,No,No,No,No,Down,No,No,No,No,No,Ch,Yes
155084772,98081973,Caucasian,Female,[60-70),?,1,1,7,6,?,Family/GeneralPractice,22,0,19,1,0,0,296,309,244,7,,,No,No,No,No,Steady,No,No,No,No,No,No,No,No,No,No,No,No,No,No,No,No,No,No,No,Yes
155085564,23485158,AfricanAmerican,Female,[70-80),?,1,11,7,1,MC,InternalMedicine,36,2,9,0,3,2,38,496,710,9,,,No,No,No,No,No,No,No,Steady,No,No,No,No,No,No,No,No,No,Steady,No,No,No,No,No,Ch,Yes
155087364,91241469,Caucasian,Male,[30-40),?,2,1,7,1,UN,Family/GeneralPractice,21,1,6,0,0,1,569,493,272,7,,>8,No,No,No,No,Steady,No,No,No,No,No,No,No,No,No,No,No,No,Steady,No,No,No,No,No,Ch,Yes
155088024,90238761,Caucasian,Male,[40-50),?,1,1,7,1,?,?,44,0,1,3,0,0,786,250,401,4,,,No,No,No,No,No,No,No,No,No,No,No,No,No,No,No,No,No,No,No,No,No,No,No,No,No
155091792,41884695,Caucasian,Female,[80-90),?,1,23,7,1,MD,?,29,1,14,0,0,0,536,276,276,9,,,No,No,No,No,No,No,Steady,No,No,No,No,No,No,No,No,No,No,No,No,No,No,No,No,No,Yes
155092038,101624364,Caucasian,Male,[60-70),?,2,4,2,2,?,Family/GeneralPractice,28,0,16,0,0,0,428,295,401,9,,,No,No,No,No,No,No,No,No,No,No,No,No,No,No,No,No,No,Steady,No,No,No,No,No,No,Yes
155093268,101623104,AfricanAmerican,Female,[40-50),?,2,22,2,13,?,InternalMedicine,37,2,43,0,0,0,997,707,70,9,,,No,No,No,No,No,No,No,No,No,No,No,No,No,No,No,No,No,Up,No,No,No,No,No,Ch,Yes
155095572,41366007,Caucasian,Female,[80-90),?,3,3,1,5,UN,?,33,0,12,0,0,1,486,331,294,7,,,Steady,No,No,No,No,No,No,No,No,No,No,No,No,No,No,No,No,Steady,No,No,No,No,No,Ch,Yes
155099190,43729128,Caucasian,Female,[50-60),?,3,1,1,6,CP,?,63,0,11,0,0,0,280,785,180,4,,,No,No,No,No,No,No,No,Up,No,No,No,No,No,No,No,No,No,No,No,No,No,No,No,Ch,Yes
155099640,101625210,Caucasian,Male,[50-60),?,2,22,2,8,?,InternalMedicine,41,3,35,0,0,0,996,711,41,9,,,Steady,No,No,No,No,No,Steady,No,No,No,No,No,No,No,No,No,No,Steady,No,No,No,No,No,Ch,Yes
155101038,62274870,Caucasian,Female,[90-100),?,2,3,1,8,?,Orthopedics-Reconstructive,41,1,13,0,0,0,805,428,428,9,,,No,No,No,No,No,No,Steady,No,No,No,No,No,No,No,No,No,No,No,No,No,No,No,No,No,Yes
155101356,101621376,Caucasian,Male,[60-70),?,1,11,2,2,?,?,63,1,19,0,0,0,V63,518,496,9,,,No,No,No,No,No,No,Steady,No,No,No,No,No,No,No,No,No,No,No,No,No,No,No,No,No,Yes
155101404,90149094,Caucasian,Male,[40-50),?,1,1,7,2,HM,?,64,0,3,0,0,0,584,403,458,7,,,No,No,No,No,No,No,No,No,No,No,No,No,No,No,No,No,No,No,No,No,No,No,No,No,No
155102832,23223807,Caucasian,Male,[30-40),?,1,6,7,5,MC,Urology,48,2,23,0,1,1,996,599,599,9,,,Steady,No,No,No,No,No,No,No,No,No,No,No,No,No,No,No,No,Steady,No,No,No,No,No,Ch,Yes
155103228,59271768,AfricanAmerican,Male,[80-90),?,1,11,7,5,MC,?,31,2,13,0,0,0,415,453,242,8,,,No,No,No,No,No,No,No,No,No,No,No,No,No,No,No,No,No,No,No,No,No,No,No,No,No
155103774,59368806,AfricanAmerican,Male,[60-70),?,1,1,7,6,OG,?,42,0,11,0,0,0,434,250,530,7,,,Steady,No,No,No,No,No,Steady,No,No,No,No,No,No,No,No,No,No,No,No,No,No,No,No,Ch,Yes
155104350,101627289,Caucasian,Female,[70-80),?,2,22,2,9,?,Surgery-Neuro,34,2,21,0,0,0,V63,805,427,9,,,Steady,No,No,No,No,No,Steady,No,No,Steady,No,No,No,No,No,No,No,No,No,No,No,No,No,Ch,Yes
155107710,109934172,Caucasian,Female,[80-90),?,1,1,7,3,MC,?,52,0,20,0,0,1,428,427,424,9,,,No,No,No,No,No,No,No,No,No,No,No,No,No,No,No,No,No,Down,No,No,No,No,No,Ch,Yes
155107926,27926100,Caucasian,Male,[40-50),?,2,1,1,5,HM,?,59,0,12,0,0,0,682,276,473,7,,Norm,Steady,No,No,No,No,No,No,No,No,No,No,No,No,No,No,No,No,No,No,No,No,No,No,No,Yes
155107938,65351610,Caucasian,Female,[70-80),?,1,1,7,3,?,?,35,2,8,1,1,0,427,402,428,9,,,No,No,No,No,No,No,No,No,No,No,No,No,No,No,No,No,No,No,No,No,No,No,No,No,No
155108460,39098502,Caucasian,Male,[40-50),?,2,1,7,3,MC,Emergency/Trauma,49,2,17,0,0,0,486,403,511,8,,,No,No,No,No,No,No,No,No,No,No,No,No,No,No,No,No,No,No,No,No,No,No,No,No,No
155109240,63615384,Caucasian,Female,[30-40),?,1,1,7,3,MC,OutreachServices,55,0,9,0,0,0,296,312,317,7,,,Steady,No,No,No,No,No,Steady,No,No,No,No,No,No,No,No,No,No,No,No,No,No,No,No,Ch,Yes
155109774,47841021,Caucasian,Male,[60-70),?,1,6,7,2,MC,?,27,0,13,0,0,1,276,787,574,9,,,Steady,No,No,No,No,No,Steady,No,No,No,Steady,No,No,No,No,No,No,No,No,No,No,No,No,Ch,Yes
155113224,37509030,Caucasian,Female,[70-80),?,1,6,7,3,?,?,9,0,7,0,0,0,584,276,404,9,,,No,No,No,No,No,No,No,No,No,No,No,No,No,No,No,No,No,No,No,No,No,No,No,No,No
155113518,59133402,Caucasian,Male,[50-60),?,1,22,7,8,HM,?,43,1,14,0,0,0,820,805,805,9,,,No,No,No,No,No,No,No,No,No,No,No,No,No,No,No,No,No,Steady,No,No,No,No,No,No,Yes
155114964,101621745,Caucasian,Male,[50-60),?,1,1,2,1,?,?,17,0,11,0,0,0,786,276,414,9,,,No,No,No,No,No,No,No,Steady,No,No,No,No,No,No,No,No,No,Steady,No,No,No,No,No,Ch,Yes
155116818,80029386,AfricanAmerican,Female,[50-60),?,1,1,7,5,?,?,55,0,19,0,1,2,402,425,203,9,,,Steady,No,No,No,No,No,No,No,No,No,No,No,No,No,No,No,No,No,No,No,No,No,No,No,Yes
155117316,101623248,Caucasian,Male,[50-60),?,1,1,2,4,?,?,37,1,12,0,0,0,250.8,707,682,7,,,Steady,No,No,No,No,No,No,Steady,No,Steady,No,No,No,No,No,No,No,No,No,No,No,No,No,Ch,Yes
155118288,86431698,Other,Male,[60-70),?,1,1,7,2,?,?,37,0,6,0,0,3,787,276,787,4,,,No,No,Steady,No,No,No,No,No,No,No,No,No,No,No,No,No,No,No,No,No,No,No,No,No,Yes
155118432,63585189,Caucasian,Male,[70-80),?,1,1,7,4,?,?,53,3,11,0,0,0,410,414,414,9,,,Steady,No,No,No,No,No,No,No,No,No,No,No,No,No,No,No,No,No,No,No,No,No,No,No,Yes
155118600,84981825,Caucasian,Male,[40-50),?,1,1,7,1,HM,?,42,0,8,0,0,0,786,414,V45,9,,,No,No,No,No,No,No,No,No,No,No,No,No,No,No,No,No,No,No,No,No,No,No,No,No,No
155120220,101672190,AfricanAmerican,Female,[10-20),?,1,6,2,13,?,?,44,0,6,0,0,0,614,V63,42,5,,,No,No,No,No,No,No,No,No,No,No,No,No,No,No,No,No,No,No,No,No,No,No,No,No,No
155120268,1883979,Caucasian,Female,[60-70),?,1,1,1,7,?,?,29,6,14,0,0,0,532,427,426,9,,,No,No,No,No,No,No,No,No,No,No,No,No,No,No,No,No,No,Steady,No,No,No,No,No,No,Yes
155120730,79804476,Caucasian,Male,[70-80),?,2,1,1,1,?,Urology,38,2,5,0,0,0,592,591,599,6,,,No,No,No,No,No,No,No,No,No,No,No,No,No,No,No,No,No,No,No,No,No,No,No,No,No
155120736,85023252,Caucasian,Male,[60-70),?,1,1,7,4,CP,?,32,3,26,1,0,0,185,285,427,9,,,No,No,No,No,No,No,No,No,No,No,No,No,No,No,No,No,No,Steady,No,No,No,No,No,No,Yes
155120856,92182770,Caucasian,Male,[50-60),?,1,3,7,6,MC,?,54,1,25,1,1,6,250.12,276,428,9,,,No,No,No,No,No,No,No,No,No,No,No,No,No,No,No,No,No,No,No,No,No,No,No,No,No
155122542,24401799,AfricanAmerican,Male,[60-70),?,1,1,7,1,MC,InternalMedicine,35,1,16,0,1,7,276,403,250.4,3,,,No,No,No,No,No,No,No,No,No,No,Steady,No,No,No,No,No,No,Steady,No,No,No,No,No,Ch,Yes
155122998,30710025,Caucasian,Male,[50-60),?,1,7,7,6,HM,?,48,0,20,0,0,1,428,425,424,9,,,No,No,No,No,No,No,No,No,No,No,No,No,No,No,No,No,No,No,No,No,No,No,No,No,No
155123622,85767057,Caucasian,Male,[70-80),?,5,1,1,1,MC,?,44,0,7,0,0,0,414,411,412,9,,,No,No,No,No,No,No,No,No,No,No,No,No,No,No,No,No,No,No,No,No,No,No,No,No,No
155123634,43183269,Caucasian,Male,[60-70),?,1,1,7,3,MC,?,54,1,18,0,0,0,592,486,250,6,,,Steady,No,No,No,No,No,Steady,No,No,No,Steady,No,No,No,No,No,No,No,No,No,No,No,No,Ch,Yes
155124984,100702782,Caucasian,Male,[70-80),?,3,1,1,1,?,Surgery-Cardiovascular,30,3,12,0,0,0,724,427,496,9,,,No,No,No,No,No,No,No,No,No,No,No,No,No,No,No,No,No,Down,No,No,No,No,No,Ch,Yes
155125080,61024320,AfricanAmerican,Male,[70-80),?,1,3,7,6,?,?,31,1,18,0,0,1,250.8,682,707,9,,,No,No,No,No,No,No,No,No,No,Steady,No,No,No,No,No,No,No,Steady,No,No,No,No,No,Ch,Yes
155125086,55265328,AfricanAmerican,Female,[50-60),?,3,1,1,6,?,Surgery-General,38,2,24,1,0,0,555,560,V14,6,,,No,No,No,No,No,No,No,No,No,No,No,No,No,No,No,No,No,No,No,No,No,No,No,No,No
155129052,38289051,Caucasian,Female,[80-90),?,5,6,1,5,MC,?,27,1,20,0,0,2,560,492,V46,9,,,Steady,No,No,No,No,No,Steady,No,No,No,Steady,No,No,No,No,No,No,No,No,No,No,No,No,Ch,Yes
155130558,45537588,AfricanAmerican,Female,[50-60),?,3,1,1,3,?,Orthopedics-Reconstructive,21,1,10,0,0,0,715,401,250,4,,,Steady,No,No,No,No,No,No,No,No,No,No,No,No,No,No,No,No,No,No,No,No,No,No,No,Yes
155135034,108091926,Caucasian,Male,[60-70),?,2,1,7,1,MC,Family/GeneralPractice,64,0,7,0,0,0,486,428,V42,9,,>7,No,No,No,No,No,No,No,No,No,No,No,No,No,No,No,No,No,No,No,No,No,No,No,No,No
155136900,110497536,Other,Male,[60-70),?,1,1,7,7,?,Family/GeneralPractice,64,1,30,1,2,0,410,428,518,9,,>8,No,No,No,No,No,No,No,No,No,No,No,No,No,No,No,No,No,Steady,No,No,No,No,No,No,Yes
155147700,113142339,Caucasian,Male,[30-40),[100-125),3,6,1,3,HM,?,15,1,15,0,0,0,715,250,401,5,,,Steady,No,No,No,No,No,No,No,No,No,No,No,No,No,No,No,No,No,No,No,No,No,No,No,Yes
155157408,100411497,AfricanAmerican,Female,[60-70),?,2,6,1,5,?,Family/GeneralPractice,4,0,6,0,0,0,434,250.02,342,9,,,Steady,No,No,No,No,No,No,No,No,No,No,No,No,No,No,No,No,No,No,No,No,No,No,No,Yes
155168052,88841376,Caucasian,Female,[70-80),?,3,1,1,3,UN,Orthopedics-Reconstructive,31,1,25,0,0,0,726,715,369,7,,,No,No,No,No,No,No,No,No,No,No,No,No,No,No,No,No,No,Steady,No,No,No,No,No,No,Yes
155169234,85588596,Caucasian,Male,[70-80),?,2,1,1,1,HM,?,52,1,14,1,0,0,575,250,401,4,,,No,No,No,No,No,No,No,No,No,No,No,No,No,No,No,No,No,No,No,No,No,No,No,No,No
155170476,108178776,AfricanAmerican,Female,[80-90),?,2,1,1,7,?,InternalMedicine,49,1,21,0,0,2,428,599,8,9,,,No,No,No,No,No,No,No,No,No,No,No,No,No,No,No,No,No,Down,No,No,No,No,No,Ch,Yes
155173368,111876786,Caucasian,Female,[70-80),?,2,1,7,4,MC,Pulmonology,65,0,15,1,0,1,780,401,486,7,,,Steady,No,No,No,No,No,Steady,No,No,No,No,No,No,No,No,No,No,No,No,No,No,No,No,Ch,Yes
155173608,54172098,AfricanAmerican,Female,[70-80),?,2,1,1,3,?,Cardiology,16,0,19,0,0,0,995,403,272,9,,,No,No,No,No,No,No,Steady,No,No,No,No,No,No,No,No,No,No,No,No,No,No,No,No,No,Yes
155174700,23985918,AfricanAmerican,Female,[50-60),?,1,1,7,4,BC,Family/GeneralPractice,47,0,13,0,0,0,250.02,577,276,9,,,No,No,No,No,No,No,No,No,No,No,No,No,No,No,No,No,No,Steady,No,No,No,No,No,No,Yes
155177670,101755188,Caucasian,Female,[60-70),?,3,4,1,2,?,Family/GeneralPractice,45,0,12,0,0,0,786,496,428,9,,,No,No,No,No,No,No,No,No,No,No,No,No,No,No,No,No,No,Steady,No,No,No,No,No,No,Yes
155178306,92387772,Caucasian,Female,[70-80),?,1,6,7,11,HM,?,39,0,14,0,0,0,616,682,250.02,7,,,No,No,No,No,No,No,No,No,No,No,No,No,No,No,No,No,No,No,No,No,No,No,No,No,No
155179650,35170128,AfricanAmerican,Female,[80-90),?,2,1,1,1,?,InternalMedicine,35,0,3,0,0,1,427,250,414,6,,,No,No,No,No,No,No,No,No,No,No,No,No,No,No,No,No,No,No,No,No,No,No,No,No,No
155179710,59370840,?,Male,[30-40),?,1,1,7,5,WC,?,55,0,5,0,0,0,808,865,250,5,,,No,No,No,No,No,No,No,No,No,No,No,No,No,No,No,No,No,No,No,No,No,No,No,No,No
155180400,65259945,Caucasian,Male,[70-80),?,3,1,1,5,?,Orthopedics-Reconstructive,1,1,24,0,0,0,756,599,250,6,,,No,No,No,No,No,No,No,No,No,No,No,No,No,No,No,No,No,No,No,No,No,No,No,No,No
155182182,41358429,Caucasian,Male,[70-80),?,1,1,7,1,MC,?,11,0,9,0,0,0,414,425,786,9,,,No,No,No,No,No,No,No,No,No,No,No,No,No,No,No,No,No,No,No,No,No,No,No,No,No
155182920,39026457,Hispanic,Male,[40-50),?,2,1,7,1,OG,Emergency/Trauma,2,1,6,0,1,0,351,782,250,4,,,Steady,No,No,No,No,No,No,No,No,No,No,No,No,No,No,No,No,Down,No,No,No,No,No,Ch,Yes
155184696,56526660,Caucasian,Female,[80-90),?,2,22,1,4,?,InternalMedicine,12,0,4,0,0,0,434,342,250,9,,,Steady,No,No,No,No,No,Steady,No,No,No,No,No,No,No,No,No,No,No,No,No,No,No,No,Ch,Yes
155185470,21701664,Caucasian,Male,[80-90),?,1,1,1,5,MC,Cardiology,50,2,21,0,0,0,V53,427,427,6,,,No,No,No,No,No,No,No,Steady,No,No,No,No,No,No,No,No,No,No,No,No,No,No,No,No,Yes
155186532,40965489,Caucasian,Female,[80-90),?,3,23,1,7,MC,?,54,2,27,1,0,4,574,197,568,7,,,No,No,No,No,No,No,No,No,No,No,No,No,No,No,No,No,No,Down,No,No,No,No,No,Ch,Yes
155189118,61094214,Caucasian,Male,[70-80),?,2,1,1,2,?,InternalMedicine,4,0,7,0,0,0,435,401,250,8,,,No,No,No,No,No,No,No,No,No,No,No,No,No,No,No,No,No,No,No,No,No,No,No,No,No
155190876,65644596,Caucasian,Female,[70-80),?,3,11,1,5,?,Family/GeneralPractice,6,0,6,0,1,0,38,440,682,9,,,No,No,No,No,No,No,No,No,No,No,No,No,No,No,No,No,No,No,No,No,No,No,No,No,No
155194110,89008002,Caucasian,Female,[50-60),?,2,1,7,2,SP,InternalMedicine,63,0,17,0,0,1,786,250.12,250.6,9,,,No,No,No,No,No,No,No,No,No,No,Steady,No,No,No,No,No,No,Down,No,No,No,No,No,Ch,Yes
155196420,90187722,Caucasian,Female,[80-90),?,1,3,1,3,MC,?,42,1,5,0,0,0,578,780,530,9,,,No,No,No,No,No,No,No,No,No,No,No,No,No,No,No,No,No,No,No,No,No,No,No,No,No
155203422,84364596,AfricanAmerican,Female,[60-70),?,1,6,7,7,MC,?,47,2,14,0,0,1,531,535,211,9,,Norm,No,No,No,No,No,No,No,No,No,No,No,No,No,No,No,No,No,No,Steady,No,No,No,No,No,Yes
155204226,59371731,Caucasian,Male,[50-60),?,3,1,1,8,MC,?,68,1,7,0,0,0,197,340,162,9,,,No,No,No,No,No,No,No,No,No,No,No,No,No,No,No,No,No,No,No,No,No,No,No,No,No
155209842,63019143,AfricanAmerican,Female,[40-50),?,2,6,1,6,?,Family/GeneralPractice,40,0,13,2,1,6,571,70,599,9,,,No,No,No,No,No,No,No,Steady,No,No,No,No,No,No,No,No,No,No,No,No,No,No,No,No,Yes
155210802,112326219,Caucasian,Female,[80-90),?,2,3,7,1,MC,Emergency/Trauma,39,0,13,2,3,2,786,496,427,9,,,No,No,No,No,No,No,No,No,No,No,No,No,No,No,No,No,No,No,No,No,No,No,No,No,No
155211300,34000155,Caucasian,Female,[50-60),?,1,1,2,2,?,?,52,0,6,0,0,0,250.1,V58,401,5,,,No,No,No,No,No,No,No,No,No,No,No,No,No,No,No,No,No,Steady,No,No,No,No,No,No,Yes
155214288,57861207,Caucasian,Female,[70-80),?,6,1,17,2,?,Orthopedics-Reconstructive,44,5,28,0,0,0,724,428,727,9,,,No,No,No,No,No,No,No,No,No,No,Steady,No,No,No,No,No,No,Up,No,No,No,No,No,Ch,Yes
155214324,55889046,AfricanAmerican,Female,[40-50),?,2,1,1,7,?,Family/GeneralPractice,22,0,8,0,0,0,401,250.02,70,4,,,Steady,No,No,No,No,No,No,No,No,No,No,No,No,No,No,No,No,Up,No,No,No,No,No,Ch,Yes
155215002,100119267,AfricanAmerican,Female,[50-60),?,2,1,7,3,MD,Emergency/Trauma,39,0,15,1,2,0,786,428,492,9,,,No,No,No,No,No,No,Steady,No,No,No,No,No,No,No,No,No,No,Steady,No,No,No,No,No,Ch,Yes
155215776,101780712,Caucasian,Female,[70-80),?,2,1,2,2,?,InternalMedicine,4,0,9,0,0,0,427,276,250,7,,,No,No,No,No,No,No,Steady,No,No,No,No,No,No,No,No,No,No,No,No,No,No,No,No,No,Yes
155216322,57747024,Caucasian,Male,[80-90),?,1,1,7,2,OG,?,41,0,17,0,0,0,786,427,593,9,,,No,No,No,No,No,No,No,No,No,No,No,No,No,No,No,No,No,No,No,No,No,No,No,No,No
155216790,93257847,Caucasian,Male,[50-60),?,1,11,7,1,OG,Emergency/Trauma,111,6,21,2,0,1,38,785,584,9,,,No,No,No,No,No,No,No,No,No,No,No,No,No,No,No,No,No,No,No,No,No,No,No,No,No
155217408,89545329,AfricanAmerican,Female,[70-80),?,2,1,6,7,MC,?,32,2,25,0,0,0,414,414,593,9,,Norm,No,No,No,No,No,No,No,No,No,Steady,No,No,No,No,No,No,No,Steady,No,No,No,No,No,Ch,Yes
155217726,35368713,Caucasian,Female,[60-70),?,1,1,7,3,?,?,45,5,14,1,0,3,414,427,427,8,,,No,No,No,No,No,No,Down,No,No,No,No,No,No,No,No,No,No,No,No,No,No,No,No,Ch,Yes
155217762,40938471,Caucasian,Female,[70-80),?,3,3,1,13,MD,?,39,0,22,0,0,0,296,599,428,9,,,Steady,No,No,No,No,No,No,No,No,No,No,Steady,No,No,No,No,No,No,No,No,No,No,No,Ch,Yes
155218734,101754909,AfricanAmerican,Female,[40-50),?,1,1,7,1,?,?,55,0,17,0,0,0,287,278,401,5,,,No,No,No,No,No,No,No,No,No,No,No,No,No,No,No,No,No,No,No,No,No,No,No,No,No
155218932,39041109,Caucasian,Female,[70-80),?,2,3,7,8,MC,Emergency/Trauma,35,2,22,0,0,0,453,682,110,9,,,Steady,No,No,No,No,No,No,Down,No,No,No,No,No,No,No,No,No,Down,No,No,No,No,No,Ch,Yes
155219328,90002340,Caucasian,Male,[80-90),?,1,1,7,5,?,InternalMedicine,50,1,16,0,0,1,294,403,V45,8,,,No,No,No,No,No,No,No,No,No,No,No,No,No,No,No,No,No,Steady,No,No,No,No,No,No,Yes
155219550,112405032,AfricanAmerican,Female,[40-50),?,1,1,7,2,OG,?,51,0,7,0,2,0,786,599,786,6,,Norm,Steady,No,No,No,No,No,No,No,No,No,No,No,No,No,No,No,No,No,No,No,No,No,No,No,Yes
155219790,114713712,AfricanAmerican,Female,[60-70),?,2,3,7,4,MD,Surgery-General,74,1,16,0,2,0,599,276,425,9,,,Steady,No,No,No,No,No,No,No,No,No,No,No,No,No,No,No,No,Steady,No,No,No,No,No,Ch,Yes
155221368,88587324,Caucasian,Male,[60-70),?,1,1,7,4,MC,?,49,1,13,0,0,0,584,403,276,9,,,No,No,No,No,No,No,No,No,No,No,Steady,No,No,No,No,No,No,No,No,No,No,No,No,No,Yes
155221416,28059426,Caucasian,Female,[80-90),?,2,2,1,3,MC,?,36,0,17,0,0,0,414,414,276,9,,,No,No,No,No,No,No,No,No,No,No,No,No,No,No,No,No,No,No,No,No,No,No,No,No,No
155221692,71213733,Caucasian,Female,[60-70),?,2,6,1,5,?,InternalMedicine,31,0,21,0,0,1,459,707,682,9,,,No,No,No,No,No,No,No,No,No,No,No,No,No,No,No,No,No,Down,No,No,No,No,No,Ch,Yes
155222928,64943226,Caucasian,Female,[90-100),?,1,11,7,5,?,?,47,0,14,2,0,2,599,518,276,9,,,No,No,No,No,No,No,No,No,No,Steady,No,No,No,No,No,No,No,Steady,No,No,No,No,No,Ch,Yes
155225118,39908646,Caucasian,Female,[80-90),?,1,3,7,7,MC,InternalMedicine,52,0,26,0,0,1,486,428,250.01,9,,,No,No,No,No,No,No,No,No,No,No,Steady,No,No,No,No,No,No,Down,No,No,No,No,No,Ch,Yes
155225226,71270244,Caucasian,Male,[60-70),?,2,1,4,1,BC,Surgery-Vascular,42,3,12,0,0,0,433,250,272,5,,,No,No,No,No,No,No,No,No,No,Steady,No,No,No,No,No,No,No,No,No,No,No,No,No,No,Yes
155225658,81054468,Caucasian,Female,[70-80),?,2,1,7,5,MC,InternalMedicine,75,1,15,1,0,1,250.6,276,427,6,,Norm,No,No,No,No,No,No,No,No,No,No,No,No,No,No,No,No,No,No,No,No,No,No,No,No,No
155226240,101781288,Caucasian,Female,[70-80),?,1,6,2,8,?,?,45,0,26,0,0,0,428,403,518,9,,,No,No,No,No,Steady,No,No,No,No,No,No,No,No,No,No,No,No,Steady,No,No,No,No,No,Ch,Yes
155226330,56164275,Caucasian,Female,[70-80),?,1,1,7,9,?,?,61,0,22,1,0,0,253,162,428,9,,,No,No,No,No,No,No,No,No,No,No,No,No,No,No,No,No,No,No,No,No,No,No,No,No,No
155226552,101780145,Caucasian,Female,[20-30),?,1,1,2,4,?,?,62,0,8,0,0,0,590,250.01,276,6,,,No,No,No,No,No,No,No,No,No,No,No,No,No,No,No,No,No,No,No,No,No,No,No,No,No
155227122,61797321,AfricanAmerican,Female,[60-70),?,2,1,1,14,?,Gastroenterology,48,0,21,0,0,0,296,276,250.01,9,,,No,No,No,No,Steady,No,No,No,No,No,No,No,No,No,No,No,No,Steady,No,No,No,No,No,Ch,Yes
155230626,44830188,Caucasian,Male,[70-80),?,1,3,7,6,?,?,39,0,10,2,0,0,331,486,250,6,,,No,No,No,No,No,No,No,Up,No,No,No,No,No,No,No,No,No,No,No,No,No,No,No,Ch,Yes
155230842,75007431,Caucasian,Female,[50-60),?,6,1,17,10,?,?,79,3,30,0,1,1,415,453,682,9,,,Steady,No,No,No,No,No,No,No,No,Steady,No,No,No,No,No,No,No,Steady,No,No,No,No,No,Ch,Yes
155231958,24610455,AfricanAmerican,Male,[70-80),?,1,1,7,5,MC,Nephrology,40,2,22,1,0,0,567,403,250.4,6,,,No,No,No,No,No,No,No,No,No,No,No,No,No,No,No,No,No,Up,No,No,No,No,No,Ch,Yes
155232762,97203195,Caucasian,Female,[50-60),?,1,1,7,1,UN,Emergency/Trauma,24,1,10,0,0,0,574,574,250,4,,,No,No,No,No,No,No,No,No,No,No,No,No,No,No,No,No,No,Steady,No,No,No,No,No,No,Yes
155232768,106115805,Other,Female,[40-50),?,6,1,17,4,?,?,79,6,17,0,0,0,599,276,427,6,,>8,Steady,No,No,No,Steady,No,No,No,No,No,No,No,No,No,No,No,No,Steady,No,No,No,No,No,Ch,Yes
155233302,84435048,Caucasian,Female,[50-60),?,1,6,7,2,MC,?,62,0,14,0,0,0,491,250.02,786,9,,>8,Steady,No,No,No,No,No,Steady,No,No,No,No,No,No,No,No,No,No,No,No,No,No,No,No,Ch,Yes
155234214,97655328,Caucasian,Male,[80-90),?,1,1,7,3,MC,Emergency/Trauma,58,0,12,0,1,1,780,427,496,9,,,No,No,No,No,No,No,No,No,No,Steady,No,No,No,No,No,No,No,Down,No,No,No,No,No,Ch,Yes
155234694,90321921,Caucasian,Male,[60-70),?,1,1,1,4,?,?,30,0,17,0,0,1,515,491,518,8,,,Steady,No,No,No,No,No,No,No,No,No,No,No,No,No,No,No,No,No,No,No,No,No,No,No,Yes
155235690,61236864,Caucasian,Female,[60-70),?,1,22,7,14,?,?,83,1,50,2,0,0,250.82,428,282,9,,,Steady,No,No,No,Up,No,No,No,No,No,No,No,No,No,No,No,No,No,No,No,No,No,No,Ch,Yes
155247786,101825514,AfricanAmerican,Female,[60-70),?,1,22,2,12,?,?,41,2,18,0,0,0,203,573,336,9,,,No,No,No,No,No,No,Steady,No,No,No,No,No,No,No,No,No,No,Steady,No,No,No,No,No,Ch,Yes
155247900,23306364,AfricanAmerican,Female,[80-90),?,3,1,1,1,MC,Cardiology,38,2,18,0,0,0,427,V72,786,7,,,No,No,No,No,No,No,No,No,No,No,No,No,No,No,No,No,No,No,No,No,No,No,No,No,No
155248470,10662813,?,Female,[60-70),[75-100),3,1,4,5,UN,Cardiology,92,5,31,0,0,0,427,425,584,9,,,No,Steady,No,No,No,No,No,No,No,No,No,No,No,No,No,No,No,Steady,No,No,No,No,No,Ch,Yes
155252202,25156089,AfricanAmerican,Male,[80-90),?,1,3,7,3,MC,InternalMedicine,43,2,26,0,1,0,812,285,V58,8,,,No,No,No,No,No,No,No,No,No,No,No,No,No,No,No,No,No,Up,No,No,No,No,No,Ch,Yes
155259894,23339700,Caucasian,Male,[80-90),?,1,22,7,5,MC,Family/GeneralPractice,52,1,9,0,0,0,434,276,250,8,,>7,Steady,No,No,No,No,No,No,No,No,No,Steady,No,No,No,No,No,No,Steady,No,No,No,No,No,Ch,Yes
155263122,95834907,Caucasian,Male,[40-50),?,3,1,1,1,HM,?,20,2,11,0,0,0,287,288,790,8,,,Steady,No,No,No,No,No,No,Steady,No,Steady,No,No,No,No,No,No,No,No,No,No,No,No,No,Ch,Yes
155272062,85944699,Caucasian,Male,[80-90),?,1,1,1,2,MC,?,36,3,19,0,0,1,427,427,707,8,,,No,No,No,No,Steady,No,No,No,No,No,No,No,No,No,No,No,No,No,No,No,No,No,No,No,Yes
155272560,41430105,Caucasian,Female,[60-70),?,1,1,7,1,SP,?,37,0,9,0,0,0,434,250.02,428,4,,,Steady,No,No,No,No,No,Steady,No,No,No,No,No,No,No,No,No,No,Steady,No,No,No,No,No,Ch,Yes
155275194,41494041,Caucasian,Female,[70-80),?,3,2,1,2,MC,?,43,0,16,0,0,0,V57,348,V45,9,,,No,No,No,No,No,No,No,No,No,No,No,No,No,No,No,No,No,No,No,No,No,No,No,No,No
155275404,84800250,Caucasian,Male,[50-60),?,1,1,7,10,HM,?,31,0,22,2,0,0,682,496,924,9,,,Up,No,No,No,No,No,Steady,No,No,No,No,No,No,No,No,No,No,No,No,No,No,No,No,Ch,Yes
155276880,24201693,Caucasian,Female,[70-80),?,1,3,7,6,MC,InternalMedicine,35,0,17,0,0,1,348,427,496,9,,,No,No,No,No,No,No,No,No,No,No,No,No,No,No,No,No,No,Steady,No,No,No,No,No,No,Yes
155278794,74484909,Caucasian,Female,[80-90),?,2,6,1,8,?,Orthopedics-Reconstructive,42,1,13,0,0,0,250.7,440,730,9,,,No,No,Steady,No,Steady,No,No,No,No,No,No,No,No,No,No,No,No,No,No,No,No,No,No,Ch,Yes
155280096,52499844,Caucasian,Male,[60-70),?,6,1,17,5,?,Cardiology,85,3,43,0,0,0,746,424,427,9,,>8,Steady,No,No,No,No,No,No,No,No,No,No,No,No,No,No,No,No,Up,No,No,No,No,No,Ch,Yes
155282106,59133546,AfricanAmerican,Female,[50-60),?,1,22,7,6,MD,?,48,0,20,0,0,0,434,276,278,9,,,No,No,No,No,No,No,No,No,No,No,No,No,No,No,No,No,No,No,No,No,No,No,No,No,No
155284872,94188492,AfricanAmerican,Male,[40-50),?,1,1,7,9,MC,?,52,0,14,1,3,1,9,536,789,9,,,No,No,No,No,No,No,No,No,No,No,No,No,No,No,No,No,No,No,No,No,No,No,No,No,No
155285526,23641173,AfricanAmerican,Female,[50-60),?,2,1,1,3,?,InternalMedicine,28,0,23,0,1,1,599,250.01,599,9,,,No,No,No,No,No,No,Steady,No,No,No,No,No,No,No,No,No,No,Up,No,No,No,No,No,Ch,Yes
155286312,42868404,Caucasian,Male,[60-70),?,1,1,7,2,MC,?,59,0,10,0,0,1,276,496,305,7,,,No,No,No,No,No,No,No,No,No,No,No,No,No,No,No,No,No,No,No,No,No,No,No,No,No
155287218,42800472,Caucasian,Male,[50-60),?,1,1,7,4,MD,Emergency/Trauma,32,0,13,0,0,0,682,401,278,6,,,No,No,No,No,No,No,No,No,No,No,No,No,No,No,No,No,No,No,No,No,No,No,No,No,No
155288394,84509496,Caucasian,Female,[30-40),?,2,1,1,4,CP,?,70,0,11,0,0,0,682,403,V45,9,,,No,No,No,No,No,No,No,No,No,No,No,No,No,No,No,No,No,No,No,No,No,No,No,No,No
155297376,92918979,Caucasian,Male,[60-70),?,1,1,7,2,MC,Emergency/Trauma,40,2,6,0,0,1,562,V42,427,6,,,No,No,No,No,No,No,No,No,No,No,No,No,No,No,No,No,No,Steady,No,No,No,No,No,No,Yes
155302956,52785873,Caucasian,Male,[60-70),?,2,1,1,5,?,InternalMedicine,46,0,23,0,1,1,38,995,414,5,,,No,No,No,No,No,No,No,No,No,No,No,No,No,No,No,No,No,No,No,No,No,No,No,No,No
155306466,96007626,Caucasian,Male,[60-70),?,1,1,7,3,MC,Nephrology,46,3,13,0,0,0,996,38,998,9,,,No,No,No,No,No,No,No,No,No,No,No,No,No,No,No,No,No,No,No,No,No,No,No,No,No
155307288,23572188,Caucasian,Male,[80-90),?,1,22,7,5,MC,Orthopedics-Reconstructive,53,2,29,0,0,0,820,496,E822,9,,,No,No,No,No,Steady,No,Steady,No,No,No,No,No,No,No,No,No,No,Steady,No,No,No,No,No,Ch,Yes
155312436,35377848,AfricanAmerican,Female,[60-70),?,1,3,7,5,MC,?,11,2,15,0,0,0,280,584,428,9,,,No,No,No,No,No,No,No,No,No,No,Steady,No,No,No,No,No,No,No,No,No,No,No,No,No,Yes
155314314,61381035,Caucasian,Female,[50-60),?,2,2,1,6,?,Family/GeneralPractice,48,0,24,1,0,1,411,401,250.6,9,,,Steady,No,No,No,No,No,No,No,No,No,Steady,No,No,No,No,No,No,Steady,No,No,No,No,No,Ch,Yes
155314932,90925929,Caucasian,Male,[60-70),?,2,1,7,3,?,?,45,4,8,0,0,0,292,333,E939,9,,,Steady,No,No,No,No,No,Steady,No,No,No,No,No,No,No,No,No,No,No,No,No,No,No,No,Ch,Yes
155316492,86589054,Caucasian,Female,[80-90),?,5,1,1,1,MC,?,1,0,5,2,0,1,435,401,250,5,,,No,No,No,No,No,No,No,No,No,No,No,No,No,No,No,No,No,No,No,No,No,No,No,No,No
155317242,74720043,Caucasian,Male,[50-60),[150-175),1,1,7,4,CP,Surgery-General,40,1,12,2,0,0,574,577,401,9,,,Steady,No,No,No,No,No,No,No,No,No,No,No,No,No,No,No,No,No,No,No,No,No,No,No,Yes
155319690,95782455,Caucasian,Female,[80-90),?,2,1,7,5,MC,Emergency/Trauma,43,2,9,0,0,1,537,496,562,7,,Norm,No,No,No,No,No,No,No,No,No,No,No,No,No,No,No,No,No,No,No,No,No,No,No,No,No
155321232,25234848,AfricanAmerican,Male,[70-80),?,1,3,7,11,CP,InternalMedicine,41,1,15,0,0,1,584,996,599,9,,Norm,No,No,No,No,No,No,No,No,No,No,No,No,No,No,No,No,No,Steady,No,No,No,No,No,No,Yes
155323272,86839533,Caucasian,Female,[70-80),?,1,1,7,2,MC,?,25,0,9,0,0,0,38,599,276,9,,,No,No,No,No,No,No,No,No,No,No,No,No,No,No,No,No,No,Steady,No,No,No,No,No,No,Yes
155326260,52686738,AfricanAmerican,Female,[40-50),?,2,1,1,5,?,Gastroenterology,15,0,12,0,0,0,297,305,250.01,9,,,No,No,No,No,No,No,No,No,No,No,Steady,No,No,No,No,No,No,No,No,No,No,No,No,No,Yes
155327880,101905479,Caucasian,Female,[80-90),?,1,1,2,6,?,?,78,0,19,0,0,0,599,577,496,9,,,No,No,No,No,No,No,No,Steady,No,No,No,No,No,No,No,No,No,Steady,No,No,No,No,No,Ch,Yes
155328402,39057723,Other,Female,[50-60),?,6,1,7,1,SP,Emergency/Trauma,1,0,8,0,0,0,780,250,401,3,,,Steady,No,No,No,No,No,No,No,No,No,No,No,No,No,No,No,No,No,No,No,No,No,No,No,Yes
155328534,35815545,Caucasian,Female,[70-80),?,1,22,7,4,?,?,51,0,18,0,0,0,348,599,250,9,,,No,No,No,No,Steady,No,No,No,No,Steady,No,No,No,No,No,No,No,No,No,No,No,No,No,Ch,Yes
155330388,101051577,Caucasian,Female,[80-90),?,5,6,1,1,MC,?,53,0,10,0,0,0,599,401,244,6,,,No,No,No,No,No,No,No,No,No,No,No,No,No,No,No,No,No,No,No,No,No,No,No,No,No
155330586,63136638,Caucasian,Female,[50-60),?,1,1,7,4,?,?,57,0,14,1,0,1,8,599,250,5,,,No,No,No,No,No,No,No,No,No,No,No,No,No,No,No,No,No,Steady,No,No,No,No,No,No,Yes
155330628,77131125,AfricanAmerican,Female,[60-70),?,2,1,1,6,?,Oncology,43,0,18,0,0,0,599,284,174,7,,,Steady,No,No,No,No,No,No,No,No,No,Steady,No,No,No,No,No,No,No,No,No,No,No,No,Ch,Yes
155331390,90850626,Caucasian,Female,[60-70),?,5,3,1,6,MD,?,34,0,17,1,0,0,296,250.01,301,8,,,Steady,No,No,No,No,No,No,No,No,No,No,No,No,No,No,No,No,Up,No,No,No,No,No,Ch,Yes
155332032,35117451,AfricanAmerican,Female,[50-60),?,1,1,7,6,PO,?,48,1,14,2,0,0,36,599,780,8,,,Steady,No,No,No,No,No,No,Steady,No,No,No,No,No,No,No,No,No,No,No,No,No,No,No,Ch,Yes
155332158,64057977,Caucasian,Female,[40-50),?,1,2,1,4,?,?,45,0,16,0,0,0,413,428,401,8,,,Steady,No,No,No,No,No,Steady,No,No,No,No,No,No,No,No,No,No,Down,No,No,No,No,No,Ch,Yes
155333052,91451925,Caucasian,Male,[70-80),?,1,1,7,2,MC,?,46,1,12,0,0,1,560,427,V10,7,,,No,No,No,No,No,No,No,No,No,No,No,No,No,No,No,No,No,Steady,No,No,No,No,No,No,Yes
155333298,62087283,Caucasian,Male,[60-70),?,1,1,7,3,?,?,33,0,10,0,0,0,998,596,272,5,,,No,No,No,No,No,No,No,No,No,No,No,No,No,No,No,No,No,No,No,No,No,No,No,No,No
155333874,64435680,Caucasian,Male,[60-70),?,1,1,7,5,?,?,40,0,13,1,0,1,141,285,244,7,,,No,No,No,No,No,No,No,Down,No,No,No,No,No,No,No,No,No,Steady,No,No,No,No,No,Ch,Yes
155333934,50223357,Caucasian,Female,[80-90),?,5,3,1,11,MC,?,65,0,25,0,0,0,507,276,295,9,,,Steady,No,No,No,Steady,No,No,No,No,No,No,No,No,No,No,No,No,Steady,No,No,No,No,No,Ch,Yes
155334480,81334395,AfricanAmerican,Female,[30-40),?,1,1,7,1,?,?,55,0,12,1,0,0,250.6,599,276,8,,,No,No,No,No,No,No,No,No,No,No,No,No,No,No,No,No,No,Steady,No,No,No,No,No,No,Yes
155335842,60371802,Caucasian,Male,[40-50),?,1,1,7,3,HM,?,29,0,14,0,0,0,682,250.8,278,5,,,Steady,No,No,No,Steady,No,No,No,No,Steady,No,No,No,No,No,No,No,Steady,No,No,No,No,No,Ch,Yes
155340096,91394082,Caucasian,Female,[50-60),?,1,1,7,4,MC,?,50,0,19,0,0,1,518,491,428,9,,,No,No,No,No,No,No,No,Steady,No,No,No,No,No,No,No,No,No,No,No,No,No,No,No,No,Yes
155346924,94498677,Caucasian,Male,[80-90),?,1,22,7,5,HM,?,47,1,17,1,0,0,820,E885,E849,7,,,No,No,No,No,No,No,No,Steady,No,No,No,No,No,No,No,No,No,No,No,No,No,No,No,No,Yes
155349402,23764158,AfricanAmerican,Male,[60-70),?,1,1,7,1,MC,InternalMedicine,41,0,9,0,0,0,789,530,401,5,,,No,No,No,No,Steady,No,Steady,No,No,No,No,No,No,No,No,No,No,Steady,No,No,No,No,No,Ch,Yes
155350038,38267010,AfricanAmerican,Female,[60-70),?,2,6,1,10,?,Psychiatry,2,0,11,0,0,0,294,780,428,8,,,Steady,No,No,No,No,No,No,No,No,No,Steady,No,No,No,No,No,No,Steady,No,No,No,No,No,Ch,Yes
155351766,41217957,Caucasian,Female,[70-80),?,1,3,7,12,MC,?,83,3,26,0,0,2,584,428,198,9,,,No,No,No,No,No,No,No,No,No,No,No,No,No,No,No,No,No,Down,No,No,No,No,No,Ch,Yes
155352474,104606307,Caucasian,Male,[50-60),?,3,7,1,1,MD,InternalMedicine,33,0,4,0,1,0,250.8,707,?,2,,Norm,No,No,No,No,No,No,No,No,No,No,No,No,No,No,No,No,No,No,No,No,No,No,No,No,No
155354958,23975055,AfricanAmerican,Female,[70-80),?,1,1,7,7,MC,Nephrology,38,3,18,0,0,0,162,403,V45,9,,,No,No,No,No,Steady,No,No,No,No,No,No,No,No,No,No,No,No,Steady,No,No,No,No,No,Ch,Yes
155355114,97356501,Caucasian,Female,[40-50),?,5,1,1,1,SP,?,36,1,13,0,0,0,786,250.02,411,9,,,No,No,No,No,No,No,No,No,No,No,No,No,No,No,No,No,No,Steady,No,No,No,No,No,No,Yes
155355486,88789707,Caucasian,Female,[40-50),?,2,1,7,3,MC,Emergency/Trauma,37,0,17,0,7,3,309,340,300,6,,,Steady,No,No,No,No,No,No,No,No,No,No,No,No,No,No,No,No,No,No,No,No,No,No,No,Yes
155358072,102133476,Caucasian,Female,[80-90),?,1,11,2,2,?,?,48,1,18,0,0,0,852,518,414,8,,,No,No,No,No,No,No,No,No,No,No,No,No,No,No,No,No,No,No,No,No,No,No,No,No,No
155358852,102132765,AfricanAmerican,Female,[40-50),?,1,11,2,12,?,?,98,3,45,0,0,0,38,276,785,9,,,No,No,No,No,No,No,No,No,No,No,No,No,No,No,No,No,No,Steady,No,No,No,No,No,No,Yes
155359386,67710276,Caucasian,Male,[60-70),?,1,1,7,1,?,InternalMedicine,41,1,2,0,0,1,780,250,426,3,,,No,No,No,No,No,No,Up,No,No,No,No,No,No,No,No,No,No,No,No,No,No,No,No,Ch,Yes
155359422,3583458,Caucasian,Male,[70-80),?,1,1,7,2,?,InternalMedicine,49,0,13,0,0,2,300,515,205,9,,,No,No,No,No,No,No,No,No,No,No,No,No,No,No,No,No,No,Steady,No,No,No,No,No,No,Yes
155360520,46133271,Caucasian,Male,[80-90),?,5,3,1,4,MC,?,49,1,16,0,0,0,161,276,787,9,,,No,No,No,No,No,No,No,No,No,No,No,No,No,No,No,No,No,No,No,No,No,No,No,No,No
155361276,87493761,Caucasian,Female,[60-70),?,1,1,7,7,MC,Emergency/Trauma,54,1,22,0,0,0,540,250,278,4,,,No,No,No,No,No,No,No,No,No,No,No,No,No,No,No,No,No,No,No,No,No,No,No,No,No
155361534,90642591,Caucasian,Male,[60-70),?,2,1,7,2,MC,Emergency/Trauma,40,0,16,0,1,3,255,250.02,276,8,,,No,No,No,No,No,No,No,No,No,No,No,No,No,No,No,No,No,Down,No,No,No,No,No,Ch,Yes
155361582,102132810,AfricanAmerican,Male,[70-80),?,1,6,2,6,?,?,70,0,19,0,0,0,403,276,287,9,,,No,No,No,No,No,No,No,No,No,No,No,No,No,No,No,No,No,Steady,No,No,No,No,No,No,Yes
155361978,88846488,Caucasian,Male,[50-60),?,1,1,7,7,MC,?,78,4,23,0,1,0,202,197,250,6,,Norm,No,No,No,No,No,No,No,No,No,No,No,No,No,No,No,No,No,No,No,No,No,No,No,No,No
155362482,61001154,Caucasian,Male,[70-80),?,2,1,1,4,?,InternalMedicine,44,0,8,1,0,0,560,428,427,9,,,No,No,No,No,No,No,No,No,No,No,No,No,No,No,No,No,No,Steady,No,No,No,No,No,No,Yes
155362680,102133098,Caucasian,Female,[70-80),?,1,7,2,1,?,?,1,0,19,0,0,0,112,486,496,9,,,Steady,No,No,No,No,No,No,No,No,No,No,No,No,No,No,No,No,No,No,No,No,No,No,No,Yes
155362836,64854864,Caucasian,Female,[80-90),?,2,1,1,4,?,Family/GeneralPractice,35,0,13,0,0,0,552,428,584,9,,,No,No,No,No,No,No,No,No,No,No,No,No,No,No,No,No,No,Steady,No,No,No,No,No,No,Yes
155362866,84371184,Caucasian,Female,[70-80),?,1,1,7,5,HM,?,40,2,13,1,0,0,560,427,553,9,,,No,No,No,No,No,No,No,No,No,No,No,No,No,No,No,No,No,No,No,No,No,No,No,No,No
155363286,102133503,Caucasian,Female,[70-80),?,1,1,2,4,?,?,45,0,19,0,0,0,786,250.6,250.52,9,,,No,No,Steady,No,No,No,Steady,No,No,No,No,No,No,No,No,No,No,No,No,No,No,No,No,Ch,Yes
155363346,39062466,Other,Male,[70-80),?,2,1,7,3,HM,Emergency/Trauma,70,0,8,0,0,0,780,507,276,6,,,No,No,No,No,No,No,No,No,No,No,No,No,No,No,No,No,No,Up,No,No,No,No,No,Ch,Yes
155363394,92674656,Caucasian,Female,[60-70),?,1,1,7,3,MD,Emergency/Trauma,44,1,20,0,0,0,824,?,250.6,8,,,No,No,No,No,No,No,No,No,No,No,No,No,No,No,No,No,No,Up,No,No,No,No,No,Ch,Yes
155363874,77686245,Caucasian,Female,[70-80),[150-175),1,3,7,13,MC,InternalMedicine,64,0,19,0,0,0,782,780,250.92,9,,,Up,No,No,No,No,No,Steady,No,No,Steady,No,No,No,No,No,No,No,No,No,No,No,No,No,Ch,Yes
155364306,94529241,Caucasian,Female,[80-90),?,5,3,1,3,MC,?,40,3,16,2,0,0,426,780,427,9,,,No,No,No,No,No,No,No,No,No,No,Steady,No,No,No,No,No,No,Steady,No,No,No,No,No,Ch,Yes
155365272,90533322,Caucasian,Female,[70-80),?,1,2,1,2,?,?,45,0,18,0,0,0,435,789,530,9,,,No,No,No,No,No,No,No,No,No,No,No,No,No,No,No,No,No,Steady,No,No,No,No,No,No,Yes
155365320,41494041,Caucasian,Female,[70-80),?,3,22,1,2,MC,Cardiology,44,0,16,0,0,1,427,496,511,9,,,No,No,No,No,No,No,No,No,No,No,No,No,No,No,No,No,No,Up,No,No,No,No,No,Ch,Yes
155365326,98671725,Caucasian,Female,[70-80),?,1,3,7,5,MC,?,50,0,13,0,1,3,434,599,250.02,9,,>8,No,No,No,No,No,No,No,No,No,No,No,No,No,No,No,No,No,No,No,No,No,No,No,No,No
155365578,101232081,Caucasian,Female,[80-90),?,1,23,2,4,?,?,46,1,16,0,0,0,599,276,276,9,,,No,No,No,No,No,No,No,No,No,No,No,No,No,No,No,No,No,Steady,No,No,No,No,No,No,Yes
155366064,65743713,Caucasian,Female,[50-60),?,1,2,1,1,BC,?,28,0,4,0,0,0,411,250,272,8,,>8,No,No,No,No,No,No,No,No,No,No,No,No,No,No,No,No,No,No,No,No,No,No,No,No,No
155366472,31345830,Caucasian,Female,[60-70),?,1,1,7,2,BC,?,58,0,6,0,0,0,786,250,401,5,,,Steady,No,No,No,No,No,No,No,No,No,No,No,No,No,No,No,No,No,No,No,No,No,No,No,Yes
155366934,61321437,Caucasian,Female,[30-40),?,1,6,7,4,?,?,58,1,23,0,0,1,577,682,250.02,9,,,No,No,No,No,No,No,No,No,No,No,No,No,No,No,No,No,No,Steady,No,No,No,No,No,No,Yes
155367108,97208091,Caucasian,Female,[80-90),?,1,13,7,2,MC,?,43,0,19,0,0,0,996,38,995,9,,,No,No,No,No,No,No,No,Steady,No,No,No,No,No,No,No,No,No,Steady,No,No,No,No,No,Ch,Yes
155367318,24767658,AfricanAmerican,Male,[20-30),?,1,1,7,2,BC,InternalMedicine,39,0,12,0,8,6,250.6,276,511,8,,Norm,No,No,No,No,No,No,No,No,No,No,No,No,No,No,No,No,No,Steady,No,No,No,No,No,No,Yes
155367360,102239280,Caucasian,Female,[70-80),?,1,6,2,7,?,?,67,2,18,0,0,0,518,428,599,9,,,No,No,No,No,No,No,No,No,No,No,No,No,No,No,No,No,No,No,No,No,No,No,No,No,No
155367528,51792228,AfricanAmerican,Male,[80-90),?,1,6,7,3,?,Endocrinology,60,0,11,1,2,1,250.8,276,428,9,,>7,No,No,No,No,No,No,No,No,No,No,No,No,No,No,No,No,No,Down,No,No,No,No,No,Ch,Yes
155367534,25197228,AfricanAmerican,Male,[50-60),?,1,3,7,5,MD,Oncology,39,1,9,0,0,0,250.8,157,197,6,,,No,No,No,No,No,No,No,No,No,No,No,No,No,No,No,No,No,No,No,No,No,No,No,No,No
155367672,40825989,Caucasian,Male,[80-90),?,1,1,7,3,MC,?,32,0,9,0,0,4,428,496,401,6,,,No,No,No,No,Steady,No,No,No,No,No,No,No,No,No,No,No,No,No,No,No,No,No,No,No,Yes
155368386,39065535,Caucasian,Female,[70-80),?,2,1,7,4,MC,Surgery-General,55,1,27,0,0,0,428,496,414,9,,,Steady,No,No,No,Steady,No,No,No,No,No,No,No,No,No,No,No,No,Up,No,No,No,No,No,Ch,Yes
155368836,41532309,Caucasian,Female,[70-80),?,1,1,7,5,SP,?,68,1,18,0,0,0,531,532,285,9,,,No,No,No,No,No,No,No,Down,No,No,No,No,No,No,No,No,No,No,No,No,No,No,No,Ch,Yes
155369304,94921227,Caucasian,Male,[80-90),?,1,4,7,2,?,?,54,0,9,0,0,0,8,276,599,9,,,No,No,No,No,No,No,No,No,No,No,No,No,No,No,No,No,No,No,No,No,No,No,No,No,No
155370750,91095849,AfricanAmerican,Male,[60-70),?,1,4,7,5,?,?,56,1,19,2,2,3,276,250.01,428,9,,,No,No,No,No,No,No,No,No,No,No,No,No,No,No,No,No,No,Steady,No,No,No,No,No,No,Yes
155371110,88658829,Caucasian,Male,[80-90),?,5,14,1,7,MC,?,56,1,16,2,0,0,507,427,403,9,,,No,No,No,No,No,No,No,No,No,No,No,No,No,No,No,No,No,Steady,No,No,No,No,No,No,Yes
155371476,81453564,Caucasian,Female,[70-80),?,1,1,7,2,?,?,42,0,12,0,0,0,721,427,250.6,6,,,No,No,No,No,No,No,No,Steady,No,No,No,No,No,No,No,No,No,No,No,No,No,No,No,No,Yes
155371680,41513094,Caucasian,Female,[50-60),?,3,1,1,1,MC,Nephrology,47,0,15,1,0,6,568,276,403,9,,,No,No,No,No,No,No,No,No,No,No,No,No,No,No,No,No,No,Down,No,No,No,No,No,Ch,Yes
155372814,41714937,Caucasian,Female,[80-90),?,1,28,7,5,SP,?,37,0,12,0,0,1,253,401,414,6,,,Steady,No,No,No,No,No,No,No,No,No,No,No,No,No,No,No,No,No,No,No,No,No,No,No,Yes
155373156,27723591,Caucasian,Female,[60-70),?,1,6,7,2,HM,?,48,0,7,0,0,0,70,571,287,6,,,No,No,No,No,No,No,No,No,No,No,No,No,No,No,No,No,No,Steady,No,No,No,No,No,No,Yes
155373300,42671313,Caucasian,Male,[60-70),?,1,1,7,5,MC,?,78,1,22,0,0,3,238,284,584,9,,,No,No,No,No,No,No,No,No,No,No,No,No,No,No,No,No,No,Steady,No,No,No,No,No,No,Yes
155373384,40843728,Caucasian,Male,[70-80),?,1,1,7,2,MC,?,45,0,14,1,0,1,428,414,V45,9,,,No,No,No,No,No,No,No,No,No,No,No,No,No,No,No,No,No,No,No,No,No,No,No,No,No
155374164,91464831,Caucasian,Male,[40-50),?,2,1,7,3,BC,Emergency/Trauma,36,1,4,1,1,0,577,577,305,8,,,No,No,No,No,No,No,No,No,No,No,No,No,No,No,No,No,No,No,No,No,No,No,No,No,No
155375880,42572835,Caucasian,Male,[70-80),?,1,6,7,2,?,?,46,0,13,0,0,4,780,428,693,9,,,No,Steady,No,No,No,No,No,No,No,No,No,No,No,No,No,No,No,No,No,No,No,No,No,No,Yes
155376714,84986001,Caucasian,Female,[70-80),?,1,2,7,2,MC,?,61,1,13,7,0,0,574,428,276,9,,,No,No,No,No,No,No,No,No,No,No,No,No,No,No,No,No,No,No,No,No,No,No,No,No,No
155377290,90258147,AfricanAmerican,Female,[50-60),?,1,1,1,1,?,?,40,0,12,0,0,0,276,428,593,9,,,No,No,No,No,No,No,No,No,No,No,No,No,No,No,No,No,No,Down,No,No,No,No,No,Ch,Yes
155377410,63413523,Caucasian,Male,[70-80),?,1,6,7,3,?,?,61,0,12,0,0,0,250.2,788,414,9,,,No,No,No,No,No,No,No,No,No,No,No,No,No,No,No,No,No,Steady,No,No,No,No,No,No,Yes
155377632,91296315,AfricanAmerican,Male,[60-70),?,1,1,1,6,?,?,47,3,32,0,0,1,578,428,250,9,,,No,No,No,No,No,No,No,Steady,No,No,No,No,No,No,No,No,No,No,No,No,No,No,No,No,Yes
155378028,60004332,AfricanAmerican,Female,[70-80),?,1,1,7,3,MC,?,36,1,14,0,0,1,789,535,530,9,,,Steady,No,No,No,No,No,Steady,No,No,No,No,No,No,No,No,No,No,Steady,No,No,No,No,No,Ch,Yes
155378100,88856847,AfricanAmerican,Female,[50-60),?,2,1,7,1,UN,Emergency/Trauma,45,0,14,0,1,0,493,401,250,5,,>8,No,No,No,No,Steady,No,No,No,No,No,No,No,No,No,No,No,No,Up,No,No,No,No,No,Ch,Yes
155378568,62596710,Caucasian,Male,[80-90),?,2,11,1,6,?,Pathology,37,2,13,0,0,1,V57,518,496,9,,,No,No,No,No,No,No,No,No,No,No,No,No,No,No,No,No,No,Steady,No,No,No,No,No,No,Yes
155378862,86389614,Caucasian,Female,[70-80),?,1,6,7,4,MC,?,39,0,10,1,0,0,491,428,707,9,,,No,No,No,No,No,No,No,No,No,No,No,No,No,No,No,No,No,No,No,No,No,No,No,No,No
155379036,102317958,Caucasian,Male,[70-80),?,1,1,2,1,?,?,59,0,7,0,0,0,276,911,916,7,,,No,No,No,No,No,No,No,No,No,No,No,No,No,No,No,No,No,Steady,No,No,No,No,No,No,Yes
155379246,40619727,Caucasian,Male,[60-70),?,1,6,7,2,MC,?,52,0,13,1,0,0,491,786,300,7,,>8,Steady,No,No,No,No,No,No,No,No,Steady,No,No,No,No,No,No,No,No,No,No,No,No,No,Ch,Yes
155380266,65507247,Caucasian,Female,[40-50),?,1,23,1,5,?,?,35,1,13,1,0,0,682,707,401,6,,,Steady,No,No,No,Steady,No,Steady,No,No,No,No,No,No,No,No,No,No,No,No,No,No,No,No,Ch,Yes
155380434,71265825,Caucasian,Male,[70-80),?,1,6,7,4,CP,?,44,0,21,0,0,0,435,784,250,9,,>8,Steady,No,No,No,No,No,No,Steady,No,No,No,No,No,No,No,No,No,No,No,No,No,No,No,Ch,Yes
155380458,64904238,Caucasian,Female,[60-70),?,1,1,7,2,?,?,37,0,8,2,0,0,786,272,401,9,,,No,No,No,No,No,No,Steady,No,No,No,No,No,No,No,No,No,No,No,No,No,No,No,No,No,Yes
155380986,85989798,Caucasian,Male,[50-60),?,1,1,7,10,MD,?,56,0,5,0,0,0,571,789,572,6,,Norm,No,No,No,No,No,No,No,No,No,No,No,No,No,No,No,No,No,No,No,No,No,No,No,No,No
155381214,64756440,Caucasian,Male,[60-70),?,1,3,7,8,MC,?,57,2,13,0,0,0,722,324,571,9,,,No,No,No,No,No,No,No,No,No,No,No,No,No,No,No,No,No,No,No,No,No,No,No,No,No
155381298,59378922,Caucasian,Female,[70-80),?,1,1,7,5,MC,?,9,0,11,0,0,0,290,427,276,7,,,No,No,No,No,No,No,No,No,No,No,No,No,No,No,No,No,No,No,No,No,No,No,No,No,No
155382276,71214201,Caucasian,Female,[70-80),?,1,6,7,2,MC,?,47,0,10,0,0,1,434,784,250,9,,,No,No,No,No,No,No,No,No,No,No,No,No,No,No,No,No,No,Steady,No,No,No,No,No,No,Yes
155382492,59379003,?,Female,[50-60),?,1,3,7,4,MC,?,36,0,12,0,0,0,780,276,496,6,,,No,No,No,No,No,No,No,No,No,No,No,No,No,No,No,No,No,No,No,No,No,No,No,No,No
155383296,40973607,Caucasian,Male,[70-80),?,1,1,7,5,MC,?,45,0,13,0,0,0,560,562,427,6,,,No,No,No,No,No,No,No,No,No,No,No,No,No,No,No,No,No,No,No,No,No,No,No,No,No
155383704,24573546,Caucasian,Female,[80-90),?,1,3,7,11,MC,InternalMedicine,44,1,27,0,0,0,682,428,725,7,,,Steady,No,No,No,No,No,No,No,No,No,No,No,No,No,No,No,No,Down,No,No,No,No,No,Ch,Yes
155383932,59378544,Caucasian,Male,[70-80),?,2,1,4,3,MC,Radiologist,13,6,12,0,0,0,410,414,401,5,,,No,No,No,No,No,No,No,No,No,No,No,No,No,No,No,No,No,No,No,No,No,No,No,No,No
155385456,43815798,Caucasian,Male,[50-60),?,1,1,7,1,SP,?,40,0,5,0,0,0,850,250.02,401,7,,,No,No,No,No,No,No,No,No,No,No,No,No,No,No,No,No,No,Steady,No,No,No,No,No,No,Yes
155385612,102317445,AfricanAmerican,Male,[60-70),?,1,1,2,8,?,?,71,3,32,0,0,0,574,518,584,8,,,No,No,No,No,No,No,No,Steady,No,No,No,No,No,No,No,No,No,Steady,No,No,No,No,No,Ch,Yes
155386068,102236301,Caucasian,Female,[70-80),?,1,6,7,5,MC,?,51,2,17,0,0,1,250.8,198,276,9,,,No,No,No,No,No,No,No,Steady,No,No,No,No,No,No,No,No,No,No,No,No,No,No,No,No,Yes
155386152,86094369,Caucasian,Female,[80-90),?,1,3,7,10,MC,?,58,1,29,0,1,0,599,276,496,9,,,No,No,No,No,No,No,No,No,No,No,No,No,No,No,No,No,No,No,No,No,No,No,No,No,No
155386158,100772217,Caucasian,Male,[50-60),?,1,1,7,1,MC,?,60,0,14,1,2,1,786,728,496,9,,,Steady,No,No,No,Steady,No,No,No,No,No,No,No,No,No,No,No,No,No,No,No,No,No,No,Ch,Yes
155386596,80160579,Caucasian,Female,[70-80),?,1,22,7,6,?,?,45,0,32,2,1,1,786,402,428,9,,,Steady,No,No,No,No,No,No,No,No,No,No,No,No,No,No,No,No,Steady,No,No,No,No,No,Ch,Yes
155387046,102440403,AfricanAmerican,Female,[80-90),?,1,15,2,9,?,?,63,0,14,0,0,0,438,276,250,9,,,No,No,No,No,No,No,No,No,No,No,No,No,No,No,No,No,No,Steady,No,No,No,No,No,No,Yes
155387166,102362850,Caucasian,Female,[60-70),?,1,1,2,3,?,?,59,1,11,0,0,0,486,492,285,9,,,No,No,No,No,No,No,No,No,No,No,No,No,No,No,No,No,No,No,No,No,No,No,No,No,No
155387196,31398840,Caucasian,Male,[50-60),?,1,1,7,3,CP,?,44,3,15,0,0,0,786,793,250,8,,,Steady,No,No,No,No,No,No,No,No,No,No,No,No,No,No,No,No,No,No,No,No,No,No,No,Yes
155387280,84471543,Caucasian,Female,[80-90),?,1,6,7,6,HM,?,47,1,21,0,0,0,428,496,427,7,,,No,Steady,No,No,No,No,No,No,No,No,No,No,No,No,No,No,No,No,No,No,No,No,No,No,Yes
155387484,31285809,Caucasian,Male,[70-80),?,5,1,1,5,MC,?,57,1,13,2,0,1,584,285,535,9,,,No,No,No,No,No,No,No,No,No,No,Steady,No,No,No,No,No,No,Steady,No,No,No,No,No,Ch,Yes
155387514,85369194,Caucasian,Female,[80-90),?,1,3,1,4,MC,?,39,1,23,0,0,0,821,276,276,9,,,No,No,No,No,No,No,No,No,No,No,Steady,No,No,No,No,No,No,Up,No,No,No,No,No,Ch,Yes
155387664,60878466,Caucasian,Female,[60-70),?,1,1,7,11,?,?,55,0,28,1,0,4,493,428,276,9,,,No,No,No,No,No,No,No,No,No,Steady,No,No,No,No,No,No,No,No,No,No,No,No,No,No,Yes
155390832,114062112,Caucasian,Male,[50-60),?,2,1,1,8,?,Gastroenterology,25,0,17,0,0,1,292,305,414,9,,,No,No,No,No,No,No,No,No,No,No,No,No,No,No,No,No,No,Steady,No,No,No,No,No,No,Yes
155391654,8581788,AfricanAmerican,Female,[20-30),?,1,1,7,1,MC,?,59,0,12,0,0,0,486,250.03,V49,3,,,No,No,No,No,No,No,No,No,No,No,No,No,No,No,No,No,No,Down,No,No,No,No,No,Ch,Yes
155392608,71382825,Caucasian,Male,[80-90),[75-100),1,3,5,8,MC,?,76,0,27,0,2,0,604,427,496,9,,,No,No,No,No,No,No,No,Steady,No,No,No,No,No,No,No,No,No,No,No,No,No,No,No,No,Yes
155393880,87325578,Caucasian,Male,[70-80),?,3,3,1,4,MC,?,29,1,28,0,2,1,440,560,707,9,,,No,No,No,No,No,No,No,No,No,No,No,No,No,No,No,No,No,No,No,No,No,No,No,No,No
155396424,101351979,AfricanAmerican,Female,[70-80),?,1,1,7,1,?,?,38,0,6,0,0,0,789,288,250,8,,,No,No,No,No,No,No,No,No,No,No,No,No,No,No,No,No,No,No,No,No,No,No,No,No,No
155398302,112018923,AfricanAmerican,Female,[60-70),?,5,1,1,2,MC,Obstetrics,10,1,17,2,0,0,625,250.6,536,4,,,No,No,No,No,No,No,No,No,No,No,No,No,No,No,No,No,No,Up,No,No,No,No,No,Ch,Yes
155404854,23318685,Caucasian,Male,[70-80),?,3,1,1,4,MC,InternalMedicine,47,1,16,0,0,2,162,486,250,5,,,No,No,No,No,No,No,Down,No,No,No,No,No,No,No,No,No,No,No,No,No,No,No,No,Ch,Yes
155405406,101525427,Caucasian,Female,[50-60),?,5,1,1,1,BC,?,1,1,19,0,0,0,433,414,250,8,,,No,No,No,No,No,No,No,No,No,No,No,No,No,No,No,No,No,No,No,No,No,No,No,No,No
155410110,105247764,AfricanAmerican,Female,[20-30),?,1,1,7,4,?,?,49,1,24,2,0,1,250.6,403,486,9,,,No,No,No,No,No,No,No,No,No,No,No,No,No,No,No,No,No,No,No,No,No,No,No,No,No
155410338,63519678,Caucasian,Female,[70-80),?,3,1,1,9,MC,Surgery-General,35,1,18,0,0,0,173,232,692,9,,,No,No,No,No,No,No,No,No,No,No,Steady,No,No,No,No,No,No,Steady,No,No,No,No,No,Ch,Yes
155412918,55136880,AfricanAmerican,Male,[70-80),?,1,1,7,4,MC,?,38,1,14,0,0,0,574,428,278,8,,,No,No,No,No,No,No,No,No,No,No,No,No,No,No,No,No,No,No,No,No,No,No,No,No,No
155417592,23233932,AfricanAmerican,Female,[70-80),?,1,1,7,5,MC,InternalMedicine,47,1,16,0,0,0,482,780,441,9,,,No,No,No,No,No,No,Steady,No,No,No,No,No,No,No,No,No,No,Steady,No,No,No,No,No,Ch,Yes
155417694,23215509,Hispanic,Male,[40-50),?,3,1,1,2,MC,Surgery-Vascular,44,3,30,1,0,0,996,403,250.4,6,,,No,No,No,No,No,No,No,No,No,No,No,No,No,No,No,No,No,Down,No,No,No,No,No,Ch,Yes
155418024,87313392,Caucasian,Female,[70-80),?,5,2,1,2,MC,?,69,3,25,0,0,0,410,518,428,9,,,No,No,No,No,No,No,No,No,No,No,No,No,No,No,No,No,No,Up,No,No,No,No,No,Ch,Yes
155418300,23199021,AfricanAmerican,Male,[50-60),?,3,1,1,2,BC,InternalMedicine,39,0,20,0,2,9,577,535,401,8,,,No,No,No,No,Steady,No,No,No,No,No,No,No,No,No,No,No,No,No,No,No,No,No,No,No,Yes
155421150,39070359,AfricanAmerican,Female,[40-50),?,2,1,7,2,MD,Emergency/Trauma,9,0,7,0,0,0,250.11,599,112,8,,,No,No,No,No,No,No,No,No,No,No,No,No,No,No,No,No,No,Down,No,No,No,No,No,Ch,Yes
155422050,23327550,AfricanAmerican,Male,[60-70),?,1,1,7,2,MC,InternalMedicine,45,0,12,1,0,0,404,584,428,7,,,No,No,Steady,No,No,No,No,No,No,No,No,No,No,No,No,No,No,No,No,No,No,No,No,No,Yes
155422146,59374881,Caucasian,Female,[70-80),?,2,1,1,4,CM,Radiologist,35,4,19,0,0,0,414,428,998,9,,,No,No,No,No,No,No,No,No,No,No,No,No,No,No,No,No,No,Steady,No,No,No,No,No,No,Yes
155423694,87120279,Caucasian,Female,[60-70),[75-100),3,1,1,2,HM,Surgery-General,1,3,20,0,0,1,252,245,401,9,,,Steady,No,No,No,No,No,No,Steady,No,No,No,No,No,No,No,No,No,No,No,No,No,No,No,Ch,Yes
155424822,85862592,AfricanAmerican,Male,[60-70),?,1,1,7,4,MC,?,35,2,7,0,0,0,535,427,E935,9,,,No,No,No,No,No,No,No,No,No,No,No,No,No,No,No,No,No,No,No,No,No,No,No,No,No
155425026,58379517,Caucasian,Female,[60-70),?,3,6,1,4,PO,Orthopedics,27,1,17,0,0,0,715,300,530,8,,,No,No,No,No,No,No,No,Steady,No,No,No,No,No,No,No,No,No,No,No,No,No,No,No,No,Yes
155426262,48260844,Caucasian,Female,[70-80),?,3,1,1,1,MC,Radiologist,35,6,11,0,0,0,414,401,272,8,,,No,No,No,No,No,No,No,No,No,No,No,No,No,No,No,No,No,No,No,No,No,No,No,No,No
155427534,81180225,Caucasian,Female,[90-100),?,1,4,7,9,?,?,52,0,15,1,0,1,518,486,425,9,,,No,No,No,No,No,No,No,No,No,No,No,No,No,No,No,No,No,No,No,No,No,No,No,No,No
155428848,111597309,Caucasian,Female,[50-60),?,8,1,1,2,?,InternalMedicine,45,6,13,3,0,0,401,496,428,9,,>7,No,No,No,No,No,No,No,No,No,No,Steady,No,No,No,No,No,No,Down,No,No,No,No,No,Ch,Yes
155443134,102549546,AfricanAmerican,Female,[80-90),?,1,4,2,5,?,?,46,1,9,0,0,0,250.1,276,276,9,,,No,No,No,No,No,No,No,No,No,No,No,No,No,No,No,No,No,Down,No,No,No,No,No,Ch,Yes
155446482,92709351,Caucasian,Female,[40-50),?,2,1,7,5,BC,Emergency/Trauma,54,2,25,1,0,9,578,250.6,403,9,,>7,No,No,No,No,No,No,No,No,No,No,No,No,No,No,No,No,No,Down,No,No,No,No,No,Ch,Yes
155446566,23321394,AfricanAmerican,Female,[70-80),?,1,3,7,2,?,InternalMedicine,42,0,3,1,2,1,560,250,562,4,,,No,No,No,No,No,No,No,No,No,No,No,No,No,No,No,No,No,No,No,No,No,No,No,No,No
155449188,42216705,Caucasian,Male,[50-60),?,3,1,1,2,SP,Cardiology,47,0,10,0,0,0,250.02,402,378,7,,,No,No,No,No,No,No,No,No,No,Steady,No,No,No,No,No,No,No,Down,No,No,No,No,No,Ch,Yes
155450814,40613337,Caucasian,Female,[70-80),?,1,2,7,1,SP,?,35,0,7,1,0,2,435,496,433,9,,,Steady,No,No,No,No,No,No,No,No,No,No,No,No,No,No,No,No,No,No,No,No,No,No,No,Yes
155451246,40658985,Caucasian,Male,[80-90),?,1,3,7,3,MC,?,52,1,15,0,0,0,250,585,401,7,,,No,No,No,No,Up,No,No,No,No,No,No,No,No,No,No,No,No,Up,No,No,No,No,No,Ch,Yes
155457408,42144660,Caucasian,Female,[60-70),?,3,1,1,7,MD,?,55,0,22,2,0,2,296,301,300,5,,>7,No,No,No,No,No,No,No,No,No,No,No,No,No,No,No,No,No,No,No,No,No,No,No,No,No
155457882,103398138,Caucasian,Female,[70-80),?,3,1,1,7,SP,Pulmonology,45,0,7,0,0,0,3,276,787,6,,,No,No,No,No,No,No,No,No,No,No,No,No,No,No,No,No,No,No,No,No,No,No,No,No,No
155457900,56526660,Caucasian,Female,[80-90),?,2,6,1,4,?,Pathology,36,2,8,0,0,1,V57,438,401,8,,,Steady,No,No,No,No,No,Steady,No,No,No,No,No,No,No,No,No,No,No,No,No,No,No,No,Ch,Yes
155459568,81255195,AfricanAmerican,Male,[40-50),?,6,1,7,6,?,InternalMedicine,59,2,15,0,0,8,577,250.6,536,6,>200,,No,No,No,No,No,No,No,No,No,No,No,No,No,No,No,No,No,No,No,No,No,No,No,No,No
155462922,35927622,Caucasian,Female,[80-90),?,1,1,7,2,MC,?,34,0,11,0,0,1,410,428,403,9,,,No,No,No,No,No,No,No,No,No,No,No,No,No,No,No,No,No,Steady,No,No,No,No,No,No,Yes
155463630,25177419,AfricanAmerican,Female,[70-80),?,1,3,7,11,MC,InternalMedicine,43,4,29,0,0,0,443,707,599,5,,>8,No,No,No,No,No,No,No,No,No,No,No,No,No,No,No,No,No,Up,No,No,No,No,No,Ch,Yes
155464026,23298561,Caucasian,Female,[80-90),?,3,3,1,11,MC,Orthopedics-Reconstructive,41,3,45,0,0,1,250.8,997,730,9,,,No,No,No,No,No,No,No,No,No,No,No,No,No,No,No,No,No,Down,No,No,No,No,No,Ch,Yes
155465772,96537303,Caucasian,Male,[50-60),?,2,1,7,3,BC,Emergency/Trauma,33,0,20,0,0,0,562,250,401,7,,,No,No,No,No,No,No,No,No,No,No,No,No,No,No,No,No,No,No,No,No,No,No,No,No,No
155468094,38933658,Caucasian,Male,[90-100),?,2,3,7,10,MC,Emergency/Trauma,50,0,22,0,0,1,491,428,276,9,,,No,No,No,No,No,No,No,No,No,No,No,No,No,No,No,No,No,No,No,No,No,No,No,No,No
155468520,43800282,Caucasian,Male,[60-70),?,3,22,1,10,MC,?,40,1,23,0,0,2,434,428,276,8,,,No,No,No,No,No,No,No,No,No,No,No,No,No,No,No,No,No,Down,No,No,No,No,No,Ch,Yes
155469054,24974406,AfricanAmerican,Male,[50-60),?,1,1,7,3,BC,InternalMedicine,45,0,18,0,1,0,486,428,425,9,,,No,No,No,No,No,No,No,No,No,No,No,No,No,No,No,No,No,Up,No,No,No,No,No,Ch,Yes
155471568,23313213,Caucasian,Female,[50-60),?,1,1,7,3,BC,Family/GeneralPractice,39,0,18,0,0,2,276,250,V58,5,,,Steady,No,No,No,No,No,No,No,No,No,No,No,No,No,No,No,No,Steady,No,No,No,No,No,Ch,Yes
155472666,40428918,Caucasian,Female,[60-70),?,1,3,7,2,MC,?,59,0,14,0,0,6,996,38,995,9,,,No,No,No,No,No,No,No,No,No,No,No,No,No,No,No,No,No,No,No,No,No,No,No,No,No
155475204,90515637,Caucasian,Female,[70-80),?,5,3,1,3,MC,?,32,0,15,0,0,0,682,428,458,8,,,No,No,No,No,No,No,No,No,No,No,No,No,No,No,No,No,No,No,No,No,No,No,No,No,No
155475216,46448649,Caucasian,Female,[60-70),?,1,6,7,7,?,?,49,1,16,0,1,0,428,496,427,9,,,No,No,No,No,Steady,No,No,No,No,No,No,No,No,No,No,No,No,No,No,No,No,No,No,No,Yes
155475768,104092839,AfricanAmerican,Male,[50-60),?,1,1,7,4,HM,Emergency/Trauma,68,0,18,0,0,0,577,305,276,9,,>8,No,No,No,No,No,No,No,No,No,No,No,No,No,No,No,No,No,Up,No,No,No,No,No,Ch,Yes
155476800,52470549,Caucasian,Female,[70-80),?,1,1,1,4,?,?,39,0,15,0,0,3,786,427,250,9,,,No,No,No,No,No,No,No,No,No,No,No,No,No,No,No,No,No,Steady,No,No,No,No,No,No,Yes
155477064,104606307,Caucasian,Male,[50-60),?,2,6,7,8,MD,Family/GeneralPractice,35,2,18,0,1,1,730,250.6,707,9,,,Steady,No,No,No,No,No,No,No,No,No,Steady,No,No,No,No,No,No,Up,No,No,No,No,No,Ch,Yes
155477586,58396914,Caucasian,Female,[50-60),?,1,1,7,8,HM,?,19,0,12,0,0,0,434,424,250,8,,,No,No,No,No,Steady,No,No,No,No,Steady,No,No,No,No,No,No,No,No,No,No,No,No,No,Ch,Yes
155477628,90245358,Caucasian,Male,[80-90),?,1,3,7,7,MC,?,69,1,14,0,0,1,276,250.02,560,9,,,No,No,No,No,No,No,No,No,No,No,No,No,No,No,No,No,No,No,No,No,No,No,No,No,No
155478138,24313275,Caucasian,Male,[50-60),?,1,1,7,3,BC,InternalMedicine,39,1,8,0,0,0,692,403,276,6,,,No,No,No,No,No,No,No,No,No,No,No,No,No,No,No,No,No,No,No,No,No,No,No,No,No
155479098,75755430,Caucasian,Female,[40-50),?,1,1,7,2,?,?,39,4,15,0,0,0,414,411,427,9,,,No,No,No,No,No,No,No,No,No,Steady,No,No,No,No,No,No,No,Steady,No,No,No,No,No,Ch,Yes
155481228,92811312,Caucasian,Female,[90-100),?,6,3,17,4,?,?,84,6,13,1,0,1,238,428,288,9,,,No,No,No,No,No,No,No,No,No,No,No,No,No,No,No,No,No,Steady,No,No,No,No,No,No,Yes
155482410,101433474,AfricanAmerican,Female,[70-80),?,1,1,2,7,?,?,52,0,12,0,0,0,415,453,397,7,,,No,No,No,No,No,No,Steady,No,No,Steady,No,No,No,No,No,No,No,Steady,No,No,No,No,No,Ch,Yes
155482698,110768202,Caucasian,Female,[70-80),?,2,2,7,3,MC,Emergency/Trauma,46,3,11,0,0,0,414,427,401,8,,,No,No,No,No,No,No,No,Steady,No,No,No,No,No,No,No,No,No,Down,No,No,No,No,No,Ch,Yes
155484258,78979149,AfricanAmerican,Male,[50-60),?,3,6,1,2,?,Urology,37,2,19,0,0,0,185,276,401,6,,,No,No,No,No,No,No,No,No,No,No,No,No,No,No,No,No,No,No,No,No,No,No,No,No,No
155484462,86139333,Caucasian,Male,[60-70),?,3,1,1,4,MC,Orthopedics,39,1,26,0,0,0,715,276,428,9,,,No,No,No,No,No,No,No,No,No,No,No,No,No,No,No,No,No,Up,No,No,No,No,No,Ch,Yes
155488188,105231546,Caucasian,Male,[50-60),?,3,1,1,2,WC,Orthopedics,34,1,9,0,0,0,722,997,560,9,,,No,No,No,No,No,No,No,No,No,No,No,No,No,No,No,No,No,No,No,No,No,No,No,No,No
155488644,106356357,Caucasian,Female,[60-70),?,5,6,1,4,MC,?,3,1,11,1,0,0,996,E878,401,5,,,Steady,No,No,No,No,No,No,No,No,No,No,No,No,No,No,No,No,Steady,No,No,No,No,No,Ch,Yes
155492124,82706373,AfricanAmerican,Female,[60-70),?,1,6,7,3,?,?,49,1,13,0,1,1,276,403,295,9,,,No,No,No,No,No,No,No,No,No,No,No,No,No,No,No,No,No,Steady,No,No,No,No,No,No,Yes
155495958,77274513,Caucasian,Female,[20-30),?,3,1,1,3,?,Surgery-General,35,1,17,0,0,0,278,401,250,3,,,No,No,No,No,No,No,No,No,No,No,No,No,No,No,No,No,No,Steady,No,No,No,No,No,No,Yes
155496036,112481019,Caucasian,Male,[60-70),?,8,1,1,2,?,Surgery-Vascular,9,1,22,0,0,1,433,428,V15,5,,,No,No,No,No,No,No,Steady,No,No,No,No,No,No,No,No,No,No,Steady,No,No,No,No,No,Ch,Yes
155498376,102670065,AfricanAmerican,Male,[60-70),?,1,1,2,3,?,?,50,0,17,0,0,0,V63,428,278,7,,,No,No,No,No,No,No,Steady,No,No,No,No,No,No,No,No,No,No,Steady,No,No,No,No,No,Ch,Yes
155499714,59208183,AfricanAmerican,Female,[60-70),?,3,6,1,3,MC,?,36,5,15,0,0,0,180,196,250,7,,Norm,No,No,No,No,No,No,No,No,No,No,No,No,No,No,No,No,No,Down,No,No,No,No,No,Ch,Yes
155506404,94456350,Caucasian,Male,[70-80),?,3,1,7,3,MC,Family/GeneralPractice,53,0,12,0,0,0,560,788,560,9,,,No,No,No,No,No,No,No,No,No,No,No,No,No,No,No,No,No,Down,No,No,No,No,No,Ch,Yes
155510448,92775096,Caucasian,Male,[80-90),?,3,1,7,2,MC,Emergency/Trauma,52,1,15,0,1,0,997,427,305,8,,,No,No,No,No,No,No,Steady,No,No,No,No,No,No,No,No,No,No,No,No,No,No,No,No,No,Yes
155520960,24902154,Caucasian,Female,[70-80),?,3,6,1,6,MC,Orthopedics-Reconstructive,39,2,37,0,0,1,733,493,244,9,,Norm,No,No,No,No,No,No,No,No,No,No,Steady,No,No,No,No,No,No,Up,No,No,No,No,No,Ch,Yes
155524770,101505645,AfricanAmerican,Female,[70-80),?,1,1,7,5,?,?,65,1,23,0,0,0,535,552,250.6,9,,,Steady,No,No,No,No,No,No,Steady,No,No,No,No,No,No,No,No,No,Steady,No,No,No,No,No,Ch,Yes
155526360,40601520,Caucasian,Male,[70-80),?,5,3,1,4,MC,?,25,3,24,0,0,0,715,285,250,6,,,No,No,No,No,No,No,No,No,No,No,No,No,No,No,No,No,No,Steady,No,No,No,No,No,No,Yes
155527626,87556473,AfricanAmerican,Male,[60-70),?,3,1,1,8,?,InternalMedicine,58,0,14,0,0,0,428,401,250,6,,,Steady,No,No,No,No,No,No,Steady,No,No,No,No,No,No,No,No,No,Steady,No,No,No,No,No,Ch,Yes
155527914,95320629,Caucasian,Male,[60-70),?,2,1,7,2,UN,Emergency/Trauma,40,0,6,0,0,1,427,250,401,4,,,No,No,No,No,No,No,No,Steady,No,No,No,No,No,No,No,No,No,No,No,No,No,No,No,No,Yes
155528232,25062282,AfricanAmerican,Female,[60-70),?,1,3,7,8,MC,InternalMedicine,47,0,12,0,0,1,584,599,276,9,,,No,No,No,No,No,No,No,No,No,No,No,No,No,No,No,No,No,Down,No,No,No,No,No,Ch,Yes
155538324,78707781,Caucasian,Male,[60-70),?,1,1,7,4,?,?,40,4,21,1,0,0,410,428,414,8,,,Down,No,No,No,No,No,No,No,No,No,No,No,No,No,No,No,No,Steady,No,No,No,No,No,Ch,Yes
155539026,101504385,Caucasian,Female,[60-70),?,1,1,2,3,?,?,49,0,23,0,0,0,428,491,276,9,,,Steady,No,No,No,Steady,No,No,No,No,No,No,No,No,No,No,No,No,No,No,No,No,No,No,Ch,Yes
155541264,87705486,Caucasian,Female,[70-80),?,2,1,1,2,?,InternalMedicine,2,3,14,0,1,1,571,70,456,8,,,No,No,No,No,No,No,No,No,No,No,No,No,No,No,No,No,No,Steady,No,No,No,No,No,No,Yes
155541876,112783428,Caucasian,Male,[50-60),?,3,1,1,1,DM,Family/GeneralPractice,9,0,10,0,0,0,414,250,401,7,,,No,No,No,No,No,No,No,No,No,No,No,No,No,No,No,No,No,No,No,No,No,No,No,No,No
155541972,3843594,Caucasian,Female,[70-80),?,6,1,1,3,?,InternalMedicine,61,3,17,0,0,3,569,280,250,6,Norm,Norm,No,Steady,No,No,No,No,No,No,No,No,No,No,No,No,No,No,No,No,No,No,No,No,No,No,Yes
155543562,25255539,AfricanAmerican,Male,[60-70),?,1,11,7,1,MC,Surgery-Neuro,48,3,20,0,0,0,852,286,518,6,,,No,No,No,No,No,No,No,No,No,No,No,No,No,No,No,No,No,Steady,No,No,No,No,No,No,Yes
155543880,40382109,Caucasian,Female,[70-80),?,1,6,7,3,MC,?,10,0,16,0,0,1,398,396,397,8,,,No,No,No,No,No,No,Steady,No,No,Steady,No,No,No,No,No,No,No,No,No,No,No,No,No,Ch,Yes
155548104,23332473,AfricanAmerican,Male,[80-90),?,1,6,7,8,MC,InternalMedicine,35,0,12,0,2,1,250.8,707,428,9,,,Steady,No,No,No,No,No,No,No,No,No,No,No,No,No,No,No,No,No,No,No,No,No,No,No,Yes
155549202,37462878,Caucasian,Male,[70-80),?,2,3,7,8,SP,Emergency/Trauma,47,1,16,0,0,1,287,263,238,9,,,No,Steady,No,No,No,No,No,No,No,No,No,No,No,No,No,No,No,Down,No,No,No,No,No,Ch,Yes
155550000,65329776,Caucasian,Male,[60-70),?,1,1,7,2,?,?,9,0,12,0,0,0,428,414,V45,5,,,Up,No,No,No,No,No,No,Up,No,No,Steady,No,No,No,No,No,No,No,No,No,No,No,No,Ch,Yes
155552568,95652576,Caucasian,Male,[50-60),?,5,1,1,10,MC,?,6,0,10,0,0,2,296,295,250,6,,,No,No,No,No,No,No,Steady,No,No,Steady,No,No,No,No,No,No,No,No,No,No,No,No,No,Ch,Yes
155552958,101512989,AfricanAmerican,Female,[70-80),?,1,3,2,12,?,?,39,5,32,0,0,0,440,403,996,9,,,No,No,No,No,No,No,No,No,No,No,No,No,No,No,No,No,No,Up,No,No,No,No,No,Ch,Yes
155555292,105580188,Caucasian,Female,[70-80),?,5,6,1,8,MC,?,36,0,19,4,0,0,682,707,250,9,,,Steady,No,No,No,No,No,No,No,No,No,No,No,No,No,No,No,No,Up,No,No,No,No,No,Ch,Yes
155555790,102669939,Caucasian,Male,[50-60),?,2,2,2,7,?,Gastroenterology,57,0,17,0,0,0,298,38,995,9,,,No,No,No,No,No,No,No,No,No,No,No,No,No,No,No,No,No,Down,No,No,No,No,No,Ch,Yes
155560242,62676873,Caucasian,Female,[70-80),?,1,6,7,6,?,?,33,1,24,0,0,0,820,E849,401,7,,,No,No,No,No,No,No,No,No,No,No,No,No,No,No,No,No,No,Down,No,No,No,No,No,Ch,Yes
155562786,101805732,Caucasian,Male,[40-50),?,3,1,7,9,MC,Emergency/Trauma,65,0,14,0,0,0,296,304,250,5,,>8,Steady,No,No,No,Steady,No,No,No,No,No,Up,No,No,No,No,No,No,Up,No,No,No,No,No,Ch,Yes
155563152,59152014,Caucasian,Male,[60-70),?,3,1,5,9,HM,?,34,0,20,0,0,0,V57,715,V43,9,,,Steady,No,No,No,Down,No,No,No,No,No,No,No,No,No,No,No,No,Steady,No,No,No,No,No,Ch,Yes
155565792,75122658,Caucasian,Female,[80-90),?,1,3,7,7,MC,Nephrology,39,0,14,1,0,0,805,276,E888,9,,,No,No,No,No,No,No,Steady,No,No,No,No,No,No,No,No,No,No,Steady,No,No,No,No,No,Ch,Yes
155566200,88292439,Caucasian,Female,[80-90),?,3,6,1,6,?,Pulmonology,18,1,11,4,1,0,428,424,427,9,,,No,No,No,No,No,No,No,No,No,No,No,No,No,No,No,No,No,Steady,No,No,No,No,No,No,Yes
155566674,42080724,Caucasian,Male,[60-70),?,1,1,7,3,MD,?,41,0,13,0,0,1,780,414,311,8,,,No,No,No,No,No,No,No,No,No,Steady,No,No,No,No,No,No,No,No,No,No,No,No,No,No,Yes
155567526,71919783,Caucasian,Male,[40-50),?,1,1,7,3,MC,?,66,0,23,2,0,1,485,38,995,9,,,No,No,No,No,No,No,No,No,No,No,No,No,No,No,No,No,No,Steady,No,No,No,No,No,No,Yes
155568318,36778221,Caucasian,Male,[40-50),?,3,1,1,7,SP,Psychology,22,0,10,0,0,0,304,303,292,7,,>7,Steady,No,No,No,Steady,No,No,No,No,No,No,No,No,No,No,No,No,Steady,No,No,No,No,No,Ch,Yes
155568726,2452824,Caucasian,Female,[50-60),?,1,1,7,1,HM,InternalMedicine,36,0,7,0,0,0,786,401,250,5,,,No,No,No,No,No,No,No,No,No,No,No,No,No,No,No,No,No,Steady,No,No,No,No,No,No,Yes
155568792,101506185,AfricanAmerican,Male,[60-70),?,1,1,7,4,?,?,50,0,15,0,0,0,486,250,401,6,,,No,No,No,No,No,No,Steady,No,No,No,No,No,No,No,No,No,No,No,No,No,No,No,No,No,Yes
155569410,112325382,Caucasian,Female,[70-80),?,6,6,17,8,?,?,54,0,22,0,0,0,296,428,492,9,,,No,No,No,No,No,No,No,No,No,No,No,No,No,No,No,No,No,Up,No,No,No,No,No,Ch,Yes
155569518,98085231,AfricanAmerican,Female,[50-60),?,1,6,7,3,?,?,52,2,18,2,0,0,250.4,403,425,8,,,No,No,No,No,No,No,No,No,No,No,No,No,No,No,No,No,No,Steady,No,No,No,No,No,No,Yes
155570022,84428613,AfricanAmerican,Female,[40-50),?,1,1,7,7,MC,?,59,1,16,0,0,0,250.6,276,8,9,,,No,No,No,No,No,No,No,No,No,No,No,No,No,No,No,No,No,Steady,No,No,No,No,No,No,Yes
155570370,97406676,Caucasian,Female,[40-50),?,2,1,1,9,?,Family/GeneralPractice,48,1,10,0,0,0,304,295,304,6,,,Steady,No,No,No,No,No,No,Steady,No,No,No,No,No,No,No,No,No,No,No,No,No,No,No,Ch,Yes
155571366,61846821,Caucasian,Male,[60-70),?,2,1,1,3,?,Family/GeneralPractice,51,0,6,1,0,0,428,428,494,8,,,Steady,No,No,No,Steady,No,No,No,No,No,No,No,No,No,No,No,No,No,No,No,No,No,No,Ch,Yes
155574630,89643150,Caucasian,Female,[70-80),[75-100),1,1,7,3,UN,Cardiology,69,6,17,3,0,0,410,428,425,9,,,No,No,No,No,No,No,No,No,No,No,No,No,No,No,No,No,No,No,No,No,No,No,No,No,No
155574702,107987202,Caucasian,Male,[50-60),[100-125),1,7,7,1,MC,Cardiology,51,0,12,0,0,2,411,428,428,9,,,No,No,No,No,No,No,No,Steady,No,No,No,No,No,No,No,No,No,No,No,No,No,No,No,No,Yes
155574720,2301264,Caucasian,Male,[60-70),[75-100),1,1,7,3,HM,Cardiology,70,0,14,3,0,1,427,424,427,9,,,No,No,No,No,No,No,No,Steady,No,No,No,No,No,No,No,No,No,No,No,No,No,No,No,No,Yes
155574768,23522337,AfricanAmerican,Female,[80-90),?,1,3,7,3,MC,InternalMedicine,47,1,18,0,1,1,402,593,428,6,,,No,No,No,No,No,No,No,No,No,No,No,No,No,No,No,No,No,Up,No,No,No,No,No,Ch,Yes
155575734,101506707,Caucasian,Male,[90-100),?,1,1,7,2,?,?,38,1,7,0,0,0,812,802,E849,7,,,Steady,No,No,No,No,No,No,No,No,No,No,No,No,No,No,No,No,No,No,No,No,No,No,No,Yes
155578056,49000734,Caucasian,Male,[70-80),[100-125),1,6,7,2,MC,?,72,0,13,1,0,2,599,427,276,9,,,No,No,No,No,No,No,No,No,No,No,No,No,No,No,No,No,No,No,No,No,No,No,No,No,No
155578104,108609813,AfricanAmerican,Female,[60-70),?,1,1,7,4,MD,?,61,0,19,0,0,1,486,491,276,9,,,No,No,No,No,Steady,No,No,No,No,No,Steady,No,No,No,No,No,No,Steady,No,No,No,No,No,Ch,Yes
155578326,100184697,Caucasian,Female,[70-80),?,1,11,7,4,?,Family/GeneralPractice,82,3,17,0,0,0,428,515,518,9,,,No,No,No,No,Steady,No,No,No,No,No,Steady,No,No,No,No,No,No,Steady,No,No,No,No,No,Ch,Yes
155578962,101534715,AfricanAmerican,Female,[50-60),?,1,1,7,4,?,?,38,0,14,0,0,0,786,414,V45,9,,,No,No,No,No,No,No,No,No,No,No,No,No,No,No,No,No,No,No,No,No,No,No,No,No,No
155581686,74160819,AfricanAmerican,Female,[60-70),?,1,1,7,2,?,InternalMedicine,47,0,11,0,0,0,786,401,272,6,,>7,No,No,No,No,No,No,No,No,No,No,No,No,No,No,No,No,No,No,No,No,No,No,No,No,No
155582040,97555077,Caucasian,Male,[50-60),?,1,1,7,10,?,?,79,0,20,0,0,0,292,780,394,9,,,Steady,No,No,No,No,No,No,No,No,No,No,No,No,No,No,No,No,No,No,No,No,No,No,No,Yes
155582136,100580616,Caucasian,Female,[80-90),?,1,9,7,7,MC,?,36,0,8,0,0,0,924,923,E880,7,,,No,No,No,No,No,No,Steady,No,No,No,No,No,No,No,No,No,No,No,No,No,No,No,No,No,Yes
155582202,96790491,Caucasian,Female,[60-70),?,5,1,1,2,HM,?,40,0,14,2,0,0,590,276,276,8,,,No,No,No,No,No,No,No,No,No,Steady,No,No,No,No,No,No,No,No,No,No,No,No,No,No,Yes
155582598,59385906,Caucasian,Male,[50-60),?,1,6,7,4,MC,?,59,4,23,0,0,0,410,496,414,9,,,No,No,No,No,No,No,No,Steady,No,No,No,No,No,No,No,No,No,Down,No,No,No,No,No,Ch,Yes
155583198,60652926,Caucasian,Male,[70-80),?,3,1,1,1,MC,?,56,3,9,1,0,0,425,599,414,7,,,No,No,No,Steady,No,No,No,No,No,No,No,No,No,No,No,No,No,No,No,No,No,No,No,No,Yes
155585514,70856847,AfricanAmerican,Male,[40-50),?,3,3,1,5,BC,Podiatry,62,6,31,0,0,0,736,94,707,9,,,No,No,No,No,No,No,No,No,No,No,No,No,No,No,No,No,No,Steady,No,No,No,No,No,No,Yes
155586054,23493690,AfricanAmerican,Male,[70-80),?,1,3,5,2,MC,InternalMedicine,43,3,10,0,0,0,531,280,250.02,7,,,No,No,No,No,No,No,No,No,No,No,No,No,No,No,No,No,No,Steady,No,No,No,No,No,No,Yes
155586138,57855888,Caucasian,Male,[60-70),?,1,1,7,6,?,?,37,0,13,0,0,0,427,162,197,9,,,No,No,No,No,No,No,No,No,No,No,No,No,No,No,No,No,No,Steady,No,No,No,No,No,No,Yes
155586318,53806257,Caucasian,Female,[50-60),?,1,1,7,2,OT,?,31,1,9,3,1,0,433,435,250,8,,,Steady,No,No,No,No,No,No,Steady,No,No,Steady,No,No,No,No,No,No,Steady,No,No,No,No,No,Ch,Yes
155586384,90842535,Caucasian,Female,[80-90),[50-75),1,3,7,8,MC,?,56,0,16,2,0,1,599,41,465,9,,,Steady,No,No,No,Down,No,No,No,No,No,Steady,No,No,No,No,No,No,No,No,No,No,No,No,Ch,Yes
155586984,101566098,Caucasian,Female,[60-70),?,1,1,7,1,?,?,11,0,11,0,0,0,491,427,428,9,,,No,No,No,No,Steady,No,No,No,No,No,No,No,No,No,No,No,No,Steady,No,No,No,No,No,Ch,Yes
155587656,81838494,Caucasian,Male,[60-70),?,1,11,2,14,?,?,73,1,46,0,0,0,852,518,286,9,,,No,No,No,No,No,No,No,No,No,No,No,No,No,No,No,No,No,Up,No,No,No,No,No,Ch,Yes
155587926,24344028,Caucasian,Male,[40-50),?,3,1,1,1,BC,Surgery-Neuro,35,4,22,0,0,0,723,250,V58,4,,,No,No,No,No,No,No,No,No,No,No,No,No,No,No,No,No,No,No,No,No,No,No,No,No,No
155592132,103564602,Caucasian,Male,[50-60),[100-125),3,1,1,1,DM,Cardiology,52,6,9,1,0,0,414,70,272,6,,,No,No,No,No,No,No,No,No,No,No,No,No,No,No,No,No,No,No,No,No,No,No,No,No,No
155592162,90578268,AfricanAmerican,Male,[40-50),?,1,6,7,5,OG,?,34,2,17,0,0,0,727,305,70,9,,,No,No,No,No,No,No,No,No,No,No,No,No,No,No,No,No,No,No,No,No,No,No,No,No,No
155594010,23199849,Caucasian,Female,[60-70),?,3,1,1,1,HM,Surgery-Neuro,18,2,21,0,0,0,724,401,250,4,,,No,No,No,No,No,No,No,No,No,No,No,No,No,No,No,No,No,No,No,No,No,No,No,No,No
155595036,101581407,Caucasian,Female,[60-70),?,1,1,7,3,?,?,47,3,10,0,0,0,562,280,553,9,,,No,No,No,No,No,No,No,No,No,No,No,No,No,No,No,No,No,No,No,No,No,No,No,No,No
155598828,84538647,Caucasian,Male,[50-60),?,3,1,1,2,?,Surgery-Cardiovascular,47,1,17,1,0,0,225,401,250,4,,,Steady,No,No,No,No,No,No,No,No,No,No,No,No,No,No,No,No,No,No,No,No,No,No,No,Yes
155609886,25172523,Caucasian,Female,[60-70),?,3,1,1,1,BC,Surgery-Neuro,34,4,22,1,0,0,723,401,250,5,,,No,No,No,No,No,No,No,No,No,No,Steady,No,No,No,No,No,No,No,No,No,No,No,No,No,Yes
155612958,23234220,AfricanAmerican,Female,[60-70),?,1,6,7,7,MD,InternalMedicine,43,2,29,0,0,1,197,197,198,9,,,No,No,No,No,No,No,Steady,No,No,No,No,No,No,No,No,No,No,Steady,No,No,No,No,No,Ch,Yes
155617518,29541681,Caucasian,Male,[60-70),?,5,2,1,2,MC,?,37,3,24,2,0,1,414,413,428,7,,Norm,No,No,No,No,No,No,Steady,No,No,No,No,No,No,No,No,No,No,Steady,No,No,No,No,No,Ch,Yes
155618112,38048400,Caucasian,Female,[30-40),?,3,1,1,2,MC,?,9,2,9,0,0,1,780,218,250,4,,,No,No,No,No,No,No,No,No,No,No,No,No,No,No,No,No,No,No,No,No,No,No,No,No,No
155619912,91569114,Caucasian,Male,[60-70),?,3,6,1,4,MC,Oncology,41,1,19,0,0,1,V58,150,276,9,,Norm,No,No,No,No,No,No,Steady,No,No,Steady,No,No,No,No,No,No,No,No,No,No,No,No,No,Ch,Yes
155624124,32069052,Caucasian,Female,[80-90),?,2,1,1,4,MC,Gastroenterology,28,0,13,0,0,1,491,276,250,9,,,Steady,No,No,No,No,No,No,Steady,No,Up,No,No,No,No,No,No,No,Steady,No,No,No,No,No,Ch,Yes
155626938,105897087,Caucasian,Female,[70-80),?,1,1,7,5,MC,?,80,6,15,0,0,0,410,585,250.02,7,,>8,No,No,No,No,No,No,No,No,No,No,No,No,No,No,No,No,No,No,No,No,No,No,No,No,No
155628186,94588857,Caucasian,Female,[70-80),?,1,3,2,6,?,?,49,0,12,0,0,0,276,428,250,9,,,No,No,No,No,No,No,No,No,No,No,No,No,No,No,No,No,No,Steady,No,No,No,No,No,No,Yes
155634678,55135044,Caucasian,Male,[80-90),?,1,1,7,3,MC,?,41,1,18,0,0,0,428,272,250,5,,,No,No,No,No,No,No,No,No,No,No,No,No,No,No,No,No,No,Down,No,No,No,No,No,Ch,Yes
155634690,101611827,Caucasian,Male,[70-80),?,1,1,2,3,?,?,56,0,26,0,0,0,428,413,496,9,,,No,No,No,No,No,No,No,No,No,No,No,No,No,No,No,No,No,Steady,No,No,No,No,No,No,Yes
155635434,54956916,Caucasian,Male,[50-60),?,3,1,1,1,?,Orthopedics,30,1,15,3,1,0,844,401,250,5,,,Steady,No,No,No,No,No,No,Steady,No,No,Steady,No,No,No,No,No,No,No,No,No,No,No,No,Ch,Yes
155635608,58424319,Caucasian,Male,[40-50),?,1,1,7,2,HM,?,36,5,11,0,0,0,414,305,412,7,,,No,No,No,No,No,No,No,No,No,No,No,No,No,No,No,No,No,Steady,No,No,No,No,No,No,Yes
155636406,23410692,AfricanAmerican,Female,[90-100),?,3,1,1,6,MC,InternalMedicine,33,0,16,0,0,0,482,250,285,6,,,No,No,No,No,No,No,No,No,No,No,Steady,No,No,No,No,No,No,No,No,No,No,No,No,No,Yes
155646654,84174444,Caucasian,Female,[40-50),?,2,1,1,2,UN,Emergency/Trauma,44,2,10,0,2,1,780,295,401,7,,,Steady,No,No,No,No,No,No,No,No,Steady,No,No,No,No,No,No,No,No,No,No,No,No,No,Ch,Yes
155647062,101550330,AfricanAmerican,Female,[60-70),?,2,1,2,7,?,InternalMedicine,33,2,13,0,0,1,428,285,593,6,,,No,No,No,No,No,No,No,No,No,No,Steady,No,No,No,No,No,No,No,No,No,No,No,No,No,Yes
155647344,51328179,Caucasian,Female,[70-80),?,2,6,1,4,MC,Gastroenterology,46,0,8,0,0,0,197,198,192,8,,,No,No,No,No,No,No,No,Steady,No,No,No,No,No,No,No,No,No,No,No,No,No,No,No,No,Yes
155647536,42835986,Caucasian,Female,[40-50),?,1,1,7,6,SP,?,69,1,3,0,0,0,79,279,780,9,,,No,No,No,No,No,No,No,No,No,No,No,No,No,No,No,No,No,No,No,No,No,No,No,No,No
155648850,88823691,Caucasian,Female,[50-60),?,1,1,7,2,MC,?,61,0,15,0,0,0,786,780,276,9,,,No,No,No,No,No,No,No,No,No,No,No,No,No,No,No,No,No,No,No,No,No,No,No,No,No
155649162,84841839,Caucasian,Male,[60-70),?,2,1,1,5,MC,Podiatry,25,3,15,8,0,1,94,707,682,9,,,No,No,No,No,No,No,No,No,No,No,No,No,No,No,No,No,No,Down,No,No,No,No,No,Ch,Yes
155649570,42679179,Caucasian,Male,[60-70),?,3,3,1,1,MC,Cardiology,13,6,13,0,0,2,414,780,401,6,,,No,No,No,No,No,No,No,No,No,No,No,No,No,No,No,No,No,No,No,No,No,No,No,No,No
155651700,101956869,Caucasian,Female,[40-50),?,2,1,7,3,SP,Emergency/Trauma,60,4,13,0,1,3,577,790,577,9,,,No,No,No,No,No,No,No,No,No,No,No,No,No,No,No,No,No,Steady,No,No,No,No,No,No,Yes
155653350,103305528,Asian,Male,[50-60),?,3,1,1,7,UN,Urology,43,4,19,1,1,5,996,38,995,9,,,No,No,No,No,No,No,No,Steady,No,No,No,No,No,No,No,No,No,Up,No,No,No,No,No,Ch,Yes
155654718,89642889,Caucasian,Male,[70-80),?,3,1,1,4,SP,Cardiology,57,0,18,0,0,0,427,428,250,8,,Norm,No,No,No,No,No,No,No,No,No,No,Steady,No,No,No,No,No,No,Up,No,No,No,No,No,Ch,Yes
155656140,102480858,Caucasian,Male,[60-70),?,2,1,1,3,?,InternalMedicine,50,3,11,0,0,0,486,496,428,9,,,No,No,No,No,No,No,No,No,No,Steady,No,No,No,No,No,No,No,No,No,No,No,No,No,No,Yes
155656848,66104586,Caucasian,Female,[70-80),?,1,3,7,6,?,?,2,2,22,4,0,0,162,518,496,9,,,No,No,No,No,No,No,No,No,No,No,No,No,No,No,No,No,No,Steady,No,No,No,No,No,No,Yes
155660364,41498469,Caucasian,Male,[70-80),?,3,1,1,4,MC,Cardiology,34,0,21,1,0,2,511,593,401,9,,,Steady,No,No,No,No,No,No,No,No,Steady,No,No,No,No,No,No,No,No,No,No,No,No,No,Ch,Yes
155661810,48052368,AfricanAmerican,Female,[50-60),?,1,1,7,2,OG,?,49,4,16,0,0,0,786,413,250,8,,,No,No,No,No,No,No,No,No,No,No,Steady,No,No,No,No,No,No,No,No,No,No,No,No,No,Yes
155663490,24325983,AfricanAmerican,Female,[70-80),?,1,1,7,3,?,Family/GeneralPractice,51,0,14,0,0,0,250.12,401,290,4,,>8,Steady,No,No,No,No,No,Steady,No,No,Steady,No,No,No,No,No,No,No,Up,No,No,No,No,No,Ch,Yes
155665602,42091164,Caucasian,Male,[80-90),?,1,11,7,4,?,?,43,0,20,0,1,0,428,426,426,9,,,No,No,No,No,No,No,No,No,No,No,No,No,No,No,No,No,No,Steady,No,No,No,No,No,No,Yes
155666910,109553499,Caucasian,Male,[40-50),?,2,2,1,1,BC,Radiologist,45,0,13,0,0,0,411,250.02,401,5,,,No,No,No,No,No,No,No,No,No,No,No,No,No,No,No,No,No,No,No,No,No,No,No,No,No
155670138,93939993,Caucasian,Male,[70-80),?,5,3,1,13,MC,?,42,1,27,1,0,0,434,427,403,9,,,No,No,No,No,No,No,No,No,No,No,No,No,No,No,No,No,No,No,No,No,No,No,No,No,No
155670216,114221169,AfricanAmerican,Female,[50-60),?,1,1,7,2,HM,?,10,0,12,0,0,0,428,496,414,7,,,No,No,No,No,No,No,No,Steady,No,No,No,No,No,No,No,No,No,No,No,No,No,No,No,No,Yes
155670612,37042479,Caucasian,Male,[40-50),?,1,3,7,2,PO,?,31,2,5,0,1,0,250.6,357,401,9,,,No,No,No,No,No,No,No,No,No,No,No,No,No,No,No,No,No,No,No,No,No,No,No,No,No
155673510,77436486,Other,Male,[60-70),?,6,3,7,8,?,?,70,3,18,0,0,0,434,413,496,6,Norm,>7,No,No,No,No,No,No,Up,No,No,No,No,No,No,No,No,No,No,No,No,No,No,No,No,Ch,Yes
155675460,60775749,AfricanAmerican,Female,[50-60),?,1,1,7,3,?,?,39,0,13,0,0,0,786,401,250,7,,,No,No,No,No,Steady,No,No,No,No,No,No,No,No,No,No,No,No,Steady,No,No,No,No,No,Ch,Yes
155676030,51676227,AfricanAmerican,Male,[70-80),?,1,1,7,5,?,?,32,2,15,0,1,0,428,535,403,9,,,No,No,No,No,No,No,No,No,No,No,Steady,No,No,No,No,No,No,Steady,No,No,No,No,No,Ch,Yes
155676840,33942528,Caucasian,Male,[60-70),?,1,2,7,1,MC,Cardiology,43,0,12,0,0,0,414,411,244,9,,,No,No,No,No,No,No,No,No,No,No,Steady,No,No,No,No,No,No,No,No,No,No,No,No,No,Yes
155677026,78094305,Caucasian,Male,[50-60),?,2,1,1,4,?,Pediatrics,42,1,21,0,0,0,574,278,401,7,,,No,No,No,No,No,No,No,No,No,No,No,No,No,No,No,No,No,Steady,No,No,No,No,No,No,Yes
155677116,43819452,Caucasian,Female,[90-100),?,1,23,7,7,SP,?,33,0,16,0,0,0,410,428,401,6,,,No,No,No,No,No,No,No,No,No,No,No,No,No,No,No,No,No,No,No,No,No,No,No,No,No
155678574,84671190,AfricanAmerican,Male,[60-70),?,1,6,7,7,CP,?,63,2,22,0,0,0,162,197,197,9,,>8,No,No,No,No,No,No,No,No,No,No,No,No,No,No,No,No,No,Down,No,No,No,No,No,Ch,Yes
155681352,110876328,AfricanAmerican,Male,[60-70),?,2,1,1,4,?,Cardiology,33,1,11,0,0,0,414,428,427,9,,,No,No,No,No,No,No,No,No,No,No,No,No,No,No,No,No,No,No,No,No,No,No,No,No,No
155681808,101643075,AfricanAmerican,Female,[50-60),?,1,1,2,9,?,?,65,2,24,0,0,0,518,491,401,9,,,Steady,No,No,No,Steady,No,Steady,No,No,No,No,No,No,No,No,No,No,No,No,No,No,No,No,Ch,Yes
155681814,101643084,Other,Male,[70-80),?,2,1,2,3,?,Psychiatry,57,1,26,0,0,0,518,427,276,9,,,Steady,No,No,No,No,No,No,Steady,No,No,No,No,No,No,No,No,No,Steady,No,No,No,No,No,Ch,Yes
155682816,44848134,AfricanAmerican,Male,[40-50),?,1,1,7,4,MC,?,58,1,11,0,0,0,518,496,486,9,,,Steady,No,No,No,No,No,No,Steady,No,No,No,No,No,No,No,No,No,No,No,No,No,No,No,Ch,Yes
155684532,76886451,Caucasian,Male,[70-80),[125-150),1,1,7,8,UN,?,74,0,10,0,0,0,682,424,459,9,,,Steady,No,No,No,No,No,No,Up,No,No,No,No,No,No,No,No,No,No,No,No,No,No,No,Ch,Yes
155684778,36881343,Caucasian,Male,[60-70),?,1,4,7,5,MC,?,35,0,19,0,0,0,428,276,599,9,,,No,No,No,No,No,No,No,No,No,No,No,No,No,No,No,No,No,Steady,No,No,No,No,No,No,Yes
155684952,82206360,Asian,Female,[60-70),?,1,1,7,2,UN,?,60,2,11,0,0,1,491,295,250,6,,,Steady,No,No,No,No,No,No,No,No,No,No,No,No,No,No,No,No,No,No,No,No,No,No,No,Yes
155685102,62465130,Caucasian,Female,[80-90),?,1,1,7,5,?,?,40,5,21,1,0,0,414,411,427,8,,,No,No,No,No,No,No,Steady,No,No,No,Steady,No,No,No,No,No,No,No,No,No,No,No,No,Ch,Yes
155688294,93359421,AfricanAmerican,Male,[70-80),?,1,1,2,4,?,?,49,0,16,0,0,3,428,276,599,9,,,No,No,No,No,Steady,No,Steady,No,No,No,Steady,No,No,No,No,No,No,Steady,No,No,No,No,No,Ch,Yes
155689062,86305914,Caucasian,Female,[20-30),?,5,1,1,2,MD,?,37,0,10,1,0,0,250.13,599,276,9,,,No,No,No,No,No,No,No,No,No,No,No,No,No,No,No,No,No,Up,No,No,No,No,No,Ch,Yes
155689548,55651041,Caucasian,Female,[80-90),?,1,1,1,1,?,?,36,0,18,1,0,1,812,428,427,9,,,No,No,No,No,Steady,No,No,No,No,No,No,No,No,No,No,No,No,Steady,No,No,No,No,No,Ch,Yes
155689956,94128345,Caucasian,Female,[70-80),?,1,1,1,3,MC,?,32,0,2,1,0,0,560,250,?,2,,,No,No,No,No,No,No,No,No,No,No,No,No,No,No,No,No,No,No,No,No,No,No,No,No,No
155691162,57281427,Caucasian,Male,[60-70),?,1,1,7,1,BC,?,43,0,29,0,0,0,428,491,593,9,,,Steady,No,No,No,No,No,No,No,No,Steady,No,No,No,No,No,No,No,Steady,No,No,No,No,No,Ch,Yes
155691990,3380436,Caucasian,Male,[50-60),?,3,1,1,5,?,Surgeon,52,5,23,2,0,1,414,285,292,9,,,No,No,No,No,Up,No,No,No,No,No,No,No,No,No,No,No,No,Steady,No,No,No,No,No,Ch,Yes
155692080,58902426,Caucasian,Male,[60-70),?,3,6,1,2,MC,Orthopedics,34,1,17,0,0,0,996,250,401,4,,,No,No,No,No,No,No,Steady,No,No,No,No,No,No,No,No,No,No,No,No,No,No,No,No,No,Yes
155692314,2335770,Caucasian,Female,[50-60),?,3,1,1,1,?,?,35,3,6,0,0,0,722,718,721,9,,,No,No,No,No,No,No,No,No,No,No,No,No,No,No,No,No,No,No,No,No,No,No,No,No,No
155696574,40896540,Caucasian,Female,[70-80),?,3,6,1,12,MD,Surgery-General,57,4,46,0,0,1,153,197,197,9,,,No,No,No,No,No,No,No,No,No,No,No,No,No,No,No,No,No,No,No,No,No,No,No,No,No
155698062,103724568,Caucasian,Male,[60-70),?,3,6,1,4,MC,Surgery-General,38,1,18,2,0,0,250.7,440,V45,9,,,Steady,No,No,No,No,No,No,No,No,No,No,No,No,No,No,No,No,No,No,No,No,No,No,No,Yes
155700750,36885348,Caucasian,Male,[40-50),?,3,1,1,6,SP,Surgery-Vascular,46,6,26,0,0,0,V55,558,575,8,,Norm,No,No,No,No,No,No,No,No,No,No,No,No,No,No,No,No,No,Steady,No,No,No,No,No,No,Yes
155701992,35346321,Caucasian,Male,[80-90),?,5,1,1,3,MC,?,45,2,23,0,0,0,518,428,410,9,,,No,No,No,No,No,No,No,No,No,No,Steady,No,No,No,No,No,No,Steady,No,No,No,No,No,Ch,Yes
155702562,88858197,Caucasian,Female,[60-70),?,1,3,7,3,CP,?,52,0,14,0,0,0,599,780,295,9,,,Steady,No,No,No,No,No,No,No,No,No,No,No,No,No,No,No,No,No,No,No,No,No,No,No,Yes
155702976,35206083,Caucasian,Male,[70-80),?,3,1,1,2,MC,Urology,28,2,10,1,2,3,600,596,428,9,,,No,No,No,No,No,No,Steady,No,No,No,No,No,No,No,No,No,No,No,No,No,No,No,No,No,Yes
155704350,103972581,AfricanAmerican,Male,[70-80),?,3,1,1,4,MC,Orthopedics,18,3,11,0,0,0,722,997,428,9,,,Steady,No,No,No,No,No,No,No,No,No,No,No,No,No,No,No,No,Steady,No,No,No,No,No,Ch,Yes
155712900,58715640,AfricanAmerican,Male,[50-60),?,1,1,7,2,CM,?,58,0,6,0,0,1,435,250,401,6,,,No,No,No,No,No,No,No,No,No,No,No,No,No,No,No,No,No,No,No,No,No,No,No,No,No
155715150,49800168,Caucasian,Male,[50-60),?,5,3,1,4,HM,Orthopedics,57,3,15,0,0,2,715,250,285,9,,,No,No,No,No,No,No,No,No,No,No,No,No,No,No,No,No,No,Steady,No,No,No,No,No,No,Yes
155722590,25007112,Caucasian,Male,[80-90),?,1,1,7,2,MC,Family/GeneralPractice,43,0,17,0,0,1,424,416,496,7,,,No,No,No,No,No,No,Steady,No,No,No,No,No,No,No,No,No,No,Steady,No,No,No,No,No,Ch,Yes
155723166,30871881,Caucasian,Female,[70-80),?,1,6,7,8,MC,?,60,1,17,0,0,0,574,997,518,9,,,No,No,No,No,No,No,No,No,No,No,No,No,No,No,No,No,No,Steady,No,No,No,No,No,No,Yes
155726622,24366528,AfricanAmerican,Female,[80-90),?,1,3,7,8,MC,InternalMedicine,43,1,17,0,0,1,584,486,511,9,,,No,No,No,No,No,No,No,No,No,No,No,No,No,No,No,No,No,Steady,No,No,No,No,No,No,Yes
155730924,59133546,AfricanAmerican,Female,[50-60),?,3,6,1,14,MD,?,48,0,24,0,0,1,V57,434,276,9,,,No,No,No,No,No,No,No,No,No,Steady,No,No,No,No,No,No,No,No,No,No,No,No,No,No,Yes
155735334,23611761,Caucasian,Male,[60-70),?,1,6,7,11,BC,InternalMedicine,39,4,23,0,0,1,250.8,707,707,9,,,No,No,No,No,No,No,No,No,No,No,Steady,No,No,No,No,No,No,Steady,No,No,No,No,No,Ch,Yes
155735502,91161297,Caucasian,Male,[80-90),?,3,3,1,5,MC,Family/GeneralPractice,34,1,22,1,0,3,250.7,440,427,9,,,No,No,No,No,No,No,No,No,No,No,No,No,No,No,No,No,No,Up,No,No,No,No,No,Ch,Yes
155742078,25217325,Caucasian,Female,[70-80),?,1,3,6,6,MC,InternalMedicine,40,3,12,0,0,0,873,599,250,9,,,No,No,No,No,No,No,No,No,No,No,No,No,No,No,No,No,No,No,No,No,No,No,No,No,No
155743998,40848840,Caucasian,Female,[70-80),?,1,6,7,4,?,?,55,0,16,0,0,0,250.6,357,401,8,,,No,No,No,No,No,No,No,No,No,Steady,No,No,No,No,No,No,No,Steady,No,No,No,No,No,Ch,Yes
155745642,24049188,AfricanAmerican,Male,[40-50),?,1,1,7,2,SP,InternalMedicine,44,2,8,0,0,1,250.12,276,584,5,,,No,No,No,No,No,No,No,No,No,No,No,No,No,No,No,No,No,Up,No,No,No,No,No,Ch,Yes
155750268,91334655,Caucasian,Female,[60-70),?,2,1,7,2,SP,Emergency/Trauma,58,0,15,0,0,1,428,425,427,9,,,No,Steady,No,No,No,No,No,No,No,No,No,No,No,No,No,No,No,Up,No,No,No,No,No,Ch,Yes
155751300,88704864,Caucasian,Female,[80-90),?,3,1,1,6,MC,Family/GeneralPractice,38,2,32,0,1,4,403,998,428,9,,,No,No,No,No,No,No,No,No,No,No,No,No,No,No,No,No,No,No,No,No,No,No,No,No,No
155751924,70451190,Caucasian,Male,[70-80),?,1,1,1,1,MC,Radiologist,20,6,13,0,0,0,414,411,272,4,,>7,No,No,No,No,No,No,No,No,No,No,No,No,No,No,No,No,No,No,No,No,No,No,No,No,No
155752728,101731815,Caucasian,Female,[50-60),?,1,2,2,1,?,?,47,0,21,0,0,0,410,276,276,9,,,Steady,No,No,No,No,No,No,Steady,No,No,No,No,No,No,No,No,No,Steady,No,No,No,No,No,Ch,Yes
155754474,25257636,Caucasian,Male,[60-70),?,1,1,7,9,MC,InternalMedicine,45,0,27,0,0,0,428,425,403,8,,,No,No,No,No,No,No,No,No,No,No,No,No,No,No,No,No,No,Steady,No,No,No,No,No,No,Yes
155758560,103052844,Caucasian,Male,[80-90),?,1,6,2,2,?,?,11,0,11,0,0,0,428,427,496,9,,,No,No,No,No,No,No,Steady,No,No,No,No,No,No,No,No,No,No,No,No,No,No,No,No,No,Yes
155762988,24854508,Caucasian,Female,[60-70),?,1,1,7,2,HM,InternalMedicine,34,0,13,0,0,0,458,780,250,5,,,No,No,No,No,No,No,No,No,No,Steady,No,No,No,No,No,No,No,Steady,No,No,No,No,No,Ch,Yes
155768340,23603103,AfricanAmerican,Female,[70-80),?,3,1,1,13,MC,Nephrology,40,3,24,0,0,1,250.4,112,562,9,,,No,No,No,No,No,No,No,No,No,No,No,No,No,No,No,No,No,No,No,No,No,No,No,No,No
155771130,90484227,Caucasian,Male,[80-90),?,2,3,1,4,MC,?,10,5,7,0,0,1,996,E879,112,9,,,No,No,No,No,No,No,No,No,No,No,No,No,No,No,No,No,No,Up,No,No,No,No,No,Ch,Yes
155771586,84788586,Caucasian,Female,[50-60),?,1,7,7,1,CP,?,82,0,17,2,0,0,250.8,599,780,6,,Norm,No,No,No,No,No,No,No,No,No,No,No,No,No,No,No,No,No,No,No,No,No,No,No,No,No
155773656,93826008,Caucasian,Female,[90-100),?,2,1,7,1,MC,Emergency/Trauma,56,0,9,0,0,0,428,427,780,6,,,No,No,No,No,No,No,Steady,No,No,No,No,No,No,No,No,No,No,Up,No,No,No,No,No,Ch,Yes
155774976,71207082,Caucasian,Female,[40-50),?,1,1,7,1,BC,?,43,0,10,0,0,0,786,414,250,6,,>8,No,No,No,No,No,No,Steady,No,No,No,No,No,No,No,No,No,No,Steady,No,No,No,No,No,Ch,Yes
155777970,73065888,AfricanAmerican,Female,[80-90),?,2,1,1,3,?,InternalMedicine,55,0,17,0,0,0,491,428,427,9,,,No,No,No,No,No,No,No,No,No,No,No,No,No,No,No,No,No,Down,No,No,No,No,No,Ch,Yes
155777976,62274870,Caucasian,Female,[90-100),?,2,22,2,6,?,Orthopedics-Reconstructive,2,2,11,0,0,1,V57,428,427,7,,,No,No,No,No,No,No,Steady,No,No,No,No,No,No,No,No,No,No,No,No,No,No,No,No,No,Yes
155779584,87812100,AfricanAmerican,Female,[50-60),?,1,1,7,8,DM,?,58,1,9,0,0,1,996,403,38,9,,,Steady,No,No,No,No,No,No,No,No,No,No,No,No,No,No,No,No,Steady,No,No,No,No,No,Ch,Yes
155780286,62619804,AfricanAmerican,Male,[80-90),?,2,6,2,14,?,Nephrology,50,3,15,0,0,1,511,403,427,6,,,No,No,No,No,No,No,No,No,No,No,No,No,No,No,No,No,No,Steady,No,No,No,No,No,No,Yes
155782884,78417216,Caucasian,Female,[70-80),?,1,6,7,4,MC,?,70,0,20,0,0,0,599,427,250.03,9,,>8,No,No,No,No,No,No,Steady,No,No,No,No,No,No,No,No,No,No,Down,No,No,No,No,No,Ch,Yes
155784384,97370037,AfricanAmerican,Female,[30-40),?,1,1,1,3,?,?,47,1,16,0,0,1,590,285,250,4,,,No,No,No,No,Steady,No,No,No,No,No,Steady,No,No,No,No,No,No,Steady,No,No,No,No,No,Ch,Yes
155785044,85067748,AfricanAmerican,Female,[50-60),?,2,7,1,3,HM,?,60,0,12,1,0,1,282,276,250,4,,>7,No,No,No,No,No,No,No,No,No,No,No,No,No,No,No,No,No,No,No,No,No,No,No,No,No
155786814,37096866,Caucasian,Female,[50-60),?,3,2,7,5,MD,Emergency/Trauma,73,4,43,2,0,1,414,413,403,9,,,No,No,No,No,No,No,Steady,No,No,Steady,No,No,No,No,No,No,No,Down,No,No,No,No,No,Ch,Yes
155787672,93151035,Caucasian,Female,[40-50),?,2,6,7,5,MD,Emergency/Trauma,61,1,13,0,1,1,682,707,599,9,,>8,Steady,No,No,No,No,No,Steady,No,No,No,No,No,No,No,No,No,No,Down,No,No,No,No,No,Ch,Yes
155788386,108495693,AfricanAmerican,Female,[50-60),?,1,1,7,7,CM,?,41,2,13,0,0,0,38,403,295,7,,Norm,No,No,No,No,No,No,Steady,No,No,No,Steady,No,No,No,No,No,No,Steady,No,No,No,No,No,Ch,Yes
155788548,53986851,Caucasian,Male,[70-80),?,1,1,7,2,MC,?,40,0,9,0,0,0,255,79,790,9,,,No,No,No,No,No,No,Steady,No,No,No,No,No,No,No,No,No,No,Steady,No,No,No,No,No,Ch,Yes
155788860,80199657,Caucasian,Female,[30-40),?,1,1,7,2,BC,?,37,1,15,0,0,0,599,41,255,9,,,No,No,No,No,No,No,No,No,No,No,No,No,No,No,No,No,No,Down,No,No,No,No,No,Ch,Yes
155789010,92635632,Caucasian,Female,[70-80),?,5,1,1,3,MC,?,38,0,14,1,0,1,486,584,428,8,,,No,No,No,No,No,No,No,Steady,No,Steady,No,No,No,No,No,No,No,No,No,No,No,No,No,Ch,Yes
155790312,40591503,Caucasian,Female,[70-80),?,1,22,7,7,MC,Urology,66,2,29,1,0,2,584,276,496,8,,,No,No,No,No,No,No,No,No,No,No,No,No,No,No,No,No,No,Up,No,No,No,No,No,Ch,Yes
155792304,84798963,AfricanAmerican,Male,[50-60),?,1,6,7,2,HM,?,39,0,13,0,0,0,434,428,295,9,,,No,No,No,No,No,No,No,Steady,No,No,No,No,No,No,No,No,No,No,No,No,No,No,No,No,Yes
155792556,72066339,AfricanAmerican,Male,[60-70),?,1,6,7,1,?,?,33,1,15,0,0,1,796,496,244,9,,,No,No,No,No,No,No,No,No,No,No,No,No,No,No,No,No,No,Steady,No,No,No,No,No,No,Yes
155793588,101767032,Caucasian,Male,[70-80),?,1,1,2,5,?,?,39,0,13,0,0,0,486,428,491,9,,,No,No,No,No,No,No,Steady,No,No,No,No,No,No,No,No,No,No,No,No,No,No,No,No,No,Yes
155799504,52433343,AfricanAmerican,Female,[50-60),?,1,23,7,9,?,?,36,3,8,0,0,0,434,518,507,9,,,No,No,No,No,No,No,No,No,No,No,No,No,No,No,No,No,No,No,No,No,No,No,No,No,No
155800086,57184236,Caucasian,Female,[80-90),?,1,6,7,5,MC,?,54,0,24,0,0,5,482,8,276,9,,,No,No,No,No,No,No,Steady,No,No,No,No,No,No,No,No,No,No,Steady,No,No,No,No,No,Ch,Yes
155800422,89008614,Caucasian,Male,[80-90),?,2,3,7,6,SP,Emergency/Trauma,81,1,18,0,0,1,428,284,599,9,,,Steady,No,No,No,No,No,No,No,No,No,No,No,No,No,No,No,No,Steady,No,No,No,No,No,Ch,Yes
155803746,31065858,Caucasian,Male,[60-70),?,5,23,1,10,MC,?,52,2,24,0,0,1,518,428,428,9,,,No,No,No,No,No,No,No,No,No,No,No,No,No,No,No,No,No,Up,No,No,No,No,No,Ch,Yes
155804436,106526691,Caucasian,Male,[30-40),?,1,1,7,4,UN,Surgery-General,56,3,19,0,0,0,577,574,250,6,,,No,No,No,No,No,No,No,No,No,No,No,No,No,No,No,No,No,No,No,No,No,No,No,No,No
155805642,41966262,Caucasian,Male,[80-90),?,3,1,1,2,?,Surgery-Vascular,39,2,16,0,0,0,997,428,496,9,,,Steady,No,No,No,No,No,No,No,No,No,No,No,No,No,No,No,No,No,No,No,No,No,No,No,Yes
155805960,77327595,Caucasian,Female,[50-60),?,1,1,7,4,MC,Family/GeneralPractice,51,0,21,0,3,1,482,V42,491,9,,,No,No,No,No,No,No,No,No,No,No,No,No,No,No,No,No,No,Steady,No,No,No,No,No,No,Yes
155806314,24601626,AfricanAmerican,Female,[30-40),?,1,3,5,1,MD,InternalMedicine,36,0,8,0,0,1,599,250.02,278,8,,>8,No,No,No,No,No,No,No,No,No,No,No,No,No,No,No,No,No,Steady,No,No,No,No,No,No,Yes
155834070,74767734,Caucasian,Female,[80-90),[50-75),1,1,7,2,MC,?,52,0,14,0,0,0,493,396,401,9,,,No,No,No,No,No,No,No,No,No,No,No,No,No,No,No,No,No,No,No,No,No,No,No,No,No
155834112,103896540,Caucasian,Male,[50-60),?,2,1,7,2,MC,Emergency/Trauma,34,1,8,0,0,3,996,403,790,9,,>7,No,Steady,No,No,No,No,No,No,No,No,Steady,No,No,No,No,No,No,No,No,No,No,No,No,Ch,Yes
155835000,28938807,Caucasian,Female,[80-90),?,1,3,7,7,MC,?,54,3,14,0,0,0,434,427,599,8,,,No,No,No,No,No,No,No,No,No,No,No,No,No,No,No,No,No,Steady,No,No,No,No,No,No,Yes
155836254,24218109,AfricanAmerican,Female,[40-50),?,1,1,7,10,MC,InternalMedicine,40,2,26,0,0,1,590,403,595,9,,,No,No,No,No,No,No,No,No,No,No,No,No,No,No,No,No,No,Steady,No,No,No,No,No,No,Yes
155843070,23590674,AfricanAmerican,Female,[60-70),?,3,1,1,1,MC,Surgery-Vascular,48,2,22,2,1,1,996,276,403,6,,,No,No,No,No,No,No,No,No,No,No,No,No,No,No,No,No,No,No,No,No,No,No,No,No,No
155861088,96149646,Caucasian,Female,[60-70),?,3,1,1,1,?,Nephrology,20,0,1,1,0,0,285,250.4,586,4,,,No,No,No,No,No,No,No,No,No,No,No,No,No,No,No,No,No,No,No,No,No,No,No,No,No
155862006,43538229,Other,Female,[40-50),?,3,6,1,6,SP,?,39,0,13,0,0,0,682,278,401,5,,Norm,Steady,No,No,No,No,No,No,No,No,No,No,No,No,No,No,No,No,No,No,No,No,No,No,No,Yes
155863950,99173457,Caucasian,Male,[70-80),?,3,1,1,1,MC,Hematology,27,1,7,0,0,0,285,238,250,5,,,Steady,No,No,No,No,No,No,No,No,No,No,No,No,No,No,No,No,No,No,No,No,No,No,No,Yes
155867874,58779495,AfricanAmerican,Male,[40-50),?,1,1,1,7,?,?,67,0,11,0,0,2,486,250.02,287,8,,,No,No,No,No,No,No,No,No,No,No,No,No,No,No,No,No,No,Down,No,No,No,No,No,Ch,Yes
155868522,49964796,Hispanic,Female,[70-80),?,1,1,7,4,MC,?,34,0,24,0,0,0,402,496,428,9,,,No,No,No,No,No,No,No,No,No,No,No,No,No,No,No,No,No,Steady,No,No,No,No,No,No,Yes
155869806,25258500,Caucasian,Female,[60-70),?,1,3,7,11,MC,InternalMedicine,51,0,22,0,0,0,275,434,780,9,,,Steady,No,No,No,No,No,No,No,No,No,No,No,No,No,No,No,No,Steady,No,No,No,No,No,Ch,Yes
155873538,24328710,AfricanAmerican,Female,[50-60),?,1,1,7,4,MC,?,40,2,18,0,0,0,574,599,401,4,,,No,No,No,No,No,No,No,No,No,No,No,No,No,No,No,No,No,No,No,No,No,No,No,No,No
155876994,38989440,Caucasian,Male,[50-60),?,2,1,7,1,SP,Emergency/Trauma,8,0,11,0,0,1,572,571,789,9,,,No,No,No,No,No,No,No,No,No,No,No,No,No,No,No,No,No,Up,No,No,No,No,No,Ch,Yes
155880402,54213840,Caucasian,Female,[80-90),?,2,1,1,4,MC,?,50,1,12,0,0,1,250.6,536,496,9,,,No,No,No,No,No,No,No,No,No,No,No,No,No,No,No,No,No,Up,No,No,No,No,No,Ch,Yes
155880750,61957701,Caucasian,Female,[70-80),?,5,3,1,7,MC,?,27,1,12,0,0,1,682,250.6,496,8,,,No,No,No,No,No,No,No,No,No,Steady,No,No,No,No,No,No,No,Steady,No,No,No,No,No,Ch,Yes
155881314,101749095,AfricanAmerican,Female,[70-80),?,1,4,7,5,?,?,36,1,14,0,0,0,536,496,263,6,,,Steady,No,No,No,No,No,No,No,No,No,No,No,No,No,No,No,No,No,No,No,No,No,No,No,Yes
155884152,28865844,Caucasian,Male,[60-70),?,1,3,7,8,MC,?,44,0,12,0,0,0,805,577,E888,9,,Norm,No,No,No,No,No,No,No,No,No,No,No,No,No,No,No,No,No,No,No,No,No,No,No,No,No
155884806,38369259,AfricanAmerican,Female,[60-70),?,1,6,7,12,?,?,45,2,18,5,0,1,536,276,403,9,,,No,No,No,No,No,No,No,No,No,No,No,No,No,No,No,No,No,No,No,No,No,No,No,No,No
155887242,94012839,Caucasian,Female,[90-100),?,2,3,7,3,MC,Emergency/Trauma,52,0,17,0,0,3,786,428,427,7,,,No,Steady,No,No,No,No,Steady,No,No,No,No,No,No,No,No,No,No,Up,No,No,No,No,No,Ch,Yes
155887392,70791318,Caucasian,Female,[60-70),?,3,1,1,2,?,Orthopedics-Reconstructive,39,2,26,0,0,1,518,428,V10,9,,,Steady,No,No,No,No,No,Steady,No,No,No,No,No,No,No,No,No,No,No,No,No,No,No,No,Ch,Yes
155887794,78554124,Caucasian,Male,[70-80),?,1,1,1,8,?,?,44,0,16,5,0,0,486,493,250,9,,,No,No,No,No,No,No,Steady,No,No,No,No,No,No,No,No,No,No,Down,No,No,No,No,No,Ch,Yes
155888178,42899985,Caucasian,Female,[80-90),?,3,23,1,11,MC,Surgery-General,10,3,20,2,0,3,707,250,?,2,,,Steady,No,No,No,No,No,No,Steady,No,No,No,No,No,No,No,No,No,Steady,No,No,No,No,No,Ch,Yes
155890080,38045520,Caucasian,Male,[50-60),?,1,1,7,3,?,?,38,1,14,0,0,0,427,428,401,4,,,No,No,No,No,No,No,No,No,No,No,No,No,No,No,No,No,No,No,No,No,No,No,No,No,No
155890296,61493328,AfricanAmerican,Male,[30-40),?,1,1,7,6,?,?,74,4,34,0,0,0,404,682,682,9,,,No,No,No,No,No,No,No,No,No,No,No,No,No,No,No,No,No,No,No,No,No,No,No,No,No
155891598,63634950,Caucasian,Female,[60-70),?,3,3,1,14,MC,Psychiatry,57,0,12,0,0,0,296,250,401,4,,,No,Steady,No,No,No,No,No,No,No,No,No,No,No,No,No,No,No,No,No,No,No,No,No,No,Yes
155895900,101871468,AfricanAmerican,Male,[30-40),?,1,1,2,14,?,?,55,4,35,0,0,0,996,38,995,9,,,No,No,No,No,No,No,No,No,No,No,No,No,No,No,No,No,No,Down,No,No,No,No,No,Ch,Yes
155896014,101868588,Other,Female,[60-70),?,1,1,2,9,?,?,66,2,24,0,0,0,996,38,995,9,,,No,No,No,No,No,No,No,No,No,No,No,No,No,No,No,No,No,Down,No,No,No,No,No,Ch,Yes
155896704,95396535,Caucasian,Female,[80-90),?,2,3,7,5,MC,Emergency/Trauma,59,2,24,0,1,1,820,250.02,401,7,,,Steady,No,No,No,No,No,Steady,No,No,No,No,No,No,No,No,No,No,Down,No,No,No,No,No,Ch,Yes
155897688,62389053,Caucasian,Female,[90-100),?,1,3,7,4,MC,?,70,0,16,0,0,1,38,682,255,9,,,No,No,No,No,No,No,No,No,No,No,No,No,No,No,No,No,No,No,No,No,No,No,No,No,No
155898066,61427259,Caucasian,Female,[70-80),?,1,1,7,9,?,?,46,0,14,0,0,0,560,428,276,9,,,No,No,No,No,No,No,No,No,No,No,No,No,No,No,No,No,No,No,No,No,No,No,No,No,No
155898420,59572350,Caucasian,Female,[60-70),?,1,1,1,7,?,?,53,0,14,2,0,0,560,578,599,9,,,No,No,No,No,No,No,No,No,No,No,No,No,No,No,No,No,No,Steady,No,No,No,No,No,No,Yes
155898804,28580220,Caucasian,Female,[60-70),?,1,1,7,2,?,?,63,0,14,4,1,0,584,276,403,9,,,No,No,No,No,No,No,No,No,No,No,No,No,No,No,No,No,No,Steady,No,No,No,No,No,No,Yes
155900436,103214043,AfricanAmerican,Male,[60-70),?,1,23,7,14,?,?,61,3,25,0,0,0,431,518,784,6,,,No,No,No,No,No,No,No,No,No,No,No,No,No,No,No,No,No,Up,No,No,No,No,No,Ch,Yes
155900466,102871602,AfricanAmerican,Male,[40-50),?,1,3,7,6,?,?,32,0,22,0,0,4,250.6,403,707,9,,,No,No,No,No,No,No,No,No,No,No,No,No,No,No,No,No,No,Down,No,No,No,No,No,Ch,Yes
155901348,81198765,Caucasian,Female,[30-40),?,1,1,7,2,MC,?,18,0,8,0,0,0,789,780,790,9,,,No,No,No,No,No,No,No,No,No,No,No,No,No,No,No,No,No,No,No,No,No,No,No,No,No
155902584,101871711,Caucasian,Male,[70-80),?,1,1,2,3,?,?,37,0,9,0,0,0,V63,682,584,9,,,Steady,No,No,No,No,No,No,No,No,No,No,No,No,No,No,No,No,No,No,No,No,No,No,No,Yes
155902590,84400695,Caucasian,Female,[80-90),?,1,3,7,11,MC,?,50,0,17,0,0,0,599,428,8,9,,,No,No,No,No,Steady,No,No,No,No,No,No,No,No,No,No,No,No,No,No,No,No,No,No,No,Yes
155902752,86265378,AfricanAmerican,Female,[30-40),?,1,1,7,2,HM,?,26,1,17,0,0,0,47,590,401,8,,,Steady,No,No,No,No,No,Steady,No,No,Steady,No,No,No,No,No,No,No,No,No,No,No,No,No,Ch,Yes
155902866,84633552,Caucasian,Female,[80-90),?,1,3,7,6,MC,?,52,1,23,0,0,0,724,276,428,9,,,No,No,No,No,No,No,No,No,No,No,No,No,No,No,No,No,No,Steady,No,No,No,No,No,No,Yes
155903634,101965473,AfricanAmerican,Male,[40-50),?,1,1,2,7,?,?,49,3,24,0,0,0,996,38,995,9,,,No,No,No,No,No,No,No,No,No,No,No,No,No,No,No,No,No,No,No,No,No,No,No,No,No
155903652,54780048,Caucasian,Male,[60-70),?,1,1,1,1,HM,?,40,0,7,0,0,0,276,8,250,6,,,No,No,No,No,No,No,No,No,No,No,No,No,No,No,No,No,No,Steady,No,No,No,No,No,No,Yes
155904372,101870928,Caucasian,Male,[60-70),?,1,1,7,11,?,?,53,3,27,0,0,0,726,250.02,414,9,,,No,No,No,No,No,No,No,No,No,No,Steady,No,No,No,No,No,No,Up,No,No,No,No,No,Ch,Yes
155904564,43822251,Caucasian,Male,[40-50),?,1,1,7,2,MC,?,35,0,15,0,0,0,786,276,V45,8,,,No,No,No,No,No,No,No,No,No,Steady,No,No,No,No,No,No,No,No,No,No,No,No,No,No,Yes
155904960,30770415,Caucasian,Female,[80-90),?,1,6,7,4,MC,InternalMedicine,65,2,11,0,3,2,294,331,272,7,,>7,No,No,No,No,No,No,No,No,No,No,No,No,No,No,No,No,No,No,No,No,No,No,No,No,No
155911134,47461707,AfricanAmerican,Male,[50-60),?,1,1,7,9,HM,?,50,0,13,0,0,0,415,453,511,7,,,No,No,No,No,No,No,No,No,No,No,No,No,No,No,No,No,No,Down,No,No,No,No,No,Ch,Yes
155915778,93001833,AfricanAmerican,Female,[80-90),?,1,1,1,1,MC,?,16,0,9,3,0,1,437,428,427,9,,>7,No,Steady,No,No,No,No,No,No,No,No,No,No,No,No,No,No,No,No,No,No,No,No,No,No,Yes
155918064,25258950,Caucasian,Female,[80-90),?,1,6,7,3,MC,InternalMedicine,44,0,9,0,0,0,250.8,E932,402,3,,Norm,No,No,No,No,No,No,No,No,No,No,No,No,No,No,No,No,No,No,No,No,No,No,No,No,No
155918106,59396490,Caucasian,Female,[80-90),?,1,1,7,1,CM,?,42,0,2,0,0,0,850,298,784,6,,,No,No,No,No,No,No,No,No,No,No,No,No,No,No,No,No,No,No,No,No,No,No,No,No,No
155919114,89972676,Caucasian,Female,[60-70),?,1,2,7,1,CP,?,36,0,13,1,0,2,996,403,V45,9,,,No,No,No,No,No,No,No,No,No,No,No,No,No,No,No,No,No,No,No,No,No,No,No,No,No
155920002,24175377,AfricanAmerican,Female,[50-60),?,1,1,7,1,MD,InternalMedicine,49,0,10,0,7,1,530,428,466,7,,,No,No,No,No,No,No,No,No,No,No,No,No,No,No,No,No,No,No,No,No,No,No,No,No,No
155921694,92168775,Caucasian,Male,[70-80),?,1,1,7,5,MC,?,55,1,24,0,0,0,531,577,574,9,,,No,No,No,No,No,No,No,No,No,No,No,No,No,No,No,No,No,Steady,No,No,No,No,No,No,Yes
155921880,96283071,Caucasian,Male,[60-70),?,2,1,7,4,SP,Emergency/Trauma,47,0,11,0,0,2,562,250,401,4,,,Steady,No,No,No,No,No,No,No,No,No,No,No,No,No,No,No,No,Up,No,No,No,No,No,Ch,Yes
155922438,59396652,Caucasian,Male,[50-60),?,1,1,7,6,MD,?,53,0,16,0,0,0,402,707,428,9,,,No,No,No,No,No,No,No,No,No,No,No,No,No,No,No,No,No,Down,No,No,No,No,No,Ch,Yes
155924298,102101571,AfricanAmerican,Male,[30-40),?,1,28,2,2,?,?,40,0,15,0,0,0,682,790,295,9,,,No,No,No,No,No,No,No,No,No,No,No,No,No,No,No,No,No,Steady,No,No,No,No,No,No,Yes
155925144,100677726,AfricanAmerican,Female,[70-80),?,1,3,7,7,MC,?,52,2,13,0,0,0,820,285,599,9,,,No,No,No,No,No,No,No,No,No,No,No,No,No,No,No,No,No,Steady,No,No,No,No,No,No,Yes
155926800,41430294,Caucasian,Male,[50-60),?,3,1,1,7,MC,?,26,0,19,0,0,0,V57,250.6,250.51,8,,,No,No,No,No,No,No,No,No,No,No,No,No,No,No,No,No,No,No,No,No,No,No,No,No,No
155927208,89264439,Caucasian,Female,[80-90),?,2,1,7,3,SP,Emergency/Trauma,53,0,10,0,0,0,780,401,250,5,,,Steady,No,No,No,No,No,No,No,No,No,Steady,No,No,No,No,No,No,Up,No,No,No,No,No,Ch,Yes
155927544,87288192,Caucasian,Male,[90-100),?,1,6,7,5,MC,InternalMedicine,48,0,15,0,0,0,486,276,401,9,,,Steady,No,No,No,No,No,No,No,No,No,Steady,No,No,No,No,No,No,No,No,No,No,No,No,Ch,Yes
155927622,41531211,Caucasian,Female,[90-100),?,1,1,7,3,MD,?,12,0,4,0,0,0,428,496,787,9,,,No,No,No,No,No,No,No,No,No,No,No,No,No,No,No,No,No,Steady,No,No,No,No,No,No,Yes
155928942,102102129,Caucasian,Male,[50-60),?,1,1,2,6,?,?,38,0,25,0,0,0,307,496,296,9,,,No,No,No,No,No,No,No,No,No,No,No,No,No,No,No,No,No,No,No,No,No,No,No,No,No
155929080,85326210,Caucasian,Female,[80-90),?,1,6,7,5,MC,?,56,4,12,0,0,0,578,280,425,9,,,No,No,No,No,No,No,No,No,No,No,No,No,No,No,No,No,No,No,No,No,No,No,No,No,No
155929416,58752171,Caucasian,Female,[60-70),?,1,1,7,5,MC,?,39,6,19,0,0,0,414,403,599,9,,,No,No,No,No,No,No,No,No,No,No,No,No,No,No,No,No,No,Down,No,No,No,No,No,Ch,Yes
155929656,78242805,Caucasian,Female,[50-60),?,1,1,7,3,HM,?,53,0,16,0,0,0,682,599,41,9,,,Steady,No,No,No,No,No,No,No,No,No,Steady,Steady,No,No,No,No,No,Steady,No,No,No,No,No,Ch,Yes
155930334,23263713,Caucasian,Female,[60-70),?,1,1,7,7,MC,Family/GeneralPractice,44,1,22,0,0,0,35,428,401,7,,,No,No,No,No,No,No,No,No,No,No,No,No,No,No,No,No,No,Steady,No,No,No,No,No,No,Yes
155930658,39646035,Caucasian,Male,[60-70),?,1,1,7,1,HM,?,50,0,4,0,0,1,569,427,E934,8,,,No,No,No,No,No,No,No,No,No,No,No,No,No,No,No,No,No,No,Steady,No,No,No,No,No,Yes
155931372,97830270,AfricanAmerican,Female,[30-40),?,1,1,7,5,MD,InternalMedicine,72,1,16,0,0,8,250.13,276,536,8,,,No,No,No,No,No,No,No,No,No,No,No,No,No,No,No,No,No,Up,No,No,No,No,No,Ch,Yes
155931684,91309482,Caucasian,Female,[60-70),?,1,1,7,5,CP,?,51,1,11,0,0,1,458,585,707,8,,,No,No,No,No,No,No,No,No,No,No,No,No,No,No,No,No,No,No,No,No,No,No,No,No,No
155933724,89737209,Caucasian,Female,[40-50),?,5,3,1,5,MC,?,42,1,25,0,0,0,434,293,996,9,,,No,No,No,No,No,No,No,No,No,No,No,No,No,No,No,No,No,No,No,No,No,No,No,No,No
155933880,59416506,AfricanAmerican,Female,[70-80),?,1,1,7,6,CM,?,59,5,20,0,0,0,410,428,496,9,,,No,No,No,No,No,No,No,No,No,No,No,No,No,No,No,No,No,No,No,No,No,No,No,No,No
155934234,59545827,Caucasian,Male,[60-70),?,1,1,1,13,?,?,75,3,47,2,0,0,153,571,291,8,,,No,No,No,No,No,No,No,No,No,No,No,No,No,No,No,No,No,Steady,No,No,No,No,No,No,Yes
155934444,41096286,AfricanAmerican,Male,[50-60),?,1,1,7,4,MC,?,58,0,18,0,0,0,428,42,496,9,,,No,No,No,No,No,No,No,No,No,Steady,No,No,No,No,No,No,No,Up,No,No,No,No,No,Ch,Yes
155934552,109652868,Caucasian,Male,[80-90),?,1,6,7,6,MC,?,47,4,13,0,0,0,410,790,414,9,,,No,No,No,No,No,No,No,No,No,No,No,No,No,No,No,No,No,No,Steady,No,No,No,No,No,Yes
155934714,91095849,AfricanAmerican,Male,[60-70),?,1,1,7,6,?,?,56,0,11,3,2,4,535,486,276,9,,,No,No,No,No,No,No,No,No,No,No,No,No,No,No,No,No,No,No,No,No,No,No,No,No,No
155934846,102147813,AfricanAmerican,Female,[50-60),?,2,1,2,12,?,Psychiatry,48,0,12,0,0,0,295,250,V15,4,,,Steady,No,No,No,No,No,No,Steady,No,No,No,No,No,No,No,No,No,No,No,No,No,No,No,Ch,Yes
155936928,91988334,Caucasian,Female,[50-60),?,5,28,1,3,MD,?,63,1,13,0,0,0,38,295,496,9,,,No,No,No,No,No,No,No,No,No,No,No,No,No,No,No,No,No,No,No,No,No,No,No,No,No
155937054,95429745,Caucasian,Female,[50-60),?,1,1,2,2,?,?,30,0,8,0,0,0,401,682,250.01,5,,,No,No,No,No,No,No,No,No,No,No,No,No,No,No,No,No,No,No,No,No,No,No,No,No,No
155937516,102224295,AfricanAmerican,Female,[50-60),?,1,1,2,2,?,?,53,1,16,0,0,0,564,403,710,9,,,No,No,No,No,No,No,No,No,No,No,No,No,No,No,No,No,No,No,No,No,No,No,No,No,No
155937690,59397651,AfricanAmerican,Female,[60-70),?,1,1,7,8,MC,?,35,1,12,0,0,0,403,599,276,9,,,No,No,No,No,No,No,No,No,No,No,No,No,No,No,No,No,No,Steady,No,No,No,No,No,No,Yes
155938962,102194766,Caucasian,Female,[90-100),?,1,24,2,4,?,?,53,0,9,0,0,0,599,276,427,8,,,No,No,No,No,No,No,No,No,No,No,No,No,No,No,No,No,No,No,No,No,No,No,No,No,No
155939088,84528855,Caucasian,Female,[40-50),?,1,1,7,3,MC,?,58,0,14,0,0,0,353,496,780,9,,,Steady,No,No,No,No,No,No,Steady,No,No,No,No,No,No,No,No,No,No,No,No,No,No,No,Ch,Yes
155940246,24256719,AfricanAmerican,Female,[60-70),?,1,1,7,14,BC,InternalMedicine,47,1,22,1,0,0,486,205,250,4,,,No,No,No,No,No,No,No,No,No,No,No,No,No,No,No,No,No,Steady,No,No,No,No,No,No,Yes
155941218,23906835,Caucasian,Male,[70-80),?,1,1,7,3,MC,InternalMedicine,34,0,14,0,0,0,486,496,276,8,,,No,No,No,No,No,No,No,No,No,No,No,No,No,No,No,No,No,Steady,No,No,No,No,No,No,Yes
155941476,64904238,Caucasian,Female,[60-70),?,1,6,7,5,?,?,42,0,14,2,0,1,415,402,274,7,,,No,No,No,No,No,No,Steady,No,No,No,No,No,No,No,No,No,No,Steady,No,No,No,No,No,Ch,Yes
155942778,40752171,Caucasian,Male,[40-50),?,1,1,7,6,MC,?,49,1,17,2,0,3,577,585,303,9,,,No,No,No,No,No,No,No,No,No,No,No,No,No,No,No,No,No,No,No,No,No,No,No,No,No
155943690,107463726,Hispanic,Female,[60-70),?,2,1,7,5,UN,Emergency/Trauma,50,2,18,0,1,1,721,722,356,9,,>7,Steady,Steady,No,No,Steady,No,No,No,No,No,No,No,No,No,No,No,No,Down,No,No,No,No,No,Ch,Yes
155944764,40990284,Caucasian,Female,[60-70),?,1,1,7,6,MC,?,37,4,14,0,0,1,574,599,250,3,,,No,No,No,No,No,No,No,No,No,No,No,No,No,No,No,No,No,No,No,No,No,No,No,No,No
155945652,52161012,Caucasian,Male,[60-70),?,1,1,7,1,BC,Gastroenterology,31,0,10,0,0,0,530,414,401,7,,,Steady,No,No,No,No,No,No,No,No,No,No,No,No,No,No,No,No,Steady,No,No,No,No,No,Ch,Yes
155945790,90543726,Caucasian,Female,[80-90),?,2,3,1,12,BC,InternalMedicine,53,6,25,2,1,2,250.8,707,682,9,,,No,No,No,No,No,No,No,No,No,No,No,No,No,No,No,No,No,Up,No,No,No,No,No,Ch,Yes
155947758,56302038,Other,Female,[30-40),?,1,1,7,5,?,?,44,1,10,0,0,1,250.11,V58,527,4,,,No,No,No,No,No,No,No,No,No,No,No,No,No,No,No,No,No,Steady,No,No,No,No,No,No,Yes
155949294,85877433,Caucasian,Male,[70-80),?,1,1,7,1,MC,?,8,0,8,0,0,0,530,428,427,9,,,No,No,No,No,No,No,No,No,No,No,No,No,No,No,No,No,No,No,No,No,No,No,No,No,No
155950128,94366989,Caucasian,Male,[80-90),?,1,3,7,4,MC,Emergency/Trauma,56,1,14,0,0,0,780,276,427,9,,>8,No,No,No,No,Steady,No,No,No,No,No,No,No,No,No,No,No,No,Down,No,No,No,No,No,Ch,Yes
155950566,42810210,Caucasian,Female,[40-50),?,1,1,7,3,SP,?,50,0,15,0,0,2,491,70,522,7,,,No,No,No,No,No,No,No,No,No,No,No,No,No,No,No,No,No,No,No,No,No,No,No,No,No
155950650,102331944,AfricanAmerican,Female,[80-90),?,1,6,2,5,?,?,51,0,13,0,0,0,599,276,707,9,,,No,No,No,No,No,No,No,No,No,No,No,No,No,No,No,No,No,No,No,No,No,No,No,No,No
155950824,73423386,AfricanAmerican,Female,[20-30),?,1,1,1,8,?,?,55,1,14,0,0,0,626,283,284,7,,,No,No,No,No,No,No,No,No,No,No,No,No,No,No,No,No,No,Steady,No,No,No,No,No,No,Yes
155951004,107237700,Caucasian,Female,[80-90),?,5,3,1,3,MC,?,42,0,9,1,0,0,332,250.03,276,8,,,No,No,No,No,No,No,No,No,No,No,No,No,No,No,No,No,No,Up,No,No,No,No,No,Ch,Yes
155951532,102331899,Caucasian,Male,[60-70),?,1,1,2,4,?,?,39,0,13,0,0,0,459,V63,682,7,,,No,No,No,No,Steady,No,No,No,No,No,No,No,No,No,No,No,No,No,No,No,No,No,No,No,Yes
155951556,56815947,AfricanAmerican,Female,[70-80),?,1,4,7,5,?,?,51,0,6,0,0,0,507,250,311,8,,,No,No,No,No,No,No,No,No,No,No,No,No,No,No,No,No,No,No,No,No,No,No,No,No,No
155952354,40967010,Caucasian,Female,[70-80),?,1,3,7,3,MC,?,47,1,15,0,0,0,805,496,815,9,,,No,No,No,No,No,No,No,No,No,No,No,No,No,No,No,No,No,No,No,No,No,No,No,No,No
155952552,19975581,Caucasian,Male,[60-70),?,1,1,7,9,HM,InternalMedicine,74,3,19,0,0,0,518,486,493,9,,,No,No,No,No,No,No,No,No,No,No,No,No,No,No,No,No,No,No,No,No,No,No,No,No,No
155953362,59417748,Caucasian,Female,[60-70),?,1,4,7,2,MD,?,31,0,11,0,0,0,786,295,414,9,,,No,No,No,No,No,No,No,No,No,No,No,No,No,No,No,No,No,No,No,No,No,No,No,No,No
155954058,61770825,Caucasian,Male,[70-80),?,1,1,7,2,MC,?,35,0,10,0,0,0,786,401,593,9,,,No,No,No,No,No,No,No,No,No,No,No,No,No,No,No,No,No,Down,No,No,No,No,No,Ch,Yes
155954436,114490530,Caucasian,Female,[70-80),?,2,3,7,11,MC,Emergency/Trauma,60,1,12,0,0,3,780,349,403,9,,,No,No,No,No,No,No,No,No,No,No,No,No,No,No,No,No,No,Down,No,No,No,No,No,Ch,Yes
155954814,59155002,Caucasian,Male,[60-70),?,7,3,7,10,CP,?,60,6,23,0,0,0,824,496,810,9,,,No,No,No,No,No,No,No,No,No,No,No,No,No,No,No,No,No,No,No,No,No,No,No,No,No
155955972,72801936,AfricanAmerican,Female,[70-80),?,1,3,7,5,MC,?,16,0,18,0,0,0,434,784,787,9,,,Steady,No,No,No,No,No,Steady,No,No,No,Steady,No,No,No,No,No,No,No,No,No,No,No,No,Ch,Yes
155956578,104843970,Caucasian,Male,[80-90),?,2,1,7,11,SP,Emergency/Trauma,58,0,26,0,1,0,486,493,428,9,,,No,No,Steady,No,No,No,No,No,No,No,Steady,No,No,No,No,No,No,Down,No,No,No,No,No,Ch,Yes
155957904,41015448,Caucasian,Male,[60-70),?,1,1,7,2,MC,?,32,3,17,0,0,0,996,444,250,9,,,Steady,No,No,No,No,No,Steady,No,No,No,No,No,No,No,No,No,No,No,No,No,No,No,No,Ch,Yes
155959002,100417878,Other,Male,[80-90),?,2,3,7,3,MD,Emergency/Trauma,47,0,4,0,0,0,458,427,492,9,,,No,No,No,No,No,No,No,No,No,No,No,No,No,No,No,No,No,No,No,No,No,No,No,No,No
155960292,103524057,Caucasian,Female,[50-60),?,1,1,2,5,?,?,62,0,18,0,0,0,682,599,276,9,,,No,No,No,No,No,No,Steady,No,No,No,No,No,No,No,No,No,No,Up,No,No,No,No,No,Ch,Yes
155960880,12517164,Caucasian,Female,[70-80),?,1,3,7,2,MC,Family/GeneralPractice,40,0,12,0,0,0,786,414,V45,6,,,No,No,No,No,No,No,No,Steady,No,No,No,No,No,No,No,No,No,Steady,No,No,No,No,No,Ch,Yes
155960958,39134358,AfricanAmerican,Female,[70-80),?,1,5,7,2,MD,Emergency/Trauma,35,0,3,0,0,0,250.8,294,?,2,,,No,No,No,No,No,No,No,No,No,No,No,No,No,No,No,No,No,Steady,No,No,No,No,No,No,Yes
155961012,102424977,AfricanAmerican,Male,[80-90),?,1,3,2,10,?,?,55,1,25,0,0,0,692,511,584,9,,,No,No,No,No,No,No,No,No,No,No,No,No,No,No,No,No,No,Up,No,No,No,No,No,Ch,Yes
155961024,65579724,AfricanAmerican,Female,[50-60),?,5,1,1,1,CP,?,41,0,14,0,0,0,401,V12,250,9,,,No,No,No,No,No,No,No,No,No,No,No,No,No,No,No,No,No,No,No,No,No,No,No,No,No
155961906,93988044,Hispanic,Male,[70-80),?,1,1,7,1,SP,Emergency/Trauma,37,0,2,0,0,0,276,780,276,5,,Norm,No,No,No,No,No,No,No,No,No,No,No,No,No,No,No,No,No,No,No,No,No,No,No,No,No
155962146,23318604,AfricanAmerican,Male,[80-90),?,1,3,7,11,?,InternalMedicine,45,0,15,0,0,1,38,486,599,8,,,No,No,No,No,No,No,No,No,No,No,No,No,No,No,No,No,No,No,No,No,No,No,No,No,No
155962380,89260308,Caucasian,Female,[70-80),?,2,3,7,8,MC,Emergency/Trauma,40,0,35,0,1,2,482,491,733,9,,,No,No,No,No,No,No,No,No,No,No,No,No,No,No,No,No,No,Down,No,No,No,No,No,Ch,Yes
155963082,103556628,AfricanAmerican,Male,[50-60),?,1,1,2,7,?,?,74,0,15,0,0,0,493,V63,428,8,,,No,No,No,No,No,No,No,No,No,No,No,No,No,No,No,No,No,No,No,No,No,No,No,No,No
155963196,73907100,Caucasian,Male,[70-80),?,1,6,7,7,?,?,47,1,33,1,0,0,574,276,V64,9,,,No,No,No,No,No,No,No,Steady,No,No,No,No,No,No,No,No,No,No,No,No,No,No,No,No,Yes
155963388,103076145,Caucasian,Female,[60-70),?,2,1,7,6,OG,Emergency/Trauma,76,3,22,0,0,0,402,411,496,9,,>8,Steady,No,No,No,No,No,Steady,No,No,No,No,No,No,No,No,No,No,Down,No,No,No,No,No,Ch,Yes
155963412,41019471,Caucasian,Male,[40-50),?,1,1,7,1,SP,?,40,0,11,0,0,0,486,250.02,428,6,,,Steady,No,No,No,Steady,No,No,No,No,No,No,No,No,No,No,No,No,No,No,No,No,No,No,Ch,Yes
155964132,106896429,Caucasian,Female,[50-60),?,2,1,7,2,UN,Emergency/Trauma,27,1,5,0,0,0,280,584,403,9,,,No,No,No,No,No,No,No,No,No,No,No,No,No,No,No,No,No,Steady,No,No,No,No,No,No,Yes
155964336,87117741,Caucasian,Male,[40-50),?,3,22,1,7,WC,Orthopedics,1,6,33,0,0,0,724,998,998,8,,,No,No,No,No,No,No,No,No,No,No,No,No,No,No,No,No,No,Steady,No,No,No,No,No,No,Yes
155964720,77720535,Caucasian,Male,[50-60),?,1,2,7,1,BC,Family/GeneralPractice,69,0,15,0,0,0,410,276,401,5,,,Steady,No,No,No,No,No,No,Steady,No,No,Steady,No,No,No,No,No,No,No,No,No,No,No,No,Ch,Yes
155964894,24188940,AfricanAmerican,Male,[70-80),?,1,22,7,2,MC,InternalMedicine,43,0,12,0,0,1,434,402,250,3,,,Steady,No,No,No,No,No,Steady,No,No,Up,No,No,No,No,No,No,No,Down,No,No,No,No,No,Ch,Yes
155965104,103524165,AfricanAmerican,Female,[40-50),?,1,1,2,4,?,?,75,1,16,0,0,0,282,599,584,9,,,No,No,No,No,No,No,No,No,No,No,No,No,No,No,No,No,No,Steady,No,No,No,No,No,No,Yes
155965392,48960666,Caucasian,Male,[60-70),?,3,1,1,1,?,Cardiology,30,1,17,1,0,0,428,414,414,9,,,No,No,No,No,No,No,Steady,No,No,Steady,No,No,No,No,No,No,No,No,No,No,No,No,No,Ch,Yes
155967852,65395800,AfricanAmerican,Female,[40-50),?,1,11,7,11,?,?,43,3,26,6,1,2,404,410,428,9,,,No,No,No,No,No,No,No,No,No,No,No,No,No,No,No,No,No,Steady,No,No,No,No,No,No,Yes
155968920,101233647,Caucasian,Female,[60-70),[75-100),3,1,1,2,BC,ObstetricsandGynecology,18,3,18,2,0,1,618,424,710,8,,,No,No,No,No,No,No,No,Steady,No,No,No,No,No,No,No,No,No,No,No,No,No,No,No,No,Yes
155976024,90546039,Caucasian,Male,[70-80),?,2,1,1,8,?,Oncology,49,3,18,0,0,1,V58,205,287,8,,,No,No,No,No,No,No,No,No,No,No,No,No,No,No,No,No,No,No,No,No,No,No,No,No,No
155978568,24938046,AfricanAmerican,Male,[70-80),?,3,5,5,2,MC,Surgery-Vascular,48,1,22,0,0,0,997,440,250.7,4,,,No,No,No,No,No,No,No,No,No,No,No,No,No,No,No,No,No,No,No,No,No,No,No,No,No
155985378,14693490,Caucasian,Female,[50-60),?,6,1,17,2,?,Orthopedics-Reconstructive,25,1,22,0,0,0,715,250,401,5,,,Steady,No,No,No,No,No,Steady,No,No,No,No,No,No,No,No,No,No,No,No,No,No,No,No,Ch,Yes
155988054,94232277,Caucasian,Male,[60-70),?,3,6,1,3,MC,?,29,1,19,0,0,0,250.6,707,285,9,,,No,No,No,No,No,No,No,No,No,No,No,No,No,No,No,No,No,No,No,No,No,No,No,No,No
155989572,96087204,Caucasian,Male,[60-70),?,3,1,1,10,?,Surgeon,39,2,18,1,0,3,730,496,443,6,,,No,No,No,No,No,No,No,No,No,No,Steady,No,No,No,No,No,No,No,No,No,No,No,No,No,Yes
155996334,65792826,Caucasian,Male,[80-90),?,5,3,1,3,MC,?,10,1,20,0,0,0,715,250,401,4,,,Steady,No,No,No,No,No,No,No,No,No,No,No,No,No,No,No,No,Steady,No,No,No,No,No,Ch,Yes
155998410,25108560,Caucasian,Female,[80-90),?,2,1,1,2,MC,InternalMedicine,41,2,12,0,0,0,150,280,496,6,,,No,No,No,No,No,No,Steady,No,No,No,No,No,No,No,No,No,No,Steady,No,No,No,No,No,Ch,Yes
155998896,102760857,Caucasian,Female,[50-60),?,1,6,7,9,HM,?,58,1,23,0,0,0,682,276,276,9,,>8,Steady,No,No,No,No,No,Steady,No,No,No,No,No,No,No,No,No,No,No,No,No,No,No,No,Ch,Yes
156000744,58856085,AfricanAmerican,Female,[80-90),?,1,6,7,2,CM,?,58,0,4,0,1,1,458,276,428,7,,,No,No,No,No,No,No,No,No,No,No,No,No,No,No,No,No,No,Steady,No,No,No,No,No,No,Yes
156001482,23345136,AfricanAmerican,Female,[50-60),?,1,1,7,2,BC,InternalMedicine,43,0,16,0,0,0,787,564,789,5,,>8,Steady,No,No,No,No,No,No,No,No,No,No,No,No,No,No,No,No,Steady,No,No,No,No,No,Ch,Yes
156004110,94424103,AfricanAmerican,Male,[50-60),?,2,1,1,2,?,Cardiology,9,3,4,0,0,0,414,411,403,6,,,No,No,No,No,No,No,No,No,No,No,No,No,No,No,No,No,No,No,No,No,No,No,No,No,No
156004194,102563991,Caucasian,Female,[70-80),?,1,11,2,5,?,?,55,0,14,0,0,0,518,491,428,9,,,No,No,No,No,No,No,No,No,No,No,No,No,No,No,No,No,No,No,No,No,No,No,No,No,No
156006414,88736976,AfricanAmerican,Female,[30-40),?,3,1,1,2,DM,ObstetricsandGynecology,60,0,7,0,0,0,648,250.92,?,2,,Norm,No,No,No,No,No,No,No,No,No,No,No,No,No,No,No,No,No,Down,No,No,No,No,No,Ch,Yes
156008022,72008793,AfricanAmerican,Female,[70-80),?,2,1,1,3,?,InternalMedicine,33,0,8,0,0,0,250.92,V58,401,6,,,No,No,No,No,No,No,No,No,No,No,No,No,No,No,No,No,No,Down,No,No,No,No,No,Ch,Yes
156008520,102564225,Caucasian,Male,[60-70),?,1,1,2,3,?,?,28,0,6,0,0,0,486,276,401,5,,,Steady,No,No,No,No,No,No,No,No,No,No,No,No,No,No,No,No,Steady,No,No,No,No,No,Ch,Yes
156009192,25259841,AfricanAmerican,Female,[80-90),?,2,6,4,8,MC,Surgery-General,44,2,31,0,0,0,574,560,263,9,,,No,No,No,No,No,No,No,No,No,No,No,No,No,No,No,No,No,Down,No,No,No,No,No,Ch,Yes
156009444,98883486,Caucasian,Female,[40-50),?,2,1,7,1,UN,Surgery-General,49,0,14,0,0,0,786,276,280,8,,,Steady,No,No,No,No,No,No,No,No,No,No,No,No,No,No,No,No,Down,No,No,No,No,No,Ch,Yes
156009864,60887691,Caucasian,Male,[50-60),?,1,11,7,1,MC,?,60,2,15,0,0,2,38,410,250.83,9,,,No,No,No,No,No,No,No,No,No,No,No,No,No,No,No,No,No,Steady,No,No,No,No,No,No,Yes
156009936,99820755,Caucasian,Male,[50-60),?,1,1,1,4,?,Emergency/Trauma,51,0,18,0,0,0,250.4,707,276,9,,,No,No,No,No,No,No,No,No,No,No,No,No,No,No,No,No,No,Down,No,No,No,No,No,Ch,Yes
156013104,77959566,AfricanAmerican,Female,[60-70),?,2,1,1,7,?,InternalMedicine,45,3,29,3,0,0,435,996,403,9,,,No,No,No,No,Steady,No,No,No,No,No,No,No,No,No,No,No,No,Steady,No,No,No,No,No,Ch,Yes
156014358,107731512,Caucasian,Male,[70-80),?,2,6,1,2,MC,?,31,0,10,0,0,0,250.2,496,162,9,,>8,No,No,No,No,Steady,No,No,No,No,No,No,No,No,No,No,No,No,Up,No,No,No,No,No,Ch,Yes
156018354,23590440,AfricanAmerican,Female,[70-80),?,1,1,7,4,MC,Nephrology,44,1,13,1,2,1,250.8,403,V58,7,,,No,No,No,No,No,No,No,No,No,No,No,No,No,No,No,No,No,No,No,No,No,No,No,No,No
156018594,60326847,AfricanAmerican,Female,[70-80),?,1,6,1,10,?,?,34,1,14,0,0,2,486,276,707,9,,,No,No,No,No,No,No,No,No,No,No,No,No,No,No,No,No,No,Steady,No,No,No,No,No,No,Yes
156018720,111323655,Caucasian,Male,[70-80),?,1,6,7,3,MC,?,62,1,15,0,0,0,486,162,198,9,,,Steady,No,No,No,Steady,No,No,No,No,No,No,No,No,No,No,No,No,No,No,No,No,No,No,Ch,Yes
156018876,91830285,Caucasian,Female,[50-60),?,1,6,7,3,?,?,41,1,10,3,0,4,572,585,70,9,,,No,No,No,No,No,No,No,No,No,No,No,No,No,No,No,No,No,Steady,No,No,No,No,No,No,Yes
156020178,92060181,Caucasian,Male,[40-50),?,1,1,7,2,?,?,60,0,20,1,0,0,434,784,781,9,,,No,No,No,No,No,No,No,No,No,No,No,No,No,No,No,No,No,No,No,No,No,No,No,No,No
156022374,102101571,AfricanAmerican,Male,[30-40),?,2,1,2,8,?,Psychiatry,50,0,16,0,0,1,295,682,311,7,,,No,No,No,No,No,No,No,No,No,No,No,No,No,No,No,No,No,Steady,No,No,No,No,No,No,Yes
156022968,95677758,Caucasian,Female,[90-100),?,1,6,7,5,HM,?,36,0,5,0,0,0,780,733,729,6,,Norm,No,No,No,No,No,No,No,No,No,No,No,No,No,No,No,No,No,No,No,No,No,No,No,No,No
156023232,89588988,Caucasian,Male,[60-70),?,2,1,7,12,MC,Emergency/Trauma,50,3,23,1,1,1,162,491,197,9,,,No,No,No,No,No,No,No,No,No,No,Steady,No,No,No,No,No,No,Up,No,No,No,No,No,Ch,Yes
156024384,84348594,Caucasian,Female,[60-70),?,1,1,7,5,HM,?,43,0,16,2,0,0,491,427,250.02,9,,,No,No,No,No,No,No,No,No,No,Steady,No,No,No,No,No,No,No,Steady,No,No,No,No,No,Ch,Yes
156025194,42436737,Caucasian,Male,[50-60),?,1,6,7,5,MC,?,54,0,13,0,0,0,38,568,995,8,,,No,No,No,No,No,No,No,No,No,No,No,No,No,No,No,No,No,Steady,No,No,No,No,No,No,Yes
156026604,90809397,AfricanAmerican,Male,[60-70),?,1,1,7,5,HM,?,58,1,11,0,0,0,577,401,272,9,,,No,No,No,No,No,No,No,No,No,No,No,No,No,No,No,No,No,No,No,No,No,No,No,No,No
156027090,102317103,Caucasian,Male,[70-80),?,2,22,1,4,?,InternalMedicine,31,0,14,0,0,0,780,428,276,9,,,No,No,No,No,No,No,No,No,No,Steady,No,No,No,No,No,No,No,Steady,No,No,No,No,No,Ch,Yes
156027354,90666567,Caucasian,Male,[60-70),?,1,1,7,9,MC,?,35,0,16,0,0,0,486,496,276,7,>300,,Steady,Steady,No,No,No,No,No,No,No,Steady,No,No,No,No,No,No,No,Steady,No,No,No,No,No,Ch,Yes
156028110,74037384,Caucasian,Male,[40-50),?,1,6,7,6,?,Family/GeneralPractice,40,4,16,0,0,0,682,279,496,9,,,No,No,No,No,No,No,No,No,No,No,No,No,No,No,No,No,No,Up,No,No,No,No,No,Ch,Yes
156028812,87601446,AfricanAmerican,Male,[50-60),?,1,1,1,5,?,?,52,0,21,0,0,0,250.1,303,682,9,,,Steady,No,No,No,No,No,No,No,No,No,No,No,No,No,No,No,No,Up,No,No,No,No,No,Ch,Yes
156028872,31440330,Caucasian,Male,[60-70),?,1,7,7,2,MC,?,63,0,10,0,0,0,577,250.02,427,9,,>7,No,No,No,No,No,No,No,No,No,No,No,No,No,No,No,No,No,No,No,No,No,No,No,No,No
156029214,18224694,Caucasian,Female,[60-70),?,2,2,7,4,MC,Pulmonology,61,0,14,2,0,1,410,428,276,9,,,No,No,No,No,No,No,Steady,No,No,No,Steady,No,No,No,No,No,No,No,No,No,No,No,No,Ch,Yes
156029244,103556448,AfricanAmerican,Male,[80-90),?,1,6,2,8,?,?,50,0,24,0,0,0,560,428,584,9,,,No,No,No,No,No,No,No,No,No,No,No,No,No,No,No,No,No,Steady,No,No,No,No,No,No,Yes
156031920,103683789,Caucasian,Female,[70-80),?,1,1,1,6,?,?,46,1,28,0,0,0,482,428,V12,6,,,No,No,No,No,No,No,No,No,No,No,Steady,No,No,No,No,No,No,Steady,No,No,No,No,No,Ch,Yes
156032322,91242873,Caucasian,Female,[60-70),?,1,1,7,1,?,?,10,0,8,0,0,2,458,401,250,8,,,Steady,No,No,No,No,No,No,No,No,No,No,No,No,No,No,No,No,No,No,No,No,No,No,No,Yes
156032886,25184592,AfricanAmerican,Female,[30-40),?,1,1,7,3,SP,InternalMedicine,47,0,11,0,0,1,250.11,305,276,4,,,No,No,No,No,No,No,No,No,No,No,No,No,No,No,No,No,No,Down,No,No,No,No,No,Ch,Yes
156033360,85405581,Caucasian,Female,[70-80),?,1,1,7,2,MC,?,3,0,12,0,0,0,427,250,244,8,,,Steady,No,No,No,No,No,No,No,No,No,No,No,No,No,No,No,No,No,No,No,No,No,No,No,Yes
156034104,24186294,AfricanAmerican,Female,[40-50),?,1,1,7,3,HM,InternalMedicine,38,1,9,0,0,0,560,276,455,5,,>8,No,No,No,No,No,No,Up,No,No,No,No,No,No,No,No,No,No,Steady,No,No,No,No,No,Ch,Yes
156034326,60590601,Caucasian,Female,[50-60),?,1,6,7,3,?,?,46,1,20,1,1,1,998,611,E849,9,,,Down,No,No,No,No,No,No,No,No,No,No,No,No,No,No,No,No,Steady,No,No,No,No,No,Ch,Yes
156034758,25259922,AfricanAmerican,Female,[60-70),?,1,1,7,3,CH,InternalMedicine,45,0,11,0,0,0,486,250.6,276,8,,,No,No,No,No,No,No,Steady,No,No,No,No,No,No,No,No,No,No,No,No,No,No,No,No,No,Yes
156034896,108210006,Caucasian,Female,[50-60),?,3,1,1,3,?,Orthopedics-Reconstructive,2,4,33,1,0,0,722,285,573,9,,,No,No,No,No,No,No,No,No,No,No,No,No,No,No,No,No,No,Up,No,No,No,No,No,Ch,Yes
156034968,63253251,Caucasian,Male,[50-60),?,1,1,7,3,?,?,59,1,16,1,0,1,574,577,250.01,7,,,No,No,No,No,No,No,No,No,No,No,No,No,No,No,No,No,No,Down,No,No,No,No,No,Ch,Yes
156035730,85119066,Caucasian,Female,[70-80),?,3,22,1,4,MC,?,29,1,18,2,0,0,715,250,401,5,,,No,No,No,No,No,No,Steady,No,No,No,No,No,No,No,No,No,No,Steady,No,No,No,No,No,Ch,Yes
156036000,38475108,Caucasian,Female,[50-60),?,3,1,1,2,SP,Family/GeneralPractice,1,4,14,0,0,0,278,998,614,9,,,No,No,No,No,No,No,No,No,No,No,No,No,No,No,No,No,No,Down,No,No,No,No,No,Ch,Yes
156039156,113381568,Caucasian,Female,[50-60),?,1,1,7,3,MC,InternalMedicine,69,1,11,0,2,1,250.11,599,276,6,,>8,No,No,No,No,No,No,No,No,No,No,No,No,No,No,No,No,No,Steady,No,No,No,No,No,No,Yes
156039162,24086304,Caucasian,Male,[70-80),?,1,1,7,1,MC,Family/GeneralPractice,50,0,5,0,0,0,786,794,401,8,,,No,No,No,No,No,No,Steady,No,No,No,No,No,No,No,No,No,No,Steady,No,No,No,No,No,Ch,Yes
156039612,93476043,Caucasian,Female,[70-80),?,5,3,1,3,MC,?,12,4,16,0,0,0,715,427,726,7,,,No,No,No,No,No,No,No,No,No,No,No,No,No,No,No,No,No,Steady,No,No,No,No,No,No,Yes
156039972,38667870,Caucasian,Female,[40-50),?,3,1,1,2,SP,Family/GeneralPractice,1,1,23,0,0,0,278,250,401,4,,,No,No,No,No,No,No,No,No,No,No,No,No,No,No,No,No,No,Up,No,No,No,No,No,Ch,Yes
156043626,92430774,AfricanAmerican,Male,[60-70),?,2,1,2,3,?,Oncology,44,1,10,2,0,5,V58,162,250,6,,,Steady,No,No,No,No,No,No,No,No,No,No,No,No,No,No,No,No,No,No,No,No,No,No,No,Yes
156047634,85999329,AfricanAmerican,Female,[60-70),?,1,1,7,2,MC,?,35,1,11,0,0,1,491,403,272,9,,,No,No,No,No,No,No,No,No,No,No,No,No,No,No,No,No,No,Steady,No,No,No,No,No,No,Yes
156056826,59188437,?,Female,[60-70),?,1,1,7,11,CP,?,43,6,31,0,0,0,813,805,802,9,,Norm,Steady,No,No,No,No,No,No,No,No,No,No,No,No,No,No,No,No,Up,No,No,No,No,No,Ch,Yes
156057360,89495955,Caucasian,Female,[60-70),[75-100),3,1,1,3,MC,ObstetricsandGynecology,28,4,18,0,0,0,182,196,401,6,,,No,No,No,No,No,No,No,No,No,Steady,No,No,No,No,No,No,No,No,No,No,No,No,No,No,Yes
156061110,23852565,AfricanAmerican,Female,[70-80),?,1,1,7,12,?,Nephrology,44,0,23,1,0,1,434,780,599,7,,,No,No,No,No,No,No,Up,No,No,No,No,No,No,No,No,No,No,Up,No,No,No,No,No,Ch,Yes
156064410,59400702,Caucasian,Male,[20-30),?,1,1,7,3,PO,?,35,0,5,0,0,0,250.11,272,?,2,,,No,No,No,No,No,No,No,No,No,No,No,No,No,No,No,No,No,Steady,No,No,No,No,No,No,Yes
156067194,25045290,AfricanAmerican,Female,[50-60),?,1,11,7,2,BC,Oncology,34,1,12,0,0,0,157,287,276,6,,,No,No,No,No,No,No,No,No,No,No,No,No,No,No,No,No,No,Steady,No,No,No,No,No,No,Yes
156069456,24439635,AfricanAmerican,Male,[50-60),?,1,1,7,1,BC,InternalMedicine,44,1,7,0,1,0,428,789,425,6,,,No,No,No,No,No,No,No,No,No,No,No,No,No,No,No,No,No,No,No,No,No,No,No,No,No
156071712,59400909,AfricanAmerican,Female,[30-40),?,1,1,7,2,MD,?,29,0,8,0,0,0,681,250,401,5,,,No,No,No,No,No,No,No,Steady,No,No,No,No,No,No,No,No,No,Steady,No,No,No,No,No,Ch,Yes
156075624,24083658,AfricanAmerican,Male,[40-50),?,1,1,7,3,BC,Cardiology,48,3,18,0,0,0,411,402,250,3,,,No,No,No,No,No,No,No,No,No,No,No,No,No,No,No,No,No,No,No,No,No,No,No,No,No
156078714,31564629,Caucasian,Male,[50-60),?,3,1,1,2,SP,Pulmonology,44,2,14,0,0,0,162,496,401,7,,,Steady,No,No,No,No,No,Steady,No,No,No,Steady,No,No,No,No,No,No,Down,No,No,No,No,No,Ch,Yes
156081246,82493145,Caucasian,Female,[70-80),?,2,1,1,2,HM,InternalMedicine,29,0,8,0,0,0,428,426,424,9,,,No,No,No,No,Steady,No,No,No,No,No,No,No,No,No,No,No,No,No,No,No,No,No,No,No,Yes
156083280,99396279,Caucasian,Female,[70-80),?,2,1,7,4,MC,Emergency/Trauma,40,0,12,0,4,2,428,427,514,8,,,No,No,No,No,Up,No,No,No,No,No,No,No,No,No,No,No,No,Up,No,No,No,No,No,Ch,Yes
156088392,87885882,Caucasian,Male,[70-80),?,1,6,7,4,MC,?,52,0,13,0,0,0,298,427,434,9,,,No,No,No,No,No,No,No,No,No,No,Steady,No,No,No,No,No,No,No,No,No,No,No,No,No,Yes
156089214,45305631,AfricanAmerican,Male,[40-50),?,3,1,1,7,OT,?,51,0,11,0,0,0,282,250,780,3,,Norm,Up,No,No,No,No,No,No,No,No,No,Steady,No,No,No,No,No,No,Steady,No,No,No,No,No,Ch,Yes
156089772,102669939,Caucasian,Male,[50-60),?,2,28,1,6,?,InternalMedicine,42,0,20,0,0,1,38,599,250.92,9,,,No,No,No,No,No,No,No,No,No,No,No,No,No,No,No,No,No,Steady,No,No,No,No,No,No,Yes
156092754,45617967,Caucasian,Female,[70-80),?,2,1,1,14,?,InternalMedicine,45,0,27,1,0,2,428,571,585,9,,,No,No,No,No,No,No,No,No,No,No,No,No,No,No,No,No,No,No,No,No,No,No,No,No,No
156093750,63271305,Caucasian,Male,[60-70),?,1,6,1,3,?,Emergency/Trauma,34,0,4,0,0,2,707,428,250,9,,,No,No,No,No,No,No,No,No,No,No,No,No,No,No,No,No,No,No,No,No,No,No,No,No,No
156097752,41108427,Caucasian,Male,[60-70),?,1,6,7,3,OG,?,9,0,16,0,0,0,V58,413,414,9,,,No,No,No,No,No,No,No,Steady,No,No,No,No,No,No,No,No,No,Steady,No,No,No,No,No,Ch,Yes
156098454,24814980,AfricanAmerican,Female,[80-90),?,1,3,7,7,MC,InternalMedicine,48,0,22,0,0,0,715,250,401,4,,,No,No,No,No,No,No,No,Steady,No,No,No,No,No,No,No,No,No,Up,No,No,No,No,No,Ch,Yes
156098682,42651189,Caucasian,Female,[80-90),?,1,1,7,7,MC,?,32,0,12,0,0,1,415,453,401,6,,,No,No,No,No,No,No,Steady,No,No,No,No,No,No,No,No,No,No,No,No,No,No,No,No,No,Yes
156099918,24385869,Caucasian,Male,[60-70),?,2,6,1,7,BC,InternalMedicine,41,3,23,0,0,0,250.8,682,731,8,,Norm,Steady,No,No,No,No,No,Steady,No,No,No,No,No,No,No,No,No,No,Steady,No,No,No,No,No,Ch,Yes
156102900,32633829,Caucasian,Male,[80-90),?,1,3,1,7,MC,?,39,1,19,0,0,0,682,496,250.8,9,,>8,Steady,No,No,No,No,No,No,No,No,No,No,No,No,No,No,No,No,Up,No,No,No,No,No,Ch,Yes
156109182,58524201,Caucasian,Female,[30-40),?,5,1,7,4,OG,?,25,0,12,0,0,3,786,428,250.41,9,,Norm,No,No,No,No,No,No,No,No,No,No,No,No,No,No,No,No,No,No,No,No,No,No,No,No,No
156109674,107705115,Caucasian,Male,[70-80),?,2,1,1,4,MC,?,44,0,14,0,0,0,682,250,244,8,,>7,Steady,No,No,No,No,No,Steady,No,No,No,Steady,No,No,No,No,No,No,No,No,No,No,No,No,Ch,Yes
156109806,111777840,Caucasian,Female,[80-90),?,1,3,7,4,MC,?,14,0,13,0,0,0,402,428,428,9,,Norm,No,No,No,No,No,No,No,No,No,No,No,No,No,No,No,No,No,Down,No,No,No,No,No,Ch,Yes
156117126,70009794,Caucasian,Male,[70-80),?,1,1,1,2,MC,Radiologist,15,0,9,0,0,2,428,428,414,9,,>7,No,No,No,No,No,No,No,No,No,No,No,No,No,No,No,No,No,Steady,No,No,No,No,No,No,Yes
156118278,102788748,Caucasian,Female,[70-80),?,2,1,2,9,?,?,35,1,18,0,0,0,250.8,707,427,8,,,No,No,No,No,No,No,No,No,No,No,Steady,No,No,No,No,No,No,Steady,No,No,No,No,No,Ch,Yes
156125526,88546437,Caucasian,Female,[80-90),?,2,6,1,3,?,Cardiology,37,0,11,0,0,2,428,584,285,7,,,No,No,No,No,No,No,No,No,No,No,No,No,No,No,No,No,No,No,No,No,No,No,No,No,No
156126312,104093856,Caucasian,Female,[80-90),?,2,13,7,9,MC,Emergency/Trauma,45,3,18,0,0,1,820,799,250,9,,,No,No,No,No,No,No,No,No,No,No,No,No,No,No,No,No,No,Steady,No,No,No,No,No,No,Yes
156128304,88981893,AfricanAmerican,Male,[70-80),?,3,1,1,8,MC,Nephrology,45,3,24,0,1,1,530,403,496,9,,>7,No,No,No,No,No,No,No,No,No,No,No,No,No,No,No,No,No,Down,No,No,No,No,No,Ch,Yes
156129228,115113852,AfricanAmerican,Male,[60-70),?,1,1,7,4,OG,?,19,0,8,4,0,0,433,250,401,6,,,Down,No,No,No,No,No,No,No,No,No,No,No,No,No,No,No,No,No,No,No,No,No,No,Ch,Yes
156131376,86382567,Caucasian,Male,[80-90),?,1,6,7,6,MC,?,61,3,19,2,0,0,426,428,780,9,,,No,No,No,No,No,No,No,Steady,No,No,No,No,No,No,No,No,No,No,No,No,No,No,No,No,Yes
156131394,102486915,Caucasian,Male,[50-60),?,2,1,2,5,?,Family/GeneralPractice,34,0,14,0,0,0,250.8,707,682,9,,,Steady,No,No,No,No,No,No,Steady,No,No,Steady,No,No,No,No,No,No,Steady,No,No,No,No,No,Ch,Yes
156131796,105945516,AfricanAmerican,Male,[40-50),?,1,1,7,6,MC,?,35,0,9,0,0,0,250,401,V15,8,,,No,No,No,No,No,No,No,No,No,No,No,No,No,No,No,No,No,Down,No,No,No,No,No,Ch,Yes
156133050,23729868,AfricanAmerican,Male,[70-80),?,1,3,5,13,MC,InternalMedicine,41,2,27,0,1,0,250.7,707,780,9,,,No,No,No,No,No,No,No,No,No,No,No,No,No,No,No,No,No,Up,No,No,No,No,No,Ch,Yes
156134178,84924981,Caucasian,Male,[30-40),?,1,1,7,3,MC,?,39,1,3,0,0,0,42,287,250,7,,,No,No,No,No,No,No,No,No,No,No,No,No,No,No,No,No,No,No,No,No,No,No,No,No,No
156134742,82214001,Caucasian,Male,[90-100),?,1,1,7,3,?,?,61,0,14,0,0,0,507,410,428,9,,>7,No,No,No,No,No,No,No,Steady,No,No,No,No,No,No,No,No,No,Steady,No,No,No,No,No,Ch,Yes
156137568,22692699,Caucasian,Male,[60-70),?,1,1,7,2,?,InternalMedicine,68,3,13,0,0,0,280,424,492,9,,Norm,Steady,No,No,No,No,No,No,No,No,No,No,No,No,No,No,No,No,Steady,No,No,No,No,No,Ch,Yes
156137814,87536763,Caucasian,Male,[40-50),?,1,1,7,3,MC,?,19,0,5,0,0,1,682,287,41,9,,,Steady,No,No,No,No,No,No,No,No,No,Steady,No,No,No,No,No,No,No,No,No,No,No,No,Ch,Yes
156139416,90794925,Caucasian,Male,[60-70),?,3,1,1,8,MC,InternalMedicine,34,0,15,1,0,0,428,682,496,9,,,No,No,No,No,No,No,No,No,No,No,No,No,No,No,No,No,No,No,Steady,No,No,No,No,No,Yes
156139872,70891839,AfricanAmerican,Female,[40-50),?,2,3,4,14,CP,Surgery-Vascular,59,6,34,0,0,0,250.7,440,276,9,,>8,No,No,No,No,No,No,No,No,No,No,No,No,No,No,No,No,No,Down,No,No,No,No,No,Ch,Yes
156139938,91751121,Caucasian,Male,[60-70),?,1,3,7,6,MC,?,41,1,33,0,1,9,491,790,250.02,9,,,Steady,No,No,No,No,No,No,No,No,No,Steady,No,No,No,No,No,No,Steady,No,No,No,No,No,Ch,Yes
156140904,94588857,Caucasian,Female,[70-80),?,2,6,1,7,?,InternalMedicine,10,3,8,0,0,1,V57,276,438,8,,,No,No,No,No,No,No,No,No,No,No,No,No,No,No,No,No,No,No,No,No,No,No,No,No,No
156142020,102808017,Caucasian,Male,[60-70),?,1,1,2,5,?,?,52,0,11,0,0,0,428,427,428,9,,,No,No,No,No,No,No,No,Steady,No,No,No,No,No,No,No,No,No,No,No,No,No,No,No,No,Yes
156142494,42997986,Caucasian,Female,[70-80),?,1,6,7,10,MC,?,50,4,24,0,0,0,998,998,998,9,,,No,No,No,No,No,No,No,No,No,No,No,No,No,No,No,No,No,Up,No,No,No,No,No,Ch,Yes
156142884,105783345,Caucasian,Female,[70-80),?,1,2,7,1,MC,?,37,0,11,0,2,0,38,403,414,9,,,No,No,No,No,No,No,No,No,No,No,No,No,No,No,No,No,No,Steady,No,No,No,No,No,No,Yes
156144624,52669341,Caucasian,Male,[70-80),?,1,3,2,10,?,?,54,3,29,0,0,2,578,286,280,9,,,No,No,No,No,No,No,No,No,No,No,No,No,No,No,No,No,No,Down,No,No,No,No,No,Ch,Yes
156144864,84665817,Caucasian,Female,[60-70),?,1,1,7,2,HM,?,44,0,13,0,0,0,780,250.02,786,9,,,No,No,No,No,No,No,No,No,No,No,No,No,No,No,No,No,No,No,Steady,No,No,No,No,No,Yes
156146280,35550036,Caucasian,Female,[20-30),?,1,1,7,3,DM,?,36,0,6,0,0,0,250.11,250.6,536,9,,,No,No,No,No,No,No,No,No,No,No,No,No,No,No,No,No,No,Down,No,No,No,No,No,Ch,Yes
156146838,88599186,Caucasian,Male,[40-50),?,1,1,7,7,HM,?,50,6,17,0,0,0,518,491,287,9,,,No,No,No,No,No,No,No,No,No,No,No,No,No,No,No,No,No,No,No,No,No,No,No,No,No
156147030,55069803,Caucasian,Female,[30-40),?,2,1,1,7,?,Family/GeneralPractice,44,0,17,1,0,0,250.82,493,276,5,,,Up,No,No,No,No,No,No,No,No,No,No,No,No,No,No,No,No,Steady,No,No,No,No,No,Ch,Yes
156147486,90792216,Caucasian,Male,[80-90),?,1,6,7,8,BC,?,48,0,12,1,0,1,428,425,599,9,,,No,No,No,No,No,No,No,Steady,No,No,No,No,No,No,No,No,No,No,No,No,No,No,No,No,Yes
156148212,85018626,Caucasian,Male,[80-90),?,1,1,7,2,MC,?,57,0,8,0,0,0,787,276,496,9,,,Steady,No,No,No,No,No,No,No,No,No,No,No,No,No,No,No,No,No,No,No,No,No,No,No,Yes
156148260,102440403,AfricanAmerican,Female,[80-90),?,2,6,1,11,?,Family/GeneralPractice,29,0,11,0,0,1,438,276,578,9,,,No,No,No,No,No,No,No,No,No,No,No,No,No,No,No,No,No,No,No,No,No,No,No,No,No
156148488,103835979,Caucasian,Female,[70-80),?,1,3,2,3,?,?,43,0,7,0,0,0,599,428,41,6,,,No,No,No,No,No,No,No,No,No,No,No,No,No,No,No,No,No,No,No,No,No,No,No,No,No
156149088,87782256,Caucasian,Female,[70-80),?,1,1,2,2,?,?,53,0,14,0,0,0,427,424,272,8,,,No,No,No,No,No,No,No,No,No,No,No,No,No,No,No,No,No,No,No,No,No,No,No,No,No
156149166,102794130,Caucasian,Female,[60-70),?,1,1,2,5,?,?,66,0,25,0,0,0,386,427,250,7,,,No,No,No,No,No,No,No,No,No,No,No,No,No,No,No,No,No,Steady,No,No,No,No,No,No,Yes
156149292,85638762,AfricanAmerican,Male,[70-80),?,1,11,7,4,MC,?,56,1,16,1,0,1,428,403,V45,9,,,No,Steady,No,No,No,No,No,No,No,No,No,No,No,No,No,No,No,No,No,No,No,No,No,No,Yes
156151230,58033449,Caucasian,Male,[80-90),?,1,1,7,8,CM,?,33,3,10,0,0,2,592,599,250,8,,,No,No,No,No,No,No,No,No,No,No,No,No,No,No,No,No,No,Steady,No,No,No,No,No,No,Yes
156151908,102808989,AfricanAmerican,Female,[50-60),?,1,4,2,8,?,?,52,0,13,0,0,0,38,276,599,9,,,No,No,No,No,No,No,No,No,No,No,No,No,No,No,No,No,No,No,No,No,No,No,No,No,No
156155868,103663665,Caucasian,Male,[80-90),?,3,1,1,1,SP,Surgery-Thoracic,1,3,11,1,0,0,515,500,600,6,,,No,No,No,No,No,No,No,Steady,No,No,No,No,No,No,No,No,No,No,No,No,No,No,No,No,Yes
156156336,71253693,AfricanAmerican,Female,[70-80),?,3,1,1,4,MC,Orthopedics,16,1,25,0,0,0,715,714,278,7,,,No,No,No,No,No,No,No,No,No,Steady,No,No,No,No,No,No,No,No,No,No,No,No,No,No,Yes
156159648,31202037,AfricanAmerican,Female,[60-70),?,3,1,1,3,MC,?,51,1,10,1,0,0,241,250,401,7,,,No,No,No,No,Steady,No,No,No,No,No,No,No,No,No,No,No,No,No,No,No,No,No,No,No,Yes
156159984,23334750,Caucasian,Female,[60-70),?,1,6,7,7,MC,InternalMedicine,40,1,26,0,0,1,599,707,403,8,,,No,No,No,No,No,No,Steady,No,No,No,No,No,No,No,No,No,No,Up,No,No,No,No,No,Ch,Yes
156160176,85162176,AfricanAmerican,Female,[50-60),?,3,3,1,9,MD,Radiologist,62,1,26,0,0,0,715,710,599,9,,Norm,No,No,No,No,No,No,No,No,No,No,No,No,No,No,No,No,No,Down,No,No,No,No,No,Ch,Yes
156171708,85748535,Caucasian,Female,[70-80),?,2,1,1,2,MC,Radiologist,31,5,20,2,0,0,414,496,250.02,6,,,No,No,No,No,No,No,Steady,No,No,No,Steady,No,No,No,No,No,No,No,No,No,No,No,No,Ch,Yes
156178626,109273257,Caucasian,Male,[70-80),?,3,1,1,2,MC,Neurology,4,1,32,0,0,0,724,496,414,9,,,No,Steady,No,No,No,No,No,No,No,Steady,No,No,No,No,No,No,No,Down,Steady,No,No,No,No,Ch,Yes
156182982,36354213,Caucasian,Female,[60-70),?,3,1,1,2,MC,Radiologist,18,5,9,0,0,0,414,250,416,7,,,No,No,No,No,No,No,No,No,No,No,No,No,No,No,No,No,No,No,No,No,No,No,No,No,No
156184020,25261353,Caucasian,Male,[70-80),?,3,1,1,1,MC,Cardiology,32,6,23,0,0,0,414,785,272,7,,,No,No,No,No,No,No,No,Steady,No,No,Steady,No,No,No,No,No,No,No,No,No,No,No,No,Ch,Yes
156184824,98717067,AfricanAmerican,Female,[50-60),?,3,1,1,1,BC,?,21,2,20,0,0,0,625,401,250,4,,,No,No,No,No,No,No,No,No,No,No,No,No,No,No,No,No,No,No,No,No,No,No,No,No,No
156186246,102945987,AfricanAmerican,Female,[50-60),?,1,22,7,5,?,?,86,1,17,0,0,0,431,276,276,9,,,No,No,No,No,No,No,No,No,No,No,No,No,No,No,No,No,No,Up,No,No,No,No,No,Ch,Yes
156188478,96551055,AfricanAmerican,Male,[40-50),?,1,1,7,5,?,?,49,2,14,0,1,1,535,70,455,8,,,No,No,No,No,No,No,No,No,No,No,No,No,No,No,No,No,No,Steady,No,No,No,No,No,No,Yes
156194166,62748738,AfricanAmerican,Female,[60-70),?,1,6,7,13,?,?,44,0,21,0,0,0,250.92,295,V58,8,,,No,No,No,No,No,No,No,No,No,Steady,No,No,No,No,No,No,No,Up,No,No,No,No,No,Ch,Yes
156195558,105216705,Caucasian,Female,[40-50),?,2,2,7,2,SP,Emergency/Trauma,39,3,3,0,0,0,780,780,786,8,,,No,No,No,No,No,No,No,No,No,No,No,No,No,No,No,No,No,Steady,No,No,No,No,No,No,Yes
156202128,25254630,AfricanAmerican,Male,[40-50),?,1,28,7,10,?,InternalMedicine,38,3,19,0,1,0,562,560,280,9,,,Steady,No,No,No,No,No,No,No,No,No,No,No,No,No,No,No,No,Steady,No,No,No,No,No,Ch,Yes
156203310,2398518,Caucasian,Female,[70-80),?,2,3,1,7,?,?,10,0,15,0,1,0,572,571,250.02,9,,>7,No,No,No,No,No,No,No,No,No,No,No,No,No,No,No,No,No,Up,No,No,No,No,No,Ch,Yes
156204510,57918672,Caucasian,Female,[30-40),?,5,1,1,4,HM,?,37,3,9,1,0,0,278,787,729,8,,>8,No,No,No,No,Steady,No,No,No,No,No,No,No,No,No,No,No,No,Steady,No,No,No,No,No,Ch,Yes
156207228,107814816,Caucasian,Female,[60-70),?,2,1,7,4,UN,Emergency/Trauma,81,0,26,0,1,3,276,785,255,9,,,No,Steady,No,No,No,No,Down,No,No,No,No,No,No,No,No,No,No,Down,No,No,No,No,No,Ch,Yes
156208062,24475896,Caucasian,Female,[50-60),?,1,1,7,2,MC,Neurology,45,0,15,0,0,0,435,378,272,6,,,No,No,No,No,No,No,Steady,No,No,No,No,No,No,No,No,No,No,No,No,No,No,No,No,No,Yes
156209274,102945285,AfricanAmerican,Female,[50-60),?,1,1,1,2,?,?,42,0,11,0,0,0,250.1,276,275,6,,,No,No,No,No,No,No,No,No,No,No,No,No,No,No,No,No,No,Up,No,No,No,No,No,Ch,Yes
156217728,42020469,Caucasian,Male,[80-90),?,2,22,1,5,?,Family/GeneralPractice,32,3,11,0,0,0,V57,496,427,9,,,No,No,No,No,No,No,No,No,No,No,No,No,No,No,No,No,No,No,No,No,No,No,No,No,No
156219930,81586152,Caucasian,Female,[40-50),?,1,1,7,2,?,?,38,3,18,0,1,1,410,414,V45,8,,,No,No,No,No,No,No,No,No,No,Steady,No,No,No,No,No,No,No,Up,No,No,No,No,No,Ch,Yes
156224436,43417926,Caucasian,Female,[50-60),?,1,1,7,2,MC,?,33,1,17,1,1,3,996,287,403,9,,,No,No,No,No,No,No,No,No,No,Down,No,No,No,No,No,No,No,Steady,No,No,No,No,No,Ch,Yes
156226062,100521540,Caucasian,Female,[40-50),?,5,6,1,1,MC,?,35,0,16,2,0,0,786,428,340,9,,Norm,No,No,No,No,No,No,No,No,No,No,No,No,No,No,No,No,No,No,No,No,No,No,No,No,No
156226758,54427347,AfricanAmerican,Male,[50-60),?,1,1,7,2,OG,?,13,0,8,0,0,0,786,780,401,9,,Norm,No,No,No,No,No,No,No,No,No,No,No,No,No,No,No,No,No,Steady,No,No,No,No,No,No,Yes
156228336,85208409,Caucasian,Male,[70-80),?,1,1,7,7,CP,?,48,0,27,11,0,0,486,491,428,9,,,No,No,No,No,No,No,No,Down,No,No,No,No,No,No,No,No,No,No,No,No,No,No,No,Ch,Yes
156230946,86906376,Caucasian,Female,[50-60),?,1,1,7,2,MC,?,22,1,20,0,0,1,786,493,401,8,,,No,No,No,No,No,No,Steady,No,No,No,No,No,No,No,No,No,No,Steady,No,No,No,No,No,Ch,Yes
156232536,102965040,Caucasian,Female,[60-70),?,2,1,2,4,?,InternalMedicine,53,0,15,0,0,0,682,V63,428,9,,,No,No,No,No,No,No,No,No,No,No,No,No,No,No,No,No,No,Down,No,No,No,No,No,Ch,Yes
156235464,39160719,Other,Male,[60-70),?,1,2,7,9,OG,Emergency/Trauma,82,6,22,0,0,0,410,428,276,9,,>8,No,No,No,No,No,No,Up,No,No,No,No,No,No,No,No,No,No,Down,No,No,No,No,No,Ch,Yes
156239856,23230116,AfricanAmerican,Female,[60-70),?,2,22,1,8,?,Surgery-Neuro,39,4,50,1,1,1,324,493,722,9,,,Steady,No,No,No,No,No,Steady,No,No,No,No,No,No,No,No,No,No,No,No,No,No,No,No,Ch,Yes
156244782,102959595,Caucasian,Male,[50-60),?,1,6,2,6,?,?,59,5,38,0,0,0,414,411,V63,9,,,No,No,No,No,No,No,No,No,No,No,No,No,No,No,No,No,No,No,No,No,No,No,No,No,No
156245040,61367760,AfricanAmerican,Male,[50-60),?,1,6,7,5,HM,?,50,0,13,0,0,0,584,276,135,9,,,No,No,No,No,No,No,No,No,No,No,No,No,No,No,No,No,No,Down,No,No,No,No,No,Ch,Yes
156246990,103208346,Caucasian,Male,[40-50),?,1,1,7,4,PO,?,59,1,13,0,0,0,434,250.02,V58,7,,Norm,No,No,No,No,No,No,No,No,No,No,Steady,No,No,No,No,No,No,Up,No,No,No,No,No,Ch,Yes
156249186,28621017,Caucasian,Female,[40-50),?,2,1,7,2,UN,Family/GeneralPractice,57,0,6,0,7,3,346,342,285,7,,>7,Steady,No,No,No,No,No,No,No,No,No,No,No,No,No,No,No,No,No,No,No,No,No,No,No,Yes
156249378,25261929,AfricanAmerican,Female,[70-80),?,1,1,7,1,?,Cardiology,43,0,11,0,0,0,401,427,250,5,,,No,No,No,No,No,No,No,No,No,No,No,No,No,No,No,No,No,No,No,No,No,No,No,No,No
156249624,90960300,Caucasian,Female,[80-90),?,3,1,1,1,MC,Cardiology,28,2,18,1,1,0,427,424,414,6,,,No,Steady,No,No,No,No,No,No,No,No,Steady,No,No,No,No,No,No,No,No,No,No,No,No,Ch,Yes
156250356,37045449,Caucasian,Male,[70-80),?,1,1,7,7,MC,Emergency/Trauma,48,1,27,0,0,1,569,990,428,9,,>7,No,No,No,No,No,No,No,No,No,No,No,No,No,No,No,No,No,Down,No,No,No,No,No,Ch,Yes
156250932,108211500,Caucasian,Male,[50-60),?,1,6,7,5,HM,?,58,0,5,0,0,0,796,780,E936,9,,,No,No,No,No,No,No,No,No,No,No,No,No,No,No,No,No,No,No,No,No,No,No,No,No,No
156251154,29878893,Hispanic,Male,[50-60),?,5,7,1,3,SI,?,25,0,16,0,0,2,724,250.02,722,9,,,No,No,No,No,No,No,No,No,No,No,Steady,No,No,No,No,No,No,Up,No,No,No,No,No,Ch,Yes
156253602,102440700,AfricanAmerican,Female,[50-60),?,2,1,1,2,?,Family/GeneralPractice,34,0,15,0,0,0,682,250,401,9,,,No,No,No,No,No,No,No,Steady,No,No,No,No,No,No,No,No,No,No,No,No,No,No,No,No,Yes
156255222,96192819,Caucasian,Male,[60-70),?,3,1,1,2,UN,Cardiology,50,5,14,0,0,1,414,411,401,7,,,No,No,No,No,No,No,No,No,No,No,No,No,No,No,No,No,No,No,No,No,No,No,No,No,No
156256134,43764525,Caucasian,Female,[80-90),?,1,1,7,4,MC,?,38,0,8,0,0,0,562,274,250,4,,,No,No,No,No,Steady,No,No,No,No,No,No,No,No,No,No,No,No,No,No,No,No,No,No,No,Yes
156259524,76928139,Caucasian,Male,[40-50),[100-125),1,1,7,5,BC,?,42,0,11,0,0,0,296,401,250,6,,,Steady,No,No,No,No,No,No,No,No,No,No,No,No,No,No,No,No,No,No,No,No,No,No,No,Yes
156260688,105715161,Caucasian,Female,[80-90),?,1,3,7,6,MC,?,64,0,18,0,0,1,790,599,453,9,,>7,No,No,No,No,No,No,No,No,No,No,No,No,No,No,No,No,No,No,No,No,No,No,No,No,No
156260712,46238778,Caucasian,Female,[80-90),?,2,1,1,13,?,Psychiatry,18,0,9,2,0,0,294,599,297,4,,,Steady,No,No,No,No,No,Steady,No,No,No,No,No,No,No,No,No,No,Steady,No,No,No,No,No,Ch,Yes
156261924,111203919,Caucasian,Female,[90-100),?,6,1,17,2,?,InternalMedicine,72,1,12,1,0,0,780,276,401,6,,>8,Steady,No,No,No,No,No,No,No,No,No,No,No,No,No,No,No,No,Steady,No,No,No,No,No,Ch,Yes
156262620,102946851,Caucasian,Female,[80-90),?,1,1,2,4,?,?,37,0,17,0,0,0,491,250,401,9,,,Steady,No,No,No,No,No,Steady,No,No,No,No,No,No,No,No,No,No,Steady,No,No,No,No,No,Ch,Yes
156262932,111026943,Caucasian,Male,[50-60),?,1,1,7,9,SP,Emergency/Trauma,75,2,26,0,0,1,584,404,428,9,,,No,No,No,No,No,No,No,No,No,No,No,No,No,No,No,No,No,Up,No,No,No,No,No,Ch,Yes
156262944,109796130,Caucasian,Male,[70-80),?,1,1,7,2,MC,Osteopath,32,0,11,0,0,0,719,453,459,8,,,Steady,No,No,No,No,No,No,Steady,No,No,No,No,No,No,No,No,No,No,No,No,No,No,No,Ch,Yes
156263298,98069688,Caucasian,Male,[90-100),?,5,3,1,7,MC,?,66,1,16,0,0,0,584,599,276,9,,,No,No,No,No,No,No,Down,No,No,No,No,No,No,No,No,No,No,No,No,No,No,No,No,Ch,Yes
156265176,58148748,AfricanAmerican,Female,[70-80),?,1,6,7,4,?,InternalMedicine,73,0,14,0,0,3,402,424,486,9,,,No,No,No,No,No,No,No,No,No,No,No,No,No,No,No,No,No,No,No,No,No,No,No,No,No
156266202,85677246,Caucasian,Male,[80-90),?,1,6,7,8,MC,?,61,1,27,0,2,0,996,403,428,9,,,No,No,No,No,No,No,No,No,No,No,No,No,No,No,No,No,No,Steady,No,No,No,No,No,No,Yes
156267810,58121703,Caucasian,Female,[70-80),?,1,3,7,7,MC,?,64,1,23,0,0,0,491,599,682,9,,Norm,Steady,No,No,No,No,No,No,No,No,No,No,No,No,No,No,No,No,Steady,No,No,No,No,No,Ch,Yes
156267864,47208006,Caucasian,Male,[80-90),?,1,22,2,4,?,?,49,1,29,0,0,0,820,428,250.92,9,,,No,No,No,No,No,No,No,No,No,No,No,No,No,No,No,No,No,Up,No,No,No,No,No,Ch,Yes
156268140,85179852,Caucasian,Male,[60-70),?,1,2,7,2,MC,?,34,3,12,0,0,0,780,410,428,9,,Norm,No,No,No,No,No,No,No,No,No,No,No,No,No,No,No,No,No,No,No,No,No,No,No,No,No
156268698,61922223,Caucasian,Female,[60-70),?,3,6,1,3,?,Orthopedics-Reconstructive,21,1,27,0,0,0,715,250,285,5,,,No,No,No,No,No,No,No,No,No,No,No,No,No,No,No,No,No,No,Steady,No,No,No,No,No,Yes
156273114,23794173,Caucasian,Male,[60-70),?,3,1,1,4,MC,Surgery-General,27,2,27,0,0,1,211,553,250,8,,,No,No,No,No,No,No,No,No,No,No,No,No,No,No,No,No,No,Up,No,No,No,No,No,Ch,Yes
156273906,24629400,AfricanAmerican,Male,[50-60),?,1,1,7,5,BC,Cardiology,50,0,24,0,1,1,428,425,426,9,,,Steady,No,No,No,Steady,No,No,No,No,No,No,No,No,No,No,No,No,Steady,No,No,No,No,No,Ch,Yes
156274512,23275602,Caucasian,Female,[70-80),?,1,3,7,5,MC,Family/GeneralPractice,54,0,12,0,0,3,458,599,276,7,,,No,No,No,No,No,No,No,No,No,No,No,No,No,No,No,No,No,No,No,No,No,No,No,No,No
156275394,40775778,AfricanAmerican,Male,[60-70),?,3,1,1,2,MC,Orthopedics,27,3,18,0,0,1,733,285,401,5,,,No,No,No,No,No,No,No,No,No,No,Steady,No,No,No,No,No,No,Up,No,No,No,No,No,Ch,Yes
156277458,103022343,Caucasian,Male,[70-80),?,1,1,1,3,?,?,50,0,26,0,0,0,486,427,428,9,,,No,No,No,No,No,No,Steady,No,No,No,No,No,No,No,No,No,No,Steady,No,No,No,No,No,Ch,Yes
156290484,85569579,Caucasian,Female,[80-90),?,3,3,1,5,MC,Radiologist,21,2,20,0,0,0,996,285,E878,5,,,No,No,No,No,No,No,No,Steady,No,No,No,No,No,No,No,No,No,No,No,No,No,No,No,No,Yes
156309780,23326641,AfricanAmerican,Male,[50-60),?,1,1,7,2,BC,Family/GeneralPractice,41,1,19,0,2,2,562,496,455,9,,,No,No,No,No,No,No,No,No,No,No,No,No,No,No,No,No,No,No,No,No,No,No,No,No,No
156317244,25262649,AfricanAmerican,Female,[60-70),?,2,1,5,6,BC,InternalMedicine,39,0,21,0,0,0,428,491,425,9,,,Steady,No,No,No,No,No,Steady,No,No,Steady,No,No,No,No,No,No,No,No,No,No,No,No,No,Ch,Yes
156320598,59401422,Caucasian,Female,[60-70),?,3,1,1,3,CM,?,34,1,1,0,0,0,223,591,998,6,,,No,No,No,No,No,No,No,No,No,No,No,No,No,No,No,No,No,No,No,No,No,No,No,No,No
156320832,58394088,AfricanAmerican,Female,[60-70),?,1,1,7,5,MC,?,1,3,13,0,0,0,427,403,250,5,,,No,No,No,No,No,No,No,No,No,Steady,No,No,No,No,No,No,No,No,No,No,No,No,No,No,Yes
156321108,109319688,Caucasian,Male,[40-50),[50-75),2,6,1,8,HM,?,46,2,10,0,4,0,250.6,707,682,8,,,Steady,No,No,No,No,No,No,No,No,No,No,No,No,No,No,No,No,No,No,No,No,No,No,No,Yes
156323412,95591799,Caucasian,Male,[80-90),?,5,3,1,3,MC,?,52,0,17,1,0,0,560,578,428,9,,,No,No,No,No,No,No,No,No,No,No,No,No,No,No,No,No,No,Steady,No,No,No,No,No,No,Yes
156324102,24463710,Caucasian,Male,[60-70),?,1,1,7,2,MC,InternalMedicine,31,0,5,0,0,0,427,250,V58,8,,,No,No,No,No,No,No,Steady,No,No,No,No,No,No,No,No,No,No,No,No,No,No,No,No,No,Yes
156324438,59282226,?,Female,[20-30),?,3,1,1,2,MD,ObstetricsandGynecology,20,2,11,1,0,0,648,250,663,6,,,No,No,No,No,No,No,No,No,No,No,No,No,No,No,No,No,No,No,No,No,No,No,No,No,No
156325914,92182770,Caucasian,Male,[50-60),?,1,3,7,8,MC,?,60,1,22,1,1,7,250.83,780,707,9,,>8,No,No,No,No,No,No,No,No,No,No,No,No,No,No,No,No,No,No,No,No,No,No,No,No,No
156333840,36456408,Caucasian,Female,[70-80),?,2,8,1,13,MC,Orthopedics,41,5,11,0,0,1,998,496,E878,9,,,No,No,No,No,No,No,No,No,No,No,No,No,No,No,No,No,No,No,No,No,No,No,No,No,No
156334632,64022994,Caucasian,Female,[40-50),?,1,1,1,3,?,Emergency/Trauma,55,0,7,0,0,0,250.1,V58,?,2,,,No,No,No,No,No,No,No,No,No,No,No,No,No,No,No,No,No,Down,No,No,No,No,No,Ch,Yes
156336108,90955746,Caucasian,Male,[40-50),?,6,1,7,1,UN,Emergency/Trauma,2,0,2,0,1,0,250.02,356,?,2,,,No,No,No,No,No,No,No,No,No,No,No,No,No,No,No,No,No,Down,No,No,No,No,No,Ch,Yes
156336546,102279168,Caucasian,Female,[80-90),?,3,3,7,8,MC,Emergency/Trauma,53,0,15,0,1,3,808,428,453,9,,,No,No,Steady,No,No,No,No,No,No,No,No,No,No,No,No,No,No,No,No,No,No,No,No,No,Yes
156344808,42031944,Caucasian,Female,[80-90),?,3,1,1,8,SP,?,54,0,10,0,0,0,8,276,593,8,,Norm,No,No,No,No,No,No,No,Steady,No,No,No,No,No,No,No,No,No,No,No,No,No,No,No,No,Yes
156345252,64296369,Caucasian,Female,[80-90),?,1,23,7,5,MC,?,67,0,11,1,1,1,780,403,276,9,,,No,No,No,No,No,No,No,No,No,No,No,No,No,No,No,No,No,Down,No,No,No,No,No,Ch,Yes
156346794,90354231,AfricanAmerican,Female,[80-90),?,1,2,7,7,MC,?,72,0,17,0,0,0,428,599,276,9,,,Steady,No,No,No,No,No,No,No,No,No,No,No,No,No,No,No,No,No,No,No,No,No,No,No,Yes
156350442,100591794,Caucasian,Male,[70-80),?,1,1,7,2,MC,?,35,4,11,0,0,0,410,250.8,414,7,,,No,No,No,No,No,No,No,No,No,No,Steady,No,No,No,No,No,No,No,No,No,No,No,No,No,Yes
156351696,52720353,Caucasian,Female,[40-50),?,1,1,7,3,MC,Emergency/Trauma,31,1,29,0,0,0,722,250,401,7,,,Steady,No,No,No,No,No,Steady,No,No,No,No,No,No,No,No,No,No,No,No,No,No,No,No,Ch,Yes
156352926,41020758,Caucasian,Male,[70-80),?,1,1,7,4,MC,?,4,1,14,0,0,2,415,496,790,9,,,Steady,No,No,No,No,No,No,No,No,No,No,No,No,No,No,No,No,No,No,No,No,No,No,No,Yes
156355290,63469890,Caucasian,Female,[70-80),?,3,1,1,4,CP,Radiologist,68,0,11,0,0,0,286,584,276,6,,,No,Steady,No,No,No,No,No,No,No,No,No,No,No,No,No,No,No,No,No,No,No,No,No,No,Yes
156355404,87564348,Caucasian,Male,[60-70),?,2,6,1,2,MC,?,57,2,20,0,0,0,711,403,V45,9,,,No,No,No,No,No,No,No,No,No,No,No,No,No,No,No,No,No,No,No,No,No,No,No,No,No
156355740,110873871,Caucasian,Male,[70-80),?,1,6,7,11,HM,?,50,6,25,0,0,0,443,785,682,9,,,No,No,No,No,No,No,Down,No,No,No,Steady,No,No,No,No,No,No,No,No,No,No,No,No,Ch,Yes
156358776,59274171,AfricanAmerican,Male,[60-70),?,1,1,7,8,MC,?,60,5,22,0,1,0,414,38,995,9,,,Steady,No,No,No,No,No,No,Steady,No,No,No,No,No,No,No,No,No,Down,No,No,No,No,No,Ch,Yes
156360066,25269093,Caucasian,Female,[50-60),?,2,1,4,7,MC,Cardiology,36,2,28,0,0,0,491,486,250,4,,,Steady,No,No,No,No,No,Steady,No,No,No,No,No,No,No,No,No,No,Steady,No,No,No,No,No,Ch,Yes
156360216,100213272,Caucasian,Female,[60-70),?,1,3,7,4,MC,?,57,1,10,0,0,0,599,403,V45,9,,,No,No,No,No,No,No,No,No,No,No,No,No,No,No,No,No,No,No,No,No,No,No,No,No,No
156360504,90660618,Caucasian,Female,[50-60),?,2,1,4,4,?,Psychiatry,66,0,10,0,0,0,296,424,300,5,,,Steady,No,No,No,No,No,No,No,No,No,No,No,No,No,No,No,No,Steady,No,No,No,No,No,Ch,Yes
156360546,80245809,AfricanAmerican,Female,[60-70),?,2,6,1,4,?,Nephrology,43,1,11,0,0,0,250.4,403,414,6,,,No,No,No,No,No,No,No,No,No,No,No,No,No,No,No,No,No,No,No,No,No,No,No,No,No
156363678,23390478,AfricanAmerican,Male,[70-80),?,1,3,7,12,MC,InternalMedicine,47,1,19,0,0,3,560,707,707,9,,,No,No,No,No,No,No,No,No,No,No,No,No,No,No,No,No,No,Up,No,No,No,No,No,Ch,Yes
156365130,102871602,AfricanAmerican,Male,[40-50),?,2,2,1,4,?,Nephrology,47,1,23,0,0,5,250.6,707,428,9,,,No,No,No,No,No,No,No,No,No,No,No,No,No,No,No,No,No,Up,No,No,No,No,No,Ch,Yes
156366090,59434875,AfricanAmerican,Female,[10-20),?,1,1,7,1,SP,?,50,0,7,0,0,0,250.11,V58,522,3,,Norm,No,No,No,No,No,No,No,No,No,No,No,No,No,No,No,No,No,Up,No,No,No,No,No,Ch,Yes
156369432,88999272,AfricanAmerican,Male,[80-90),?,2,1,1,6,?,InternalMedicine,50,3,11,0,0,0,437,402,533,8,,,No,No,No,No,No,No,No,No,No,No,No,No,No,No,No,No,No,No,No,No,No,No,No,No,No
156369624,24049971,AfricanAmerican,Male,[50-60),?,3,2,1,13,BC,InternalMedicine,39,5,43,0,0,2,250.82,428,402,9,,,No,No,Steady,No,No,No,No,No,No,No,No,No,No,No,No,No,No,Up,No,No,No,No,No,Ch,Yes
156371514,29957625,Caucasian,Female,[30-40),?,2,1,7,4,SP,Family/GeneralPractice,58,0,12,0,0,0,250.6,357,300,3,,>8,Up,No,No,No,No,No,Up,No,No,No,No,No,No,No,No,No,No,Steady,No,No,No,No,No,Ch,Yes
156374010,85159098,Caucasian,Female,[40-50),?,1,1,7,3,HM,?,60,0,7,0,0,0,562,250,272,4,,,No,No,No,No,No,No,No,No,No,No,No,No,No,No,No,No,No,No,No,No,No,No,No,No,No
156374526,72671157,Caucasian,Female,[50-60),?,6,1,7,12,?,?,68,1,26,0,0,3,250.6,536,535,6,Norm,Norm,No,No,No,No,No,No,No,No,No,No,No,No,No,No,No,No,No,Steady,No,No,No,No,No,No,Yes
156374844,59411250,AfricanAmerican,Female,[80-90),?,1,1,7,1,CM,?,44,0,6,0,0,0,292,780,E947,8,,,No,No,No,No,No,No,No,Steady,No,No,No,No,No,No,No,No,No,Steady,No,No,No,No,No,Ch,Yes
156376668,106598574,Caucasian,Male,[30-40),?,2,1,7,1,CM,Surgery-General,47,0,10,0,0,0,428,250.02,401,4,,>8,No,No,No,No,No,No,No,No,No,No,Steady,No,No,No,No,No,No,Up,No,No,No,No,No,Ch,Yes
156377880,45722196,Caucasian,Male,[60-70),?,1,3,7,8,?,?,40,1,22,2,0,0,427,428,414,9,,,Steady,No,No,No,No,No,Steady,No,No,No,No,No,No,No,No,No,No,No,No,No,No,No,No,Ch,Yes
156378024,97391007,Caucasian,Female,[40-50),?,1,1,7,6,CP,?,71,0,8,0,0,1,250.1,684,380,6,,,No,No,No,No,No,No,No,No,No,No,No,No,No,No,No,No,No,No,No,No,No,No,No,No,No
156380262,103067685,Caucasian,Female,[10-20),?,1,3,2,7,?,?,54,0,16,0,0,0,277,250,571,6,,,No,No,No,No,No,No,No,No,No,No,No,No,No,No,No,No,No,No,No,No,No,No,No,No,No
156380328,82116684,AfricanAmerican,Male,[50-60),?,1,2,7,2,?,?,19,0,7,0,0,0,250.1,42,577,9,,,No,No,No,No,No,No,No,No,No,No,No,No,No,No,No,No,No,Steady,No,No,No,No,No,No,Yes
156381930,56990070,AfricanAmerican,Female,[20-30),?,1,1,1,6,?,?,44,1,19,1,2,12,250.6,276,599,8,,,No,No,No,No,No,No,No,No,No,No,No,No,No,No,No,No,No,Up,No,No,No,No,No,Ch,Yes
156382272,88830414,Caucasian,Male,[50-60),?,1,4,7,1,MC,Family/GeneralPractice,75,0,12,0,0,0,780,780,272,6,,,Down,No,No,No,No,No,Steady,No,No,No,No,No,No,No,No,No,No,Down,No,No,No,No,No,Ch,Yes
156383538,112018923,AfricanAmerican,Female,[60-70),?,5,1,1,3,MC,?,10,0,16,2,0,1,250.6,536,250.51,9,,,No,No,No,No,No,No,No,No,No,No,No,No,No,No,No,No,No,Up,No,No,No,No,No,Ch,Yes
156384336,103071591,AfricanAmerican,Male,[50-60),?,1,1,2,3,?,?,51,0,9,0,0,0,558,999,916,9,,,Steady,No,No,No,No,No,No,No,No,No,No,No,No,No,No,No,No,Down,No,No,No,No,No,Ch,Yes
156384954,95053941,Caucasian,Male,[40-50),?,1,1,7,2,HM,?,45,0,12,0,0,0,577,250,401,5,,,No,No,No,No,No,No,No,No,No,No,No,No,No,No,No,No,No,Steady,No,No,No,No,No,No,Yes
156385290,78486993,Caucasian,Male,[60-70),?,3,6,1,5,?,Surgery-Cardiovascular,56,3,40,4,0,0,424,414,427,9,,,No,Steady,No,No,No,No,Steady,No,No,Steady,No,No,No,No,No,No,No,Steady,No,No,No,No,No,Ch,Yes
156385896,85569822,Caucasian,Male,[70-80),?,3,6,1,4,HM,?,21,2,22,3,0,0,715,413,285,8,,,No,Steady,No,No,No,No,No,No,No,No,No,No,No,No,No,No,No,No,No,No,No,No,No,No,Yes
156386130,23259357,AfricanAmerican,Female,[50-60),?,1,1,7,4,MD,InternalMedicine,52,0,18,0,0,1,491,250.02,V58,6,,,Steady,No,No,No,No,No,No,No,No,No,No,No,No,No,No,No,No,Up,No,No,No,No,No,Ch,Yes
156391920,70404903,AfricanAmerican,Female,[70-80),?,6,1,17,1,?,?,53,0,11,0,0,0,786,282,413,9,,,Steady,No,No,No,No,No,No,No,No,No,No,No,No,No,No,No,No,No,No,No,No,No,No,No,Yes
156393582,25261110,Caucasian,Male,[60-70),?,1,1,1,1,BC,InternalMedicine,43,1,18,0,0,0,786,402,V45,8,,,Steady,No,No,No,No,No,No,No,No,Steady,No,No,No,No,No,No,No,Steady,No,No,No,No,No,Ch,Yes
156394692,25037001,Caucasian,Male,[60-70),?,3,1,1,1,MC,Surgery-Neuro,35,4,30,0,0,0,722,250,?,2,,,Steady,No,No,No,No,No,No,No,No,No,No,No,No,No,No,No,No,No,No,No,No,No,No,No,Yes
156395106,54593559,Caucasian,Male,[80-90),?,1,6,7,6,?,?,49,0,10,0,0,0,486,599,250.01,7,,,No,No,No,No,No,No,No,Steady,No,No,Steady,No,No,No,No,No,No,No,No,No,No,No,No,Ch,Yes
156402174,23221602,AfricanAmerican,Female,[70-80),?,1,3,7,5,MC,InternalMedicine,36,0,13,0,0,2,434,250.02,401,5,,,Steady,No,No,No,No,No,Steady,No,No,No,No,No,No,No,No,No,No,Steady,No,No,No,No,No,Ch,Yes
156404544,25256637,AfricanAmerican,Female,[70-80),?,3,1,1,1,MC,Cardiology,29,1,15,0,0,0,414,428,250,5,,,No,No,No,No,No,No,No,No,No,No,No,No,No,No,No,No,No,Up,No,No,No,No,No,Ch,Yes
156405534,46737270,Caucasian,Female,[60-70),?,1,1,7,2,BC,?,46,0,13,0,0,1,434,496,782,8,,,Steady,No,No,No,No,No,No,Steady,No,No,Steady,No,No,No,No,No,No,Steady,No,No,No,No,No,Ch,Yes
156408216,23515029,AfricanAmerican,Male,[60-70),?,3,1,1,1,MC,Surgery-Vascular,38,4,20,1,0,3,447,403,250.4,4,,,No,No,No,No,No,No,No,No,No,No,No,No,No,No,No,No,No,Up,No,No,No,No,No,Ch,Yes
156409146,95178123,Caucasian,Male,[80-90),?,3,1,1,3,MC,Surgery-General,30,3,8,0,0,0,427,427,287,9,,,No,No,No,No,No,No,No,No,No,No,No,No,No,No,No,No,No,Steady,No,No,No,No,No,No,Yes
156414486,23944185,AfricanAmerican,Male,[20-30),?,2,11,1,2,?,Family/GeneralPractice,18,1,11,0,0,0,507,250.11,742,5,,,No,No,No,No,No,No,No,Steady,No,No,No,No,No,No,No,No,No,Steady,No,No,No,No,No,Ch,Yes
156417486,63072540,Caucasian,Male,[60-70),?,3,1,1,1,BC,Gastroenterology,6,4,10,0,1,0,414,428,403,9,,,No,No,No,No,No,No,No,Steady,No,Steady,No,No,No,No,No,No,No,Steady,No,No,No,No,No,Ch,Yes
156419028,43620147,Caucasian,Male,[60-70),?,1,6,7,3,MC,?,44,0,15,0,0,0,428,?,285,6,,,No,No,No,No,No,No,No,No,No,No,No,No,No,No,No,No,No,No,No,No,No,No,No,No,No
156422688,59104764,Caucasian,Female,[70-80),?,1,2,7,4,MC,?,35,0,15,0,0,0,850,410,728,9,,,No,No,No,No,No,No,Steady,No,No,Steady,No,No,No,No,No,No,No,No,No,No,No,No,No,Ch,Yes
156426516,25269867,AfricanAmerican,Female,[70-80),?,3,1,1,1,MC,Cardiology,29,3,15,0,0,0,414,794,401,5,,,No,No,No,No,No,No,No,No,No,No,Steady,No,No,No,No,No,No,Down,No,No,No,No,No,Ch,Yes
156432858,103200138,Caucasian,Male,[80-90),?,2,1,1,6,?,InternalMedicine,50,0,11,0,0,0,600,155,286,9,,,No,No,No,No,No,No,Steady,No,No,No,No,No,No,No,No,No,No,Steady,No,No,No,No,No,Ch,Yes
156434124,24720417,AfricanAmerican,Female,[40-50),?,3,1,1,1,MC,Cardiology,29,4,8,0,0,0,414,413,250,3,,,No,No,No,No,No,No,No,No,No,No,No,No,No,No,No,No,No,Up,No,No,No,No,No,Ch,Yes
156437160,32033250,Caucasian,Male,[60-70),?,5,23,1,4,MC,?,34,0,24,0,0,0,486,491,518,9,,>7,Steady,No,No,No,No,No,No,Steady,No,No,No,No,No,No,No,No,No,Down,No,No,No,No,No,Ch,Yes
156437952,65787786,Caucasian,Male,[70-80),?,5,3,1,4,MC,?,52,2,26,0,0,0,715,285,250,7,,,Steady,No,No,No,No,No,No,No,No,No,No,No,No,No,No,No,No,Steady,No,No,No,No,No,Ch,Yes
156439350,97526565,Caucasian,Male,[60-70),?,3,1,1,3,MC,Gastroenterology,37,0,20,0,2,1,682,707,427,8,,,No,No,No,No,No,No,No,No,No,No,No,No,No,No,No,No,No,No,No,No,No,No,No,No,No
156439986,80517051,Caucasian,Female,[60-70),?,1,2,7,2,MC,?,11,2,18,0,0,1,410,584,401,9,,,No,No,No,No,Steady,No,No,No,No,Steady,No,No,No,No,No,No,No,Steady,No,No,No,No,No,Ch,Yes
156443142,59413167,Caucasian,Male,[70-80),?,2,1,1,7,CM,?,48,0,9,0,0,0,599,788,599,9,,,Steady,No,No,No,No,No,No,Up,No,No,Steady,No,No,No,No,No,No,No,No,No,No,No,No,Ch,Yes
156443628,103072131,Caucasian,Female,[40-50),?,2,1,1,4,?,Cardiology,61,1,12,0,0,0,285,584,276,9,,,Steady,No,No,No,No,No,No,No,No,No,No,No,No,No,No,No,No,No,No,No,No,No,No,No,Yes
156445848,96982767,Caucasian,Male,[90-100),?,2,6,1,5,MC,Emergency/Trauma,60,0,18,0,0,0,682,276,492,9,,>8,No,No,No,No,No,No,No,No,No,No,No,No,No,No,No,No,No,Up,No,No,No,No,No,Ch,Yes
156448104,79759665,AfricanAmerican,Male,[50-60),?,3,6,1,6,?,Surgery-General,52,1,36,0,0,0,153,428,426,9,,,No,No,No,No,No,No,No,No,No,No,No,No,No,No,No,No,No,No,No,No,No,No,No,No,No
156448794,50637447,Caucasian,Male,[50-60),?,1,3,7,4,MC,?,49,3,24,0,0,0,250.6,707,682,9,,>7,No,No,No,No,No,No,No,Steady,No,No,No,No,No,No,No,No,No,Steady,No,No,No,No,No,Ch,Yes
156450864,39180618,Caucasian,Female,[90-100),?,2,3,7,10,SP,Emergency/Trauma,79,0,28,0,0,0,410,428,491,9,,>8,Steady,No,No,No,No,No,No,Steady,No,No,No,No,No,No,No,No,No,Down,No,No,No,No,No,Ch,Yes
156457746,41582448,Caucasian,Female,[80-90),?,3,1,1,4,MC,?,25,0,11,0,0,1,428,599,427,9,,>7,Down,No,No,No,No,No,No,No,No,No,No,No,No,No,No,No,No,No,No,No,No,No,No,Ch,Yes
156458376,86230782,Caucasian,Female,[60-70),?,1,1,7,3,CP,?,5,0,6,0,0,0,780,250.02,599,9,,,No,No,No,No,No,No,No,No,No,No,No,No,No,No,No,No,No,No,No,No,No,No,No,No,No
156460218,104307642,AfricanAmerican,Male,[70-80),?,2,4,2,4,?,Psychiatry,21,0,11,0,0,0,309,250,V58,6,,,Steady,No,No,No,No,No,No,No,No,No,Steady,No,No,No,No,No,No,No,No,No,No,No,No,Ch,Yes
156462096,91788858,Caucasian,Male,[80-90),?,2,3,7,4,SP,Surgery-General,44,0,9,0,1,1,276,427,428,8,,,No,Steady,No,No,No,No,No,Steady,No,No,No,No,No,No,No,No,No,No,No,No,No,No,No,Ch,Yes
156464712,96036804,Caucasian,Female,[40-50),?,2,1,7,1,OG,Emergency/Trauma,42,0,9,0,0,0,250.02,401,305,9,,,Steady,No,No,No,No,No,No,No,No,No,No,No,No,No,No,No,No,Steady,No,No,No,No,No,Ch,Yes
156467052,10350423,Caucasian,Male,[80-90),?,2,1,7,3,?,?,53,2,5,0,0,0,8,787,783,9,,>7,No,No,No,No,No,No,No,No,No,No,No,No,No,No,No,No,No,Steady,No,No,No,No,No,No,Yes
156472614,99701622,Caucasian,Male,[70-80),?,1,6,7,4,MC,?,33,1,9,0,0,0,198,198,185,9,,,No,No,No,No,No,No,No,No,No,No,No,No,No,No,No,No,No,Steady,No,No,No,No,No,No,Yes
156473040,98195508,Caucasian,Male,[70-80),?,3,1,1,7,MC,Pulmonology,66,0,18,0,0,0,428,496,V45,9,,,Steady,No,No,No,Steady,No,No,No,No,Steady,No,No,No,No,No,No,No,Up,No,No,No,No,No,Ch,Yes
156474054,81302868,Caucasian,Male,[60-70),?,2,1,1,4,?,InternalMedicine,37,0,14,0,0,0,250.12,401,244,9,,,No,No,No,No,No,No,No,No,No,No,No,No,No,No,No,No,No,Up,No,No,No,No,No,Ch,Yes
156474576,45179919,Caucasian,Female,[60-70),?,2,1,1,2,?,Oncology,30,1,15,0,0,0,287,250,593,5,,,No,No,No,No,No,No,No,Steady,No,No,No,No,No,No,No,No,No,No,No,No,No,No,No,No,Yes
156475092,24627528,Caucasian,Male,[70-80),?,1,13,7,13,MC,Orthopedics-Reconstructive,38,2,34,0,0,0,733,189,198,6,,,No,No,No,No,No,No,No,No,No,Steady,No,No,No,No,No,No,No,Steady,No,No,No,No,No,Ch,Yes
156475704,89964018,Caucasian,Male,[50-60),?,1,1,7,3,HM,?,19,0,17,1,2,5,491,518,250.02,9,,>8,No,No,No,No,No,No,Steady,No,No,No,No,No,No,No,No,No,No,No,No,No,No,No,No,No,Yes
156475824,105996375,Hispanic,Female,[50-60),?,1,1,7,1,HM,InternalMedicine,55,0,12,0,0,1,786,250.4,593,5,,,No,No,No,No,No,No,No,No,No,No,No,No,No,No,No,No,No,Steady,No,No,No,No,No,No,Yes
156476352,59439483,Caucasian,Male,[70-80),?,3,1,1,5,MC,Family/GeneralPractice,19,3,28,0,0,0,153,560,553,9,,,Steady,No,No,No,No,No,No,No,No,No,No,No,No,No,No,No,No,No,No,No,No,No,No,No,Yes
156476706,5786496,Caucasian,Female,[40-50),[100-125),2,1,1,6,MC,?,60,0,13,1,0,2,296,496,301,8,,,Steady,No,No,No,No,No,Steady,No,No,No,No,No,No,No,No,No,No,No,No,No,No,No,No,Ch,Yes
156478020,47195613,Caucasian,Male,[80-90),?,6,1,7,6,?,InternalMedicine,49,0,11,1,0,1,276,250.8,584,6,>200,,No,No,No,No,No,No,No,No,No,No,No,No,No,No,No,No,No,No,No,No,No,No,No,No,No
156478236,90412938,Caucasian,Female,[30-40),?,2,1,1,5,BC,?,60,1,24,0,1,0,574,250,311,4,,,No,No,No,No,No,No,No,No,No,No,No,No,No,No,No,No,No,No,No,No,No,No,No,No,No
156480726,86278455,Caucasian,Male,[80-90),?,1,3,7,4,?,?,53,0,11,1,0,0,434,276,427,9,,,No,No,No,No,No,No,No,No,No,No,No,No,No,No,No,No,No,No,No,No,No,No,No,No,No
156481020,23312286,AfricanAmerican,Male,[70-80),?,1,3,7,7,MC,InternalMedicine,45,1,12,0,0,0,584,536,599,8,,,No,No,No,No,No,No,No,No,No,No,No,No,No,No,No,No,No,Steady,No,No,No,No,No,No,Yes
156482328,41530635,Caucasian,Female,[70-80),?,1,1,7,2,MC,?,38,0,13,1,0,1,250.8,276,599,7,,,No,No,No,No,No,No,No,No,No,No,No,No,No,No,No,No,No,No,No,No,No,No,No,No,No
156483480,29572101,AfricanAmerican,Female,[40-50),?,1,1,7,2,PO,?,12,0,3,0,0,0,250.12,276,599,9,,Norm,No,No,No,No,No,No,No,No,No,No,No,No,No,No,No,No,No,Down,No,No,No,No,No,Ch,Yes
156484632,94849767,AfricanAmerican,Male,[50-60),?,1,1,2,4,?,?,44,4,17,0,0,0,414,411,401,9,,,Steady,No,No,No,No,No,No,Steady,No,No,No,No,No,No,No,No,No,No,No,No,No,No,No,Ch,Yes
156484704,74319597,Caucasian,Female,[80-90),?,1,22,1,9,?,?,42,0,12,0,0,0,410,599,425,8,,,No,No,No,No,No,No,Steady,No,No,No,No,No,No,No,No,No,No,Steady,No,No,No,No,No,Ch,Yes
156485922,84676806,Caucasian,Male,[40-50),?,1,1,7,2,MC,?,42,0,22,0,0,0,786,493,414,9,,,Steady,No,No,No,No,No,Steady,No,No,No,No,No,No,No,No,No,No,No,No,No,No,No,No,Ch,Yes
156486930,101905578,Caucasian,Male,[60-70),?,2,4,4,11,?,Cardiology,47,2,13,0,1,0,V57,428,425,9,,,No,No,No,No,No,No,No,No,No,No,No,No,No,No,No,No,No,No,No,No,No,No,No,No,No
156487536,53022825,AfricanAmerican,Female,[70-80),?,1,1,7,7,?,?,46,5,18,0,1,1,576,574,403,9,,,No,No,No,No,No,No,No,No,No,No,No,No,No,No,No,No,No,Steady,No,No,No,No,No,No,Yes
156487596,19017108,Caucasian,Female,[50-60),?,1,3,7,6,MC,InternalMedicine,62,2,27,0,0,0,416,780,425,9,,,No,No,No,No,No,No,No,No,No,No,Steady,No,No,No,No,No,No,Steady,No,No,No,No,No,Ch,Yes
156487656,84450006,Caucasian,Male,[60-70),?,1,1,7,7,BC,?,66,2,13,0,0,0,556,578,285,9,,,No,No,No,No,No,No,No,No,No,No,No,No,No,No,No,No,No,Steady,No,No,No,No,No,No,Yes
156487758,85018626,Caucasian,Male,[80-90),?,1,1,7,2,MC,?,25,0,11,0,0,1,486,496,276,9,,,Steady,No,No,No,No,No,No,No,No,No,No,No,No,No,No,No,No,No,No,No,No,No,No,No,Yes
156488040,24449319,AfricanAmerican,Female,[60-70),?,1,1,7,1,?,?,38,1,21,0,0,0,822,250.02,401,5,,,Steady,No,No,No,No,No,No,Steady,No,No,No,No,No,No,No,No,No,Up,No,No,No,No,No,Ch,Yes
156488118,86500791,Caucasian,Male,[70-80),?,1,1,7,3,HM,?,50,0,10,0,0,0,428,411,427,9,,,No,No,No,No,No,No,No,No,No,No,No,No,No,No,No,No,No,No,No,No,No,No,No,No,No
156488574,56600451,Caucasian,Male,[70-80),?,1,6,7,6,?,?,73,0,12,0,0,0,8,276,584,9,,,No,No,No,No,No,No,No,Steady,No,No,No,No,No,No,No,No,No,Down,No,No,No,No,No,Ch,Yes
156488898,101613978,AfricanAmerican,Female,[50-60),?,1,1,2,3,?,?,49,0,21,0,0,0,599,707,344,9,,,Steady,No,No,No,No,No,No,No,No,No,No,No,No,No,No,No,No,Steady,No,No,No,No,No,Ch,Yes
156491382,24232068,Caucasian,Female,[80-90),?,1,1,7,4,MC,InternalMedicine,43,6,35,0,0,0,414,427,428,7,,,No,No,No,No,Steady,No,No,No,No,No,No,No,No,No,No,No,No,Steady,No,No,No,No,No,Ch,Yes
156501060,40912686,Caucasian,Female,[70-80),?,3,6,1,13,MC,?,64,0,21,0,0,0,V57,V45,V43,9,,,No,No,No,No,No,No,No,No,No,No,No,No,No,No,No,No,No,Steady,No,No,No,No,No,No,Yes
156502062,41165631,Caucasian,Female,[60-70),?,1,1,7,2,CM,?,44,1,13,0,2,1,599,276,250,9,,,No,No,No,No,No,No,No,Steady,No,No,No,No,No,No,No,No,No,Steady,No,No,No,No,No,Ch,Yes
156502746,29947671,Asian,Female,[80-90),?,2,3,7,3,SP,Emergency/Trauma,34,1,10,0,0,0,812,287,493,9,,,No,No,No,No,No,No,No,No,No,Steady,No,No,No,No,No,No,No,Steady,No,No,No,No,No,Ch,Yes
156505302,111784842,Caucasian,Female,[70-80),?,1,1,7,2,MC,?,8,0,15,1,0,0,428,599,427,9,,,No,No,No,No,No,No,No,Steady,No,No,No,No,No,No,No,No,No,No,No,No,No,No,No,No,Yes
156505488,97172298,Caucasian,Female,[70-80),?,2,1,1,4,MC,InternalMedicine,41,1,22,0,0,0,250.8,276,790,9,,,Steady,No,No,No,No,No,Steady,No,No,Steady,No,No,No,No,No,No,No,No,No,No,No,No,No,Ch,Yes
156507510,6731685,Caucasian,Male,[60-70),?,6,1,7,4,?,?,53,2,21,0,0,0,427,424,414,6,Norm,Norm,No,No,No,No,No,No,No,No,No,No,No,No,No,No,No,No,No,No,No,No,No,No,No,No,No
156508710,43963641,Caucasian,Female,[80-90),?,1,1,7,5,CM,?,41,2,15,0,0,0,535,530,562,9,,,No,No,No,No,No,No,No,No,No,No,No,No,No,No,No,No,No,No,No,No,No,No,No,No,No
156511248,87428223,Caucasian,Male,[50-60),?,1,1,7,3,BC,?,59,0,6,0,0,0,250.02,276,244,8,,,Steady,No,No,No,No,No,No,No,No,No,No,No,No,No,No,No,No,No,No,No,No,No,No,No,Yes
156511398,94819149,Caucasian,Male,[70-80),?,5,3,1,6,MC,?,60,0,21,3,0,0,410,38,599,9,,>7,No,No,No,No,No,No,No,No,No,No,No,No,No,No,No,No,No,Up,No,No,No,No,No,Ch,Yes
156513114,103306392,Caucasian,Female,[70-80),?,1,6,2,9,?,?,53,0,27,0,0,0,428,424,427,9,,,No,No,No,No,No,No,No,No,No,No,No,No,No,No,No,No,No,No,No,No,No,No,No,No,No
156514674,60239124,Caucasian,Female,[90-100),?,1,3,7,4,MC,InternalMedicine,43,2,12,0,0,1,820,599,285,9,,,No,No,No,No,No,No,No,No,No,No,No,No,No,No,No,No,No,No,No,No,No,No,No,No,No
156514746,32916834,Caucasian,Male,[80-90),?,1,1,1,1,MC,?,25,0,11,0,0,0,250.02,496,428,9,,,No,No,No,No,No,No,Steady,No,No,No,No,No,No,No,No,No,No,Down,No,No,No,No,No,Ch,Yes
156515136,40950981,Caucasian,Male,[50-60),?,1,1,7,3,MC,?,40,0,16,0,0,0,786,250.02,305,8,,,No,No,No,No,No,No,No,No,No,No,No,No,No,No,No,No,No,Steady,Steady,No,No,No,No,Ch,Yes
156515586,59246640,Caucasian,Male,[40-50),?,1,1,7,6,OG,?,56,5,15,0,0,0,414,682,272,9,,,No,No,No,No,No,No,No,No,No,No,No,No,No,No,No,No,No,Steady,No,No,No,No,No,No,Yes
156516612,58548969,AfricanAmerican,Male,[40-50),?,1,7,7,4,DM,?,67,1,13,0,0,0,402,425,305,9,,Norm,No,No,No,No,No,No,Steady,No,No,No,No,No,No,No,No,No,No,Steady,No,No,No,No,No,Ch,Yes
156516876,56924784,Caucasian,Male,[10-20),?,1,1,7,2,SP,?,49,0,8,0,0,0,250.01,276,593,4,,,No,No,No,No,No,No,No,No,No,No,No,No,No,No,No,No,No,Down,No,No,No,No,No,Ch,Yes
156517950,83061270,AfricanAmerican,Female,[70-80),?,1,1,7,13,?,?,56,0,26,1,0,1,434,250.92,784,9,,,No,Steady,No,No,No,No,No,No,No,Steady,Steady,No,No,No,No,No,No,Down,No,No,No,No,No,Ch,Yes
156518022,73054188,Caucasian,Male,[60-70),[75-100),1,1,7,4,HM,Cardiology,55,0,16,1,3,1,405,V15,272,9,,,No,No,No,No,No,No,No,No,No,No,No,No,No,No,No,No,No,No,No,No,No,No,No,No,No
156518640,63817038,Caucasian,Male,[70-80),?,6,1,17,1,?,?,71,2,11,0,0,0,558,250,244,7,,,No,No,No,No,No,No,Steady,No,No,No,Steady,No,No,No,No,No,No,No,No,No,No,No,No,Ch,Yes
156519078,90249912,Caucasian,Male,[60-70),?,2,6,2,8,?,Orthopedics-Reconstructive,61,1,20,0,1,0,722,780,788,9,,,No,No,No,No,No,No,Steady,No,No,No,No,No,No,No,No,No,No,Steady,No,No,No,No,No,Ch,Yes
156520146,92402253,Caucasian,Male,[60-70),?,2,1,7,3,MC,Emergency/Trauma,38,0,8,0,0,0,351,414,V45,8,,,No,No,No,No,No,No,No,Steady,No,No,No,No,No,No,No,No,No,Down,No,No,No,No,No,Ch,Yes
156521448,45818487,AfricanAmerican,Female,[50-60),?,1,1,7,2,HM,?,11,0,19,0,0,0,786,780,493,7,,Norm,No,No,No,No,No,No,No,No,No,No,No,No,No,No,No,No,No,Down,No,No,No,No,No,Ch,Yes
156522390,55893573,Caucasian,Female,[70-80),?,1,6,7,5,?,?,45,0,11,0,0,0,434,427,729,9,,,Steady,No,No,No,No,No,No,Steady,No,No,No,No,No,No,No,No,No,Steady,No,No,No,No,No,Ch,Yes
156522612,57365190,Caucasian,Female,[70-80),?,1,1,7,2,MC,?,43,0,13,0,0,0,427,493,401,7,,,No,No,No,No,No,No,No,No,No,No,No,No,No,No,No,No,No,No,No,No,No,No,No,No,No
156523320,103384863,AfricanAmerican,Male,[10-20),?,2,1,1,3,?,Cardiology-Pediatric,16,0,5,0,0,0,250.11,276,493,5,,,No,No,No,No,No,No,No,No,No,No,No,No,No,No,No,No,No,Steady,No,No,No,No,No,No,Yes
156523770,23834763,Caucasian,Male,[70-80),?,3,23,1,9,MC,Surgery-Cardiovascular/Thoracic,64,6,66,0,0,0,410,584,518,9,,,No,No,No,No,No,No,No,No,No,No,No,No,No,No,No,No,No,Down,No,No,No,No,No,Ch,Yes
156524490,103339899,AfricanAmerican,Female,[70-80),?,1,6,1,3,?,?,59,0,14,0,0,0,491,428,250,9,,,No,No,No,No,No,No,Steady,No,No,No,No,No,No,No,No,No,No,No,No,No,No,No,No,No,Yes
156524634,107129043,Caucasian,Female,[50-60),?,1,1,1,1,HM,?,35,0,6,4,0,0,574,70,401,9,,,No,No,No,No,No,No,No,No,No,No,No,No,No,No,No,No,No,No,No,No,No,No,No,No,No
156524778,63201105,Caucasian,Female,[40-50),?,1,28,7,2,?,?,52,0,6,0,0,0,969,305,305,9,,,No,No,No,No,No,No,No,No,No,No,No,No,No,No,No,No,No,No,No,No,No,No,No,No,No
156525222,59105151,Caucasian,Male,[30-40),?,3,1,7,1,CP,?,20,0,4,0,0,0,250.13,305,518,7,,,No,No,No,No,No,No,No,No,No,No,No,No,No,No,No,No,No,No,No,No,No,No,No,No,No
156525420,89828595,Caucasian,Male,[70-80),?,6,6,7,11,?,InternalMedicine,79,2,24,0,0,0,250.6,584,707,6,>200,,No,No,No,No,No,No,No,No,No,No,No,No,No,No,No,No,No,No,No,No,No,No,No,No,No
156525600,42067044,Caucasian,Male,[80-90),?,1,23,7,2,MC,?,17,0,11,1,0,5,560,593,294,8,,,No,No,No,No,No,No,No,No,No,No,No,No,No,No,No,No,No,No,No,No,No,No,No,No,No
156525822,1807038,Caucasian,Female,[70-80),?,1,4,7,3,MC,?,44,0,23,0,0,1,482,491,250,9,,,No,No,No,No,No,No,No,No,No,No,No,No,No,No,No,No,No,Steady,No,No,No,No,No,No,Yes
156525870,24579972,AfricanAmerican,Male,[70-80),?,1,3,7,5,MC,InternalMedicine,43,0,16,0,0,1,250.6,402,428,9,,,No,No,No,No,No,No,No,No,No,No,No,No,No,No,No,No,No,Up,No,No,No,No,No,Ch,Yes
156526002,103431294,AfricanAmerican,Female,[60-70),?,1,1,2,3,?,?,52,2,15,0,0,0,518,428,425,8,,,No,No,No,No,No,No,No,No,No,No,No,No,No,No,No,No,No,No,Steady,No,No,No,No,No,Yes
156527592,23571540,AfricanAmerican,Female,[50-60),?,1,1,7,1,MC,Nephrology,35,1,8,0,4,3,428,403,250.4,5,,,No,No,No,No,No,No,No,No,No,No,No,No,No,No,No,No,No,Steady,No,No,No,No,No,No,Yes
156528990,54465462,Caucasian,Female,[50-60),?,3,1,7,1,SP,Emergency/Trauma,10,3,21,0,0,0,786,584,276,9,,,Steady,No,No,No,No,No,No,No,No,No,No,No,No,No,No,No,No,Steady,No,No,No,No,No,Ch,Yes
156529752,103508667,AfricanAmerican,Male,[30-40),?,1,1,2,3,?,?,50,1,20,0,0,0,428,V63,276,9,,,No,No,No,No,No,No,No,No,No,No,No,No,No,No,No,No,No,Up,No,No,No,No,No,Ch,Yes
156530928,64512594,Caucasian,Male,[90-100),?,1,11,7,2,MC,InternalMedicine,66,0,16,0,0,4,486,599,276,8,,,No,No,No,No,No,No,No,No,No,No,No,No,No,No,No,No,No,Down,No,No,No,No,No,Ch,Yes
156530970,93205692,Caucasian,Male,[40-50),?,3,1,7,2,OG,Surgery-General,35,0,14,6,7,2,847,276,577,8,,,No,No,No,No,No,No,No,No,No,No,No,No,No,No,No,No,No,Up,No,No,No,No,No,Ch,Yes
156533760,25270875,Caucasian,Male,[50-60),?,2,1,4,2,BC,Cardiology,35,6,19,0,0,0,410,427,414,6,,,No,No,No,No,No,No,No,No,No,No,No,No,No,No,No,No,No,No,No,No,No,No,No,No,No
156534816,101875950,Caucasian,Male,[70-80),?,2,1,7,4,MC,Emergency/Trauma,1,2,13,3,1,1,682,496,414,7,,,No,No,No,No,Steady,No,No,No,No,No,No,No,No,No,No,No,No,No,No,No,No,No,No,No,Yes
156535278,71280711,Caucasian,Male,[80-90),?,1,3,7,4,MC,Gastroenterology,9,0,8,0,0,0,290,437,412,9,,,No,No,No,No,No,No,No,No,No,No,No,No,No,No,No,No,No,No,No,No,No,No,No,No,No
156535422,37882782,Caucasian,Female,[20-30),?,5,1,1,2,UN,?,72,0,14,0,0,0,250.11,276,794,4,,>8,No,No,No,No,No,No,No,No,No,No,No,No,No,No,No,No,No,Down,No,No,No,No,No,Ch,Yes
156535554,104798061,AfricanAmerican,Female,[60-70),?,1,1,2,2,?,?,1,0,16,0,0,0,786,250,401,7,,,No,No,No,No,No,No,No,No,No,No,No,No,No,No,No,No,No,Steady,No,No,No,No,No,No,Yes
156535884,90263034,AfricanAmerican,Female,[90-100),?,2,3,7,5,MC,Emergency/Trauma,1,1,11,0,0,1,428,789,424,9,,,No,No,No,No,Steady,No,No,No,No,No,No,No,No,No,No,No,No,Steady,No,No,No,No,No,Ch,Yes
156536232,101512989,AfricanAmerican,Female,[70-80),?,2,3,1,6,?,Nephrology,34,5,31,0,0,1,440,996,403,9,,,No,No,No,No,No,No,No,No,No,No,No,No,No,No,No,No,No,Up,No,No,No,No,No,Ch,Yes
156536460,43822935,Caucasian,Female,[80-90),?,1,28,7,4,MC,?,57,0,17,0,0,0,331,788,331,9,,,No,No,No,No,No,No,No,No,No,Steady,No,No,No,No,No,No,No,No,No,No,No,No,No,No,Yes
156537402,40657707,Caucasian,Male,[90-100),?,1,6,1,3,MC,?,49,0,13,1,0,0,584,599,250.8,9,,Norm,No,No,No,No,No,No,Steady,No,No,No,No,No,No,No,No,No,No,No,No,No,No,No,No,No,Yes
156538158,114712722,Caucasian,Male,[70-80),?,2,1,7,2,MC,Emergency/Trauma,43,1,4,0,0,0,435,250,V10,4,,Norm,Steady,No,No,No,No,No,No,No,No,No,No,No,No,No,No,No,No,No,No,No,No,No,No,No,Yes
156538314,72801936,AfricanAmerican,Female,[70-80),?,1,3,7,4,MC,?,49,0,12,0,0,1,599,41,250,9,,,Steady,No,No,No,No,No,No,No,No,No,No,No,No,No,No,No,No,Steady,No,No,No,No,No,Ch,Yes
156538440,84441798,Caucasian,Female,[70-80),?,5,1,1,1,MC,?,49,0,15,0,0,0,292,198,250.82,9,,,No,No,No,No,No,No,No,No,No,No,No,No,No,No,No,No,No,Up,No,No,No,No,No,Ch,Yes
156538446,85761783,Caucasian,Female,[80-90),?,1,22,7,4,HM,?,51,1,17,0,0,0,820,285,496,9,,,No,No,No,No,No,No,No,No,No,No,No,No,No,No,No,No,No,No,No,No,No,No,No,No,No
156538818,40463460,Caucasian,Female,[80-90),?,1,3,7,5,SP,?,31,0,14,0,0,1,584,276,496,9,,,No,No,No,No,No,No,No,No,No,No,No,No,No,No,No,No,No,No,No,No,No,No,No,No,No
156539352,43823034,Caucasian,Male,[50-60),?,3,1,1,3,UN,Cardiology,13,6,17,0,0,0,410,425,250,6,,>8,No,No,No,No,Steady,No,No,No,No,No,No,No,No,No,No,No,No,Steady,No,No,No,No,No,Ch,Yes
156539832,91015119,Caucasian,Female,[70-80),?,2,3,7,4,MC,Emergency/Trauma,42,2,12,0,0,0,820,535,250,4,,,No,No,No,No,No,No,No,Steady,No,No,No,No,No,No,No,No,No,Steady,No,No,No,No,No,Ch,Yes
156539928,25265502,AfricanAmerican,Female,[80-90),?,3,1,1,2,MC,InternalMedicine,39,3,15,0,0,0,786,599,250,7,,,No,No,No,No,No,No,No,No,No,No,Steady,No,No,No,No,No,No,Steady,No,No,No,No,No,Ch,Yes
156540102,103541328,Other,Female,[60-70),?,2,1,1,3,?,Cardiology,46,5,22,0,0,0,414,413,424,5,,,No,No,No,No,No,No,No,No,No,No,No,No,No,No,No,No,No,No,No,No,No,No,No,No,No
156541044,110649276,Caucasian,Male,[60-70),?,1,22,7,2,MC,?,55,0,9,0,0,0,435,401,272,5,,,Steady,No,No,No,No,No,No,Steady,No,No,No,No,No,No,No,No,No,Steady,No,No,No,No,No,Ch,Yes
156541512,109652868,Caucasian,Male,[80-90),?,1,3,7,4,MC,?,56,2,14,0,0,1,599,276,427,9,,,No,No,No,No,No,No,No,No,No,No,No,No,No,No,No,No,No,Steady,Steady,No,No,No,No,Ch,Yes
156543708,111018078,AfricanAmerican,Female,[60-70),?,2,1,1,8,?,Gastroenterology,51,0,13,0,0,0,296,428,295,8,,,No,No,No,No,No,No,No,No,No,No,No,No,No,No,No,No,No,No,No,No,No,No,No,No,No
156544170,38632050,Caucasian,Female,[80-90),?,2,3,7,6,BC,Emergency/Trauma,51,0,10,0,0,1,276,780,599,9,,,Steady,No,No,No,No,No,No,No,No,No,No,No,No,No,No,No,No,No,No,No,No,No,No,No,Yes
156544194,84459447,Caucasian,Female,[40-50),?,1,3,7,3,HM,?,68,1,13,0,0,2,250.8,707,682,9,,>7,No,No,No,No,No,No,No,No,No,No,No,No,No,No,No,No,No,No,No,No,No,No,No,No,No
156544812,43091847,Caucasian,Female,[70-80),?,3,1,1,5,MC,?,66,0,12,0,0,0,38,486,276,6,,>8,No,No,No,No,Steady,No,No,No,No,No,No,No,No,No,No,No,No,No,No,No,No,No,No,No,Yes
156544908,85839309,Caucasian,Female,[50-60),?,1,3,7,10,BC,?,65,3,24,0,1,4,427,250.52,585,9,,,No,No,No,No,No,No,No,No,No,No,No,No,No,No,No,No,No,No,No,No,No,No,No,No,No
156548424,60909687,AfricanAmerican,Female,[60-70),?,1,1,7,3,?,?,52,0,11,0,0,1,402,425,250.03,9,,,No,No,No,No,No,No,No,No,No,No,No,No,No,No,No,No,No,No,No,No,No,No,No,No,No
156549084,88500573,Caucasian,Male,[40-50),?,1,1,1,4,UN,?,38,0,17,0,0,0,250.11,577,305,9,,>8,No,No,No,No,No,No,No,No,No,No,No,No,No,No,No,No,No,Up,No,No,No,No,No,Ch,Yes
156549240,23820777,AfricanAmerican,Female,[50-60),?,1,1,7,1,SP,InternalMedicine,40,2,7,0,0,0,972,280,962,8,,,No,No,No,No,No,No,No,No,No,No,No,No,No,No,No,No,No,Steady,No,No,No,No,No,No,Yes
156549396,114318927,Caucasian,Male,[60-70),?,1,1,7,2,CM,?,59,0,9,0,0,0,780,496,305,9,,Norm,No,No,No,No,No,No,No,No,No,Steady,No,No,No,No,No,No,No,Up,No,No,No,No,No,Ch,Yes
156550476,61456905,Caucasian,Female,[70-80),?,1,6,7,1,?,?,51,0,18,0,0,0,722,518,414,9,,,No,No,No,No,No,No,No,No,No,No,No,No,No,No,No,No,No,Steady,No,No,No,No,No,No,Yes
156551202,63128385,Caucasian,Male,[70-80),?,3,1,1,1,?,Urology,34,1,16,1,0,0,600,276,250,4,,,Steady,No,No,No,No,No,No,Steady,No,No,No,No,No,No,No,No,No,No,No,No,No,No,No,Ch,Yes
156555798,100222587,Caucasian,Female,[40-50),?,5,1,1,1,SP,Obstetrics,28,1,15,0,0,0,626,280,401,7,,,Steady,No,No,No,No,No,No,No,No,No,No,No,No,No,No,No,No,No,No,No,No,No,No,No,Yes
156557310,38561067,AfricanAmerican,Female,[60-70),?,3,1,1,2,MD,Family/GeneralPractice,23,2,15,0,0,0,233,998,196,7,,,Steady,No,No,No,No,No,No,No,No,No,No,No,No,No,No,No,No,Down,No,No,No,No,No,Ch,Yes
156559272,47935305,AfricanAmerican,Female,[50-60),?,3,6,1,5,MC,Orthopedics,30,2,25,0,0,0,996,492,710,9,,,No,No,No,No,No,No,No,No,No,Steady,No,No,No,No,No,No,No,Steady,Steady,No,No,No,No,Ch,Yes
156560052,41327838,Caucasian,Male,[70-80),?,1,1,7,6,MC,?,43,3,18,0,0,1,530,584,V45,9,,,No,No,No,No,No,No,No,No,No,No,Steady,No,No,No,No,No,No,No,No,No,No,No,No,No,Yes
156561426,23725557,Caucasian,Female,[40-50),?,2,1,1,2,MC,InternalMedicine,37,0,10,0,0,0,780,292,250.01,8,,,No,No,No,No,No,No,No,No,No,No,No,No,No,No,No,No,No,Steady,No,No,No,No,No,No,Yes
156563664,65567619,Caucasian,Male,[70-80),?,3,22,1,4,?,Orthopedics-Reconstructive,33,2,31,2,0,6,996,424,518,9,,,No,No,No,No,No,No,No,No,No,No,No,No,No,No,No,No,No,Steady,No,No,No,No,No,No,Yes
156563670,82436949,Caucasian,Female,[70-80),?,3,1,1,3,?,Surgery-Cardiovascular,30,3,32,0,0,0,721,287,344,9,,,No,No,No,No,No,No,No,No,No,No,No,No,No,No,No,No,No,No,No,No,No,No,No,No,No
156564558,99469656,AfricanAmerican,Female,[70-80),?,1,1,7,4,?,?,70,0,18,0,0,0,789,288,276,9,,,No,No,No,No,No,No,No,No,No,No,No,No,No,No,No,No,No,No,No,No,No,No,No,No,No
156564828,25266015,AfricanAmerican,Female,[30-40),?,3,1,1,2,MD,ObstetricsandGynecology,27,0,5,0,0,0,648,642,V65,4,,>8,No,No,No,No,No,No,No,No,No,No,No,No,No,No,No,No,No,Up,No,No,No,No,No,Ch,Yes
156567456,98570799,Caucasian,Female,[60-70),?,1,6,1,10,MC,?,37,5,34,1,0,0,153,280,211,9,,,No,No,No,No,No,No,No,No,No,No,No,No,No,No,No,No,No,Up,No,No,No,No,No,Ch,Yes
156569286,58410045,Caucasian,Female,[70-80),?,3,1,1,4,CM,Radiologist,35,1,27,0,0,0,433,496,250,5,,,No,No,No,No,No,No,No,No,No,No,No,No,No,No,No,No,No,No,No,No,No,No,No,No,No
156572340,114902370,Caucasian,Female,[50-60),?,1,1,7,2,PO,?,50,3,8,0,0,0,574,577,250,9,,,No,No,No,No,No,No,No,No,No,No,No,No,No,No,No,No,No,Down,No,No,No,No,No,Ch,Yes
156572358,65664360,Caucasian,Female,[70-80),?,2,6,1,11,?,Surgery-General,72,3,41,0,0,0,157,599,250,8,,,No,No,No,No,Steady,No,No,No,No,No,No,No,No,No,No,No,No,Steady,No,No,No,No,No,Ch,Yes
156573708,82203444,AfricanAmerican,Female,[40-50),?,2,6,1,4,?,Oncology,40,1,20,4,2,7,V58,203,284,5,,,No,No,No,No,No,No,No,No,No,No,Steady,No,No,No,No,No,No,No,No,No,No,No,No,No,Yes
156574572,41968026,Caucasian,Female,[80-90),?,1,1,7,2,MC,?,39,0,21,0,0,1,53,52,472,8,,,No,No,No,No,No,No,No,Steady,No,No,No,No,No,No,No,No,No,No,No,No,No,No,No,No,Yes
156576390,58318857,Caucasian,Male,[60-70),?,3,1,1,5,HM,Surgery-Plastic,36,2,26,0,0,2,998,305,250,8,,,Steady,No,No,No,Steady,No,No,No,No,No,No,No,No,No,No,No,No,Steady,No,No,No,No,No,Ch,Yes
156576606,24541623,AfricanAmerican,Male,[60-70),?,1,1,7,7,?,Family/GeneralPractice,39,0,17,0,1,1,250.42,593,V58,7,,,Steady,No,No,No,Steady,No,No,No,No,No,Steady,No,No,No,No,No,No,Steady,No,No,No,No,No,Ch,Yes
156579246,114606486,Caucasian,Male,[60-70),?,3,1,1,5,?,?,30,1,28,0,0,1,153,197,197,9,,,Steady,No,No,No,No,No,No,No,No,No,No,No,No,No,No,No,No,Steady,No,No,No,No,No,Ch,Yes
156581160,59391513,Caucasian,Male,[50-60),?,3,6,1,3,MC,Orthopedics,33,1,26,0,0,0,715,496,305,9,,,No,No,No,No,Steady,No,No,No,No,No,Steady,No,No,No,No,No,No,Steady,No,No,No,No,No,Ch,Yes
156586956,43818867,Caucasian,Male,[70-80),?,3,11,1,4,MC,?,48,1,20,0,0,0,197,162,496,9,,,No,No,No,No,No,No,No,No,No,No,No,No,No,No,No,No,No,No,Steady,No,No,No,No,No,Yes
156589764,78637311,Caucasian,Male,[70-80),?,3,6,1,4,CM,?,46,2,28,0,0,0,722,998,250,5,,,Steady,No,No,No,Steady,No,No,No,No,No,No,No,No,No,No,No,No,Steady,No,No,No,No,No,Ch,Yes
156594564,115009740,AfricanAmerican,Male,[40-50),?,1,1,7,2,OG,?,66,0,15,1,0,1,428,305,425,9,,Norm,No,No,No,No,No,No,No,No,No,No,No,No,No,No,No,No,No,No,No,No,No,No,No,No,No
156597264,101808333,Caucasian,Female,[50-60),?,2,1,1,4,?,InternalMedicine,36,0,13,0,0,0,490,493,250,4,,,Up,No,No,No,No,No,No,No,No,No,No,No,No,No,No,No,No,Steady,No,No,No,No,No,Ch,Yes
156597894,95592708,Caucasian,Female,[60-70),?,5,3,1,3,MC,?,12,1,24,1,0,0,715,250,401,5,,,Steady,No,No,No,No,No,No,Steady,No,Steady,No,No,No,No,No,No,No,Steady,No,No,No,No,No,Ch,Yes
156604566,79426359,AfricanAmerican,Female,[50-60),?,3,22,1,4,?,Orthopedics-Reconstructive,34,2,28,0,0,0,715,584,518,9,,,No,No,No,No,No,No,No,No,No,No,No,No,No,No,No,No,No,Up,No,No,No,No,No,Ch,Yes
156613002,41595633,Caucasian,Male,[80-90),?,2,1,1,3,?,Oncology,45,0,18,0,0,0,780,204,413,9,,,No,No,No,No,No,No,No,No,No,No,Steady,No,No,No,No,No,No,No,No,No,No,No,No,No,Yes
156613578,92465019,Caucasian,Female,[80-90),?,1,6,7,7,MC,?,56,0,8,0,0,0,486,250.02,401,3,,,No,No,No,No,No,No,No,Steady,No,No,Up,No,No,No,No,No,No,No,No,No,No,No,No,Ch,Yes
156616620,110372445,Caucasian,Male,[60-70),?,2,6,1,3,?,Cardiology,45,0,18,0,0,0,428,486,276,9,,,No,No,No,No,No,No,No,No,No,No,No,No,No,No,No,No,No,Steady,No,No,No,No,No,No,Yes
156619212,92709351,Caucasian,Female,[40-50),?,2,1,7,3,BC,Surgery-General,50,1,23,1,0,10,38,250.4,403,9,,,No,No,No,No,No,No,No,No,No,No,No,No,No,No,No,No,No,Up,No,No,No,No,No,Ch,Yes
156619788,100428543,AfricanAmerican,Female,[50-60),?,3,1,1,3,?,InternalMedicine,43,1,13,0,0,0,335,276,263,9,,,Steady,No,No,No,No,No,No,No,No,No,No,No,No,No,No,No,No,Steady,No,No,No,No,No,Ch,Yes
156620790,58910679,AfricanAmerican,Male,[70-80),?,1,6,7,5,MC,?,78,2,13,1,0,0,531,276,303,9,,Norm,No,No,No,No,No,No,No,No,No,No,No,No,No,No,No,No,No,Up,No,No,No,No,No,Ch,Yes
156625446,25271667,Caucasian,Male,[80-90),?,3,1,1,1,MC,Cardiology,29,6,9,0,0,0,414,250,V58,4,,,No,No,No,No,No,No,No,No,No,No,No,No,No,No,No,No,No,No,No,No,No,No,No,No,No
156627498,65012598,Caucasian,Female,[60-70),?,2,1,1,4,?,Surgery-Cardiovascular,39,0,10,0,0,0,453,250,?,2,,,No,No,No,No,No,No,No,No,No,No,No,No,No,No,No,No,No,No,No,No,No,No,No,No,No
156630012,25271685,AfricanAmerican,Male,[40-50),?,1,1,7,1,BC,InternalMedicine,45,1,3,0,0,0,250.2,276,276,6,,>8,No,No,No,No,No,No,No,No,No,Steady,No,No,No,No,No,No,No,Steady,No,No,No,No,No,Ch,Yes
156631956,84900996,Caucasian,Male,[70-80),?,1,22,7,4,HM,?,39,1,15,0,0,0,821,E885,171,8,,,No,No,No,No,No,No,No,Up,No,No,No,No,No,No,No,No,No,No,No,No,No,No,No,Ch,Yes
156634650,41415138,Caucasian,Male,[20-30),?,1,7,7,1,SP,?,30,0,3,0,0,0,250.11,V15,V61,3,,,No,No,No,No,No,No,No,No,No,No,No,No,No,No,No,No,No,Steady,No,No,No,No,No,No,Yes
156636552,47155302,Caucasian,Male,[80-90),?,2,1,1,2,?,InternalMedicine,21,0,15,1,0,0,562,413,414,9,,,Steady,No,No,No,No,No,No,Steady,No,No,No,No,No,No,No,No,No,Down,No,No,No,No,No,Ch,Yes
156636570,65050632,AfricanAmerican,Female,[50-60),?,2,1,1,7,?,Orthopedics-Reconstructive,36,5,32,0,0,1,727,403,440,9,,,No,No,No,No,No,No,No,No,No,No,No,No,No,No,No,No,No,No,No,No,No,No,No,No,No
156638838,29155599,Caucasian,Male,[50-60),?,1,1,7,7,HM,?,48,3,29,6,0,2,512,403,428,9,,,No,No,No,No,No,No,No,No,No,No,No,No,No,No,No,No,No,Down,No,No,No,No,No,Ch,Yes
156640740,87699060,Caucasian,Female,[60-70),?,2,1,1,2,?,InternalMedicine,41,0,13,0,1,0,486,491,530,7,,,No,No,No,No,Steady,No,No,No,No,Steady,No,No,No,No,No,No,No,No,No,No,No,No,No,Ch,Yes
156643446,35687133,Caucasian,Male,[60-70),?,1,1,7,7,?,?,37,0,8,0,0,1,847,496,414,9,,,Steady,No,No,No,Steady,No,No,No,No,No,No,No,No,No,No,No,No,No,No,No,No,No,No,Ch,Yes
156650334,102871602,AfricanAmerican,Male,[40-50),?,2,6,1,2,?,Orthopedics-Reconstructive,43,2,23,0,0,6,730,250.81,682,9,,,No,No,No,No,No,No,No,No,No,No,No,No,No,No,No,No,No,No,No,No,No,No,No,No,No
156652236,42518925,Caucasian,Male,[60-70),?,1,6,7,5,SP,?,46,0,18,0,0,0,784,780,250,5,,,Steady,No,No,No,No,No,Steady,No,No,No,No,No,No,No,No,No,No,No,No,No,No,No,No,Ch,Yes
156656412,40506894,Caucasian,Female,[60-70),?,1,1,7,2,MC,?,45,0,13,0,0,1,780,?,295,8,,,No,No,No,No,Steady,No,No,No,No,No,No,No,No,No,No,No,No,No,No,No,No,No,No,No,Yes
156657378,41814369,Caucasian,Male,[70-80),?,3,1,1,1,MC,Cardiology,29,4,1,1,0,2,443,272,250,5,,,No,No,No,No,No,No,No,No,No,No,No,No,No,No,No,No,No,No,No,No,No,No,No,No,No
156658308,70688493,Caucasian,Male,[40-50),?,2,6,1,3,BC,?,38,0,8,0,0,0,250.6,713,707,9,,Norm,No,No,No,No,Steady,No,No,No,No,No,No,No,No,No,No,No,No,Steady,No,No,No,No,No,Ch,Yes
156660312,90203913,AfricanAmerican,Female,[80-90),?,2,11,7,8,SP,Family/GeneralPractice,87,2,26,0,0,0,434,403,584,9,,,No,No,No,No,No,No,No,No,No,No,No,No,No,No,No,No,No,Down,No,No,No,No,No,Ch,Yes
156660498,86331447,Caucasian,Female,[70-80),?,1,6,7,5,MC,?,63,1,16,0,0,2,599,441,428,9,,,Steady,No,No,No,No,No,No,No,No,No,No,No,No,No,No,No,No,No,No,No,No,No,No,No,Yes
156661410,99220689,Caucasian,Female,[80-90),?,5,3,1,2,MC,?,54,0,8,2,0,1,576,276,V42,9,,,No,No,No,No,No,No,No,No,No,No,No,No,No,No,No,No,No,No,No,No,No,No,No,No,No
156662112,69445557,Hispanic,Female,[60-70),?,6,1,7,3,?,InternalMedicine,77,3,14,0,0,0,414,411,250,6,Norm,>8,No,No,No,No,No,No,No,No,No,No,No,No,No,No,No,No,No,No,No,No,No,No,No,No,No
156662844,38033361,Hispanic,Female,[70-80),?,1,13,7,3,MC,InternalMedicine,57,0,6,0,0,3,198,197,197,8,,,Steady,No,No,No,No,No,No,No,No,No,No,No,No,No,No,No,No,No,No,No,No,No,No,No,Yes
156663738,23320953,AfricanAmerican,Female,[80-90),?,1,6,7,4,MC,Oncology,47,0,12,0,2,3,458,414,401,4,,,No,No,No,No,No,No,No,No,No,No,No,No,No,No,No,No,No,Steady,No,No,No,No,No,No,Yes
156664362,102669939,Caucasian,Male,[50-60),?,2,2,1,8,?,Gastroenterology,63,1,23,0,0,2,298,V63,532,7,,,No,No,No,No,No,No,No,No,No,No,No,No,No,No,No,No,No,No,No,No,No,No,No,No,No
156664452,40841847,Caucasian,Male,[80-90),?,1,6,7,4,MC,?,38,0,8,0,0,1,250.8,428,427,7,,,No,No,No,No,No,No,No,No,No,No,No,No,No,No,No,No,No,No,No,No,No,No,No,No,No
156664572,70427538,AfricanAmerican,Male,[70-80),?,1,4,7,12,MC,?,47,1,14,0,0,0,584,276,428,9,,,No,No,No,No,No,No,No,No,No,No,No,No,No,No,No,No,No,Steady,No,No,No,No,No,No,Yes
156666018,103691484,Caucasian,Male,[60-70),?,1,6,7,4,MC,?,37,0,22,0,0,1,491,530,250,8,,,Steady,No,No,No,No,No,Steady,No,No,No,No,No,No,No,No,No,No,Steady,No,No,No,No,No,Ch,Yes
156667440,85335777,Caucasian,Female,[50-60),?,2,1,1,2,HM,?,38,0,10,0,1,0,682,428,496,9,,,No,No,No,No,No,No,No,No,No,No,No,No,No,No,No,No,No,No,No,No,No,No,No,No,No
156667950,103814361,Caucasian,Female,[60-70),?,1,2,7,1,MC,?,46,3,12,0,0,0,414,411,250.02,9,,>7,No,No,No,No,No,No,No,No,No,No,No,No,No,No,No,No,No,No,No,No,No,No,No,No,No
156668208,41457177,Caucasian,Female,[60-70),?,1,3,7,5,MC,?,40,1,19,0,0,3,824,E927,401,7,,,No,No,No,No,No,No,No,No,No,No,No,No,No,No,No,No,No,Up,No,No,No,No,No,Ch,Yes
156668898,102958884,Caucasian,Male,[80-90),?,5,6,1,3,MC,?,35,0,21,0,0,0,486,414,250,8,,,No,No,No,No,No,No,No,No,No,No,No,No,No,No,No,No,No,Steady,No,No,No,No,No,No,Yes
156669054,90705888,Caucasian,Male,[40-50),?,6,8,17,4,?,?,81,2,20,0,0,0,421,41,250,9,,,Steady,No,No,No,No,No,No,No,No,No,Steady,No,No,No,No,No,No,Steady,No,No,No,No,No,Ch,Yes
156669774,85424058,Caucasian,Female,[80-90),?,1,1,1,2,MC,?,53,0,11,0,0,0,428,424,416,9,,,No,No,No,No,No,No,No,No,No,No,No,No,No,No,No,No,No,Steady,No,No,No,No,No,No,Yes
156671430,115171740,Caucasian,Female,[60-70),?,1,1,7,3,MC,?,66,0,23,1,2,0,250.8,496,786,9,,,Steady,No,No,No,No,No,No,No,No,No,No,No,No,No,No,No,No,No,No,No,No,No,No,No,Yes
156672312,97835400,AfricanAmerican,Female,[70-80),?,2,22,7,11,?,InternalMedicine,34,4,36,1,0,0,721,344,438,9,,,No,No,No,No,No,No,No,No,No,No,No,No,No,No,No,No,No,No,No,No,No,No,No,No,No
156672690,90751788,Caucasian,Female,[60-70),?,1,3,7,3,HM,?,69,0,9,0,0,2,518,340,591,9,,,No,No,No,No,No,No,No,No,No,No,No,No,No,No,No,No,No,No,No,No,No,No,No,No,No
156672948,61378902,AfricanAmerican,Female,[50-60),?,1,6,7,9,?,?,54,1,14,0,0,2,780,403,486,8,,,No,No,No,No,No,No,No,No,No,No,No,No,No,No,No,No,No,Steady,No,No,No,No,No,No,Yes
156674022,79030620,Caucasian,Male,[40-50),?,2,1,7,5,?,?,63,2,10,0,0,1,682,599,457,9,,Norm,No,No,Steady,No,No,No,No,No,No,No,No,No,No,No,No,No,No,Steady,No,No,No,No,No,Ch,Yes
156674178,103666329,Caucasian,Male,[70-80),?,1,11,7,1,?,?,43,3,19,0,0,0,410,V63,785,7,,,No,No,Steady,No,No,No,No,No,No,No,No,No,No,No,No,No,No,Steady,No,No,No,No,No,Ch,Yes
156674322,23590440,AfricanAmerican,Female,[70-80),?,1,6,7,7,MC,Nephrology,38,2,22,1,2,2,250.6,403,537,9,,,No,No,No,No,No,No,No,No,No,No,No,No,No,No,No,No,No,Steady,No,No,No,No,No,No,Yes
156675138,90642591,Caucasian,Male,[60-70),?,1,1,7,3,MC,Emergency/Trauma,51,0,18,0,1,4,486,707,255,9,,,No,No,No,No,No,No,No,No,No,No,No,No,No,No,No,No,No,Up,No,No,No,No,No,Ch,Yes
156677874,104277924,Caucasian,Female,[80-90),?,1,1,7,7,MC,?,63,1,20,0,0,0,535,285,599,9,,,No,No,No,No,No,No,No,Steady,No,Up,No,No,No,No,No,No,No,No,No,No,No,No,No,Ch,Yes
156677964,97673157,Caucasian,Female,[80-90),?,1,3,7,6,?,?,43,2,22,0,0,0,820,401,E849,9,,,No,No,No,No,No,No,No,No,No,No,No,No,No,No,No,No,No,No,No,No,No,No,No,No,No
156678372,106868250,Caucasian,Male,[50-60),?,5,1,1,3,HM,?,41,3,7,1,0,0,562,285,553,8,,,No,No,No,No,No,No,No,No,No,No,No,No,No,No,No,No,No,No,No,No,No,No,No,No,No
156678522,38128581,Caucasian,Female,[80-90),?,2,6,7,1,MC,Emergency/Trauma,30,0,13,0,0,0,715,427,280,7,,,No,No,No,No,No,No,Steady,No,No,No,Steady,No,No,No,No,No,No,No,No,No,No,No,No,Ch,Yes
156678780,84610026,Caucasian,Male,[60-70),?,1,7,7,1,?,?,54,0,6,0,0,1,250.11,276,276,9,,,No,No,No,No,No,No,No,No,No,No,No,No,No,No,No,No,No,Up,No,No,No,No,No,Ch,Yes
156680970,99673074,AfricanAmerican,Female,[70-80),?,1,23,7,11,?,?,77,1,26,1,0,0,714,276,403,9,,,No,No,No,No,No,No,No,No,No,No,No,No,No,No,No,No,No,No,No,No,No,No,No,No,No
156681162,6028875,Caucasian,Male,[70-80),[75-100),3,1,1,2,MC,Surgery-General,29,2,23,3,0,0,996,E878,331,9,,,No,No,No,No,No,No,Steady,No,No,Steady,No,No,No,No,No,No,No,No,No,No,No,No,No,Ch,Yes
156687018,84783420,Caucasian,Female,[70-80),?,3,1,1,9,?,Surgeon,49,2,26,4,1,1,440,998,496,9,,,Steady,No,No,No,No,No,No,No,No,No,No,No,No,No,No,No,No,No,No,No,No,No,No,No,Yes
156692616,85195260,Hispanic,Female,[70-80),?,2,1,7,7,MC,InternalMedicine,67,4,26,0,0,0,434,427,427,9,,,No,No,No,No,No,No,No,No,No,No,No,No,No,No,No,No,No,Down,No,No,No,No,No,Ch,Yes
156707778,25267167,Caucasian,Male,[70-80),?,1,1,7,3,MC,Family/GeneralPractice,42,1,12,0,0,0,427,413,272,9,,,Steady,No,No,No,No,No,No,Steady,No,No,No,No,No,No,No,No,No,Steady,No,No,No,No,No,Ch,Yes
156711252,34905069,Caucasian,Female,[70-80),?,3,3,1,6,MC,?,33,0,23,0,1,1,682,8,496,9,,,No,Steady,No,No,No,No,No,No,No,No,No,No,No,No,No,No,No,Steady,No,No,No,No,No,Ch,Yes
156725226,35187885,Caucasian,Male,[70-80),?,5,3,1,3,MC,?,10,1,28,1,0,0,715,581,250.5,9,,,No,No,No,No,No,No,No,No,No,No,No,No,No,No,No,No,No,Down,No,No,No,No,No,Ch,Yes
156732594,61144308,AfricanAmerican,Male,[70-80),?,3,6,1,3,?,Orthopedics-Reconstructive,20,1,11,1,0,0,715,250,280,6,,,Steady,No,No,No,No,No,No,No,No,No,No,No,No,No,No,No,No,No,No,No,No,No,No,No,Yes
156734856,24297291,AfricanAmerican,Female,[30-40),?,1,1,7,2,SP,InternalMedicine,49,0,6,0,2,0,250.22,490,?,2,,,No,No,No,No,No,No,No,No,No,No,No,No,No,No,No,No,No,Down,No,No,No,No,No,Ch,Yes
156743136,23341815,Caucasian,Female,[70-80),?,3,1,1,3,MC,Family/GeneralPractice,38,0,15,0,0,0,386,401,250,7,,,Steady,No,No,No,No,No,No,No,No,No,No,No,No,No,No,No,No,No,No,No,No,No,No,No,Yes
156744708,100232856,Caucasian,Female,[70-80),?,3,1,1,2,MC,InternalMedicine,34,1,9,0,0,0,197,789,428,9,,,No,No,No,No,No,No,No,No,No,No,No,No,No,No,No,No,No,No,No,No,No,No,No,No,No
156745164,101970243,Caucasian,Male,[70-80),?,1,6,7,1,CM,Cardiology,26,1,11,0,0,3,682,706,427,9,,,No,No,No,No,No,No,No,No,No,No,No,No,No,No,No,No,No,Down,No,No,No,No,No,Ch,Yes
156747552,105085818,Caucasian,Male,[30-40),?,1,1,7,2,?,?,49,0,8,0,0,0,250.13,V58,250.53,9,,,No,No,No,No,No,No,No,No,No,No,No,No,No,No,No,No,No,Steady,No,No,No,No,No,No,Yes
156749124,23746617,Caucasian,Male,[40-50),?,1,1,7,3,SP,InternalMedicine,44,1,16,0,0,0,250.22,411,682,9,,,Steady,No,No,No,No,No,Steady,No,No,No,No,No,No,No,No,No,No,Steady,No,No,No,No,No,Ch,Yes
156750138,95870718,Caucasian,Female,[60-70),?,3,1,1,6,?,Psychiatry,14,0,15,0,0,0,295,276,496,9,,,Steady,No,No,No,No,No,No,No,No,No,No,No,No,No,No,No,No,No,No,No,No,No,No,No,Yes
156751650,93054807,Caucasian,Female,[80-90),?,5,1,1,3,MC,?,44,0,16,0,0,0,414,413,427,9,,,No,No,No,No,No,No,No,No,No,No,No,No,No,No,No,No,No,No,No,No,No,No,No,No,No
156752370,113438862,Caucasian,Female,[80-90),[50-75),2,6,1,6,MC,?,63,0,16,1,0,1,428,396,290,9,,,Steady,No,No,No,No,No,No,No,No,No,No,No,No,No,No,No,No,No,No,No,No,No,No,No,Yes
156754536,94787856,Caucasian,Male,[50-60),?,1,1,7,2,CP,?,46,5,18,0,0,0,414,411,401,9,,,No,No,No,No,No,No,No,Steady,No,No,No,No,No,No,No,No,No,No,No,No,No,No,No,No,Yes
156756906,84428613,AfricanAmerican,Female,[40-50),?,1,1,7,6,MC,?,61,1,16,0,0,1,250.6,276,276,7,>300,,No,No,No,No,No,No,No,No,No,No,No,No,No,No,No,No,No,No,No,No,No,No,No,No,No
156757302,94210767,Caucasian,Female,[90-100),?,2,1,7,1,MC,Emergency/Trauma,39,0,5,0,0,0,780,427,427,9,,,No,No,No,No,No,No,No,No,No,No,No,No,No,No,No,No,No,Steady,No,No,No,No,No,No,Yes
156758736,78260733,Caucasian,Female,[50-60),?,3,1,2,1,?,Orthopedics-Reconstructive,9,0,8,0,0,0,997,401,250,9,,,No,No,No,No,No,No,No,No,No,No,No,No,No,No,No,No,No,No,No,No,No,No,No,No,No
156765996,41618853,Caucasian,Female,[50-60),?,3,1,1,1,SP,Cardiology,29,6,14,0,0,0,414,414,414,8,,,No,No,No,No,No,No,No,No,No,No,No,No,No,No,No,No,No,No,No,No,No,No,No,No,No
156767166,34139205,Caucasian,Female,[80-90),?,1,4,7,6,MC,?,71,0,25,0,0,1,493,250.02,428,9,,>8,No,No,No,No,No,No,No,No,No,No,No,No,No,No,No,No,No,Down,No,No,No,No,No,Ch,Yes
156771624,23196231,Caucasian,Female,[80-90),?,1,1,7,2,MC,InternalMedicine,44,0,16,0,1,0,428,414,401,6,,,Steady,No,No,No,No,No,No,No,No,Steady,No,No,No,No,No,No,No,Steady,No,No,No,No,No,Ch,Yes
156772902,99666009,Caucasian,Female,[60-70),?,1,1,7,5,?,?,75,0,21,0,0,0,577,723,250.1,9,,,No,No,No,No,No,No,No,No,No,No,No,No,No,No,No,No,No,Up,No,No,No,No,No,Ch,Yes
156775422,102969801,Caucasian,Female,[70-80),?,1,4,7,7,?,?,54,1,24,0,0,0,733,276,780,9,,,No,No,No,No,No,No,No,No,No,No,Steady,No,No,No,No,No,No,Down,No,No,No,No,No,Ch,Yes
156778830,31511970,Caucasian,Male,[50-60),?,2,6,1,11,BC,?,38,5,23,0,0,0,250.82,707,682,9,,,No,No,No,No,No,No,No,No,No,Steady,No,No,No,No,No,No,No,No,Steady,No,No,No,No,Ch,Yes
156779034,40415247,Caucasian,Female,[80-90),?,1,1,7,1,MC,?,3,0,11,1,0,1,786,?,401,5,,,No,No,No,No,No,No,Steady,No,No,No,No,No,No,No,No,No,No,No,No,No,No,No,No,No,Yes
156779052,103373361,Caucasian,Male,[70-80),?,3,1,1,5,MC,Urology,32,2,27,0,0,0,189,496,560,9,,,No,No,No,No,No,No,No,No,No,No,No,No,No,No,No,No,No,Steady,No,No,No,No,No,No,Yes
156780090,86510601,Caucasian,Female,[60-70),?,2,1,1,7,HM,?,43,0,11,1,0,1,528,250.02,556,7,,,Steady,No,No,No,No,No,No,No,No,No,No,No,No,No,No,No,No,No,No,No,No,No,No,No,Yes
156782046,31261950,Caucasian,Female,[50-60),?,1,3,7,9,MC,?,65,3,24,0,0,0,250.6,707,785,5,,>7,Up,No,No,No,No,No,No,No,No,No,Steady,No,No,No,No,No,No,No,No,No,No,No,No,Ch,Yes
156782700,87905574,AfricanAmerican,Female,[40-50),?,2,1,1,6,?,Psychiatry,43,0,7,0,0,2,295,401,250,3,,,No,No,No,No,No,No,No,No,No,No,No,No,No,No,No,No,No,No,No,No,No,No,No,No,No
156787446,75911985,Caucasian,Female,[70-80),?,1,1,7,2,MC,Cardiology,66,1,18,0,0,2,426,411,276,9,,,No,No,No,No,No,No,No,Steady,No,No,No,No,No,No,No,No,No,Steady,No,No,No,No,No,Ch,Yes
156791322,41431788,Caucasian,Male,[30-40),?,1,1,7,2,SP,?,55,0,13,0,0,0,786,250.01,305,3,,,No,No,No,No,No,No,No,No,No,No,No,No,No,No,No,No,No,Steady,No,No,No,No,No,No,Yes
156792798,102847392,Caucasian,Female,[60-70),?,2,1,7,3,HM,Family/GeneralPractice,45,0,4,0,0,4,458,584,276,9,,,No,No,No,No,Steady,No,No,No,No,No,No,No,No,No,No,No,No,No,No,No,No,No,No,No,Yes
156792882,21922218,Caucasian,Male,[80-90),?,2,1,1,3,?,Gastroenterology,47,3,15,0,0,0,428,427,424,9,,,Steady,No,No,No,No,No,No,Steady,No,No,No,No,No,No,No,No,No,Steady,No,No,No,No,No,Ch,Yes
156793698,55466208,AfricanAmerican,Female,[50-60),?,5,1,1,1,HM,?,28,1,8,0,1,0,566,250.8,?,2,,,No,No,No,No,No,No,No,No,No,No,No,No,No,No,No,No,No,Up,No,No,No,No,No,Ch,Yes
156793956,91054404,Asian,Female,[80-90),?,2,6,7,2,SP,Emergency/Trauma,49,1,10,0,0,1,434,496,781,7,,,No,No,No,No,No,No,No,No,No,No,No,No,No,No,No,No,No,No,Steady,No,No,No,No,No,Yes
156793998,89028621,AfricanAmerican,Male,[50-60),?,1,1,7,2,OG,Emergency/Trauma,9,0,14,2,0,4,780,403,428,9,,,No,No,No,No,No,No,No,No,No,No,No,No,No,No,No,No,No,Down,No,No,No,No,No,Ch,Yes
156794706,75268737,AfricanAmerican,Male,[40-50),?,1,1,7,4,?,?,54,1,14,0,0,4,996,38,995,9,,,No,No,No,No,No,No,No,No,No,No,No,No,No,No,No,No,No,Down,No,No,No,No,No,Ch,Yes
156794796,103847679,AfricanAmerican,Female,[50-60),?,1,1,2,4,?,?,57,0,20,0,0,0,428,493,518,9,,,No,No,No,No,No,No,No,No,No,No,No,No,No,No,No,No,No,Down,No,No,No,No,No,Ch,Yes
156794832,38922318,Other,Female,[70-80),?,5,3,1,3,MC,?,55,0,11,1,0,3,715,715,V58,7,,,No,No,No,No,No,No,No,No,No,No,No,No,No,No,No,No,No,Up,No,No,No,No,No,Ch,Yes
156795414,38063304,Caucasian,Female,[40-50),?,1,1,7,2,BC,?,43,0,12,0,0,0,562,276,250.03,5,,,No,No,No,No,No,No,No,No,No,No,No,No,No,No,No,No,No,Down,No,No,No,No,No,Ch,Yes
156795804,85834890,Caucasian,Female,[70-80),?,1,6,7,5,MC,?,63,0,22,0,0,0,493,276,250.8,9,,,No,No,No,No,No,No,No,No,No,No,No,No,No,No,No,No,No,No,No,No,No,No,No,No,No
156795978,71854587,AfricanAmerican,Male,[50-60),?,1,1,7,2,MC,InternalMedicine,43,0,23,0,0,1,401,250.8,227,8,,,Down,No,No,No,No,No,No,Steady,No,No,No,No,No,No,No,No,No,No,No,No,No,No,No,Ch,Yes
156799872,91383966,Caucasian,Female,[30-40),?,1,1,1,2,?,?,28,0,12,1,0,0,250.02,493,V58,3,,,No,No,No,No,No,No,No,No,No,Steady,No,No,No,No,No,No,No,Down,No,No,No,No,No,Ch,Yes
156800748,103057722,Caucasian,Female,[70-80),?,1,1,7,1,?,?,40,1,4,0,0,0,873,305,401,7,,,No,No,No,No,No,No,No,No,No,No,No,No,No,No,No,No,No,No,No,No,No,No,No,No,No
156801222,63713502,Caucasian,Male,[50-60),?,1,1,7,2,BC,Emergency/Trauma,11,3,9,0,0,0,423,414,411,7,,,No,No,No,No,No,No,No,No,No,No,No,No,No,No,No,No,No,Steady,No,No,No,No,No,No,Yes
156801918,46153431,Caucasian,Female,[20-30),?,5,28,1,5,SP,?,39,0,20,0,1,0,346,250.01,438,7,,,No,No,No,No,No,No,No,No,No,No,No,No,No,No,No,No,No,Up,No,No,No,No,No,Ch,Yes
156801954,84986001,Caucasian,Female,[70-80),?,1,6,7,6,MC,?,70,1,22,7,0,1,410,428,576,9,>300,,No,No,No,No,No,No,No,No,No,No,No,No,No,No,No,No,No,No,No,No,No,No,No,No,No
156803070,94355532,Caucasian,Female,[70-80),?,3,22,2,3,SP,Orthopedics,27,2,20,0,0,0,715,424,401,6,,,No,No,No,No,No,No,No,No,No,No,Steady,No,No,No,No,No,No,No,No,No,No,No,No,No,Yes
156803886,82516842,Caucasian,Male,[60-70),?,3,6,1,3,MC,Orthopedics,3,1,16,0,0,0,715,427,428,9,,,Steady,No,No,No,No,No,No,No,No,No,No,No,No,No,No,No,No,Steady,No,No,No,No,No,Ch,Yes
156803898,71265672,Caucasian,Female,[70-80),?,3,1,1,6,MC,Otolaryngology,33,2,20,0,0,0,530,250,710,9,,,No,No,No,No,No,No,No,No,No,No,No,No,No,No,No,No,No,Down,No,No,No,No,No,Ch,Yes
156804006,92536965,Caucasian,Female,[70-80),?,1,1,1,1,?,?,44,0,16,0,0,0,410,428,401,9,,,No,No,No,No,Steady,No,No,No,No,No,No,No,No,No,No,No,No,Down,No,No,No,No,No,Ch,Yes
156806736,97648119,Caucasian,Female,[60-70),[75-100),3,1,1,6,MC,Surgery-General,28,1,17,0,0,0,225,401,250,4,,,No,No,No,No,No,No,No,No,No,No,No,No,No,No,No,No,No,No,No,No,No,No,No,No,No
156812964,103674861,Caucasian,Male,[60-70),?,2,1,7,2,MC,Emergency/Trauma,9,0,2,0,0,0,584,276,600,9,,,No,No,No,No,No,No,No,No,No,No,No,No,No,No,No,No,No,Steady,No,No,No,No,No,No,Yes
156825432,90237402,AfricanAmerican,Male,[40-50),?,1,1,1,2,MC,?,47,1,11,0,0,2,715,403,V45,9,,,No,No,No,No,No,No,No,No,No,No,No,No,No,No,No,No,No,No,No,No,No,No,No,No,No
156830160,93609945,Caucasian,Male,[80-90),?,2,3,7,7,MC,Emergency/Trauma,73,2,17,0,2,0,250.8,486,196,9,,Norm,No,Steady,No,No,No,No,No,Steady,No,Up,No,No,No,No,No,No,No,Down,No,No,No,No,No,Ch,Yes
156832842,108970407,Caucasian,Female,[40-50),?,2,1,1,6,MD,Surgery-Vascular,36,5,26,2,0,2,250.6,707,276,9,,>8,No,No,No,No,No,No,No,No,No,No,No,No,No,No,No,No,No,Down,No,No,No,No,No,Ch,Yes
156835086,58517865,AfricanAmerican,Female,[60-70),?,3,3,1,6,MC,Radiologist,33,1,18,0,0,0,715,285,250,7,,,No,No,No,No,No,No,No,No,No,No,No,No,No,No,No,No,No,No,Steady,No,No,No,No,No,Yes
156850728,92301057,Caucasian,Male,[60-70),?,2,1,1,3,BC,?,24,0,5,0,0,0,427,250,V58,6,,,No,No,No,No,No,No,Steady,No,No,No,No,No,No,No,No,No,No,No,No,No,No,No,No,No,Yes
156851052,56907234,Caucasian,Female,[80-90),?,2,1,7,1,MC,InternalMedicine,48,1,8,0,0,1,812,427,250,5,,,Steady,No,No,No,No,No,No,No,No,No,No,No,No,No,No,No,No,No,No,No,No,No,No,No,Yes
156851574,59105466,?,Female,[40-50),?,1,1,7,7,CP,?,39,1,20,0,0,0,959,864,250.01,9,,,No,No,No,No,No,No,No,No,No,No,No,No,No,No,No,No,No,Steady,No,No,No,No,No,No,Yes
156856098,86669460,Caucasian,Female,[70-80),?,1,2,7,3,HM,?,12,1,7,0,1,0,433,424,496,9,,,No,No,No,No,No,No,No,No,No,No,No,No,No,No,No,No,No,No,No,No,No,No,No,No,No
156860796,29630403,Caucasian,Male,[50-60),?,1,1,7,2,CP,Emergency/Trauma,28,5,5,0,0,0,410,414,402,7,,,No,No,No,No,No,No,No,No,No,No,No,No,No,No,No,No,No,No,No,No,No,No,No,No,No
156861216,31564629,Caucasian,Male,[50-60),?,3,1,1,3,BC,Surgery-Thoracic,27,5,12,0,0,1,162,250,401,4,,,Steady,No,No,No,No,No,Steady,No,No,No,Steady,No,No,No,No,No,No,Down,No,No,No,No,No,Ch,Yes
156865458,106370073,Caucasian,Female,[70-80),?,3,22,1,5,MC,Radiologist,15,2,22,0,0,0,715,285,599,8,,,Steady,No,No,No,No,No,Steady,No,No,No,No,No,No,No,No,No,No,No,No,No,No,No,No,Ch,Yes
156866064,38721006,Caucasian,Male,[60-70),?,1,6,7,6,MC,Emergency/Trauma,57,0,17,0,0,0,415,424,162,9,,,No,No,No,No,No,No,No,No,No,Steady,No,No,No,No,No,No,No,Down,No,No,No,No,No,Ch,Yes
156866154,96128361,Caucasian,Male,[70-80),?,2,2,7,2,SP,Emergency/Trauma,15,4,1,0,0,0,414,427,785,8,,,No,No,No,No,No,No,No,No,No,No,No,No,No,No,No,No,No,No,No,No,No,No,No,No,No
156872934,81689823,Caucasian,Male,[70-80),?,2,1,1,3,?,Cardiology,2,1,20,0,0,0,996,427,414,7,,,No,No,No,No,No,No,No,No,No,Steady,No,No,No,No,No,No,No,No,No,No,No,No,No,No,Yes
156875976,81712485,Caucasian,Female,[50-60),[75-100),2,1,1,2,CP,?,54,2,10,2,0,0,733,198,198,9,,,No,No,No,No,No,No,No,No,No,Steady,No,No,No,No,No,No,No,No,No,No,No,No,No,No,Yes
156875988,107090388,Caucasian,Male,[60-70),?,3,1,1,4,MC,Gastroenterology,56,0,6,0,0,0,276,8,593,7,,,No,No,No,No,No,No,No,No,No,No,No,No,No,No,No,No,No,No,No,No,No,No,No,No,No
156880608,94214979,Caucasian,Male,[80-90),?,1,6,2,4,?,?,50,0,19,0,0,3,427,518,250.02,9,,,No,No,No,No,No,No,No,No,No,No,No,No,No,No,No,No,No,Steady,No,No,No,No,No,No,Yes
156882336,93476709,Caucasian,Female,[80-90),?,2,6,1,6,MC,?,40,0,13,3,0,2,564,428,591,9,,,No,No,No,No,No,No,No,No,No,No,No,No,No,No,No,No,No,No,No,No,No,No,No,No,No
156886914,82170810,AfricanAmerican,Male,[60-70),?,1,2,7,7,MC,?,45,1,9,0,0,1,722,403,722,9,,,No,No,No,No,No,No,No,No,No,No,No,No,No,No,No,No,No,No,No,No,No,No,No,No,No
156888660,100846620,Caucasian,Female,[70-80),?,2,1,7,5,MC,Emergency/Trauma,71,1,18,0,0,0,428,780,786,9,,>7,Steady,No,No,No,No,No,No,Steady,No,Steady,No,No,No,No,No,No,No,No,No,No,No,No,No,Ch,Yes
156890682,41699412,Caucasian,Male,[40-50),?,1,6,7,9,MD,?,51,1,25,2,0,5,250.82,707,276,8,,,No,No,No,No,No,No,No,No,No,No,No,No,No,No,No,No,No,Up,No,No,No,No,No,Ch,Yes
156893586,100097667,Caucasian,Female,[80-90),?,2,3,1,6,MC,?,38,0,11,0,0,0,250.81,707,459,9,,,No,No,No,No,No,No,No,No,No,No,No,No,No,No,No,No,No,No,No,No,No,No,No,No,No
156895164,41217957,Caucasian,Female,[70-80),?,3,3,1,12,MC,Cardiology,63,2,32,1,0,3,404,428,276,9,,,No,No,No,No,No,No,No,No,No,No,No,No,No,No,No,No,No,Up,No,No,No,No,No,Ch,Yes
156897012,55584090,Caucasian,Female,[80-90),?,5,3,1,4,MC,?,33,0,12,0,0,0,682,428,294,8,,Norm,No,No,No,No,No,No,No,No,No,No,No,No,No,No,No,No,No,No,No,No,No,No,No,No,No
156898512,71295750,AfricanAmerican,Male,[60-70),?,1,6,4,3,MC,?,40,0,8,0,0,0,250.6,250.7,707,7,,,Down,No,No,No,No,No,No,Steady,No,No,No,No,No,No,No,No,No,Steady,No,No,No,No,No,Ch,Yes
156899958,103981572,Caucasian,Male,[60-70),?,2,1,2,5,?,Family/GeneralPractice,47,1,12,0,0,0,291,303,311,6,,,No,No,No,No,Steady,No,No,No,No,Steady,No,No,No,No,No,No,No,No,No,No,No,No,No,Ch,Yes
156900972,59940000,Caucasian,Female,[60-70),?,2,1,1,2,?,InternalMedicine,28,0,13,2,0,0,276,496,428,9,,,No,No,No,No,No,No,No,No,No,No,No,No,No,No,No,No,No,Down,No,No,No,No,No,Ch,Yes
156902946,41143842,Caucasian,Female,[80-90),?,1,23,7,3,MD,?,10,0,18,0,0,0,276,428,250,5,,,No,No,No,No,No,No,No,No,No,No,No,No,No,No,No,No,No,Steady,No,No,No,No,No,No,Yes
156906270,43826625,Caucasian,Male,[70-80),?,1,1,7,4,MC,?,46,0,5,0,0,0,250.02,466,310,7,,,No,No,No,No,No,No,No,No,No,No,No,No,No,No,No,No,No,Steady,No,No,No,No,No,No,Yes
156907572,23922657,AfricanAmerican,Female,[60-70),?,1,1,7,6,MC,Nephrology,43,1,17,0,1,2,434,403,250.4,4,,,No,No,No,No,No,No,No,Steady,No,No,Steady,No,No,No,No,No,No,Down,No,No,No,No,No,Ch,Yes
156907578,23240313,AfricanAmerican,Female,[50-60),?,2,11,1,7,BC,Oncology,48,0,13,0,0,2,584,197,425,9,,,No,No,No,No,No,No,No,No,No,No,No,No,No,No,No,No,No,No,No,No,No,No,No,No,No
156908172,102493494,Caucasian,Female,[80-90),?,2,3,7,5,MC,Emergency/Trauma,45,0,19,0,0,2,428,496,250.82,9,,>7,No,No,No,No,No,No,No,Steady,No,No,No,No,No,No,No,No,No,Up,No,No,No,No,No,Ch,Yes
156909384,85937175,Caucasian,Male,[50-60),?,1,1,7,3,BC,?,14,6,7,0,0,0,410,496,278,7,,,No,No,No,No,No,No,No,No,No,No,No,No,No,No,No,No,No,No,No,No,No,No,No,No,No
156909654,84847401,Caucasian,Female,[80-90),?,1,6,7,5,MC,?,39,1,17,0,0,0,574,427,428,9,,,No,No,No,No,No,No,No,No,No,No,No,No,No,No,No,No,No,No,No,No,No,No,No,No,No
156911118,104734944,Caucasian,Female,[60-70),[100-125),1,6,7,13,CP,?,100,1,26,2,0,1,428,584,424,9,,,No,No,No,No,No,No,No,No,No,No,No,No,No,No,No,No,No,No,No,No,No,No,No,No,No
156911658,43828371,Caucasian,Female,[50-60),?,5,1,1,1,MD,?,48,0,11,1,2,0,250.8,295,276,9,,>7,No,No,No,No,No,No,No,No,No,No,No,No,No,No,No,No,No,No,No,No,No,No,No,No,No
156911964,94128309,Caucasian,Male,[80-90),?,2,6,1,4,?,InternalMedicine,39,1,25,0,0,0,574,250,558,9,,,No,No,No,No,No,No,No,Steady,No,Steady,No,No,No,No,No,No,No,Steady,No,No,No,No,No,Ch,Yes
156914034,96039009,Caucasian,Male,[40-50),?,1,1,7,4,?,?,56,2,16,1,0,0,535,584,250.41,9,,,No,No,No,No,No,No,No,No,No,No,No,No,No,No,No,No,No,No,No,No,No,No,No,No,No
156914802,102548718,AfricanAmerican,Female,[70-80),?,1,3,2,5,?,?,44,1,8,1,0,0,557,V63,578,9,,,No,No,No,No,No,No,No,No,No,Steady,No,No,No,No,No,No,No,No,No,No,No,No,No,No,Yes
156915282,41544360,Caucasian,Female,[50-60),?,3,1,1,9,MC,Psychiatry,41,0,22,0,0,1,296,250.8,707,7,,>7,No,No,No,No,No,No,No,No,No,No,No,No,No,No,No,No,No,Down,No,No,No,No,No,Ch,Yes
156915888,93088233,Caucasian,Female,[50-60),[50-75),1,1,7,3,HM,InternalMedicine,59,0,6,1,0,1,780,156,276,9,,,No,No,No,No,No,No,No,No,No,No,No,No,No,No,No,No,No,No,No,No,No,No,No,No,No
156916548,89830656,Caucasian,Female,[50-60),?,1,1,1,2,HM,?,29,1,15,3,0,0,280,276,696,9,,,No,No,No,No,No,No,No,No,No,No,No,No,No,No,No,No,No,Steady,No,No,No,No,No,No,Yes
156918312,65860515,Caucasian,Male,[50-60),?,5,1,1,2,HM,?,38,4,14,0,0,0,592,591,250,4,,,No,No,No,No,No,No,Steady,No,No,Steady,No,No,No,No,No,No,No,No,No,No,No,No,No,Ch,Yes
156918846,98963487,AfricanAmerican,Male,[40-50),?,3,6,1,3,?,Surgery-General,36,1,16,0,0,0,682,263,250.02,6,,,No,No,No,No,No,No,No,No,No,No,Steady,No,No,No,No,No,No,Down,No,No,No,No,No,Ch,Yes
156919968,23633694,AfricanAmerican,Female,[80-90),?,1,3,7,8,MC,InternalMedicine,38,0,20,0,0,0,560,250.02,599,8,,,No,No,No,No,No,No,No,No,No,No,No,No,No,No,No,No,No,Up,No,No,No,No,No,Ch,Yes
156920046,89104941,AfricanAmerican,Male,[60-70),?,1,1,7,1,MD,?,36,0,12,0,0,0,780,584,305,9,,,No,No,No,No,No,No,No,No,No,No,No,No,No,No,No,No,No,Down,No,No,No,No,No,Ch,Yes
156921210,23571540,AfricanAmerican,Female,[50-60),?,1,1,7,8,MC,Nephrology,43,1,32,0,4,4,403,70,250.4,6,,,No,No,No,No,No,No,No,No,No,No,No,No,No,No,No,No,No,Up,No,No,No,No,No,Ch,Yes
156922242,78599457,Caucasian,Female,[60-70),?,1,1,7,4,MC,?,55,1,16,0,0,0,511,512,250,9,,>7,No,No,No,No,No,No,No,No,No,No,No,No,No,No,No,No,No,Down,No,No,No,No,No,Ch,Yes
156922944,102652317,Caucasian,Male,[80-90),?,1,3,7,4,CP,?,34,1,16,8,0,2,486,428,276,9,,,No,No,No,No,No,No,No,No,No,No,No,No,No,No,No,No,No,No,No,No,No,No,No,No,No
156927606,99106191,Caucasian,Female,[70-80),?,1,6,7,5,?,?,57,4,36,1,0,0,410,427,414,8,,,No,No,No,No,No,No,No,No,No,No,No,No,No,No,No,No,No,No,No,No,No,No,No,No,No
156927732,29674017,Other,Male,[50-60),?,3,22,1,4,UN,Neurology,1,2,17,0,0,0,721,70,250,5,,,No,No,No,No,No,No,Steady,No,No,No,No,No,No,No,No,No,No,No,No,No,No,No,No,No,Yes
156929634,84323133,Caucasian,Female,[80-90),?,1,3,7,4,MC,?,61,0,23,0,0,0,410,428,427,9,,,No,No,No,No,No,No,No,No,No,No,No,No,No,No,No,No,No,No,No,No,No,No,No,No,No
156929904,93828285,AfricanAmerican,Female,[60-70),?,3,1,1,7,?,Surgery-General,35,3,19,0,0,0,153,569,997,9,,,Steady,No,No,No,No,No,No,No,No,No,No,No,No,No,No,No,No,Steady,No,No,No,No,No,Ch,Yes
156936846,23975055,AfricanAmerican,Female,[70-80),?,3,1,1,1,MC,Surgery-Vascular,48,1,20,0,1,1,444,998,401,7,,,No,No,No,No,Steady,No,No,No,No,No,No,No,No,No,No,No,No,Steady,No,No,No,No,No,Ch,Yes
156942948,25231707,AfricanAmerican,Female,[80-90),?,1,1,7,6,MC,Family/GeneralPractice,43,0,16,0,1,0,435,401,285,8,,,Steady,No,No,No,Steady,No,No,No,No,Steady,No,No,No,No,No,No,No,Up,No,No,No,No,No,Ch,Yes
156948846,45977589,Caucasian,Male,[50-60),?,3,1,7,2,BC,Emergency/Trauma,1,6,9,0,0,0,410,414,429,7,,Norm,No,No,No,No,No,No,No,No,No,No,No,No,No,No,No,No,No,No,No,No,No,No,No,No,No
156965220,53189685,Caucasian,Female,[60-70),?,5,3,1,2,HM,Surgeon,11,3,15,0,0,0,715,727,754,5,,,No,No,No,No,No,No,No,No,No,No,No,No,No,No,No,No,No,No,No,No,No,No,No,No,No
156971394,43761636,Caucasian,Male,[60-70),?,3,6,1,6,MC,?,29,1,5,0,0,2,250.8,707,682,4,,,No,No,No,No,No,No,No,Steady,No,No,No,No,No,No,No,No,No,Up,No,No,No,No,No,Ch,Yes
156971694,43171848,Caucasian,Female,[60-70),?,3,1,1,4,MC,?,22,0,10,0,0,0,599,276,584,8,,,No,No,No,No,No,No,No,No,No,No,No,No,No,No,No,No,No,No,No,No,No,No,No,No,No
156976956,82294308,Caucasian,Male,[40-50),?,2,6,2,14,?,InternalMedicine,57,5,34,0,0,0,682,250.41,250.81,9,,,No,No,No,No,No,No,No,No,No,No,No,No,No,No,No,No,No,No,No,No,No,No,No,No,No
156978462,55733742,Caucasian,Female,[70-80),?,2,6,4,8,?,PhysicalMedicineandRehabilitation,32,2,10,0,0,1,V57,285,V54,9,,,Steady,No,No,No,No,No,No,No,No,No,No,No,No,No,No,No,No,No,No,No,No,No,No,No,Yes
156979302,6668118,Caucasian,Male,[70-80),?,1,3,7,8,MC,?,59,1,10,0,0,0,428,511,276,9,,,No,No,No,No,No,No,No,No,No,No,No,No,No,No,No,No,No,No,No,No,No,No,No,No,No
156980280,38769525,Caucasian,Female,[40-50),?,3,1,1,1,MC,Neurology,1,2,4,0,0,0,722,250,V58,3,,,No,No,No,No,No,No,No,No,No,No,No,No,No,No,No,No,No,No,No,No,No,No,No,No,No
156981288,105439590,Caucasian,Female,[80-90),?,1,1,7,4,MC,?,63,0,16,0,0,0,428,585,682,8,,,No,Steady,No,No,No,No,No,No,No,No,Steady,No,No,No,No,No,No,No,No,No,No,No,No,Ch,Yes
156987558,24802947,Caucasian,Male,[50-60),?,2,1,1,1,MC,Family/GeneralPractice,41,0,7,0,0,0,250.1,428,?,2,,>8,No,No,No,No,No,No,No,No,No,No,No,No,No,No,No,No,No,Steady,No,No,No,No,No,No,Yes
156988518,25274502,Caucasian,Male,[70-80),?,1,3,7,5,MC,InternalMedicine,46,0,23,0,0,0,724,250,332,5,,,No,No,No,No,No,No,Steady,No,No,No,No,No,No,No,No,No,No,Up,No,No,No,No,No,Ch,Yes
156988866,70037532,Caucasian,Male,[50-60),?,2,1,1,4,?,InternalMedicine,45,0,13,0,1,1,38,995,250,6,,,No,No,No,No,No,No,No,No,No,No,Steady,No,No,No,No,No,No,Steady,No,No,No,No,No,Ch,Yes
156989352,90350505,Caucasian,Male,[80-90),?,2,3,7,4,MC,Emergency/Trauma,68,0,10,1,1,0,396,397,511,8,,>7,No,No,No,No,No,No,Steady,No,No,No,No,No,No,No,No,No,No,No,No,No,No,No,No,No,Yes
156991350,103508631,AfricanAmerican,Male,[50-60),?,2,1,2,8,?,Psychiatry,48,0,11,0,0,0,296,V63,372,7,,,No,No,No,No,No,No,No,No,No,No,No,No,No,No,No,No,No,Steady,No,No,No,No,No,No,Yes
156991692,74016756,AfricanAmerican,Male,[50-60),?,3,1,1,4,?,Surgery-Neuro,30,1,26,0,0,2,432,253,781,8,,,No,No,No,No,No,No,No,No,No,No,No,No,No,No,No,No,No,Down,No,No,No,No,No,Ch,Yes
156992256,55987452,Caucasian,Female,[60-70),?,3,6,1,7,?,Cardiology,56,4,32,2,0,0,414,413,401,8,,,Steady,No,No,No,No,No,No,No,No,No,No,No,No,No,No,No,No,No,No,No,No,No,No,No,Yes
156996510,38346111,Caucasian,Male,[60-70),?,1,28,7,7,?,?,64,1,21,0,0,4,801,780,305,9,,,No,No,No,No,No,No,No,No,No,No,No,No,No,No,No,No,No,Steady,No,No,No,No,No,No,Yes
156998286,43458741,Caucasian,Male,[70-80),?,3,6,1,13,MC,?,42,2,24,0,0,3,250.7,707,785,7,,,No,No,No,No,No,No,No,No,No,No,No,No,No,No,No,No,No,Up,No,No,No,No,No,Ch,Yes
157000452,91520145,AfricanAmerican,Male,[80-90),?,1,1,7,1,MC,?,15,0,7,0,0,0,434,780,250.92,6,,,Steady,No,No,No,No,No,No,Steady,No,No,No,No,No,No,No,No,No,No,No,No,No,No,No,Ch,Yes
157001526,43822935,Caucasian,Female,[80-90),?,3,1,1,13,MC,Psychiatry,57,1,21,0,0,1,331,294,294,9,,,No,No,No,No,No,No,No,No,No,Steady,No,No,No,No,No,No,No,No,No,No,No,No,No,No,Yes
157004688,85911273,Caucasian,Female,[80-90),?,1,3,7,6,HM,Radiologist,54,2,19,1,0,1,821,285,E888,8,,,No,No,No,No,No,No,Steady,No,No,No,No,No,No,No,No,No,No,No,No,No,No,No,No,No,Yes
157007700,58374045,AfricanAmerican,Male,[20-30),?,1,1,7,2,PO,?,9,0,7,0,0,0,250.11,276,278,5,,,No,No,No,No,No,No,No,No,No,Steady,No,No,No,No,No,No,No,Up,No,No,No,No,No,Ch,Yes
157011852,83727477,AfricanAmerican,Female,[70-80),?,1,1,7,2,?,?,21,2,11,0,0,1,562,535,553,9,,,Steady,No,No,No,No,No,Steady,No,No,No,No,No,No,No,No,No,No,No,No,No,No,No,No,Ch,Yes
157013148,48757698,Caucasian,Female,[80-90),?,2,6,1,4,?,Surgery-Cardiovascular,39,0,13,0,0,0,453,599,401,9,,,No,No,No,No,Steady,No,No,No,No,No,No,No,No,No,No,No,No,No,No,No,No,No,No,No,Yes
157013592,88729065,Caucasian,Female,[50-60),?,5,1,1,1,HM,?,1,3,14,0,0,0,447,996,250,5,,,Steady,No,No,No,No,No,No,Steady,No,Steady,No,No,No,No,No,No,No,No,No,No,No,No,No,Ch,Yes
157014372,95708709,Caucasian,Female,[70-80),?,3,11,5,1,MC,Cardiology,20,4,16,0,0,0,410,8,427,8,,,No,No,No,No,No,No,No,No,No,No,No,No,No,No,No,No,No,No,No,No,No,No,No,No,No
157015044,93268710,Caucasian,Female,[80-90),?,2,1,7,5,MC,Emergency/Trauma,46,0,16,0,0,0,458,276,250,9,,Norm,Steady,No,No,No,No,No,No,No,No,No,No,No,No,No,No,No,No,Down,No,No,No,No,No,Ch,Yes
157015872,105342813,Caucasian,Female,[80-90),?,2,2,1,5,?,?,38,1,16,0,0,0,576,428,576,9,,,No,No,No,No,No,No,Down,No,No,No,No,No,No,No,No,No,No,Steady,No,No,No,No,No,Ch,Yes
157018056,93293460,Caucasian,Female,[80-90),?,2,6,7,5,MC,Emergency/Trauma,60,0,10,0,0,2,276,599,780,7,,,Steady,No,No,No,No,No,No,No,No,No,No,No,No,No,No,No,No,No,No,No,No,No,No,No,Yes
157018170,54213840,Caucasian,Female,[80-90),?,1,1,7,4,MC,?,46,0,13,0,0,2,435,742,496,9,,,No,No,No,No,No,No,No,No,No,No,No,No,No,No,No,No,No,Steady,No,No,No,No,No,No,Yes
157018254,85570650,Caucasian,Male,[50-60),?,5,1,1,2,HM,?,40,0,18,0,0,0,786,780,414,9,,>8,No,No,No,No,No,No,No,No,No,No,No,No,No,No,No,No,No,Up,No,No,No,No,No,Ch,Yes
157019436,57184236,Caucasian,Female,[80-90),?,1,6,7,3,MC,?,59,1,17,0,0,6,276,599,787,9,,,No,No,No,No,No,No,Steady,No,No,No,No,No,No,No,No,No,No,Steady,No,No,No,No,No,Ch,Yes
157019676,21724407,Caucasian,Male,[60-70),?,1,1,7,2,CP,?,49,0,11,0,0,0,486,511,250,4,,,No,No,No,No,Steady,No,No,No,No,No,No,No,No,No,No,No,No,No,No,No,No,No,No,No,Yes
157019964,43819452,Caucasian,Female,[90-100),?,1,3,7,6,MD,?,54,0,20,0,0,1,428,276,507,9,,,No,No,No,No,No,No,No,No,No,No,No,No,No,No,No,No,No,No,No,No,No,No,No,No,No
157020522,74942046,Caucasian,Female,[70-80),?,6,1,7,5,?,InternalMedicine,67,0,23,0,0,1,53,250.03,428,6,>300,>8,No,No,No,No,No,No,No,No,No,No,No,No,No,No,No,No,No,No,No,No,No,No,No,No,No
157023846,104196942,AfricanAmerican,Male,[60-70),?,1,1,2,13,?,?,69,3,24,0,0,0,682,203,70,9,,,Steady,No,No,No,No,No,No,No,No,No,No,No,No,No,No,No,No,Steady,No,No,No,No,No,Ch,Yes
157024212,79128711,Caucasian,Female,[80-90),?,1,3,7,3,MC,?,47,0,13,0,0,1,584,276,250.03,9,,,No,No,No,No,No,No,No,No,No,No,No,No,No,No,No,No,No,Up,No,No,No,No,No,Ch,Yes
157024218,47696067,Caucasian,Female,[60-70),?,1,1,7,1,?,?,21,0,11,0,0,0,427,250.01,424,9,,,Steady,No,No,No,No,No,No,Steady,No,No,No,No,No,No,No,No,No,Steady,No,No,No,No,No,Ch,Yes
157024416,79416072,Caucasian,Male,[80-90),?,1,1,1,8,?,?,60,3,35,0,0,0,574,427,413,7,,,No,No,No,No,No,No,No,No,No,No,No,No,No,No,No,No,No,Steady,No,No,No,No,No,No,Yes
157024644,94156767,Caucasian,Male,[60-70),?,1,1,7,2,?,?,37,2,7,1,0,1,427,396,397,8,,,No,No,No,No,No,No,No,No,No,No,No,No,No,No,No,No,No,Steady,No,No,No,No,No,No,Yes
157025886,24481998,AfricanAmerican,Female,[60-70),?,1,1,7,8,SP,Nephrology,44,4,21,0,0,1,584,403,276,9,,,No,No,No,No,No,No,No,No,No,No,No,No,No,No,No,No,No,Steady,No,No,No,No,No,No,Yes
157026978,88347339,Caucasian,Female,[40-50),?,2,1,7,3,UN,Emergency/Trauma,74,3,23,0,0,0,410,414,477,9,,>7,Steady,No,No,No,No,No,No,No,No,No,Steady,No,No,No,No,No,No,Down,No,No,No,No,No,Ch,Yes
157028052,87090435,AfricanAmerican,Female,[40-50),?,3,1,1,3,BC,Emergency/Trauma,60,1,12,0,0,0,250.1,V58,112,6,,,No,No,No,No,No,No,No,No,No,No,No,No,No,No,No,No,No,Steady,No,No,No,No,No,No,Yes
157028802,104168124,Caucasian,Female,[50-60),?,2,1,2,12,?,Gastroenterology,45,0,10,0,0,0,295,308,250,4,,,Steady,No,No,No,No,No,No,No,No,No,No,No,No,No,No,No,No,No,No,No,No,No,No,No,Yes
157029060,91382067,Caucasian,Female,[60-70),?,1,1,7,2,HM,?,42,0,16,0,0,0,786,403,250.02,6,,>8,No,No,No,No,No,No,No,No,No,No,No,No,No,No,No,No,No,No,No,No,No,No,No,No,No
157030686,103687209,Caucasian,Female,[60-70),?,3,1,1,2,HM,?,21,4,20,0,0,0,618,625,250,7,,,No,No,No,No,No,No,No,No,No,No,No,No,No,No,No,No,No,No,No,No,No,No,No,No,No
157031016,82116324,Caucasian,Male,[70-80),?,3,6,1,3,MC,Podiatry,16,4,25,0,0,0,250.6,707,736,9,,,No,No,No,No,No,No,No,No,No,No,No,No,No,No,No,No,No,Down,No,No,No,No,No,Ch,Yes
157033500,23402628,Caucasian,Male,[50-60),?,3,1,1,1,HM,Cardiology,32,5,12,0,0,0,414,305,401,4,,,No,No,No,No,No,No,No,No,No,No,No,No,No,No,No,No,No,No,No,No,No,No,No,No,No
157036566,32972463,Caucasian,Male,[60-70),?,1,6,1,5,HM,?,62,1,17,0,1,0,530,453,584,9,,>7,No,No,No,No,No,No,Steady,No,No,No,Steady,No,No,No,No,No,No,No,No,No,No,No,No,Ch,Yes
157037166,112947390,Caucasian,Female,[70-80),?,2,1,7,2,MC,Family/GeneralPractice,54,0,10,0,1,1,780,424,250,9,,,No,No,No,No,Steady,No,No,No,No,No,No,No,No,No,No,No,No,No,No,No,No,No,No,No,Yes
157056174,40908501,Caucasian,Female,[60-70),?,1,1,7,1,MC,?,37,0,7,0,0,0,574,250,244,3,,,Steady,No,No,No,No,No,Steady,No,No,No,No,No,No,No,No,No,No,No,No,No,No,No,No,Ch,Yes
157056516,23638302,AfricanAmerican,Male,[60-70),?,1,1,7,3,?,Cardiology,40,5,11,0,0,1,410,414,272,5,,,No,No,No,No,No,No,No,No,No,No,No,No,No,No,No,No,No,No,No,No,No,No,No,No,No
157057482,77076252,Caucasian,Male,[60-70),?,1,1,7,2,?,?,64,0,17,1,0,0,584,276,250.8,9,,,No,No,Steady,No,No,No,No,No,No,No,No,No,No,No,No,No,No,No,No,No,No,No,No,No,Yes
157057650,103965120,Caucasian,Female,[80-90),?,1,1,2,3,?,?,59,2,16,0,0,0,203,250,401,5,,,No,No,No,No,Steady,No,No,No,No,No,No,No,No,No,No,No,No,No,No,No,No,No,No,No,Yes
157061310,43521831,Caucasian,Male,[60-70),?,3,1,1,1,MC,Family/GeneralPractice,3,0,7,0,0,0,786,401,250,6,,,No,No,No,No,Steady,No,No,No,No,No,No,No,No,No,No,No,No,No,No,No,No,No,No,No,Yes
157061472,52230366,Caucasian,Male,[70-80),?,3,1,1,6,?,Cardiology,32,5,18,0,0,0,414,413,428,9,,,No,No,No,No,No,No,No,No,No,No,No,No,No,No,No,No,No,Steady,No,No,No,No,No,No,Yes
157068294,24977799,AfricanAmerican,Male,[50-60),?,1,3,7,11,MC,InternalMedicine,52,2,18,0,1,0,584,790,276,9,,,No,No,No,No,No,No,No,No,No,No,No,No,No,No,No,No,No,Down,No,No,No,No,No,Ch,Yes
157068930,110085957,Caucasian,Female,[50-60),?,3,3,1,4,BC,Orthopedics,39,6,30,0,0,3,715,823,250,8,,,Steady,No,No,No,No,No,No,No,No,No,Steady,No,No,No,No,No,No,Up,No,No,No,No,No,Ch,Yes
157069932,25243047,Caucasian,Male,[50-60),?,3,4,1,7,HM,Surgery-Cardiovascular/Thoracic,54,6,63,0,0,0,414,427,410,6,,,Steady,No,No,No,No,No,No,No,No,Steady,No,No,No,No,No,No,No,Up,No,No,No,No,No,Ch,Yes
157070394,43167906,Caucasian,Male,[60-70),?,3,1,1,2,MC,?,56,0,6,0,0,0,728,250,272,4,,,No,No,Steady,No,No,No,No,No,No,No,No,No,No,No,No,No,No,No,No,No,No,No,No,No,Yes
157073010,45722196,Caucasian,Male,[60-70),?,2,1,4,3,?,Cardiology,9,2,16,2,0,1,V57,427,799,9,,,Steady,No,No,No,No,No,Steady,No,No,No,No,No,No,No,No,No,No,No,No,No,No,No,No,Ch,Yes
157073106,104140368,Caucasian,Female,[70-80),?,1,1,7,5,?,?,56,0,20,0,0,0,428,425,492,9,,,No,No,No,No,No,No,Steady,No,No,No,No,No,No,No,No,No,No,Steady,No,No,No,No,No,Ch,Yes
157073748,24385293,Caucasian,Male,[50-60),?,3,1,1,2,BC,Surgery-General,28,1,18,0,0,0,540,250,401,3,,,No,No,No,No,No,No,No,No,No,No,No,No,No,No,No,No,No,No,No,No,No,No,No,No,No
157076346,25133058,Caucasian,Female,[70-80),?,3,1,1,3,MC,InternalMedicine,38,2,20,0,1,2,535,427,427,9,,,No,No,No,No,No,No,No,No,No,No,No,No,No,No,No,No,No,Steady,No,No,No,No,No,No,Yes
157086078,100943550,Caucasian,Male,[60-70),?,1,1,1,2,MC,?,44,0,18,2,0,1,682,287,414,9,,,Steady,No,No,No,No,No,No,No,No,No,No,No,No,No,No,No,No,No,No,No,No,No,No,No,Yes
157086936,65061486,Caucasian,Female,[60-70),?,2,1,1,4,?,InternalMedicine,63,0,26,0,0,0,490,284,202,7,,,No,No,No,No,No,No,Steady,No,No,No,No,No,No,No,No,No,No,No,No,No,No,No,No,No,Yes
157089192,101902653,AfricanAmerican,Male,[70-80),?,1,1,7,5,MC,?,83,0,15,0,1,0,491,276,599,8,,,No,No,No,No,Steady,No,No,No,No,No,No,No,No,No,No,No,No,No,No,No,No,No,No,No,Yes
157089894,87248241,Caucasian,Male,[70-80),?,2,3,1,6,MC,?,41,4,24,0,0,1,482,491,428,9,,,No,No,No,No,No,No,Steady,No,No,No,No,No,No,No,No,No,No,No,No,No,No,No,No,No,Yes
157090074,83887560,Caucasian,Male,[70-80),?,1,1,1,2,MC,Radiologist,48,0,10,0,0,1,428,424,272,9,,,No,No,No,No,Steady,No,No,No,No,No,No,No,No,No,No,No,No,No,No,No,No,No,No,No,Yes
157091070,52669341,Caucasian,Male,[70-80),?,2,2,1,9,?,Family/GeneralPractice,44,3,22,0,0,3,V57,8,428,9,,,No,No,No,No,No,No,No,No,No,No,No,No,No,No,No,No,No,No,No,No,No,No,No,No,No
157091136,92974644,Caucasian,Female,[70-80),?,1,6,7,5,MC,?,63,2,28,1,0,0,577,574,496,9,,,No,No,No,No,No,No,No,No,No,No,No,No,No,No,No,No,No,No,No,No,No,No,No,No,No
157091310,102760857,Caucasian,Female,[50-60),?,2,6,1,3,HM,?,37,0,10,0,0,1,693,682,E930,8,,,Steady,No,No,No,No,No,Steady,No,No,No,No,No,No,No,No,No,No,No,No,No,No,No,No,Ch,Yes
157091574,23345361,AfricanAmerican,Female,[20-30),?,3,1,1,4,MD,ObstetricsandGynecology,41,1,11,0,2,4,648,250.12,276,6,,,No,No,No,No,No,No,No,No,No,No,No,No,No,No,No,No,No,Up,No,No,No,No,No,Ch,Yes
157093362,41924745,Caucasian,Female,[60-70),?,2,3,1,14,?,InternalMedicine,61,1,26,0,0,2,682,428,428,9,,,No,No,No,No,No,No,No,No,No,No,No,No,No,No,No,No,No,No,No,No,No,No,No,No,No
157095588,89798220,AfricanAmerican,Female,[50-60),?,2,1,1,4,?,Nephrology,40,1,9,1,0,0,458,403,710,6,,,No,No,No,No,No,No,No,No,No,No,No,No,No,No,No,No,No,No,No,No,No,No,No,No,No
157099842,55929276,Caucasian,Male,[70-80),?,6,3,17,10,?,?,67,4,42,0,0,0,584,276,707,9,,,No,No,No,No,No,No,No,No,No,No,No,No,No,No,No,No,No,Down,No,No,No,No,No,Ch,Yes
157100070,100666467,Caucasian,Female,[50-60),?,2,6,7,8,BC,Surgery-General,64,1,19,0,0,1,536,250.6,276,9,,,No,Steady,No,No,No,No,No,No,No,No,No,No,No,No,No,No,No,Down,No,No,No,No,No,Ch,Yes
157100208,110200428,Asian,Male,[70-80),?,3,1,1,5,MC,Pulmonology,44,1,10,0,1,0,427,427,414,9,,,No,No,No,No,No,No,No,No,No,No,No,No,No,No,No,No,No,No,No,No,No,No,No,No,No
157101312,32814585,AfricanAmerican,Male,[40-50),?,2,23,7,4,?,InternalMedicine,51,0,18,0,0,0,730,707,250,4,,,No,No,No,No,Steady,No,No,No,No,No,No,No,No,No,No,No,No,No,No,No,No,No,No,No,Yes
157101336,24011577,AfricanAmerican,Male,[40-50),?,2,1,1,3,MC,InternalMedicine,37,0,7,0,0,9,577,42,250.01,8,,,No,No,No,No,No,No,No,No,No,No,No,No,No,No,No,No,No,Steady,No,No,No,No,No,No,Yes
157102026,84437496,Caucasian,Female,[50-60),?,1,1,7,4,HM,?,55,2,18,0,1,0,79,599,578,9,,,Steady,No,No,No,No,No,No,No,No,No,No,No,No,No,No,No,No,No,No,No,No,No,No,No,Yes
157102380,63198702,Caucasian,Female,[20-30),?,1,1,7,4,?,?,64,1,18,1,1,2,590,276,583,8,,,No,No,No,No,No,No,No,No,No,No,No,No,No,No,No,No,No,Down,No,No,No,No,No,Ch,Yes
157102578,84247965,Caucasian,Male,[60-70),?,1,1,7,3,MC,InternalMedicine,78,3,19,0,6,4,428,411,425,9,,>7,No,No,No,No,No,No,No,No,No,No,No,No,No,No,No,No,No,Down,No,No,No,No,No,Ch,Yes
157104042,92940444,Caucasian,Male,[70-80),?,1,3,7,4,MC,?,56,0,9,0,0,0,599,276,250.02,9,,,No,No,No,No,No,No,No,No,No,No,No,No,No,No,No,No,No,No,No,No,No,No,No,No,No
157104210,85110516,Caucasian,Male,[80-90),?,1,1,7,3,HM,?,51,0,13,0,0,0,486,491,428,6,,,No,No,No,No,No,No,No,Steady,No,No,No,No,No,No,No,No,No,No,No,No,No,No,No,No,Yes
157104996,50374755,Caucasian,Male,[60-70),?,1,1,7,4,CP,?,46,5,9,0,0,0,414,411,272,6,,Norm,No,No,No,No,No,No,No,No,No,No,No,No,No,No,No,No,No,No,No,No,No,No,No,No,No
157105272,83735451,Caucasian,Male,[50-60),?,1,1,7,3,?,InternalMedicine,65,0,12,1,0,0,79,682,711,9,,,Steady,No,No,No,No,No,No,No,No,No,No,No,No,No,No,No,No,Steady,No,No,No,No,No,Ch,Yes
157105824,69263091,AfricanAmerican,Female,[60-70),?,2,1,1,2,?,Family/GeneralPractice,40,0,9,0,1,0,428,496,424,9,,,No,No,No,No,No,No,No,No,No,No,No,No,No,No,No,No,No,No,No,No,No,No,No,No,No
157105926,106954182,Caucasian,Female,[70-80),?,1,3,7,4,MC,?,6,0,9,0,0,0,590,276,428,9,,,No,No,No,No,No,No,No,No,No,No,No,No,No,No,No,No,No,No,No,No,No,No,No,No,No
157106418,86004846,Caucasian,Male,[50-60),?,1,1,7,3,?,?,38,2,10,0,0,0,403,584,V42,9,,,No,No,No,No,No,No,No,No,No,No,No,No,No,No,No,No,No,No,No,No,No,No,No,No,No
157107144,85974372,Caucasian,Female,[70-80),?,2,3,1,10,MC,?,57,3,28,0,0,0,493,427,787,9,,,No,No,No,No,No,No,No,Up,No,Steady,No,No,No,No,No,No,No,No,No,No,No,No,No,Ch,Yes
157109856,59355936,AfricanAmerican,Male,[50-60),?,1,3,7,7,MC,?,37,3,16,0,0,0,682,263,250,9,,Norm,Steady,No,No,No,No,No,No,No,No,Steady,Steady,No,No,No,No,No,No,No,No,No,No,No,No,Ch,Yes
157110282,43017030,Caucasian,Female,[50-60),?,1,1,7,1,SP,?,3,0,8,0,0,0,414,413,250,8,,,Steady,No,No,No,No,No,Steady,No,No,Steady,No,No,No,No,No,No,No,No,No,No,No,No,No,Ch,Yes
157111248,84369105,Caucasian,Female,[80-90),?,1,1,7,11,MC,?,67,2,26,0,0,0,493,401,250,9,,,No,No,No,No,No,No,Steady,No,No,No,No,No,No,No,No,No,No,No,No,No,No,No,No,No,Yes
157111950,104353542,AfricanAmerican,Male,[60-70),?,2,22,2,10,?,Family/GeneralPractice,67,3,25,0,0,0,250.7,440,280,9,,,No,No,No,No,No,No,No,No,No,No,No,No,No,No,No,No,No,No,No,No,No,No,No,No,No
157113024,47914317,Caucasian,Female,[50-60),?,1,1,7,7,?,?,67,3,26,0,0,2,157,789,199,5,,,No,No,No,No,No,No,No,No,No,No,No,No,No,No,No,No,No,Steady,No,No,No,No,No,No,Yes
157113324,42413706,Caucasian,Male,[60-70),?,1,1,7,1,SP,?,3,0,5,0,0,1,414,413,425,8,,,No,No,No,No,No,No,No,No,No,No,No,No,No,No,No,No,No,No,No,No,No,No,No,No,No
157113438,65786310,AfricanAmerican,Male,[80-90),?,1,1,1,2,?,Emergency/Trauma,56,0,7,0,0,0,490,599,728,7,,,No,No,No,No,No,No,No,No,No,No,No,No,No,No,No,No,No,Steady,No,No,No,No,No,No,Yes
157113444,60594345,Caucasian,Female,[80-90),?,1,4,7,4,?,?,61,0,22,1,0,3,403,584,276,9,,,No,No,No,No,No,No,No,No,No,No,No,No,No,No,No,No,No,Steady,No,No,No,No,No,No,Yes
157113888,105426801,Other,Male,[70-80),?,1,1,4,1,?,?,13,2,7,0,0,0,996,453,403,9,,,No,No,No,No,Steady,No,No,No,No,No,No,No,No,No,No,No,No,Steady,No,No,No,No,No,Ch,Yes
157114644,86079960,Caucasian,Female,[60-70),?,1,1,7,4,CH,?,39,0,12,0,0,0,453,V42,288,9,,,No,No,No,No,No,No,No,No,No,No,No,No,No,No,No,No,No,Steady,No,No,No,No,No,No,Yes
157114656,114366429,Caucasian,Male,[60-70),?,1,1,7,4,MC,Cardiology,63,0,11,0,0,2,428,425,427,6,,,Steady,No,Steady,No,No,No,No,No,No,No,No,No,No,No,No,No,No,Steady,No,No,No,No,No,Ch,Yes
157115268,94742397,Caucasian,Female,[90-100),?,2,1,7,3,MC,Emergency/Trauma,70,0,12,1,0,0,578,280,593,9,,Norm,No,No,No,No,No,No,No,No,No,No,No,No,No,No,No,No,No,Down,No,No,No,No,No,Ch,Yes
157115634,58766697,Caucasian,Male,[30-40),?,1,1,7,2,?,InternalMedicine,63,0,15,0,1,1,250.8,V58,401,4,,,No,No,No,No,No,No,No,No,No,No,No,No,No,No,No,No,No,Down,No,No,No,No,No,Ch,Yes
157116228,106160481,Caucasian,Female,[70-80),?,5,28,7,3,MC,?,54,0,17,1,0,0,401,250.02,276,7,,,No,No,No,No,No,No,No,No,No,No,No,No,No,No,No,No,No,Up,No,No,No,No,No,Ch,Yes
157116336,25230285,Caucasian,Female,[80-90),?,1,23,7,6,?,Family/GeneralPractice,43,0,16,0,0,1,790,486,276,8,,,No,No,No,No,No,No,No,No,No,No,No,No,No,No,No,No,No,Up,No,No,No,No,No,Ch,Yes
157116924,77618763,AfricanAmerican,Male,[80-90),?,1,1,7,5,?,?,49,0,7,0,0,1,577,276,511,9,,,No,No,No,No,No,No,Steady,No,No,No,No,No,No,No,No,No,No,Steady,No,No,No,No,No,Ch,Yes
157117002,98622261,Caucasian,Male,[50-60),?,1,1,7,1,?,?,33,1,20,0,1,0,879,E849,401,6,,,No,No,No,No,No,No,No,No,No,No,No,No,No,No,No,No,No,No,No,No,No,No,No,No,No
157117596,41105232,Caucasian,Female,[60-70),?,3,1,1,4,MC,Emergency/Trauma,63,0,5,0,0,0,560,599,250,9,,,No,No,No,No,No,No,No,No,No,No,No,No,No,No,No,No,No,No,No,No,No,No,No,No,No
157118322,71299737,Caucasian,Female,[60-70),?,1,1,7,5,MC,?,31,3,18,0,0,0,428,599,424,8,,>7,No,No,No,No,No,No,No,No,No,No,No,No,No,No,No,No,No,Steady,No,No,No,No,No,No,Yes
157118454,81302868,Caucasian,Male,[60-70),?,1,1,7,6,?,?,44,2,28,0,0,1,540,38,250.6,9,,,No,No,No,No,No,No,No,No,No,No,No,No,No,No,No,No,No,No,No,No,No,No,No,No,No
157118904,66509775,Caucasian,Male,[60-70),?,1,1,7,2,?,?,52,0,7,2,0,0,38,486,995,6,,,No,No,No,No,No,No,No,No,No,No,No,No,No,No,No,No,No,No,No,No,No,No,No,No,No
157128462,85160808,Caucasian,Female,[70-80),?,1,3,7,5,MC,?,65,1,12,1,0,0,459,280,780,9,,,No,No,No,No,No,No,No,No,No,No,No,No,No,No,No,No,No,No,No,No,No,No,No,No,No
157130556,84348792,AfricanAmerican,Female,[20-30),?,1,1,7,4,HM,?,63,2,12,2,5,7,250.11,276,8,9,,,No,No,No,No,No,No,No,No,No,No,No,No,No,No,No,No,No,No,No,No,No,No,No,No,No
157133034,98421651,Caucasian,Female,[80-90),?,2,3,7,4,MC,Emergency/Trauma,44,0,19,0,0,1,491,41,427,7,,,No,No,No,No,Steady,No,No,No,No,No,No,No,No,No,No,No,No,Steady,No,No,No,No,No,Ch,Yes
157133076,105581016,Caucasian,Male,[40-50),?,1,1,7,3,?,?,57,0,14,0,0,0,801,250.92,287,9,,,Steady,No,No,No,No,No,No,No,No,No,No,No,No,No,No,No,No,Steady,No,No,No,No,No,Ch,Yes
157133154,89843373,Caucasian,Male,[50-60),?,2,1,7,1,BC,Emergency/Trauma,50,0,9,0,3,0,558,250.8,276,6,,,No,Steady,No,No,No,No,No,No,No,No,No,No,No,No,No,No,No,No,No,No,No,No,No,No,Yes
157133826,56117052,Caucasian,Female,[50-60),?,1,22,1,9,?,Emergency/Trauma,64,1,42,0,0,0,820,276,496,9,,,No,No,No,No,No,No,No,No,No,No,Steady,No,No,No,No,No,No,Steady,No,No,No,No,No,Ch,Yes
157134606,104551506,Caucasian,Female,[70-80),?,1,1,1,1,?,Emergency/Trauma,41,0,14,0,0,0,276,428,403,7,,,No,Steady,No,No,No,No,No,No,No,No,Steady,No,No,No,No,No,No,Steady,No,No,No,No,No,Ch,Yes
157135122,42031944,Caucasian,Female,[80-90),?,1,3,7,10,MC,?,66,0,16,0,0,1,423,585,414,9,,,No,No,No,No,No,No,No,Steady,No,No,No,No,No,No,No,No,No,No,No,No,No,No,No,No,Yes
157135506,46442340,AfricanAmerican,Female,[80-90),?,1,3,7,5,?,?,45,1,19,1,1,1,562,403,599,9,,,No,No,No,No,No,No,No,No,No,No,No,No,No,No,No,No,No,No,No,No,No,No,No,No,No
157136622,65717784,Caucasian,Male,[60-70),?,1,1,7,2,CP,?,25,3,16,0,0,0,414,411,401,6,,,No,No,No,No,No,No,No,No,No,No,No,No,No,No,No,No,No,Steady,No,No,No,No,No,No,Yes
157136754,41492817,Caucasian,Male,[80-90),?,1,1,7,3,MC,?,54,0,11,0,0,0,428,443,250,3,,,Steady,No,No,No,No,No,No,No,No,No,No,No,No,No,No,No,No,No,No,No,No,No,No,No,Yes
157137198,94047408,Caucasian,Female,[40-50),?,1,1,1,3,CP,?,47,5,14,0,0,1,410,414,250,9,,,No,No,No,No,Steady,No,No,No,No,No,No,No,No,No,No,No,No,No,No,No,No,No,No,No,Yes
157138338,59357034,AfricanAmerican,Male,[70-80),?,1,6,7,5,MC,?,43,0,9,0,0,0,403,599,425,9,,,No,No,No,No,No,No,No,No,No,No,No,No,No,No,No,No,No,No,No,No,No,No,No,No,No
157139382,85185999,Caucasian,Male,[60-70),?,1,1,7,1,HM,?,68,0,13,1,1,0,493,401,272,6,,,Up,No,No,No,No,No,No,No,No,No,No,No,No,No,No,No,No,No,No,No,No,No,No,Ch,Yes
157139646,79460595,Other,Female,[70-80),?,1,1,7,2,?,?,43,2,16,0,0,0,584,276,403,9,,,No,No,Steady,No,No,No,Steady,No,No,No,No,No,No,No,No,No,No,No,No,No,No,No,No,Ch,Yes
157141212,84493422,Caucasian,Female,[50-60),?,1,1,7,3,HM,?,54,0,15,0,0,0,493,787,250,4,,,Steady,No,No,No,No,No,No,No,No,Steady,No,No,No,No,No,No,No,No,No,No,No,No,No,Ch,Yes
157141986,104596380,Caucasian,Male,[60-70),?,1,1,7,3,?,?,42,0,13,0,0,0,486,491,599,8,,,No,No,No,No,No,No,No,No,No,No,No,No,No,No,No,No,No,No,No,No,No,No,No,No,No
157142592,105427044,AfricanAmerican,Male,[70-80),?,1,1,1,4,?,?,45,0,15,0,0,0,599,599,428,9,,,Steady,No,No,No,No,No,Steady,No,No,No,No,No,No,No,No,No,No,Steady,No,No,No,No,No,Ch,Yes
157144038,78631821,Caucasian,Male,[60-70),?,1,1,7,4,?,?,47,0,5,0,0,1,599,600,788,9,,,Steady,No,No,No,No,No,No,No,No,No,No,No,No,No,No,No,No,No,No,No,No,No,No,No,Yes
157144728,64787382,AfricanAmerican,Female,[80-90),?,1,6,7,4,?,?,43,0,14,1,2,4,599,292,424,9,,,Steady,No,No,No,Steady,No,No,No,No,No,No,No,No,No,No,No,No,Steady,No,No,No,No,No,Ch,Yes
157145154,100143639,Caucasian,Female,[70-80),?,2,3,7,9,MC,Family/GeneralPractice,59,3,23,0,0,4,599,403,585,9,,,No,No,No,No,No,No,Steady,No,No,No,No,No,No,No,No,No,No,Up,No,No,No,No,No,Ch,Yes
157145508,105699150,Caucasian,Female,[60-70),?,1,22,2,3,?,?,33,1,19,0,0,0,824,428,E849,8,,,No,No,No,No,No,No,No,Steady,No,No,Steady,No,No,No,No,No,No,Steady,No,No,No,No,No,Ch,Yes
157146072,87284439,AfricanAmerican,Female,[40-50),?,1,6,1,4,?,?,39,0,8,0,0,0,493,250,401,4,,,No,No,No,No,No,No,No,No,No,No,No,No,No,No,No,No,No,Steady,No,No,No,No,No,No,Yes
157146534,64997082,Caucasian,Female,[60-70),?,1,4,2,12,?,?,42,3,38,0,0,0,428,403,276,9,,,No,No,No,No,No,No,No,No,No,No,No,No,No,No,No,No,No,No,No,No,No,No,No,No,No
157146738,20488338,Caucasian,Female,[60-70),[75-100),1,2,7,1,CP,InternalMedicine,47,0,8,0,0,0,997,560,E878,9,,,No,No,No,No,No,No,No,No,No,No,No,No,No,No,No,No,No,No,No,No,No,No,No,No,No
157147386,2494611,Caucasian,Female,[60-70),?,1,1,7,4,?,InternalMedicine,91,0,16,0,0,0,584,276,599,8,,,No,No,No,No,No,No,No,No,No,No,No,No,No,No,No,No,No,Steady,No,No,No,No,No,No,Yes
157147698,71249724,Hispanic,Male,[50-60),?,1,1,7,1,CP,InternalMedicine,57,0,11,0,0,0,250.22,573,401,8,,,Steady,No,No,No,No,No,No,Steady,No,Steady,No,No,No,No,No,No,No,Down,No,No,No,No,No,Ch,Yes
157148184,54707319,Caucasian,Female,[60-70),?,1,1,7,2,?,?,37,5,10,0,0,0,414,411,272,7,,,No,No,No,No,No,No,No,No,No,No,No,No,No,No,No,No,No,No,No,No,No,No,No,No,No
157148514,108178776,AfricanAmerican,Female,[80-90),?,1,15,1,5,?,?,62,0,19,0,0,3,486,428,8,9,,,No,No,No,No,No,No,No,No,No,No,No,No,No,No,No,No,No,Steady,No,No,No,No,No,No,Yes
157148526,84318147,Caucasian,Male,[70-80),?,1,1,7,2,MC,?,19,2,6,0,0,1,535,535,157,6,,,No,No,No,No,No,No,No,No,No,No,No,No,No,No,No,No,No,Steady,No,No,No,No,No,No,Yes
157148754,54870219,Caucasian,Female,[70-80),?,1,1,1,4,?,?,60,0,15,4,0,0,276,599,780,9,,,No,No,No,No,No,No,No,No,No,No,No,No,No,No,No,No,No,Steady,No,No,No,No,No,No,Yes
157149120,65807073,Caucasian,Female,[90-100),?,1,6,1,4,MC,?,59,0,18,0,0,0,431,403,285,8,,Norm,No,No,No,No,No,No,No,No,No,No,No,No,No,No,No,No,No,No,No,No,No,No,No,No,No
157149318,53022825,AfricanAmerican,Female,[70-80),?,1,11,7,2,?,?,61,3,18,0,1,2,38,403,428,9,,,No,No,No,No,No,No,No,No,No,No,No,No,No,No,No,No,No,Steady,No,No,No,No,No,No,Yes
157149516,95573880,AfricanAmerican,Female,[50-60),?,5,1,1,3,MC,?,58,0,25,1,0,1,486,427,493,8,,Norm,No,No,No,No,No,No,Steady,No,No,No,No,No,No,No,No,No,No,Steady,No,No,No,No,No,Ch,Yes
157150254,81457281,AfricanAmerican,Male,[60-70),?,1,1,7,1,CP,?,25,0,14,0,0,0,486,403,428,9,,,No,No,No,No,No,No,Steady,No,No,No,No,No,No,No,No,No,No,Steady,No,No,No,No,No,Ch,Yes
157150572,84354345,Caucasian,Female,[80-90),?,1,3,7,3,?,?,59,1,20,1,0,1,428,707,682,9,,,No,No,No,No,No,No,No,No,No,No,No,No,No,No,No,No,No,No,No,No,No,No,No,No,No
157151136,42767190,Caucasian,Male,[10-20),?,1,1,7,2,SP,?,46,0,3,0,0,0,250.11,311,?,2,,,No,No,No,No,No,No,No,No,No,No,No,No,No,No,No,No,No,No,No,No,No,No,No,No,No
157151490,23943177,AfricanAmerican,Female,[60-70),?,1,1,7,2,MC,InternalMedicine,45,0,18,0,0,0,599,276,401,6,,,Steady,No,No,No,No,No,No,Steady,No,No,No,No,No,No,No,No,No,Steady,No,No,No,No,No,Ch,Yes
157152348,23289102,AfricanAmerican,Female,[60-70),?,1,23,7,4,MC,InternalMedicine,37,1,31,0,0,2,599,276,41,9,,,No,No,No,No,No,No,No,No,No,No,No,No,No,No,No,No,No,Up,No,No,No,No,No,Ch,Yes
157153152,50630265,AfricanAmerican,Male,[20-30),?,1,6,7,3,?,?,38,1,12,0,0,0,682,276,276,9,,,No,No,No,No,No,No,No,No,No,No,No,No,No,No,No,No,No,No,No,No,No,No,No,No,No
157153182,23338611,Caucasian,Female,[60-70),?,1,1,7,2,BC,Orthopedics-Reconstructive,38,2,16,0,0,0,682,493,401,7,,,No,No,No,No,No,No,No,No,No,No,No,No,No,No,No,No,No,No,No,No,No,No,No,No,No
157153512,65955078,Caucasian,Male,[70-80),?,1,3,7,3,?,?,37,1,15,2,1,3,562,250.6,357,9,,,No,No,No,No,No,No,No,No,No,No,No,No,No,No,No,No,No,No,No,No,No,No,No,No,No
157154328,86466348,Caucasian,Male,[60-70),?,1,1,7,2,MC,?,12,0,11,0,1,0,428,786,250,9,,,No,No,No,No,No,No,Steady,No,No,No,No,No,No,No,No,No,No,No,No,No,No,No,No,No,Yes
157154544,96951753,Caucasian,Female,[90-100),?,1,22,7,7,MC,Family/GeneralPractice,59,2,27,0,0,2,820,996,428,9,,,No,No,No,No,No,No,No,Steady,No,No,No,No,No,No,No,No,No,Up,No,No,No,No,No,Ch,Yes
157156044,104703228,AfricanAmerican,Male,[50-60),?,1,1,2,6,?,?,58,5,21,0,0,0,428,425,411,9,,,No,No,No,No,No,No,No,No,No,No,No,No,No,No,No,No,No,No,No,No,No,No,No,No,No
157157730,40722831,Caucasian,Male,[40-50),?,1,2,7,6,SP,?,51,4,23,5,0,0,410,414,414,9,,>8,No,No,No,No,No,No,No,No,No,No,No,No,No,No,No,No,No,Down,No,No,No,No,No,Ch,Yes
157158978,41434083,Caucasian,Male,[80-90),?,1,1,7,4,MC,?,36,0,5,0,0,0,721,785,332,7,,,No,No,No,No,No,No,No,No,No,No,No,No,No,No,No,No,No,No,No,No,No,No,No,No,No
157159368,59477814,Caucasian,Female,[70-80),?,6,1,7,4,?,InternalMedicine,55,0,9,0,0,0,493,250,486,3,>300,>8,No,No,No,No,No,No,No,No,No,No,No,No,No,No,No,No,No,Steady,No,No,No,No,No,No,Yes
157160172,94798998,Caucasian,Male,[80-90),?,2,6,7,10,SP,Emergency/Trauma,71,1,22,0,1,0,38,785,599,9,,Norm,No,Steady,No,No,No,No,No,No,No,No,No,No,No,No,No,No,No,Down,No,No,No,No,No,Ch,Yes
157162788,59358177,Caucasian,Female,[70-80),?,1,3,7,5,CM,?,30,1,13,0,0,0,820,V45,412,9,,,No,No,No,No,No,No,No,No,No,No,No,No,No,No,No,No,No,No,No,No,No,No,No,No,No
157163322,52494327,Caucasian,Male,[40-50),?,5,1,1,5,UN,?,4,0,7,0,0,0,296,250.02,303,4,,>8,No,No,No,No,No,No,No,No,No,No,No,No,No,No,No,No,No,No,No,No,No,No,No,No,No
157163718,59114070,Caucasian,Female,[60-70),?,3,6,1,5,MC,?,40,6,16,0,0,0,394,413,286,9,,,Steady,No,No,No,No,No,Steady,No,No,No,No,No,No,No,No,No,No,No,No,No,No,No,No,Ch,Yes
157165398,54272547,Caucasian,Female,[60-70),?,1,3,1,13,MC,?,67,2,38,6,1,1,38,785,707,9,,>7,No,No,No,No,No,No,No,No,No,No,No,No,No,No,No,No,No,Up,No,No,No,No,No,Ch,Yes
157165590,45788976,AfricanAmerican,Female,[60-70),?,1,1,1,1,?,?,9,0,2,3,0,3,276,401,285,9,,,No,No,No,No,No,No,No,No,No,No,No,No,No,No,No,No,No,Steady,No,No,No,No,No,No,Yes
157165872,89139033,Caucasian,Female,[50-60),?,5,1,1,4,SP,?,46,0,15,0,0,0,434,396,250,9,,>8,No,No,No,No,No,No,No,No,No,No,No,No,No,No,No,No,No,Up,No,No,No,No,No,Ch,Yes
157166472,99244872,Caucasian,Male,[60-70),?,2,1,7,2,MC,Emergency/Trauma,1,1,5,0,0,0,719,250,?,2,,,Steady,No,No,No,No,No,No,No,No,No,No,No,No,No,No,No,No,No,No,No,No,No,No,No,Yes
157166622,42068880,Caucasian,Male,[70-80),?,3,6,1,11,SP,Nephrology,43,4,40,0,0,0,444,584,403,9,,,No,No,No,No,No,No,No,No,No,No,No,No,No,No,No,No,No,Up,No,No,No,No,No,Ch,Yes
157167150,43830432,Caucasian,Male,[50-60),?,1,1,7,3,CP,?,38,6,10,0,0,0,414,413,V10,5,,,No,No,No,No,No,No,No,No,No,No,No,No,No,No,No,No,No,No,No,No,No,No,No,No,No
157167498,97687206,Caucasian,Female,[50-60),?,1,1,7,2,BC,Emergency/Trauma,51,0,10,0,0,0,250.02,780,V15,5,,>8,Steady,No,No,No,Steady,No,No,No,No,No,No,No,No,No,No,No,No,Down,No,No,No,No,No,Ch,Yes
157168410,96778926,Caucasian,Male,[80-90),?,1,22,1,8,?,?,59,1,44,2,0,0,820,276,E849,7,,,No,No,No,No,No,No,No,Steady,No,No,No,No,No,No,No,No,No,Steady,No,No,No,No,No,Ch,Yes
157168662,60878466,Caucasian,Female,[60-70),?,1,1,7,5,?,?,51,1,20,1,0,5,518,491,428,9,,,No,No,No,No,No,No,No,No,No,No,No,No,No,No,No,No,No,No,No,No,No,No,No,No,No
157168728,48115197,AfricanAmerican,Female,[70-80),?,1,1,7,3,MC,?,39,0,16,0,0,0,560,276,250,9,,,No,No,No,No,No,No,No,No,No,No,No,No,No,No,No,No,No,Steady,No,No,No,No,No,No,Yes
157169376,80323443,Other,Female,[70-80),?,6,1,7,2,?,InternalMedicine,53,0,13,0,0,0,414,403,425,6,>200,>8,No,Steady,No,No,No,No,No,No,No,Steady,No,No,No,No,No,No,No,No,No,No,No,No,No,Ch,Yes
157169406,104814126,AfricanAmerican,Male,[60-70),?,1,23,2,11,?,?,75,4,37,0,0,0,451,444,427,9,,,Steady,No,No,No,No,No,Steady,No,No,No,No,No,No,No,No,No,No,No,No,No,No,No,No,Ch,Yes
157169526,85424058,Caucasian,Female,[80-90),?,5,6,1,5,MC,?,33,3,16,0,0,1,428,496,416,9,,,No,No,No,No,No,No,Steady,No,No,No,No,No,No,No,No,No,No,Steady,No,No,No,No,No,Ch,Yes
157169736,58264470,Caucasian,Male,[50-60),?,1,1,7,3,?,?,30,1,7,1,0,1,530,530,511,7,,,No,No,No,No,No,No,No,No,No,No,No,No,No,No,No,No,No,Steady,No,No,No,No,No,No,Yes
157171944,94012695,Caucasian,Female,[70-80),?,1,6,7,10,MC,?,55,0,12,0,0,1,250.82,707,682,9,,,No,No,No,No,No,No,No,No,No,No,No,No,No,No,No,No,No,No,No,No,No,No,No,No,No
157172412,65120103,Caucasian,Male,[40-50),?,1,1,7,1,?,?,38,1,13,1,0,0,574,358,790,7,,,No,No,No,No,No,No,No,No,No,No,No,No,No,No,No,No,No,No,No,No,No,No,No,No,No
157172592,23993037,AfricanAmerican,Male,[50-60),?,1,23,7,3,MC,Emergency/Trauma,47,0,17,0,0,0,507,780,599,8,,,Steady,No,No,No,No,No,No,No,No,No,No,No,No,No,No,No,No,Up,No,No,No,No,No,Ch,Yes
157173114,104828265,AfricanAmerican,Male,[40-50),?,1,1,2,1,?,?,4,0,5,0,0,0,401,250,414,7,,,No,No,No,No,No,No,Steady,No,No,No,No,No,No,No,No,No,No,Steady,No,No,No,No,No,Ch,Yes
157180182,49203315,Caucasian,Male,[40-50),?,2,1,1,6,?,Oncology,50,1,24,0,0,1,V58,197,198,9,,,No,No,No,No,No,No,No,No,No,No,No,No,No,No,No,No,No,No,No,No,No,No,No,No,No
157183230,55594143,Caucasian,Male,[80-90),?,2,1,7,5,MC,Pulmonology,69,0,14,1,0,0,410,428,424,8,,,No,No,No,No,No,No,No,Steady,No,No,No,No,No,No,No,No,No,No,No,No,No,No,No,No,Yes
157194036,64619100,Caucasian,Female,[50-60),?,3,1,1,6,?,Oncology,18,2,34,0,0,0,V58,189,199,8,,,Steady,No,No,No,Steady,No,No,No,No,No,No,No,No,No,No,No,No,No,No,No,No,No,No,Ch,Yes
157199460,24601626,AfricanAmerican,Female,[30-40),?,1,3,7,4,MD,InternalMedicine,43,0,27,0,0,2,599,276,428,9,,,No,No,No,No,No,No,No,No,No,No,No,No,No,No,No,No,No,Down,No,No,No,No,No,Ch,Yes
157200096,62997561,Caucasian,Male,[80-90),?,1,1,7,1,MC,?,30,0,5,0,0,0,276,786,458,9,,,No,No,No,No,No,No,No,No,No,No,No,No,No,No,No,No,No,No,No,No,No,No,No,No,No
157200762,23192109,Caucasian,Female,[70-80),?,1,1,7,4,MC,InternalMedicine,43,2,13,0,0,1,491,403,250.4,7,,,No,No,No,No,No,No,No,No,No,No,No,No,No,No,No,No,No,No,No,No,No,No,No,No,No
157201506,42413706,Caucasian,Male,[60-70),?,3,11,1,5,UN,Radiologist,68,6,44,0,0,2,414,411,496,9,,,No,No,No,No,No,No,No,No,No,No,No,No,No,No,No,No,No,Up,No,No,No,No,No,Ch,Yes
157202910,23354613,Caucasian,Female,[70-80),?,2,1,1,3,MC,Family/GeneralPractice,22,0,15,1,0,0,428,427,518,8,,,Steady,No,No,No,No,No,No,Steady,No,No,No,No,No,No,No,No,No,Up,No,No,No,No,No,Ch,Yes
157207722,104888205,AfricanAmerican,Male,[40-50),?,1,4,2,2,?,?,10,0,8,0,0,0,250.81,263,577,6,,,No,No,No,No,No,No,No,No,No,No,No,No,No,No,No,No,No,Steady,No,No,No,No,No,No,Yes
157212894,63078192,Caucasian,Female,[70-80),?,2,1,1,2,?,Family/GeneralPractice,21,3,9,3,0,0,535,280,428,9,,,No,No,No,No,Steady,No,No,No,No,No,Steady,No,No,No,No,No,No,No,No,No,No,No,No,Ch,Yes
157214892,35815545,Caucasian,Female,[70-80),?,3,22,1,4,?,Surgery-Neuro,30,1,41,0,0,1,348,401,781,7,,,No,No,No,No,Steady,No,No,No,No,Steady,No,No,No,No,No,No,No,No,No,No,No,No,No,Ch,Yes
157221516,93706389,Caucasian,Male,[60-70),?,2,1,1,2,MC,Gastroenterology,40,1,10,0,0,3,285,162,496,9,,,No,No,No,No,No,No,Steady,No,No,No,No,No,No,No,No,No,No,No,No,No,No,No,No,No,Yes
157224774,23284359,Caucasian,Female,[50-60),?,3,1,1,2,BC,InternalMedicine,38,0,6,0,0,0,562,276,250,6,,,No,No,No,No,No,No,No,No,No,No,No,No,No,No,No,No,No,Steady,No,No,No,No,No,No,Yes
157225284,43679898,Caucasian,Male,[50-60),?,3,1,1,1,OG,?,3,0,9,1,0,0,458,250,414,4,,,No,No,No,No,No,No,No,No,No,No,No,No,No,No,No,No,No,Steady,No,No,No,No,No,No,Yes
157228062,107703864,Caucasian,Male,[50-60),?,3,1,1,2,UN,Gastroenterology,1,0,10,0,0,0,428,425,427,9,,,No,No,No,No,No,No,Steady,No,No,No,No,No,No,No,No,No,No,No,No,No,No,No,No,No,Yes
157230894,84497994,Caucasian,Female,[60-70),?,5,3,1,3,MC,?,25,1,27,0,0,0,715,250,530,8,,,No,No,No,No,No,No,No,No,No,Steady,No,No,No,No,No,No,No,No,No,No,No,No,No,No,Yes
157234458,41095215,Caucasian,Female,[60-70),?,1,1,7,3,SP,?,26,3,10,0,0,2,584,276,V45,9,,,No,No,No,No,No,No,No,No,No,No,No,No,No,No,No,No,No,Steady,No,No,No,No,No,No,Yes
157236348,51341661,AfricanAmerican,Male,[40-50),?,2,1,1,2,?,Cardiology,10,0,7,0,0,0,428,425,250.01,7,,,No,No,No,No,No,No,No,No,No,No,No,No,No,No,No,No,No,No,No,No,No,No,No,No,No
157237458,78466887,AfricanAmerican,Male,[40-50),?,1,1,7,8,CP,InternalMedicine,87,2,25,0,0,0,518,276,345,9,,Norm,No,No,No,No,No,No,No,Steady,No,No,No,No,No,No,No,No,No,Up,No,No,No,No,No,Ch,Yes
157238898,66262860,Caucasian,Female,[90-100),?,1,4,7,8,?,?,49,2,20,6,0,1,707,276,995,8,,,No,No,No,No,No,No,No,No,No,No,Steady,No,No,No,No,No,No,No,No,No,No,No,No,No,Yes
157241154,40392765,Caucasian,Female,[40-50),?,3,1,1,6,BC,Family/GeneralPractice,54,1,11,0,0,0,491,250.03,V58,6,,,No,No,No,No,No,No,No,No,No,No,No,No,No,No,No,No,No,Down,No,No,No,No,No,Ch,Yes
157243806,52468767,AfricanAmerican,Male,[80-90),?,1,6,7,4,?,?,54,0,15,4,0,1,428,425,403,9,,,No,No,No,No,No,No,No,No,No,No,No,No,No,No,No,No,No,Down,No,No,No,No,No,Ch,Yes
157254150,41172507,Caucasian,Male,[70-80),?,3,1,1,14,MC,?,53,0,13,1,0,2,294,312,593,6,,,No,No,No,No,No,No,No,No,No,No,No,No,No,No,No,No,No,Down,No,No,No,No,No,Ch,Yes
157257090,40711347,Caucasian,Female,[70-80),?,3,3,1,14,MC,Cardiology,85,4,37,0,0,0,518,496,486,9,,,No,No,No,No,Steady,No,No,No,No,No,Steady,No,No,No,No,No,No,Steady,No,No,No,No,No,Ch,Yes
157259766,99445761,Other,Male,[80-90),?,2,1,1,6,MD,Hematology,61,4,25,0,0,3,202,511,285,8,,>7,No,Steady,No,No,Steady,No,No,No,No,No,No,No,No,No,No,No,No,Up,No,No,No,No,No,Ch,Yes
157261350,107800947,Caucasian,Female,[70-80),?,2,6,1,11,?,InternalMedicine,63,4,36,1,0,1,493,707,280,9,,,No,No,No,No,No,No,No,No,No,Steady,No,No,No,No,No,No,No,Down,No,No,No,No,No,Ch,Yes
157261740,90044775,Caucasian,Male,[40-50),?,1,1,7,2,?,?,67,1,12,0,0,0,528,250.02,V58,8,,,Steady,No,No,No,No,No,No,Steady,No,No,No,No,No,No,No,No,No,Up,No,No,No,No,No,Ch,Yes
157265208,23703903,Caucasian,Female,[50-60),?,2,1,1,1,MD,InternalMedicine,41,0,6,0,0,0,276,401,250,6,,Norm,No,No,No,No,No,No,No,No,No,No,No,No,No,No,No,No,No,No,No,No,No,No,No,No,No
157265604,74161242,Caucasian,Female,[70-80),?,1,3,7,3,MC,Nephrology,42,1,17,0,0,3,427,403,427,9,,,No,No,No,No,No,No,No,No,No,No,No,No,No,No,No,No,No,Steady,No,No,No,No,No,No,Yes
157266294,90353187,Caucasian,Female,[70-80),?,1,1,7,3,MC,?,40,0,14,0,0,0,493,428,682,9,,,Steady,No,No,No,No,No,No,No,No,No,No,No,No,No,No,No,No,No,No,No,No,No,No,No,Yes
157269150,86580099,Caucasian,Female,[60-70),?,1,1,1,2,MC,?,28,0,17,0,0,0,428,515,491,9,,>7,No,No,No,No,No,No,No,No,No,No,No,No,No,No,No,No,No,Steady,No,No,No,No,No,No,Yes
157269180,87640200,Caucasian,Female,[70-80),?,1,2,7,3,HM,?,43,0,13,0,0,0,427,410,424,9,,,Steady,No,No,No,No,No,No,Steady,No,No,No,No,No,No,No,No,No,No,No,No,No,No,No,Ch,Yes
157270548,97673157,Caucasian,Female,[80-90),?,2,4,1,9,?,Orthopedics-Reconstructive,17,2,13,0,0,1,V57,599,707,9,,,No,No,No,No,No,No,No,No,No,No,No,No,No,No,No,No,No,No,No,No,No,No,No,No,No
157272186,39341601,Hispanic,Male,[40-50),?,2,1,7,1,SP,Emergency/Trauma,2,0,3,0,0,0,786,250,?,2,,,No,No,No,No,No,No,No,No,No,No,No,No,No,No,No,No,No,No,No,No,No,No,No,No,No
157273884,105913584,Caucasian,Female,[70-80),?,1,4,2,4,?,?,40,0,17,0,0,0,428,428,414,9,,,No,No,No,No,No,No,No,No,No,No,No,No,No,No,No,No,No,No,No,No,No,No,No,No,No
157280070,41164632,Caucasian,Male,[60-70),?,1,1,7,5,MC,?,10,0,19,0,0,1,682,428,250.02,7,,,Steady,No,No,No,No,No,No,Steady,No,No,No,No,No,No,No,No,No,Steady,No,No,No,No,No,Ch,Yes
157281102,84590334,Caucasian,Female,[60-70),?,1,1,7,9,MC,?,68,3,30,0,0,0,599,250.02,285,9,,>8,No,No,No,No,No,No,No,No,No,No,No,No,No,No,No,No,No,Steady,No,No,No,No,No,No,Yes
157283022,105920352,AfricanAmerican,Male,[50-60),?,1,6,7,6,?,?,49,1,28,0,0,0,682,278,250,6,,,No,No,No,No,No,No,No,No,No,Steady,No,No,No,No,No,No,No,No,No,No,No,No,No,No,Yes
157283154,85109103,Caucasian,Female,[60-70),?,1,6,7,2,MC,?,29,0,15,0,1,0,491,416,272,6,,,No,No,No,No,No,No,No,No,No,No,No,No,No,No,No,No,No,No,No,No,No,No,No,No,No
157283724,107673372,Caucasian,Female,[80-90),?,1,11,7,1,MC,InternalMedicine,68,0,6,0,0,0,410,428,276,8,,,No,No,No,No,No,No,No,No,No,No,No,No,No,No,No,No,No,No,No,No,No,No,No,No,No
157283802,69743160,AfricanAmerican,Male,[50-60),?,1,1,7,3,MC,?,60,3,18,0,0,0,250.4,403,428,6,,,No,No,No,No,No,No,No,No,No,No,Steady,No,No,No,No,No,No,Down,No,No,No,No,No,Ch,Yes
157284366,60092514,Caucasian,Male,[60-70),?,1,1,7,2,?,?,33,5,16,0,2,0,414,411,272,5,,,No,No,No,No,No,No,No,Steady,No,No,No,No,No,No,No,No,No,No,No,No,No,No,No,No,Yes
157285188,63796482,Caucasian,Female,[40-50),?,3,1,1,7,CP,Psychiatry,47,0,12,0,0,0,296,300,278,9,,,Steady,No,No,No,No,No,No,No,No,No,No,No,No,No,No,No,No,No,No,No,No,No,No,No,Yes
157287756,91304820,Caucasian,Female,[80-90),?,1,2,7,4,MC,?,51,2,10,0,2,0,789,276,250,9,,,No,No,No,No,No,No,No,No,No,No,No,No,No,No,No,No,No,No,No,No,No,No,No,No,No
157288170,91751121,Caucasian,Male,[60-70),?,1,6,7,3,MC,?,55,0,28,0,1,10,491,780,250,9,,,Steady,No,No,No,No,No,No,No,No,No,Steady,No,No,No,No,No,No,No,No,No,No,No,No,Ch,Yes
157288860,105924438,AfricanAmerican,Female,[90-100),?,1,22,2,4,?,?,43,2,29,0,0,0,820,998,E849,9,,,No,No,No,No,No,No,No,No,No,No,No,No,No,No,No,No,No,Steady,No,No,No,No,No,No,Yes
157288920,84446766,Caucasian,Male,[80-90),?,1,6,1,2,MC,?,46,0,18,4,0,1,428,427,496,9,,Norm,No,No,No,No,No,No,Steady,No,No,No,No,No,No,No,No,No,No,No,No,No,No,No,No,No,Yes
157288950,38269530,Caucasian,Male,[50-60),?,5,1,1,1,HM,?,41,0,8,1,0,0,458,276,401,9,,,Steady,No,No,No,No,No,No,No,No,No,No,No,No,No,No,No,No,Steady,No,No,No,No,No,Ch,Yes
157289652,113271201,Caucasian,Male,[70-80),?,2,6,7,10,MC,Surgery-General,53,1,31,0,0,1,996,996,428,9,,,No,Steady,No,No,No,No,No,No,No,Up,No,No,No,No,No,No,No,Up,No,No,No,No,No,Ch,Yes
157289700,25233237,AfricanAmerican,Female,[60-70),?,1,1,7,10,MC,Emergency/Trauma,56,2,32,0,1,0,518,486,428,9,,,No,No,No,No,No,No,Up,No,No,No,No,No,No,No,No,No,No,Up,No,No,No,No,No,Ch,Yes
157289712,85208409,Caucasian,Male,[70-80),?,1,1,7,3,CP,?,58,2,29,11,0,1,491,600,414,9,,,No,No,No,No,No,No,No,Up,No,No,No,No,No,No,No,No,No,No,No,No,No,No,No,Ch,Yes
157289742,23210172,AfricanAmerican,Female,[70-80),?,1,3,7,7,MC,InternalMedicine,50,0,22,0,0,0,486,428,250,9,,,No,No,No,No,No,No,No,No,No,No,No,No,No,No,No,No,No,Steady,No,No,No,No,No,No,Yes
157289820,105921882,AfricanAmerican,Female,[80-90),?,1,3,7,5,?,?,45,0,4,0,0,0,276,263,V63,6,,,No,No,No,No,No,No,No,No,No,No,No,No,No,No,No,No,No,No,No,No,No,No,No,No,No
157290030,64223937,Caucasian,Male,[50-60),?,1,6,7,3,BC,?,39,2,14,2,0,0,250.6,707,780,9,,>8,Steady,No,No,No,No,No,Steady,No,No,No,No,No,No,No,No,No,No,Steady,No,No,No,No,No,Ch,Yes
157290066,61972020,AfricanAmerican,Female,[60-70),?,1,6,7,3,?,?,38,0,9,3,0,1,434,781,438,9,,,No,No,No,No,No,No,No,No,No,No,No,No,No,No,No,No,No,Steady,No,No,No,No,No,No,Yes
157291014,104790456,Caucasian,Female,[60-70),?,3,6,1,9,HM,?,39,6,28,2,1,1,153,250.02,276,9,,,No,No,No,No,No,No,No,No,No,No,No,No,No,No,No,No,No,No,No,No,No,No,No,No,No
157291770,40508865,Caucasian,Female,[50-60),?,1,1,7,1,?,?,55,0,13,0,0,0,599,79,250,5,,,No,No,No,No,No,No,No,No,No,No,No,No,No,No,No,No,No,Steady,No,No,No,No,No,No,Yes
157294890,31564629,Caucasian,Male,[50-60),?,2,1,7,7,BC,Emergency/Trauma,73,0,20,0,0,2,162,38,250.11,9,,>8,No,No,No,No,No,No,No,No,No,No,No,No,No,No,No,No,No,Down,No,No,No,No,No,Ch,Yes
157297104,110151720,Caucasian,Male,[80-90),?,2,1,7,1,MC,Emergency/Trauma,37,0,6,0,2,0,560,788,276,9,,,No,No,No,No,No,No,No,No,No,No,No,No,No,No,No,No,No,No,No,No,No,No,No,No,No
157300464,62856369,AfricanAmerican,Female,[50-60),?,3,1,1,4,?,Urology,35,1,26,0,0,0,189,518,401,9,,,No,No,No,No,No,No,No,No,No,No,No,No,No,No,No,No,No,No,No,No,No,No,No,No,No
157301136,71758872,AfricanAmerican,Female,[70-80),?,3,6,1,3,?,Orthopedics-Reconstructive,11,2,24,0,0,0,715,718,401,4,,,Steady,No,No,No,No,No,No,No,No,No,No,No,No,No,No,No,No,No,No,No,No,No,No,No,Yes
157302402,112840101,Caucasian,Male,[70-80),?,5,6,1,3,MC,?,1,1,18,2,0,0,440,496,250,7,,,Steady,No,No,No,No,No,No,No,No,No,No,No,No,No,No,No,No,No,No,No,No,No,No,No,Yes
157304418,94180797,Caucasian,Female,[60-70),?,3,1,2,2,MC,Gastroenterology,49,0,17,0,0,0,562,453,682,9,,>8,No,No,No,No,No,No,No,No,No,No,No,No,No,No,No,No,No,Up,No,No,No,No,No,Ch,Yes
157308984,33565950,Caucasian,Female,[60-70),?,1,1,3,12,CP,?,80,3,33,0,0,0,537,428,250.02,9,,>8,No,No,No,No,No,No,No,Steady,No,No,No,No,No,No,No,No,No,Up,No,No,No,No,No,Ch,Yes
157315386,54751491,Hispanic,Female,[50-60),?,3,1,7,3,CP,Emergency/Trauma,74,4,21,0,0,0,780,723,784,8,,,Steady,No,No,No,No,No,Steady,No,No,No,No,No,No,No,No,No,No,Steady,No,No,No,No,No,Ch,Yes
157323492,81701730,AfricanAmerican,Female,[40-50),?,3,1,1,7,?,Surgery-Neuro,34,1,34,0,0,0,348,250,327,4,,,Steady,No,No,No,No,No,No,No,No,No,No,No,No,No,No,No,No,Steady,No,No,No,No,No,Ch,Yes
157325052,41998410,Caucasian,Male,[60-70),?,3,1,1,3,MC,Cardiology,30,1,30,1,0,0,440,440,?,7,,,No,No,No,No,Steady,No,No,No,No,Steady,No,No,No,No,No,No,No,Steady,No,No,No,No,No,Ch,Yes
157333056,85365999,Caucasian,Female,[70-80),?,1,6,7,10,MC,?,82,0,23,3,0,0,428,584,401,9,,,No,No,No,No,No,No,Steady,No,No,No,Steady,No,No,No,No,No,No,No,No,No,No,No,No,Ch,Yes
157336050,24457806,AfricanAmerican,Male,[60-70),?,3,1,1,1,MC,Surgery-Neuro,36,1,21,0,0,0,756,722,V72,6,,,No,No,No,No,No,No,No,No,No,No,No,No,No,No,No,No,No,No,No,No,No,No,No,No,No
157337544,77554278,Caucasian,Female,[80-90),?,1,1,7,3,MC,?,36,0,17,0,0,3,414,411,427,9,,,No,No,No,No,No,No,Steady,No,No,No,No,No,No,No,No,No,No,No,No,No,No,No,No,No,Yes
157345710,43139907,Caucasian,Female,[80-90),?,3,3,1,4,MC,?,41,0,15,2,0,3,682,41,V09,9,,,Steady,No,No,No,No,No,Steady,No,No,No,No,No,No,No,No,No,No,No,No,No,No,No,No,Ch,Yes
157350192,88981371,Caucasian,Male,[90-100),?,1,1,7,8,MC,InternalMedicine,63,0,18,0,0,3,250.8,599,486,9,,,No,No,No,No,No,No,No,No,No,No,No,No,No,No,No,No,No,Steady,No,No,No,No,No,No,Yes
157353774,103132773,Caucasian,Female,[50-60),?,3,1,1,2,SP,Family/GeneralPractice,28,2,14,0,0,0,278,250,V58,3,,,No,No,No,No,No,No,No,No,No,No,No,No,No,No,No,No,No,Down,No,No,No,No,No,Ch,Yes
157355580,105089247,Caucasian,Male,[50-60),?,1,1,1,2,?,?,39,0,19,0,0,0,786,414,V45,9,,,No,No,No,No,No,No,No,No,No,No,No,No,No,No,No,No,No,Down,No,No,No,No,No,Ch,Yes
157357566,84562623,Caucasian,Female,[70-80),?,1,6,7,2,MC,?,50,1,12,0,0,1,414,403,276,9,,,No,No,No,No,No,No,No,No,No,No,No,No,No,No,No,No,No,No,No,No,No,No,No,No,No
157358868,42665841,Caucasian,Female,[60-70),?,3,1,1,3,SP,?,51,0,11,0,0,0,681,883,41,8,,>8,Steady,No,No,No,Steady,No,No,No,No,No,No,No,No,No,No,No,No,No,No,No,No,No,No,Ch,Yes
157361058,88464762,Caucasian,Female,[50-60),?,3,5,7,2,MC,Emergency/Trauma,43,0,13,0,1,1,276,296,453,7,,,No,No,No,No,No,No,No,No,No,No,No,No,No,No,No,No,No,No,Steady,No,No,No,No,No,Yes
157363182,88785891,Caucasian,Female,[20-30),?,2,1,7,2,BC,Emergency/Trauma,64,0,13,3,1,13,250.12,530,578,7,,,No,No,No,No,No,No,No,No,No,No,No,No,No,No,No,No,No,Down,No,No,No,No,No,Ch,Yes
157363434,37647999,Caucasian,Male,[60-70),?,1,11,7,2,CP,Gastroenterology,54,0,9,0,0,2,38,288,202,9,,,No,No,No,No,No,No,No,No,No,No,No,No,No,No,No,No,No,No,No,No,No,No,No,No,No
157364082,82737324,Caucasian,Female,[50-60),?,2,1,1,3,HM,Gastroenterology,56,5,21,0,0,0,414,493,272,7,,Norm,No,No,No,No,No,No,No,No,No,No,No,No,No,No,No,No,No,No,No,No,No,No,No,No,No
157367766,106160481,Caucasian,Female,[70-80),?,2,6,1,8,MC,?,10,0,14,1,0,1,297,599,294,8,,,No,No,No,No,No,No,No,No,No,No,No,No,No,No,No,No,No,Steady,No,No,No,No,No,No,Yes
157370472,25025040,Caucasian,Male,[60-70),?,3,1,1,9,MC,Cardiology,47,3,24,0,0,3,428,425,511,9,,>7,No,No,No,No,No,No,Steady,No,No,No,Steady,No,No,No,No,No,No,Steady,No,No,No,No,No,Ch,Yes
157370640,85060035,AfricanAmerican,Male,[30-40),?,2,1,1,3,BC,?,55,0,6,0,0,0,250.02,135,571,7,,,No,No,No,No,No,No,No,No,No,No,No,No,No,No,No,No,No,No,No,No,No,No,No,No,No
157370784,92751606,Caucasian,Male,[70-80),?,2,1,1,2,MC,?,26,0,11,0,0,1,276,425,428,9,,,No,No,No,No,No,No,No,No,No,No,No,No,No,No,No,No,No,No,No,No,No,No,No,No,No
157372830,42810210,Caucasian,Female,[40-50),?,1,1,7,2,MC,?,39,0,14,0,0,2,491,70,300,6,,,No,No,No,No,No,No,No,No,No,No,No,No,No,No,No,No,No,Steady,No,No,No,No,No,No,Yes
157373106,104585679,Caucasian,Female,[70-80),?,2,1,7,4,SP,Emergency/Trauma,41,1,5,0,0,0,433,369,250,8,,Norm,No,No,No,No,No,No,No,No,No,No,No,No,No,No,No,No,No,No,No,No,No,No,No,No,No
157373250,110086524,Caucasian,Male,[20-30),?,2,1,1,2,UN,Family/GeneralPractice,44,0,11,1,1,1,564,250.02,272,7,,,No,No,No,No,No,No,No,No,No,Steady,No,No,No,No,No,No,No,Up,No,No,No,No,No,Ch,Yes
157373748,103740318,Caucasian,Female,[60-70),?,1,1,1,2,?,?,54,0,16,0,0,0,496,428,518,9,,,No,No,No,No,No,No,No,No,No,No,No,No,No,No,No,No,No,Down,No,No,No,No,No,Ch,Yes
157375044,84079530,Caucasian,Female,[30-40),?,2,1,1,3,?,InternalMedicine,54,0,8,0,0,0,57,250.01,288,9,,,No,No,No,No,No,No,No,No,No,No,No,No,No,No,No,No,No,No,No,No,No,No,No,No,No
157375314,86588442,Caucasian,Female,[80-90),?,2,15,1,4,MC,InternalMedicine,45,1,8,2,0,2,530,E879,285,7,,,No,No,No,No,No,No,No,No,No,No,No,No,No,No,No,No,No,No,No,No,No,No,No,No,No
157379994,103661460,Caucasian,Male,[60-70),?,1,3,2,14,?,?,49,3,21,0,0,0,434,295,411,9,,,No,No,No,No,No,No,No,No,No,No,No,No,No,No,No,No,No,No,No,No,No,No,No,No,No
157383396,93468942,Caucasian,Female,[80-90),?,2,3,7,3,MC,Emergency/Trauma,62,1,21,0,2,0,486,599,786,9,,,No,No,No,No,No,No,No,No,No,No,No,No,No,No,No,No,No,Up,No,No,No,No,No,Ch,Yes
157383414,55672578,AfricanAmerican,Male,[60-70),?,2,3,1,6,?,Oncology,58,4,21,0,0,0,203,250,401,5,,,No,No,No,No,Steady,No,No,No,No,No,No,No,No,No,No,No,No,No,No,No,No,No,No,No,Yes
157384566,89398089,AfricanAmerican,Female,[40-50),?,2,1,1,4,?,Family/GeneralPractice,55,5,22,0,0,0,410,250.02,414,6,,,Steady,No,No,No,Steady,No,No,No,No,No,No,No,No,No,No,No,No,No,No,No,No,No,No,Ch,Yes
157385448,41975982,Caucasian,Female,[80-90),?,1,5,7,7,MC,?,70,0,17,2,0,7,296,428,202,8,,,No,No,No,No,No,No,No,No,No,No,No,No,No,No,No,No,No,Steady,No,No,No,No,No,No,Yes
157385496,102579039,AfricanAmerican,Female,[80-90),?,2,1,2,6,?,InternalMedicine,34,2,10,0,0,0,V57,250.01,486,8,,,No,No,No,No,No,No,No,No,No,No,No,No,No,No,No,No,No,No,No,No,No,No,No,No,No
157388226,39357549,Caucasian,Male,[60-70),?,2,2,7,2,UN,Emergency/Trauma,16,0,11,0,0,0,250.8,276,403,9,,,No,No,No,No,No,No,No,No,No,No,No,No,No,No,No,No,No,Steady,No,No,No,No,No,No,Yes
157388988,89737524,AfricanAmerican,Female,[70-80),?,2,1,1,7,?,InternalMedicine,54,3,19,0,0,1,786,397,276,6,,,Steady,No,No,No,No,No,No,Steady,No,No,No,No,No,No,No,No,No,No,No,No,No,No,No,Ch,Yes
157389240,86458131,Caucasian,Female,[70-80),?,2,6,1,2,?,InternalMedicine,39,0,6,0,0,0,682,41,V09,6,,,No,No,No,No,No,No,Steady,No,No,No,No,No,No,No,No,No,No,Steady,No,No,No,No,No,Ch,Yes
157390854,101956869,Caucasian,Female,[40-50),?,2,1,7,6,SP,Emergency/Trauma,53,0,16,0,1,4,577,560,304,9,,,No,No,No,No,No,No,No,No,No,No,No,No,No,No,No,No,No,Steady,No,No,No,No,No,No,Yes
157395000,27634311,Caucasian,Female,[80-90),?,5,3,1,3,MC,?,53,0,15,2,0,1,250.6,427,599,9,,Norm,Steady,No,No,No,No,No,No,No,No,No,No,No,No,No,No,No,No,No,No,No,No,No,No,No,Yes
157395846,53913510,Caucasian,Male,[70-80),?,1,6,1,1,MC,?,35,0,6,0,0,0,250.8,E932,285,5,,,No,No,No,No,No,No,No,No,No,No,No,No,No,No,No,No,No,No,No,No,No,No,No,No,No
157398468,84469122,Caucasian,Male,[80-90),?,5,3,1,3,MC,?,28,1,18,3,0,0,820,E888,401,8,,,No,No,No,No,No,No,Steady,No,No,No,No,No,No,No,No,No,No,No,No,No,No,No,No,No,Yes
157398666,89487801,Caucasian,Female,[80-90),?,2,3,7,3,SP,Emergency/Trauma,39,0,15,0,0,4,8,428,414,9,,,No,No,No,No,No,No,Steady,No,No,No,No,No,No,No,No,No,No,Up,No,No,No,No,No,Ch,Yes
157399926,46934883,AfricanAmerican,Male,[80-90),?,5,3,1,7,MC,?,67,0,14,1,1,1,584,287,682,8,,,No,No,No,No,No,No,No,No,No,No,No,No,No,No,No,No,No,Steady,No,No,No,No,No,No,Yes
157400808,40926780,Caucasian,Male,[50-60),?,1,1,7,4,MC,?,46,1,15,0,0,0,711,250.02,401,6,,,No,No,No,No,No,No,No,No,No,No,No,No,No,No,No,No,No,No,No,No,No,No,No,No,No
157400862,74469591,Hispanic,Male,[80-90),?,6,1,17,4,?,InternalMedicine,71,2,10,0,1,1,558,276,585,9,,,No,No,No,No,No,No,Steady,No,No,No,No,No,No,No,No,No,No,Steady,No,No,No,No,No,Ch,Yes
157401672,102669939,Caucasian,Male,[50-60),?,2,1,7,4,?,Gastroenterology,27,0,15,0,0,3,532,285,250,6,,,No,No,No,No,No,No,No,No,No,No,No,No,No,No,No,No,No,Down,No,No,No,No,No,Ch,Yes
157401846,99244872,Caucasian,Male,[60-70),?,1,1,7,2,MC,Family/GeneralPractice,43,0,5,0,0,1,719,719,780,5,,,Steady,No,No,No,No,No,No,No,No,No,No,No,No,No,No,No,No,No,No,No,No,No,No,No,Yes
157402302,40136985,Caucasian,Male,[60-70),?,1,1,7,2,?,?,37,0,14,0,0,0,410,426,272,9,,,No,No,No,No,No,No,Steady,No,No,No,Steady,No,No,No,No,No,No,No,No,No,No,No,No,Ch,Yes
157402896,70066818,Caucasian,Male,[50-60),?,3,1,1,1,CP,Cardiology,3,1,12,4,0,0,427,428,428,9,,,No,No,No,No,No,No,No,No,No,No,No,No,No,No,No,No,No,No,No,No,No,No,No,No,No
157403880,41331681,Caucasian,Male,[20-30),?,1,1,7,2,SP,?,32,0,8,0,0,0,250.11,276,276,3,,,No,No,No,No,No,No,No,No,No,No,No,No,No,No,No,No,No,Down,No,No,No,No,No,Ch,Yes
157404666,109071477,Caucasian,Male,[40-50),?,5,1,1,2,HM,?,51,1,15,0,0,0,540,401,250,3,,,Steady,No,No,No,No,No,No,Steady,No,No,No,No,No,No,No,No,No,No,No,No,No,No,No,Ch,Yes
157405146,106021152,Caucasian,Male,[50-60),?,1,1,2,2,?,?,41,2,33,0,0,0,566,996,250.51,9,,,No,No,No,No,No,No,No,No,No,No,No,No,No,No,No,No,No,Steady,No,No,No,No,No,No,Yes
157405560,92096487,Caucasian,Female,[50-60),?,1,1,7,2,?,?,38,0,12,0,0,2,682,414,250,5,,,Steady,No,No,No,No,No,No,Up,No,No,Steady,No,No,No,No,No,No,No,No,No,No,No,No,Ch,Yes
157405866,29491092,AfricanAmerican,Female,[70-80),?,1,3,7,3,MC,Emergency/Trauma,28,4,19,0,2,2,996,403,585,9,,,No,No,No,No,No,No,No,No,No,No,No,No,No,No,No,No,No,Up,No,No,No,No,No,Ch,Yes
157406700,97117272,Caucasian,Female,[80-90),?,1,6,7,8,MC,?,60,1,13,0,0,0,599,41,593,9,,,No,No,No,No,No,No,No,Steady,No,No,No,No,No,No,No,No,No,No,No,No,No,No,No,No,Yes
157406958,25101576,AfricanAmerican,Male,[60-70),?,1,1,7,2,?,Surgery-General,42,1,12,0,1,1,440,250,V58,4,,,No,No,No,No,No,No,No,No,No,No,Steady,No,No,No,No,No,No,No,No,No,No,No,No,No,Yes
157407054,97579809,AfricanAmerican,Male,[60-70),?,3,1,1,4,?,Urology,18,2,26,0,0,0,185,998,285,9,,,Steady,No,No,No,No,No,Steady,No,No,No,No,No,No,No,No,No,No,No,No,No,No,No,No,Ch,Yes
157407102,24050448,Caucasian,Female,[80-90),?,3,3,1,6,MC,Surgery-Cardiovascular/Thoracic,55,4,49,0,0,0,414,428,428,8,,,No,No,No,No,No,No,No,Steady,No,No,No,No,No,No,No,No,No,Up,No,No,No,No,No,Ch,Yes
157407378,42466068,Caucasian,Male,[60-70),?,3,1,1,1,?,Surgery-Vascular,30,1,14,0,0,0,433,401,250,5,,,Steady,No,No,No,No,No,No,Steady,No,No,No,No,No,No,No,No,No,No,No,No,No,No,No,Ch,Yes
157408170,70601634,Caucasian,Female,[50-60),?,3,1,1,3,BC,Podiatry,25,6,27,11,0,4,250.6,428,428,9,,,No,No,No,No,No,No,No,No,No,No,No,No,No,No,No,No,No,Down,No,No,No,No,No,Ch,Yes
157411056,65259945,Caucasian,Male,[70-80),?,3,6,1,12,?,Orthopedics-Reconstructive,58,3,54,0,0,1,724,518,997,9,,,Steady,No,No,No,No,No,No,No,No,No,No,No,No,No,No,No,No,Steady,No,No,No,No,No,Ch,Yes
157411980,66620124,Caucasian,Male,[80-90),[75-100),1,1,7,4,MC,?,74,6,12,1,0,0,410,414,204,9,,,No,No,No,No,No,No,No,No,No,No,No,No,No,No,No,No,No,No,No,No,No,No,No,No,No
157413060,90816282,Caucasian,Female,[70-80),?,5,1,1,2,MC,?,25,4,14,2,0,0,618,625,V43,8,,,No,No,No,No,No,No,No,Up,No,No,No,No,No,No,No,No,No,Steady,No,No,No,No,No,Ch,Yes
157413378,59354541,Caucasian,Male,[60-70),?,3,1,1,3,CP,?,37,3,19,0,0,0,162,276,250,6,,,Steady,No,No,No,No,No,No,Steady,No,No,No,No,No,No,No,No,No,No,No,No,No,No,No,Ch,Yes
157415340,46372518,Other,Female,[30-40),?,2,1,1,4,HM,?,28,3,14,0,0,0,659,648,250.01,4,,,No,No,No,No,No,No,No,No,No,No,No,No,No,No,No,No,No,No,No,No,No,No,No,No,No
157416378,98579547,Caucasian,Male,[60-70),?,2,1,7,1,MC,Emergency/Trauma,36,2,2,0,0,0,578,569,562,6,,,No,No,No,No,No,No,No,No,No,No,No,No,No,No,No,No,No,No,No,No,No,No,No,No,No
157418010,35275635,Caucasian,Female,[80-90),?,1,3,7,12,?,?,68,3,23,0,0,0,428,507,427,9,,,No,No,No,No,Up,No,No,No,No,No,No,No,No,No,No,No,No,No,No,No,No,No,No,Ch,Yes
157435668,23196231,Caucasian,Female,[80-90),?,1,1,7,6,MC,Cardiology,44,4,20,0,0,1,428,396,V45,7,,,No,No,No,No,No,No,No,No,No,Steady,No,No,No,No,No,No,No,No,No,No,No,No,No,No,Yes
157444506,78456933,Caucasian,Female,[30-40),[50-75),2,6,1,6,DM,?,64,4,17,1,2,0,642,652,656,9,,,No,No,No,No,No,No,No,No,No,No,No,No,No,No,No,No,No,Steady,No,No,No,No,No,No,Yes
157448814,64113327,Caucasian,Male,[70-80),?,1,1,7,2,MC,?,39,1,18,0,0,1,414,411,496,9,,,No,No,No,No,No,No,Steady,No,No,No,No,No,No,No,No,No,No,Down,No,No,No,No,No,Ch,Yes
157449246,69394374,Caucasian,Female,[80-90),?,2,1,1,8,MC,InternalMedicine,59,1,21,0,0,0,424,428,276,9,,,No,No,No,No,No,No,No,No,No,No,No,No,No,No,No,No,No,Steady,No,No,No,No,No,No,Yes
157451484,77095935,Caucasian,Female,[70-80),?,2,1,1,4,MC,?,32,2,11,0,0,0,881,682,250.02,8,,,Steady,No,No,No,No,No,No,No,No,No,No,No,No,No,No,No,No,No,No,No,No,No,No,No,Yes
157453020,67067649,Caucasian,Male,[60-70),?,2,1,1,4,?,Family/GeneralPractice,60,2,16,2,0,2,112,276,202,9,,,No,No,No,No,No,No,No,No,No,No,No,No,No,No,No,No,No,Steady,No,No,No,No,No,No,Yes
157453254,41225427,Caucasian,Male,[60-70),?,1,1,7,3,MC,?,52,0,13,1,0,0,997,560,250,6,,,No,No,No,No,No,No,No,No,No,No,No,No,No,No,No,No,No,No,No,No,No,No,No,No,No
157454268,76018203,AfricanAmerican,Male,[60-70),?,2,1,1,7,?,Oncology,86,2,27,0,0,0,250.4,403,428,9,,,No,No,No,No,No,No,No,No,No,No,No,No,No,No,No,No,No,No,No,No,No,No,No,No,No
157458030,110149920,AfricanAmerican,Female,[70-80),?,2,1,1,4,?,InternalMedicine,65,0,17,0,0,1,486,491,428,9,,,No,No,No,No,No,No,No,No,No,No,No,No,No,No,No,No,No,Up,No,No,No,No,No,Ch,Yes
157462566,88049034,Caucasian,Female,[50-60),?,6,1,17,2,?,?,60,4,13,0,3,3,786,401,250,9,,,Steady,No,No,No,No,No,No,No,No,No,No,No,No,No,No,No,No,No,No,No,No,No,No,No,Yes
157462596,103022343,Caucasian,Male,[70-80),?,2,1,2,6,?,Nephrology,46,3,20,0,0,1,996,403,428,9,,,No,No,No,No,No,No,No,No,No,No,No,No,No,No,No,No,No,Steady,No,No,No,No,No,No,Yes
157463082,100368018,Caucasian,Female,[80-90),?,2,1,1,2,MC,?,36,3,15,1,0,0,414,427,411,9,,,No,No,No,No,No,No,No,No,No,No,No,No,No,No,No,No,No,Steady,No,No,No,No,No,No,Yes
157469046,81296181,Caucasian,Female,[70-80),?,1,11,5,1,MC,InternalMedicine,48,0,8,0,0,0,38,995,403,9,,,No,No,No,No,No,No,No,No,No,No,No,No,No,No,No,No,No,No,No,No,No,No,No,No,No
157470384,62604513,Caucasian,Male,[60-70),?,1,11,7,1,MC,?,61,5,3,0,0,0,441,286,401,9,,,No,No,No,No,No,No,No,No,No,No,No,No,No,No,No,No,No,Steady,No,No,No,No,No,No,Yes
157470972,87022350,Caucasian,Female,[60-70),?,2,1,1,2,?,InternalMedicine,36,0,11,0,0,0,434,496,342,8,,,Steady,No,No,No,No,No,No,Steady,No,No,No,No,No,No,No,No,No,Steady,Steady,No,No,No,No,Ch,Yes
157473246,101359377,Caucasian,Female,[80-90),?,6,1,1,2,?,ObstetricsandGynecology,39,2,27,0,0,0,627,621,496,6,>200,,No,No,No,No,No,No,No,Steady,No,No,No,No,No,No,No,No,No,No,No,No,No,No,No,No,Yes
157474938,23588505,AfricanAmerican,Male,[60-70),?,3,1,1,1,MC,Cardiology,29,3,18,0,0,0,414,414,250,4,,,No,No,No,No,No,No,No,No,No,No,No,No,No,No,No,No,No,No,No,No,No,No,No,No,No
157475058,90931932,Caucasian,Male,[80-90),?,2,6,7,2,MC,Emergency/Trauma,35,0,14,0,0,2,458,428,425,9,,Norm,No,No,No,No,No,No,No,No,No,No,No,No,No,No,No,No,No,Down,No,No,No,No,No,Ch,Yes
157475904,85075704,Caucasian,Male,[40-50),?,1,1,7,2,CP,?,7,3,10,0,0,1,414,411,401,6,,,No,No,No,No,No,No,No,No,No,No,No,No,No,No,No,No,No,No,No,No,No,No,No,No,No
157476714,85198833,Caucasian,Male,[70-80),?,1,6,7,4,MC,?,43,0,14,0,0,0,428,427,424,9,,,No,No,No,No,No,No,No,No,No,No,No,No,No,No,No,No,No,No,No,No,No,No,No,No,No
157476720,72009783,Caucasian,Male,[60-70),?,1,1,7,2,MC,?,51,1,16,0,0,1,427,428,414,9,,,No,No,No,No,No,No,No,No,No,No,No,No,No,No,No,No,No,Steady,No,No,No,No,No,No,Yes
157480482,58646934,Caucasian,Female,[50-60),?,2,1,1,2,?,Cardiology,33,3,11,1,0,1,786,414,V45,6,,,No,No,No,No,No,No,No,No,No,No,No,No,No,No,No,No,No,Steady,No,No,No,No,No,No,Yes
157480776,23298561,Caucasian,Female,[80-90),?,3,1,1,6,MC,Orthopedics-Reconstructive,38,1,40,0,0,2,997,496,276,9,,,Steady,No,No,No,No,No,No,Steady,No,No,No,No,No,No,No,No,No,Up,No,No,No,No,No,Ch,Yes
157482516,89240211,Caucasian,Female,[80-90),?,1,1,7,3,MC,?,44,3,12,0,0,0,414,411,427,7,,,No,No,No,No,No,No,No,No,No,No,No,No,No,No,No,No,No,No,No,No,No,No,No,No,No
157483512,35368713,Caucasian,Female,[60-70),?,2,1,1,2,?,Surgery-General,34,0,11,1,0,4,569,564,250,3,,,No,No,No,No,No,No,Steady,No,No,No,No,No,No,No,No,No,No,No,No,No,No,No,No,No,Yes
157488744,24833718,Caucasian,Female,[80-90),?,1,1,7,1,MC,InternalMedicine,43,0,3,0,0,0,435,496,401,8,,,No,No,No,No,No,No,No,No,No,No,No,No,No,No,No,No,No,Up,No,No,No,No,No,Ch,Yes
157489146,23211693,AfricanAmerican,Male,[50-60),?,1,3,7,9,?,Emergency/Trauma,44,2,27,0,2,4,707,496,263,9,,,No,No,No,No,No,No,No,No,No,No,No,No,No,No,No,No,No,Up,No,No,No,No,No,Ch,Yes
157489518,83180214,Caucasian,Male,[60-70),?,2,1,1,2,?,Cardiology,35,4,10,0,0,0,414,413,250.01,9,,,No,No,No,No,No,No,No,No,No,No,No,No,No,No,No,No,No,No,No,No,No,No,No,No,No
157494564,84350997,Caucasian,Female,[70-80),?,1,6,7,2,MC,?,48,1,10,4,1,1,428,427,281,9,,,Steady,No,No,No,No,No,No,Steady,No,No,No,No,No,No,No,No,No,No,No,No,No,No,No,Ch,Yes
157497276,41555196,Caucasian,Female,[50-60),?,2,6,1,9,?,Orthopedics-Reconstructive,57,1,43,0,0,0,824,710,599,9,,,No,Steady,No,No,No,No,No,No,No,No,No,No,No,No,No,No,No,Down,No,No,No,No,No,Ch,Yes
157497810,90578268,AfricanAmerican,Male,[40-50),?,2,1,1,2,OG,?,21,2,16,0,0,1,727,785,70,8,,,No,No,No,No,No,No,No,No,No,No,No,No,No,No,No,No,No,No,No,No,No,No,No,No,No
157501608,64540800,Caucasian,Female,[40-50),?,2,1,1,5,?,InternalMedicine,34,0,9,0,0,0,7,276,276,5,,,No,No,No,No,No,No,No,No,No,No,No,No,No,No,No,No,No,No,No,No,No,No,No,No,No
157502076,63087534,Caucasian,Male,[70-80),?,1,1,1,1,?,?,44,1,10,0,1,1,427,428,414,8,,,No,No,No,No,No,No,No,No,No,No,No,No,No,No,No,No,No,No,No,No,No,No,No,No,No
157504284,24243804,AfricanAmerican,Female,[70-80),?,2,1,1,2,MC,InternalMedicine,29,0,8,0,0,0,434,250,401,3,,,Steady,No,No,No,No,No,Steady,No,No,No,No,No,No,No,No,No,No,No,No,No,No,No,No,Ch,Yes
157506522,41498469,Caucasian,Male,[70-80),?,3,1,1,5,MC,Cardiology,47,1,20,1,0,3,285,511,250,5,,,Steady,No,No,No,No,No,No,No,No,Steady,No,No,No,No,No,No,No,No,No,No,No,No,No,Ch,Yes
157507056,85609008,Caucasian,Female,[80-90),?,1,3,7,3,MC,?,44,0,11,0,0,1,428,786,414,9,,,No,No,No,No,No,No,No,No,No,No,Steady,No,No,No,No,No,No,No,No,No,No,No,No,No,Yes
157507374,88935084,Caucasian,Female,[60-70),?,2,6,1,12,?,?,79,2,25,0,0,0,428,427,493,9,,>8,No,No,Steady,No,No,No,No,No,No,No,No,No,No,No,No,No,No,Steady,No,No,No,No,No,Ch,Yes
157507482,84049506,AfricanAmerican,Female,[70-80),?,2,3,1,9,?,InternalMedicine,52,0,18,0,0,0,402,585,428,9,,,No,No,No,No,No,No,No,No,No,No,No,No,No,No,No,No,No,Steady,No,No,No,No,No,No,Yes
157508094,85185999,Caucasian,Male,[60-70),?,1,1,7,1,HM,?,47,0,16,1,1,1,786,491,250,4,,,Steady,No,No,No,No,No,No,Steady,No,No,No,No,No,No,No,No,No,No,No,No,No,No,No,Ch,Yes
157508106,76239855,Caucasian,Male,[90-100),[75-100),1,3,5,2,MC,?,63,0,9,0,0,0,435,424,424,9,,,No,No,No,No,No,No,No,No,No,No,No,No,No,No,No,No,No,No,No,No,No,No,No,No,No
157508538,104974767,AfricanAmerican,Female,[70-80),?,1,1,1,1,?,?,32,0,19,0,0,0,428,414,493,9,,,Steady,No,No,No,No,No,No,Steady,No,No,No,No,No,No,No,No,No,Down,No,No,No,No,No,Ch,Yes
157509030,105722010,Caucasian,Female,[70-80),?,1,3,7,7,MC,Nephrology,56,2,19,0,0,1,780,403,496,9,,,No,No,No,No,No,No,Steady,No,No,No,No,No,No,No,No,No,No,Steady,No,No,No,No,No,Ch,Yes
157510518,93189591,Caucasian,Female,[80-90),?,1,6,7,5,?,?,49,0,8,0,0,3,428,276,250,5,,,No,No,No,No,No,No,No,No,No,No,No,No,No,No,No,No,No,No,No,No,No,No,No,No,No
157512996,66578508,AfricanAmerican,Female,[30-40),?,1,1,7,6,?,?,45,0,26,0,0,0,428,493,250.92,5,,,Steady,No,No,No,No,No,No,No,No,Steady,No,No,No,No,No,No,No,Down,No,No,No,No,No,Ch,Yes
157513224,64678923,AfricanAmerican,Female,[50-60),?,1,1,7,5,HM,?,49,0,13,0,0,0,584,276,595,9,,,No,No,No,No,No,No,No,No,No,No,No,No,No,No,No,No,No,Steady,No,No,No,No,No,No,Yes
157513584,92308050,AfricanAmerican,Female,[60-70),?,2,1,7,7,MC,Emergency/Trauma,62,1,15,0,0,3,250.6,276,536,7,,Norm,No,No,No,No,No,No,No,No,No,No,No,No,No,No,No,No,No,No,No,No,No,No,No,No,No
157516164,39373443,AfricanAmerican,Male,[30-40),?,2,5,7,7,SP,Emergency/Trauma,59,1,15,0,0,0,415,250.02,276,9,,>8,No,No,No,No,No,No,No,No,No,No,No,No,No,No,No,No,No,Down,No,No,No,No,No,Ch,Yes
157516308,87414210,Caucasian,Male,[70-80),?,1,1,1,2,?,?,65,1,22,0,0,0,276,496,428,9,,,No,No,No,No,No,No,No,No,No,No,No,No,No,No,No,No,No,Down,No,No,No,No,No,Ch,Yes
157516368,43834014,Caucasian,Male,[50-60),?,1,1,7,2,MD,?,62,0,9,0,0,0,250.1,789,276,7,,,No,No,No,No,No,No,No,No,No,No,No,No,No,No,No,No,No,Up,No,No,No,No,No,Ch,Yes
157517514,24085665,AfricanAmerican,Male,[70-80),?,1,3,7,5,MC,InternalMedicine,44,0,19,0,0,1,486,428,599,5,,,No,No,No,No,No,No,No,No,No,No,No,No,No,No,No,No,No,Up,No,No,No,No,No,Ch,Yes
157517748,89998776,Caucasian,Female,[70-80),?,3,6,1,2,HM,?,41,1,9,0,1,0,440,493,285,9,,>7,No,No,No,No,No,No,No,No,No,No,No,No,No,No,No,No,No,No,No,No,No,No,No,No,No
157518192,110754603,Caucasian,Male,[80-90),?,6,6,17,6,?,?,78,1,16,1,0,1,276,250.01,584,9,,>7,No,No,No,No,No,No,No,No,No,No,No,No,No,No,No,No,No,Steady,No,No,No,No,No,No,Yes
157518342,41803344,Caucasian,Male,[70-80),?,3,1,1,1,?,?,35,3,13,0,0,0,724,721,250,5,,,Down,No,No,No,Steady,No,No,No,No,No,No,No,No,No,No,No,No,No,No,No,No,No,No,Ch,Yes
157523064,23608665,AfricanAmerican,Female,[70-80),?,1,3,7,7,?,InternalMedicine,45,1,23,0,1,0,415,453,707,9,,,Steady,No,No,No,No,No,No,Steady,No,No,No,No,No,No,No,No,No,Steady,No,No,No,No,No,Ch,Yes
157529748,24043563,AfricanAmerican,Male,[50-60),?,3,1,1,2,MD,Surgery-Vascular,38,2,20,2,1,2,403,250,?,2,,,No,No,No,No,No,No,No,No,No,No,No,No,No,No,No,No,No,No,No,No,No,No,No,No,No
157535622,94297518,Caucasian,Female,[70-80),?,3,1,1,1,MC,OutreachServices,33,2,6,0,0,0,532,280,535,9,,,No,No,No,No,Steady,No,No,No,No,No,No,No,No,No,No,No,No,No,No,No,No,No,No,No,Yes
157549764,96017013,Caucasian,Male,[90-100),?,5,3,1,7,MC,?,58,0,25,0,0,0,250.2,427,788,9,,>8,No,No,No,No,No,No,No,Steady,No,No,Steady,No,No,No,No,No,No,Down,No,No,No,No,No,Ch,Yes
157551708,86968134,Caucasian,Female,[70-80),?,1,6,7,4,MC,?,39,0,7,0,0,0,434,250.8,401,4,,,No,No,No,No,No,No,Steady,No,No,No,No,No,No,No,No,No,No,No,No,No,No,No,No,No,Yes
157559640,42034977,Caucasian,Male,[70-80),?,3,1,1,7,SP,?,58,2,13,0,0,0,577,?,496,6,,,Steady,No,No,No,No,No,No,No,No,No,No,No,No,No,No,No,No,Steady,No,No,No,No,No,Ch,Yes
157561908,52600248,Caucasian,Male,[60-70),?,5,1,1,2,HM,?,8,1,10,0,0,0,600,250,788,9,,,No,No,No,No,No,No,No,Steady,No,No,No,No,No,No,No,No,No,No,No,No,No,No,No,No,Yes
157562124,89227377,Caucasian,Male,[40-50),?,2,6,1,7,?,Orthopedics-Reconstructive,38,2,21,0,0,0,250.8,707,440,9,,,No,No,No,No,No,No,No,No,No,No,No,No,No,No,No,No,No,No,No,No,No,No,No,No,No
157563480,24920820,Caucasian,Male,[50-60),?,1,1,7,1,BC,InternalMedicine,42,3,10,0,0,0,786,250,V58,5,,,No,No,No,No,No,No,No,No,No,No,No,No,No,No,No,No,No,Steady,No,No,No,No,No,No,Yes
157569186,85569480,Caucasian,Female,[60-70),?,5,1,1,2,HM,?,16,3,16,0,0,0,618,788,250,4,,,Steady,No,No,No,No,No,No,Steady,No,No,No,No,No,No,No,No,No,No,No,No,No,No,No,Ch,Yes
157569528,68611707,AfricanAmerican,Female,[70-80),?,1,1,7,1,MC,?,35,0,12,0,0,0,786,492,530,9,,>8,No,No,No,No,No,No,No,No,No,No,No,No,No,No,No,No,No,No,No,No,No,No,No,No,No
157570080,104781735,Caucasian,Male,[50-60),?,2,1,1,5,?,Family/GeneralPractice,42,0,9,0,0,0,250.8,707,682,6,,,Steady,No,No,No,No,No,Steady,No,No,No,No,No,No,No,No,No,No,Down,No,No,No,No,No,Ch,Yes
157574682,40830156,Caucasian,Female,[90-100),?,3,3,1,5,SP,?,36,1,20,1,0,2,730,?,250,7,,,Steady,No,No,No,No,No,No,Steady,No,No,No,No,No,No,No,No,No,No,No,No,No,No,No,Ch,Yes
157575582,23328342,AfricanAmerican,Male,[80-90),?,1,6,7,5,MC,InternalMedicine,52,1,15,0,0,2,416,515,496,8,,,Steady,No,No,No,No,No,Steady,No,No,No,No,No,No,No,No,No,No,Up,No,No,No,No,No,Ch,Yes
157583232,81004644,AfricanAmerican,Female,[40-50),?,2,1,1,2,?,Cardiology,40,0,22,0,0,1,401,584,511,9,,,No,No,No,No,No,No,Steady,No,No,Steady,No,No,No,No,No,No,No,No,No,No,No,No,No,Ch,Yes
157583466,90192780,Caucasian,Male,[70-80),?,1,1,7,4,MC,Emergency/Trauma,50,0,12,0,1,3,423,496,414,9,,,No,No,No,No,No,No,No,No,No,No,No,No,No,No,No,No,No,Steady,No,No,No,No,No,No,Yes
157585332,50588793,Caucasian,Male,[60-70),?,2,1,1,6,?,InternalMedicine,62,2,24,3,0,0,493,495,428,9,,,No,No,No,No,No,No,No,No,No,No,No,No,No,No,No,No,No,Down,No,No,No,No,No,Ch,Yes
157586478,43569585,Caucasian,Female,[60-70),?,3,1,1,2,MC,Radiologist,35,4,9,1,0,0,447,996,250,5,,,Steady,No,No,No,No,No,No,No,No,No,No,No,No,No,No,No,No,No,No,No,No,No,No,No,Yes
157590486,113845077,Caucasian,Female,[40-50),[100-125),2,6,1,4,DM,?,39,2,12,7,5,0,250.6,707,681,9,,,No,No,No,No,No,No,No,No,No,No,No,No,No,No,No,No,No,Steady,No,No,No,No,No,No,Yes
157592646,41227830,Caucasian,Female,[70-80),?,3,3,1,4,MD,?,30,0,18,0,0,2,428,799,250,7,,,No,No,No,No,No,No,No,No,No,No,No,No,No,No,No,No,No,Steady,No,No,No,No,No,No,Yes
157593660,34721991,Caucasian,Female,[70-80),?,1,1,7,2,?,?,12,3,8,1,0,0,410,428,414,9,,,No,No,No,No,No,No,No,No,No,No,No,No,No,No,No,No,No,Steady,No,No,No,No,No,No,Yes
157596030,39378006,Caucasian,Female,[70-80),?,2,1,7,1,MC,Emergency/Trauma,42,0,11,0,0,0,427,414,412,7,,,No,No,No,No,No,No,No,No,No,No,Steady,No,No,No,No,No,No,No,No,No,No,No,No,No,Yes
157606260,103890438,Caucasian,Male,[70-80),?,2,1,7,1,MC,Emergency/Trauma,3,0,7,0,0,0,780,780,414,8,,,No,No,No,No,No,No,No,No,No,No,No,No,No,No,No,No,No,No,No,No,No,No,No,No,No
157608018,39380382,Caucasian,Female,[20-30),?,1,5,7,2,SP,Surgery-General,56,0,6,0,0,0,969,296,300,7,,,No,No,No,No,No,No,No,No,No,No,No,No,No,No,No,No,No,No,No,No,No,No,No,No,No
157608744,103782195,Caucasian,Male,[50-60),?,2,1,1,4,HM,?,52,1,14,0,0,5,537,276,155,8,,,Steady,No,No,No,No,No,No,No,No,No,No,No,No,No,No,No,No,Steady,No,No,No,No,No,Ch,Yes
157608888,39378078,?,Male,[50-60),?,2,2,7,6,OG,Surgery-General,66,5,10,0,0,0,414,425,250.02,8,,>8,No,No,No,No,No,No,Steady,No,No,Steady,No,No,No,No,No,No,No,Up,No,No,No,No,No,Ch,Yes
157610058,88464762,Caucasian,Female,[50-60),?,3,1,1,7,MC,Psychology,23,0,13,0,1,2,296,453,295,7,,,No,No,No,No,No,No,No,No,No,No,No,No,No,No,No,No,No,No,Steady,No,No,No,No,No,Yes
157610070,25251489,Caucasian,Female,[50-60),?,2,3,1,4,MC,InternalMedicine,45,0,8,0,0,0,240,599,41,6,,,No,No,No,No,No,No,No,No,No,No,No,No,No,No,No,No,No,Steady,No,No,No,No,No,No,Yes
157610238,25251480,AfricanAmerican,Male,[40-50),?,3,6,1,5,SP,Urology,36,1,22,0,0,0,682,41,289,5,,,No,No,No,No,No,No,No,No,No,No,No,No,No,No,No,No,No,Up,No,No,No,No,No,Ch,Yes
157611006,33982290,Caucasian,Female,[70-80),?,1,1,7,2,?,?,37,5,22,4,0,4,414,428,411,9,,,No,No,No,No,Steady,No,No,No,No,No,No,No,No,No,No,No,No,Steady,No,No,No,No,No,Ch,Yes
157611582,28355805,AfricanAmerican,Female,[60-70),?,2,1,1,8,?,InternalMedicine,55,2,27,0,1,1,434,287,428,9,,,No,No,No,No,No,No,No,Down,No,No,No,No,No,No,No,No,No,No,No,No,No,No,No,Ch,Yes
157612362,87170085,Caucasian,Male,[70-80),?,5,14,1,1,HM,?,60,0,11,0,0,1,507,427,428,9,,,No,No,No,No,No,No,No,No,No,No,No,No,No,No,No,No,No,No,No,No,No,No,No,No,No
157612710,96275835,Caucasian,Female,[70-80),?,2,1,1,3,?,InternalMedicine,30,0,13,0,0,0,590,790,41,6,,,Steady,No,No,No,No,No,No,No,No,No,No,No,No,No,No,No,No,No,No,No,No,No,No,No,Yes
157612716,104968080,Caucasian,Male,[50-60),?,1,6,7,8,?,?,55,3,41,0,0,0,682,41,V09,9,,,No,No,No,No,No,No,No,No,No,No,Up,No,No,No,No,No,No,Up,No,No,No,No,No,Ch,Yes
157612752,35187885,Caucasian,Male,[70-80),?,5,3,1,2,MC,?,42,0,14,1,0,1,786,414,250,9,,>8,No,No,No,No,No,No,No,No,No,No,No,No,No,No,No,No,No,Up,No,No,No,No,No,Ch,Yes
157613370,45597528,Caucasian,Male,[60-70),?,1,11,7,4,?,?,48,1,25,1,0,1,852,403,440,8,,,No,No,No,No,No,No,No,No,No,No,No,No,No,No,No,No,No,No,No,No,No,No,No,No,No
157613436,69283080,?,Female,[70-80),[125-150),1,1,7,7,MC,Cardiology,72,0,15,0,0,0,427,491,401,9,,,No,No,No,No,No,No,No,No,No,No,No,No,No,No,No,No,No,No,No,No,No,No,No,No,No
157613700,35312427,Caucasian,Female,[50-60),?,2,1,1,11,?,InternalMedicine,48,0,20,0,0,0,562,569,250,6,,,No,No,No,No,No,No,No,No,No,No,No,No,No,No,No,No,No,Steady,No,No,No,No,No,No,Yes
157613940,106363422,AfricanAmerican,Male,[10-20),?,1,2,2,10,?,?,79,1,20,0,0,0,208,284,784,5,,,Steady,No,No,No,No,No,No,No,No,No,No,No,No,No,No,No,No,Up,No,No,No,No,No,Ch,Yes
157615500,61974207,Caucasian,Male,[50-60),?,1,1,7,1,?,?,10,0,7,1,0,0,530,414,V45,9,,,No,No,No,No,No,No,No,No,No,No,No,No,No,No,No,No,No,No,No,No,No,No,No,No,No
157619460,39382542,AfricanAmerican,Female,[50-60),?,1,1,7,2,SP,Emergency/Trauma,62,0,13,0,0,0,250.11,276,276,7,,>8,No,No,No,No,No,No,No,No,No,No,No,No,No,No,No,No,No,Up,No,No,No,No,No,Ch,Yes
157620792,89560692,Caucasian,Female,[80-90),?,1,1,3,4,MC,?,68,3,12,0,0,0,428,403,427,9,,Norm,No,No,No,No,No,No,No,No,No,No,No,No,No,No,No,No,No,Steady,No,No,No,No,No,No,Yes
157620840,86139756,Caucasian,Female,[70-80),?,1,1,7,1,MC,?,23,0,15,0,0,3,786,584,599,9,,,No,No,No,No,No,No,No,No,No,No,Steady,No,No,No,No,No,No,No,No,No,No,No,No,No,Yes
157621392,38346111,Caucasian,Male,[60-70),?,2,1,1,8,?,Gastroenterology,45,0,25,0,0,5,291,250.02,276,9,,,Steady,No,No,No,Steady,No,Down,No,No,No,No,No,No,No,No,No,No,No,No,No,No,No,No,Ch,Yes
157622196,50961195,Caucasian,Male,[70-80),?,5,6,1,6,HM,?,81,5,27,0,0,2,584,403,507,9,,,No,No,No,No,No,No,No,No,No,No,No,No,No,No,No,No,No,Steady,No,No,No,No,No,No,Yes
157625610,40655655,Caucasian,Female,[50-60),?,1,1,7,4,SP,?,29,0,17,0,0,2,493,428,250,4,,,No,No,No,No,No,No,No,No,No,Steady,No,No,No,No,No,No,No,No,No,No,No,No,No,No,Yes
157626018,90642591,Caucasian,Male,[60-70),?,1,1,7,3,MC,Emergency/Trauma,59,0,22,0,1,5,466,518,250.6,9,,,No,No,No,No,No,No,No,No,No,No,No,No,No,No,No,No,No,Down,No,No,No,No,No,Ch,Yes
157626246,106553556,Caucasian,Male,[70-80),?,1,1,7,1,MC,?,17,0,11,0,0,0,518,250.02,403,9,,>7,No,No,No,No,No,No,No,No,No,No,No,No,No,No,No,No,No,No,No,No,No,No,No,No,No
157626582,111343797,Caucasian,Female,[40-50),?,1,1,7,2,?,?,58,0,17,0,0,1,435,599,784,8,,,Steady,No,Steady,No,No,No,No,No,No,No,No,No,No,No,No,No,No,Steady,No,No,No,No,No,Ch,Yes
157626990,25179525,Caucasian,Male,[70-80),?,3,1,1,1,MC,Surgery-Vascular,38,1,24,0,0,1,433,780,250,3,,,No,No,No,No,No,No,No,No,No,Steady,No,No,No,No,No,No,No,Steady,No,No,No,No,No,Ch,Yes
157627128,78287346,AfricanAmerican,Male,[70-80),?,1,3,7,6,MC,?,49,1,17,2,0,0,250.7,440,707,9,,,No,No,No,No,No,No,Steady,No,No,No,No,Steady,No,No,No,No,No,Steady,No,No,No,No,No,Ch,Yes
157627176,76033296,Caucasian,Male,[60-70),?,1,1,1,4,?,?,43,0,18,0,0,0,276,250.02,428,9,,,No,No,No,No,No,No,No,No,No,Steady,No,No,No,No,No,No,No,Up,No,No,No,No,No,Ch,Yes
157630458,94344003,Caucasian,Female,[80-90),?,2,1,7,2,MC,Emergency/Trauma,39,0,10,0,0,0,780,780,824,8,,,No,No,No,No,No,No,Down,No,No,No,Steady,No,No,No,No,No,No,No,No,No,No,No,No,Ch,Yes
157630770,33400188,Caucasian,Female,[60-70),?,5,3,1,3,HM,?,16,2,26,0,0,0,715,285,401,6,,,No,No,No,No,No,No,No,No,No,No,No,No,No,No,No,No,No,No,No,No,No,No,No,No,No
157635066,65935827,Caucasian,Male,[80-90),?,5,1,1,2,MC,?,34,1,13,0,0,0,185,401,250,8,,,Steady,No,No,No,No,No,Steady,No,No,No,No,No,No,No,No,No,No,No,No,No,No,No,No,Ch,Yes
157640100,62000100,AfricanAmerican,Female,[60-70),?,1,1,7,1,?,?,5,0,13,0,0,1,292,428,425,9,,,Steady,No,No,No,No,No,No,Steady,No,No,No,No,No,No,No,No,No,No,No,No,No,No,No,Ch,Yes
157657218,23233860,AfricanAmerican,Female,[50-60),?,1,1,7,4,MC,InternalMedicine,44,0,19,0,0,3,428,282,427,4,,,No,No,No,No,No,No,No,No,No,No,No,No,No,No,No,No,No,Steady,No,No,No,No,No,No,Yes
157659084,95728095,Caucasian,Female,[60-70),?,3,1,1,4,SP,Orthopedics,44,3,20,0,0,0,715,821,275,9,,,No,No,No,No,No,No,No,No,No,No,No,No,No,No,No,No,No,No,No,No,No,No,No,No,No
157667370,23211090,Caucasian,Female,[50-60),?,2,1,1,4,BC,Family/GeneralPractice,35,0,8,0,0,0,562,250,573,3,,,No,No,No,No,No,No,No,No,No,No,Steady,No,No,No,No,No,No,Steady,No,No,No,No,No,Ch,Yes
157667484,109566864,Caucasian,Male,[70-80),?,1,1,7,2,HM,?,9,0,9,0,0,0,518,491,424,9,,,No,No,No,No,No,No,No,No,No,No,No,No,No,No,No,No,No,No,No,No,No,No,No,No,No
157669128,84378816,Caucasian,Female,[80-90),?,1,6,7,3,MC,?,6,0,14,1,0,0,386,599,428,9,,,No,No,No,No,No,No,No,No,No,No,No,No,No,No,No,No,No,No,No,No,No,No,No,No,No
157672716,23242941,AfricanAmerican,Female,[70-80),?,1,3,7,7,?,Family/GeneralPractice,40,1,18,0,1,1,530,290,437,9,,,No,No,No,No,No,No,No,No,No,No,No,No,No,No,No,No,No,Up,No,No,No,No,No,Ch,Yes
157675500,58264470,Caucasian,Male,[50-60),?,1,1,7,1,?,?,30,1,9,1,0,2,599,511,590,9,,,No,No,No,No,No,No,No,No,No,No,No,No,No,No,No,No,No,No,No,No,No,No,No,No,No
157691148,41502519,Caucasian,Male,[50-60),?,1,1,7,3,BC,?,38,1,12,1,0,0,528,V42,523,6,,,No,No,No,No,No,No,No,No,No,No,No,No,No,No,No,No,No,Up,No,No,No,No,No,Ch,Yes
157691604,54983286,Caucasian,Male,[60-70),?,2,1,2,4,?,Cardiology,57,0,15,0,0,0,584,276,428,9,,,No,No,No,No,No,No,No,No,No,No,No,No,No,No,No,No,No,Steady,No,No,No,No,No,No,Yes
157692300,85828563,Caucasian,Male,[50-60),?,1,1,7,3,CP,?,6,0,10,0,0,0,428,427,425,9,,,No,No,No,No,No,No,No,No,No,No,No,No,No,No,No,No,No,No,No,No,No,No,No,No,No
157693728,104376654,Caucasian,Female,[40-50),?,1,1,1,1,MD,?,7,0,8,1,0,0,786,250.6,536,6,,,No,No,No,No,No,No,No,No,No,No,Steady,No,No,No,No,No,No,No,No,No,No,No,No,No,Yes
157694844,89891163,Caucasian,Male,[60-70),?,2,1,1,2,UN,Family/GeneralPractice,1,0,14,0,0,0,466,793,250,7,,,No,No,No,No,No,No,No,No,No,No,No,No,No,No,No,No,No,Up,No,No,No,No,No,Ch,Yes
157698354,54996885,AfricanAmerican,Male,[60-70),?,1,6,7,7,?,?,73,0,24,0,1,1,491,398,396,9,,,No,No,No,No,No,No,No,Down,No,No,No,No,No,No,No,No,No,Up,No,No,No,No,No,Ch,Yes
157699272,31268862,Caucasian,Male,[50-60),?,1,1,7,6,BC,?,44,0,13,0,0,1,997,604,564,7,,,Steady,No,No,No,No,No,No,No,No,No,No,No,No,No,No,No,No,No,No,No,No,No,No,No,Yes
157701852,90220752,Hispanic,Female,[60-70),?,5,6,1,2,MC,?,44,0,17,3,0,0,584,276,428,9,,,No,No,No,No,No,No,No,No,No,No,No,No,No,No,No,No,No,Up,No,No,No,No,No,Ch,Yes
157702206,41434506,Caucasian,Male,[70-80),?,3,1,1,7,MC,?,55,6,28,0,0,0,153,578,285,8,,,Steady,No,No,No,No,No,Steady,No,No,No,No,No,No,No,No,No,No,Up,No,No,No,No,No,Ch,Yes
157702476,95114097,Caucasian,Female,[70-80),?,1,1,7,1,MC,?,31,0,5,0,0,0,787,276,788,8,,,No,No,No,No,No,No,No,No,No,No,No,No,No,No,No,No,No,No,No,No,No,No,No,No,No
157704570,107825391,Caucasian,Male,[40-50),?,1,1,7,2,OG,Emergency/Trauma,27,1,10,0,0,0,578,413,428,9,,,No,No,No,No,Steady,No,No,No,No,No,No,No,No,No,No,No,No,No,No,No,No,No,No,No,Yes
157704612,112218732,Caucasian,Female,[30-40),?,1,1,7,1,CP,Family/GeneralPractice,41,0,5,0,1,0,786,250,401,5,,,Steady,No,No,No,No,No,No,Steady,No,No,No,No,No,No,No,No,No,No,No,No,No,No,No,Ch,Yes
157704678,25162767,AfricanAmerican,Female,[50-60),?,1,1,7,10,SP,Cardiology,51,0,28,0,0,2,404,428,425,9,,,No,No,No,No,No,No,No,No,No,No,No,No,No,No,No,No,No,Down,No,No,No,No,No,Ch,Yes
157705458,23082642,Caucasian,Female,[90-100),?,1,6,7,3,MC,InternalMedicine,40,0,10,4,0,0,435,287,V10,7,,,No,No,No,No,Steady,No,No,No,No,Steady,No,No,No,No,No,No,No,Steady,No,No,No,No,No,Ch,Yes
157705722,108178776,AfricanAmerican,Female,[80-90),?,2,11,1,3,?,InternalMedicine,56,0,18,0,0,4,486,403,496,9,,,No,No,No,No,No,No,No,No,No,No,No,No,No,No,No,No,No,No,No,No,No,No,No,No,No
157706652,84663864,Caucasian,Female,[80-90),?,1,3,7,10,MC,?,80,0,22,0,0,1,410,428,250.02,9,,,No,No,No,No,No,No,No,No,No,No,No,No,No,No,No,No,No,No,No,No,No,No,No,No,No
157708464,59769783,Caucasian,Male,[80-90),?,1,6,7,2,MC,?,38,0,16,0,0,0,38,486,585,9,,,No,No,No,No,No,No,No,No,No,No,Steady,No,No,No,No,No,No,Down,No,No,No,No,No,Ch,Yes
157709214,86154318,Caucasian,Male,[50-60),?,3,6,1,5,?,Family/GeneralPractice,36,3,25,0,1,0,682,682,41,7,,,Steady,No,No,No,No,No,No,Steady,No,Steady,No,No,No,No,No,No,No,Steady,No,No,No,No,No,Ch,Yes
157709334,50350491,AfricanAmerican,Female,[40-50),?,1,1,7,4,?,?,58,0,8,0,0,1,562,250,244,6,,,No,No,No,No,No,No,No,No,No,No,No,No,No,No,No,No,No,Steady,No,No,No,No,No,No,Yes
157710780,88995627,Caucasian,Female,[90-100),?,2,3,7,9,MC,Emergency/Trauma,60,1,20,0,0,0,560,410,427,9,,,No,No,No,No,No,No,No,Steady,No,No,No,No,No,No,No,No,No,Steady,No,No,No,No,No,Ch,Yes
157712544,84902751,Caucasian,Female,[50-60),?,1,1,7,3,HM,?,29,0,10,1,0,0,250.02,496,276,8,,,No,No,No,No,No,No,No,No,No,No,No,No,No,No,No,No,No,No,No,No,No,No,No,No,No
157712970,97553484,Caucasian,Male,[60-70),?,1,1,7,6,HM,?,65,1,17,0,0,0,571,70,567,9,,,Steady,No,No,No,No,No,Steady,No,No,No,No,No,No,No,No,No,No,No,No,No,No,No,No,Ch,Yes
157715496,97388136,Caucasian,Female,[60-70),?,1,3,2,5,?,?,48,1,13,0,1,0,996,38,995,9,,,No,No,No,No,No,No,No,No,No,No,No,No,No,No,No,No,No,No,No,No,No,No,No,No,No
157715610,94180797,Caucasian,Female,[60-70),?,1,1,7,3,MD,Surgery-General,42,0,21,0,0,1,453,682,250,7,,,No,No,No,No,No,No,No,No,No,No,No,No,No,No,No,No,No,Up,No,No,No,No,No,Ch,Yes
157716378,93205692,Caucasian,Male,[40-50),?,2,1,7,5,OG,Emergency/Trauma,64,0,15,5,8,3,577,577,250,4,,,No,No,No,No,No,No,No,No,No,No,No,No,No,No,No,No,No,Down,No,No,No,No,No,Ch,Yes
157716954,25268535,Caucasian,Male,[80-90),?,1,1,7,7,MC,Urology,50,4,32,0,0,0,997,401,585,9,,Norm,No,No,No,No,No,No,No,No,No,No,No,No,No,No,No,No,No,No,No,No,No,No,No,No,No
157717248,95180949,Caucasian,Female,[60-70),?,1,3,7,3,MC,Emergency/Trauma,44,1,14,0,0,3,458,250.42,403,9,,>8,No,Steady,No,No,No,No,No,No,No,No,No,No,No,No,No,No,No,Up,No,No,No,No,No,Ch,Yes
157717824,105457356,Caucasian,Female,[80-90),?,1,1,1,3,?,?,53,1,13,0,0,0,286,486,428,8,,,No,No,No,No,No,No,No,Up,No,No,No,No,No,No,No,No,No,Steady,No,No,No,No,No,Ch,Yes
157717866,96497010,Caucasian,Male,[80-90),?,5,3,1,11,MC,?,61,3,24,1,0,0,440,403,276,9,,>7,No,No,No,No,No,No,No,No,No,No,No,No,No,No,No,No,No,Steady,No,No,No,No,No,No,Yes
157718418,70776540,Caucasian,Male,[70-80),?,1,3,7,7,MC,?,51,2,21,0,0,1,787,276,585,9,,,No,No,No,No,No,No,Steady,No,No,No,No,No,No,No,No,No,No,Steady,No,No,No,No,No,Ch,Yes
157718892,92052630,Caucasian,Female,[70-80),?,1,3,7,11,MC,Emergency/Trauma,63,4,22,0,1,2,433,403,599,9,,,No,No,No,No,No,No,No,No,No,No,No,No,No,No,No,No,No,Down,No,No,No,No,No,Ch,Yes
157718964,63021951,Caucasian,Male,[80-90),?,1,6,7,5,?,?,69,0,27,0,0,0,493,428,466,9,,,No,No,No,No,No,No,No,No,No,No,No,No,No,No,No,No,No,Up,No,No,No,No,No,Ch,Yes
157719702,82916586,Caucasian,Male,[50-60),?,1,1,7,3,HM,?,35,0,10,0,0,0,682,250,401,5,,,No,No,No,No,No,No,No,No,No,No,No,No,No,No,No,No,No,No,No,No,No,No,No,No,No
157721490,23688702,Caucasian,Male,[80-90),?,1,11,7,3,MC,InternalMedicine,62,0,32,0,1,3,507,496,263,8,,,No,No,No,No,No,No,No,No,No,No,No,No,No,No,No,No,No,Up,No,No,No,No,No,Ch,Yes
157724898,59363082,Caucasian,Male,[40-50),?,3,8,4,7,HM,?,35,2,18,0,0,0,V58,427,V43,9,,,No,No,No,No,Steady,No,No,No,No,No,No,No,No,No,No,No,No,No,No,No,No,No,No,No,Yes
157729152,84270024,AfricanAmerican,Female,[80-90),?,1,1,7,3,MC,?,56,2,11,0,0,0,535,285,276,9,,Norm,No,No,No,No,No,No,No,No,No,No,No,No,No,No,No,No,No,Steady,No,No,No,No,No,No,Yes
157729794,106677765,AfricanAmerican,Male,[10-20),?,1,1,7,5,?,?,46,0,7,0,0,0,250.11,276,694,3,,,No,No,No,No,No,No,No,No,No,No,No,No,No,No,No,No,No,Up,No,No,No,No,No,Ch,Yes
157730832,23345361,AfricanAmerican,Female,[20-30),?,3,1,1,4,MD,ObstetricsandGynecology,41,2,21,0,2,5,656,648,250.01,9,,,No,No,No,No,No,No,No,No,No,No,No,No,No,No,No,No,No,Steady,No,No,No,No,No,No,Yes
157731558,65949453,Caucasian,Male,[50-60),?,5,1,1,1,SP,?,45,0,10,0,0,0,780,785,250.02,9,,>8,No,No,No,No,No,No,No,No,No,No,No,No,No,No,No,No,No,Up,No,No,No,No,No,Ch,Yes
157731918,96971193,Caucasian,Female,[70-80),?,1,3,7,6,MC,?,35,4,23,0,0,0,924,427,285,9,,,No,No,No,No,No,No,No,No,No,No,No,No,No,No,No,No,No,No,No,No,No,No,No,No,No
157732422,91690308,Caucasian,Female,[80-90),?,3,1,1,3,MC,Pulmonology,51,0,7,1,0,1,401,493,250,6,,,No,No,No,No,No,No,No,No,No,No,No,No,No,No,No,No,No,Up,No,No,No,No,No,Ch,Yes
157733556,87560073,Caucasian,Female,[80-90),?,1,3,7,4,MC,?,72,0,8,0,0,0,728,496,276,8,,,No,No,No,No,No,No,No,No,No,No,No,No,No,No,No,No,No,No,No,No,No,No,No,No,No
157735464,48478248,Caucasian,Male,[80-90),?,1,4,7,5,?,?,52,0,12,1,0,0,38,780,599,9,,,Steady,No,No,No,No,No,No,No,No,No,No,No,No,No,No,No,No,No,No,No,No,No,No,No,Yes
157735512,92308140,AfricanAmerican,Female,[40-50),?,5,6,1,2,SI,?,58,2,19,0,0,0,285,42,276,9,,,No,No,No,No,No,No,No,No,No,Steady,No,No,No,No,No,No,No,Steady,No,No,No,No,No,Ch,Yes
157736556,23792634,AfricanAmerican,Female,[30-40),?,1,1,7,3,SP,InternalMedicine,44,0,7,0,0,1,428,425,250,4,,,No,No,No,No,No,No,No,No,No,No,No,No,No,No,No,No,No,Steady,No,No,No,No,No,No,Yes
157736730,85145184,Caucasian,Male,[60-70),?,1,2,7,2,MC,?,42,0,14,0,0,1,414,496,535,9,,,No,No,No,No,No,No,No,No,No,No,No,No,No,No,No,No,No,No,No,No,No,No,No,No,No
157737876,53493372,Caucasian,Male,[50-60),?,5,1,1,3,WC,?,26,0,12,0,0,0,682,492,413,9,,,No,No,No,No,No,No,No,No,No,No,No,No,No,No,No,No,No,Up,No,No,No,No,No,Ch,Yes
157738122,84775527,Caucasian,Female,[50-60),?,1,2,1,3,BC,?,39,4,13,2,0,0,414,414,443,7,,,Steady,No,No,No,No,No,Steady,No,No,No,No,No,No,No,No,No,No,No,No,No,No,No,No,Ch,Yes
157739556,96666543,Caucasian,Female,[50-60),?,3,1,1,1,?,Surgery-Plastic,16,2,11,0,0,2,998,998,496,9,,,No,No,No,No,No,No,Steady,No,No,No,No,No,No,No,No,No,No,No,No,No,No,No,No,No,Yes
157741032,105640110,Caucasian,Female,[70-80),?,1,1,1,1,?,?,4,0,7,0,0,0,786,250,715,4,,,Steady,No,No,No,No,No,No,Steady,No,No,No,No,No,No,No,No,No,No,No,No,No,No,No,Ch,Yes
157742238,23273973,AfricanAmerican,Female,[50-60),?,1,1,7,2,MC,Nephrology,42,1,12,0,3,0,807,403,V45,9,,,No,No,No,No,No,No,No,No,No,No,No,No,No,No,No,No,No,No,No,No,No,No,No,No,No
157742568,55899621,Caucasian,Female,[30-40),?,1,1,7,5,?,?,53,0,13,0,0,0,250.11,276,574,7,,,No,No,No,No,No,No,No,No,No,No,No,No,No,No,No,No,No,Steady,No,No,No,No,No,No,Yes
157743096,66010212,Caucasian,Female,[70-80),?,5,3,1,4,MC,?,48,0,19,0,0,0,558,276,250,9,,,No,No,No,No,No,No,No,No,No,No,No,No,No,No,No,No,No,Up,No,No,No,No,No,Ch,Yes
157745214,98616564,Caucasian,Male,[50-60),?,2,1,1,10,?,Oncology,57,2,25,0,0,0,558,276,154,9,,,Steady,No,No,No,No,No,No,No,No,No,No,No,No,No,No,No,No,No,No,No,No,No,No,No,Yes
157745946,85124781,AfricanAmerican,Female,[80-90),?,1,6,7,4,MC,?,49,1,14,1,0,0,707,682,250,6,,,No,No,No,No,No,No,Steady,No,No,No,No,No,No,No,No,No,No,No,No,No,No,No,No,No,Yes
157746138,106216551,Caucasian,Male,[80-90),?,1,1,1,3,?,?,60,0,12,0,1,0,780,276,E849,9,,,Steady,No,No,No,No,No,No,No,No,No,No,No,No,No,No,No,No,Steady,No,No,No,No,No,Ch,Yes
157746882,40962348,Caucasian,Female,[30-40),?,1,1,7,11,SP,?,29,0,14,0,0,4,682,707,459,9,,,Steady,No,No,No,No,No,No,No,No,No,No,No,No,No,No,No,No,No,No,No,No,No,No,No,Yes
157747146,106362594,Caucasian,Female,[50-60),?,2,6,2,7,?,Cardiology,55,5,39,1,0,0,414,411,V63,9,,,No,No,No,No,No,No,No,No,No,No,No,No,No,No,No,No,No,No,No,No,No,No,No,No,No
157747920,61541694,Caucasian,Female,[60-70),?,1,1,7,2,?,?,9,0,10,0,0,0,423,414,250,4,,,Steady,No,No,No,No,No,Steady,No,No,No,No,No,No,No,No,No,No,No,No,No,No,No,No,Ch,Yes
157748676,107993277,Caucasian,Female,[90-100),?,2,4,4,5,?,Radiologist,59,3,16,1,0,0,801,518,427,9,,,No,No,No,No,No,No,No,No,No,No,No,No,No,No,No,No,No,Steady,No,No,No,No,No,No,Yes
157748700,87968727,Caucasian,Male,[40-50),?,1,7,7,4,CP,?,58,2,21,0,0,0,592,590,38,6,,>8,No,No,No,No,No,No,Steady,No,No,Steady,No,No,No,No,No,No,No,Steady,No,No,No,No,No,Ch,Yes
157749612,94499091,Caucasian,Male,[50-60),?,1,1,7,6,MC,?,71,1,21,0,0,0,493,250.02,300,9,,>8,No,No,No,No,No,No,No,Steady,No,No,No,No,No,No,No,No,No,Steady,No,No,No,No,No,Ch,Yes
157749876,108020853,AfricanAmerican,Male,[60-70),?,1,3,7,11,MC,?,35,0,16,0,0,0,787,428,599,9,,,Steady,No,No,No,No,No,No,No,No,Up,No,No,No,No,No,No,No,Steady,No,No,No,No,No,Ch,Yes
157750878,82747026,Caucasian,Female,[50-60),?,1,6,2,4,?,?,49,1,24,0,0,0,250.83,592,591,9,,,No,No,No,No,No,No,No,No,No,No,No,No,No,No,No,No,No,Steady,No,No,No,No,No,No,Yes
157751334,91501713,Caucasian,Male,[40-50),?,1,1,7,1,BC,?,50,3,11,0,0,0,592,591,276,7,,,No,No,No,No,No,No,No,Steady,No,No,No,No,No,No,No,No,No,Down,No,No,No,No,No,Ch,Yes
157751346,42962400,Caucasian,Male,[60-70),?,1,1,7,2,SP,?,55,0,12,1,0,0,250,V61,?,2,,,Steady,No,No,No,No,No,Steady,No,No,No,No,No,No,No,No,No,No,Steady,No,No,No,No,No,Ch,Yes
157752006,79035957,Caucasian,Female,[80-90),?,1,3,7,9,MC,?,71,0,20,0,0,0,933,427,496,9,,,No,No,No,No,No,No,No,No,No,No,No,No,No,No,No,No,No,No,No,No,No,No,No,No,No
157753266,91292013,Caucasian,Female,[60-70),?,2,3,7,3,MC,Surgery-General,40,1,21,0,0,0,250.8,491,810,7,,,No,No,No,No,No,No,No,Steady,No,No,No,No,No,No,No,No,No,Steady,No,No,No,No,No,Ch,Yes
157753524,86887098,AfricanAmerican,Male,[70-80),?,3,3,1,3,MC,Ophthalmology,1,3,18,0,0,0,727,726,716,9,,,Steady,No,No,No,No,No,No,No,No,Steady,No,No,No,No,No,No,No,No,Steady,No,No,No,No,Ch,Yes
157753644,66108654,Caucasian,Female,[80-90),?,1,6,7,2,?,?,70,0,18,1,0,0,920,250.02,595,9,,>7,No,No,No,No,No,No,No,No,No,No,No,No,No,No,No,No,No,No,No,No,No,No,No,No,No
157754040,25275879,Caucasian,Male,[30-40),?,1,1,7,4,BC,Family/GeneralPractice,36,0,10,0,0,0,989,250.02,608,7,,>8,Steady,No,No,No,No,No,No,No,No,No,No,No,No,No,No,No,No,Steady,No,No,No,No,No,Ch,Yes
157755006,24221376,AfricanAmerican,Male,[40-50),?,1,6,7,2,BC,Nephrology,41,1,14,0,0,1,38,403,710,7,,,No,No,No,No,No,No,No,No,No,No,No,No,Steady,No,No,No,No,No,No,No,No,No,No,No,Yes
157755432,87406128,Caucasian,Male,[40-50),?,1,1,1,5,HM,?,15,1,10,1,0,0,789,403,753,6,,,No,No,No,No,No,No,No,No,No,No,No,No,No,No,No,No,No,No,No,No,No,No,No,No,No
157755486,85900923,Caucasian,Male,[70-80),?,1,1,7,2,HM,?,36,0,8,0,0,0,428,427,424,6,,,Steady,No,No,No,No,No,Steady,No,No,No,No,No,No,No,No,No,No,No,No,No,No,No,No,Ch,Yes
157755894,93468942,Caucasian,Female,[80-90),?,2,3,7,2,MC,Emergency/Trauma,35,0,20,0,2,1,486,332,401,9,,,No,No,No,No,No,No,No,No,No,No,No,No,No,No,No,No,No,Up,No,No,No,No,No,Ch,Yes
157758558,25253307,AfricanAmerican,Female,[60-70),?,1,3,7,3,MC,InternalMedicine,51,0,12,0,0,0,250.02,401,V15,4,,,Steady,No,No,No,Steady,No,No,No,No,Steady,No,No,No,No,No,No,No,Down,No,No,No,No,No,Ch,Yes
157759440,23896971,AfricanAmerican,Female,[80-90),?,1,3,7,4,MC,Family/GeneralPractice,49,0,10,0,0,0,428,250,715,4,,,No,No,No,No,No,No,Steady,No,No,Steady,No,No,No,No,No,No,No,Up,No,No,No,No,No,Ch,Yes
157759992,41346216,Caucasian,Female,[80-90),?,1,3,7,2,MC,?,57,0,15,1,0,3,553,599,250.02,4,,,No,No,No,No,No,No,No,No,No,No,No,No,No,No,No,No,No,No,No,No,No,No,No,No,No
157760940,78096168,Caucasian,Male,[50-60),?,1,1,7,2,?,InternalMedicine,61,0,9,0,1,0,38,599,995,7,,,Steady,No,No,No,No,No,No,No,No,No,No,No,No,No,No,No,No,Steady,No,No,No,No,No,Ch,Yes
157761276,80704251,Caucasian,Male,[50-60),?,1,1,7,3,?,?,47,0,7,1,0,0,552,V10,401,5,,,No,No,No,No,No,No,No,No,No,No,No,No,No,No,No,No,No,No,No,No,No,No,No,No,No
157764660,57251106,AfricanAmerican,Female,[80-90),?,1,6,7,2,?,?,43,0,15,2,0,0,459,428,410,9,,,No,No,No,No,No,No,No,No,No,No,No,No,No,No,No,No,No,Down,No,No,No,No,No,Ch,Yes
157765674,101323143,Caucasian,Female,[70-80),?,1,1,2,4,?,?,38,0,6,0,0,0,162,288,287,7,,,No,No,No,No,No,No,No,No,No,No,No,No,No,No,No,No,No,No,No,No,No,No,No,No,No
157766658,105789384,Caucasian,Female,[80-90),?,1,1,4,3,?,?,43,0,9,0,0,0,599,276,284,9,,,No,No,No,No,No,No,No,No,No,No,Steady,No,No,No,No,No,No,No,No,No,No,No,No,No,Yes
157767396,91202580,Hispanic,Female,[70-80),?,2,1,7,2,BC,Emergency/Trauma,47,1,18,0,0,3,786,493,304,9,,,Steady,No,No,No,No,No,Steady,No,No,No,No,No,No,No,No,No,No,No,No,No,No,No,No,Ch,Yes
157769004,89412948,Caucasian,Male,[70-80),?,2,1,7,3,SP,Emergency/Trauma,48,0,10,0,0,1,414,413,562,9,,,Steady,No,No,No,No,No,Steady,No,No,No,No,No,No,No,No,No,No,No,No,No,No,No,No,Ch,Yes
157769076,79753644,Caucasian,Male,[50-60),?,2,3,7,3,?,?,75,0,28,0,0,0,250.22,496,V42,9,,>8,No,No,No,No,No,No,No,No,No,No,No,No,No,No,No,No,No,Up,No,No,No,No,No,Ch,Yes
157769148,85570542,Caucasian,Female,[60-70),?,1,1,7,3,HM,?,46,0,11,0,0,0,414,411,496,6,,,Steady,No,No,No,No,No,No,No,No,No,No,No,No,No,No,No,No,No,No,No,No,No,No,No,Yes
157770984,59301036,Caucasian,Female,[70-80),?,1,3,7,4,?,?,43,0,6,1,0,0,599,8,428,9,,,No,No,No,No,No,No,No,No,No,No,No,No,No,No,No,No,No,No,No,No,No,No,No,No,No
157771008,52430067,Caucasian,Male,[60-70),?,1,6,7,3,MC,Family/GeneralPractice,55,0,13,0,0,1,569,562,250,4,,,No,No,No,No,No,No,No,Steady,No,Steady,No,No,No,No,No,No,No,No,No,No,No,No,No,Ch,Yes
157771518,106813584,AfricanAmerican,Male,[50-60),?,5,1,1,1,MC,?,37,0,10,0,0,0,786,413,304,9,,Norm,No,No,No,No,No,No,No,No,No,No,No,No,No,No,No,No,No,Steady,No,No,No,No,No,No,Yes
157771632,50366205,AfricanAmerican,Female,[50-60),?,1,3,7,2,?,?,44,0,7,0,0,0,431,780,453,9,,,No,No,No,No,No,No,No,No,No,No,No,No,No,No,No,No,No,No,No,No,No,No,No,No,No
157772214,40848840,Caucasian,Female,[70-80),?,1,6,7,10,?,?,78,0,37,0,0,1,38,780,276,9,,,Steady,No,No,No,No,No,No,Steady,No,No,No,No,No,No,No,No,No,Steady,No,No,No,No,No,Ch,Yes
157772412,56766564,AfricanAmerican,Female,[80-90),?,1,1,1,5,?,?,45,1,22,0,0,0,599,560,428,9,,,No,No,No,No,No,No,No,No,No,No,No,No,No,No,No,No,No,No,No,No,No,No,No,No,No
157774302,25069329,Caucasian,Male,[30-40),?,1,6,7,3,MD,InternalMedicine,35,0,14,0,0,0,707,682,741,6,,,Steady,No,No,No,No,No,Steady,No,No,No,No,No,No,No,No,No,No,Steady,No,No,No,No,No,Ch,Yes
157775982,24690654,Caucasian,Male,[70-80),?,1,3,5,2,MC,Family/GeneralPractice,44,0,16,0,0,0,491,427,428,7,,,No,No,No,No,No,No,No,No,No,No,No,No,No,No,No,No,No,Up,No,No,No,No,No,Ch,Yes
157775994,93969603,Caucasian,Female,[70-80),?,2,1,7,1,MC,Emergency/Trauma,45,3,11,0,0,0,414,585,250,7,,,No,No,No,No,No,No,No,No,No,No,No,No,No,No,No,No,No,No,No,No,No,No,No,No,No
157776078,25276032,AfricanAmerican,Female,[90-100),?,1,2,7,11,MC,InternalMedicine,55,2,41,0,0,0,560,585,997,9,,,No,No,No,No,No,No,No,No,No,No,No,No,No,No,No,No,No,Up,No,No,No,No,No,Ch,Yes
157777242,105886944,AfricanAmerican,Female,[30-40),?,1,1,2,4,?,?,48,1,24,0,0,0,915,681,41,6,,,No,No,No,No,No,No,No,No,No,No,No,No,No,No,No,No,No,No,No,No,No,No,No,No,No
157777764,42378435,Caucasian,Female,[70-80),?,1,1,7,3,MC,?,19,1,14,0,0,2,557,562,425,8,,,No,No,No,No,No,No,No,No,No,No,No,No,No,No,No,No,No,No,No,No,No,No,No,No,No
157777974,44799849,Caucasian,Female,[50-60),?,1,1,7,2,MD,Emergency/Trauma,1,0,8,0,0,1,781,780,250,9,,,No,No,No,No,No,No,No,No,No,No,No,No,No,No,No,No,No,Steady,No,No,No,No,No,No,Yes
157781472,34383582,Caucasian,Male,[40-50),?,3,1,1,2,?,?,33,2,13,0,0,0,428,427,427,9,,,Steady,No,No,No,No,No,No,No,No,No,No,No,No,No,No,No,No,No,No,No,No,No,No,No,Yes
157781478,103847679,AfricanAmerican,Female,[50-60),?,1,1,1,1,?,?,35,0,14,0,0,1,590,428,493,9,,,No,No,No,No,No,No,No,No,No,No,No,No,No,No,No,No,No,Steady,No,No,No,No,No,No,Yes
157789848,105819291,Caucasian,Female,[80-90),?,1,4,2,1,?,?,21,0,3,0,0,0,852,920,E849,9,,,No,No,No,No,No,No,No,No,No,No,No,No,No,No,No,No,No,No,No,No,No,No,No,No,No
157791126,81457281,AfricanAmerican,Male,[60-70),?,1,1,7,2,CP,?,28,0,14,0,0,1,482,428,250.02,9,,,No,No,No,No,No,No,Steady,No,No,No,No,No,No,No,No,No,No,Down,No,No,No,No,No,Ch,Yes
157805802,36553878,AfricanAmerican,Female,[40-50),?,5,3,1,9,MD,?,66,1,19,0,0,0,291,571,287,9,,,No,No,No,No,No,No,No,No,No,No,No,No,No,No,No,No,No,No,No,No,No,No,No,No,No
157812822,1880478,Caucasian,Female,[70-80),?,1,6,7,8,?,?,67,6,29,0,0,1,569,285,496,9,,,No,No,No,No,No,No,No,No,No,Steady,No,No,No,No,No,No,No,Steady,No,No,No,No,No,Ch,Yes
157816074,23207859,Caucasian,Female,[70-80),?,2,23,1,8,MC,InternalMedicine,54,2,53,0,0,0,562,493,427,6,,,Steady,No,No,No,No,No,Steady,No,No,No,No,No,No,No,No,No,No,Down,No,No,No,No,No,Ch,Yes
157817796,105904089,Caucasian,Female,[70-80),?,2,2,2,11,?,PhysicalMedicineandRehabilitation,43,3,15,0,0,0,V57,V63,438,9,,,No,No,No,No,No,No,No,No,No,No,Steady,No,No,No,No,No,No,No,No,No,No,No,No,No,Yes
157822608,7462827,Caucasian,Male,[60-70),?,3,1,1,4,BC,Surgery-General,2,3,15,2,0,2,V57,250.6,719,9,,,No,No,No,No,No,No,No,No,No,No,No,No,No,No,No,No,No,No,No,No,No,No,No,No,No
157829964,23939118,AfricanAmerican,Male,[40-50),?,3,1,1,1,MD,Surgery-General,32,1,16,0,0,1,458,403,250,6,,,No,No,No,No,No,No,No,No,No,No,No,No,No,No,No,No,No,No,No,No,No,No,No,No,No
157830414,89859537,Caucasian,Male,[70-80),?,2,1,7,1,MC,Emergency/Trauma,19,2,12,1,0,1,537,537,280,9,,,No,No,No,No,No,No,No,No,No,No,No,No,No,No,No,No,No,Down,No,No,No,No,No,Ch,Yes
157833156,88829973,Caucasian,Female,[60-70),?,3,1,1,2,MC,Gastroenterology,68,0,11,1,0,0,584,276,414,7,,,No,No,No,No,No,No,No,Steady,No,No,No,No,No,No,No,No,No,Up,No,No,No,No,No,Ch,Yes
157834572,84413232,Caucasian,Male,[70-80),?,1,2,7,3,MC,?,34,3,15,0,0,1,414,428,V45,9,,,Steady,No,No,No,No,No,No,Steady,No,No,No,No,No,No,No,No,No,No,No,No,No,No,No,Ch,Yes
157835832,88765128,Caucasian,Male,[70-80),?,1,6,7,8,?,?,49,0,10,1,0,0,453,453,250,5,,,No,No,No,No,No,No,No,No,No,No,No,No,No,No,No,No,No,No,No,No,No,No,No,No,No
157838844,24540165,Caucasian,Female,[60-70),?,2,1,1,2,MC,InternalMedicine,38,1,14,1,0,0,578,202,250,5,,,No,No,No,No,No,No,No,No,No,No,No,No,No,No,No,No,No,No,No,No,No,No,No,No,No
157840092,23510367,AfricanAmerican,Female,[50-60),?,1,2,7,3,MC,Nephrology,46,2,27,0,0,0,996,995,38,9,,,No,No,No,No,No,No,No,No,No,No,No,No,No,No,No,No,No,No,No,No,No,No,No,No,No
157842234,51123276,AfricanAmerican,Female,[50-60),?,3,3,1,3,PO,?,3,2,4,0,0,0,715,272,250,3,,,No,No,No,No,No,No,No,No,No,No,No,No,No,No,No,No,No,No,No,No,No,No,No,No,No
157843782,112051980,Caucasian,Male,[70-80),?,2,1,7,4,SP,Emergency/Trauma,65,1,19,0,0,0,486,518,491,9,,Norm,No,No,No,No,No,No,No,No,No,No,No,No,No,No,No,No,No,Up,No,No,No,No,No,Ch,Yes
157844664,102847392,Caucasian,Female,[60-70),?,2,1,7,1,HM,Emergency/Trauma,15,0,12,0,0,5,996,250,244,9,,,No,No,No,No,Steady,No,No,No,No,No,No,No,No,No,No,No,No,No,No,No,No,No,No,No,Yes
157846662,104353542,AfricanAmerican,Male,[60-70),?,2,2,2,7,?,PhysicalMedicineandRehabilitation,34,2,17,0,0,1,V57,285,578,9,,,No,No,No,No,No,No,No,No,No,No,No,No,No,No,No,No,No,No,No,No,No,No,No,No,No
157848402,94624227,Caucasian,Male,[80-90),?,1,1,7,5,HM,?,63,1,11,0,0,0,511,427,428,9,,,No,No,No,No,No,No,No,No,No,No,No,No,No,No,No,No,No,No,No,No,No,No,No,No,No
157848972,4364910,Caucasian,Male,[90-100),?,2,3,1,4,?,?,24,0,7,0,0,0,428,414,250.4,9,,Norm,No,No,No,No,No,No,No,Steady,No,No,No,No,No,No,No,No,No,No,No,No,No,No,No,No,Yes
157853784,107006967,Caucasian,Female,[80-90),?,2,1,2,2,?,Neurology,40,0,3,0,0,0,812,V63,401,5,,,No,No,No,No,Steady,No,No,No,No,No,No,No,No,No,No,No,No,No,No,No,No,No,No,No,Yes
157854018,101379933,Caucasian,Female,[70-80),?,1,22,7,7,MC,?,61,1,19,0,0,0,434,491,447,9,,>8,Steady,No,No,No,No,No,No,No,No,No,No,No,No,No,No,No,No,No,No,No,No,No,No,No,Yes
157855608,78468444,Caucasian,Female,[70-80),[75-100),1,1,7,4,MC,?,57,4,17,3,0,0,789,535,211,9,,,No,No,No,No,No,No,Steady,No,No,No,No,No,No,No,No,No,No,No,No,No,No,No,No,No,Yes
157861470,55231362,Caucasian,Male,[70-80),?,1,3,7,7,MC,?,81,2,22,0,0,0,599,428,434,9,,>7,No,No,No,No,Steady,No,No,No,No,No,No,No,No,No,No,No,No,Up,No,No,No,No,No,Ch,Yes
157862586,23635782,AfricanAmerican,Male,[30-40),?,1,1,7,5,MC,Emergency/Trauma,39,1,18,0,0,0,535,428,425,9,,,No,No,No,No,No,No,No,No,No,No,No,No,No,No,No,No,No,No,No,No,No,No,No,No,No
157865562,99730422,Caucasian,Male,[30-40),?,2,1,7,3,SP,Emergency/Trauma,44,0,3,0,1,1,75,707,250.03,8,,,No,No,No,No,No,No,No,No,No,No,No,No,No,No,No,No,No,Up,No,No,No,No,No,Ch,Yes
157866654,40382109,Caucasian,Female,[70-80),?,3,1,1,8,MC,?,60,1,21,0,0,2,593,427,V45,9,,,No,No,No,No,No,No,Steady,No,No,Steady,No,No,No,No,No,No,No,No,No,No,No,No,No,Ch,Yes
157866702,93675141,AfricanAmerican,Female,[40-50),?,1,1,7,3,HM,?,10,3,11,0,0,0,428,428,401,6,,,No,No,No,No,No,No,Steady,No,No,Steady,No,No,No,No,No,No,No,Steady,No,No,No,No,No,Ch,Yes
157867224,47267361,Caucasian,Male,[60-70),?,2,1,1,3,MC,InternalMedicine,56,1,13,0,0,1,790,41,414,7,,,Steady,Steady,No,No,No,No,No,Steady,No,No,No,No,No,No,No,No,No,Steady,No,No,No,No,No,Ch,Yes
157867854,23190084,AfricanAmerican,Female,[50-60),?,1,1,7,3,BC,InternalMedicine,43,0,13,1,3,2,577,424,276,9,,,No,No,No,No,No,No,No,No,No,No,No,No,No,No,No,No,No,Steady,No,No,No,No,No,No,Yes
157869534,90570177,AfricanAmerican,Female,[80-90),?,2,6,1,4,?,Oncology,36,2,5,0,0,0,203,428,799,7,,,No,No,No,No,No,No,No,No,No,No,No,No,No,No,No,No,No,No,No,No,No,No,No,No,No
157870386,61152318,Caucasian,Female,[60-70),?,1,22,7,10,?,?,49,1,22,2,0,0,860,850,807,9,,,No,No,No,No,No,No,No,No,No,No,No,No,No,No,No,No,No,No,No,No,No,No,No,No,No
157872288,85932549,Caucasian,Female,[70-80),?,2,2,1,14,MC,?,88,2,23,2,0,1,238,287,284,9,>300,,No,No,No,No,No,No,Steady,No,No,No,No,No,No,No,No,No,No,No,No,No,No,No,No,No,Yes
157872768,60853959,Caucasian,Male,[40-50),?,1,1,1,3,?,Emergency/Trauma,38,0,10,0,0,0,250,300,?,2,,,Steady,No,No,No,No,No,No,No,No,No,No,No,No,No,No,No,No,Steady,No,No,No,No,No,Ch,Yes
157873356,23200686,Caucasian,Female,[70-80),?,1,1,7,5,MC,InternalMedicine,49,1,21,0,0,0,491,428,410,9,,,No,No,No,No,No,No,No,No,No,No,No,No,No,No,No,No,No,Up,No,No,No,No,No,Ch,Yes
157873734,101889783,Caucasian,Male,[80-90),?,1,1,7,4,?,?,52,2,15,0,0,0,599,287,V63,7,,,No,No,No,No,No,No,No,No,No,No,No,No,No,No,No,No,No,No,No,No,No,No,No,No,No
157877064,106392492,Caucasian,Female,[60-70),?,3,1,1,1,CP,Surgery-General,3,2,18,0,0,1,252,241,272,7,,,No,No,No,No,No,No,No,No,No,No,No,No,No,No,No,No,No,No,No,No,No,No,No,No,No
157877616,13078098,Caucasian,Female,[80-90),?,2,1,1,4,?,InternalMedicine,45,0,15,2,0,0,486,496,519,8,,,Steady,No,No,No,No,No,No,No,No,No,No,No,No,No,No,No,No,Steady,No,No,No,No,No,Ch,Yes
157879236,105538374,Caucasian,Male,[60-70),?,5,1,1,1,MC,?,39,0,18,1,1,0,491,786,250.6,8,,>8,Steady,No,No,No,No,No,Steady,No,No,Steady,No,No,No,No,No,No,No,Steady,No,No,No,No,No,Ch,Yes
157883202,98724429,Caucasian,Male,[70-80),?,2,1,7,3,MC,Emergency/Trauma,33,0,14,0,0,0,428,682,V42,8,,,No,No,No,No,Steady,No,No,No,No,No,No,No,Steady,No,No,No,No,No,No,No,No,No,No,Ch,Yes
157884864,41799393,Caucasian,Female,[70-80),?,3,3,1,9,MC,Nephrology,67,5,55,0,0,1,414,411,403,9,,,No,No,No,No,No,No,No,No,No,No,No,No,No,No,No,No,No,Up,No,No,No,No,No,Ch,Yes
157885590,90985464,Caucasian,Female,[60-70),?,1,6,7,10,?,?,59,2,18,2,0,0,53,788,276,9,,,No,No,No,No,No,No,No,No,No,No,No,No,No,No,No,No,No,Steady,No,No,No,No,No,No,Yes
157886028,82664136,Caucasian,Female,[80-90),?,1,13,7,5,MC,InternalMedicine,74,3,18,0,0,0,511,434,486,9,,,Steady,No,No,No,No,No,No,Steady,No,No,No,No,No,No,No,No,No,Steady,No,No,No,No,No,Ch,Yes
157887318,107009037,AfricanAmerican,Male,[30-40),?,1,1,2,5,?,?,48,0,12,0,0,0,780,250.02,272,8,,,Steady,No,No,No,No,No,Steady,Steady,No,No,No,No,No,No,No,No,No,No,No,No,No,No,No,Ch,Yes
157888728,107006427,Caucasian,Female,[60-70),?,1,22,7,11,?,?,85,2,29,0,0,0,486,599,276,9,,,No,No,No,No,No,No,No,No,No,No,No,No,No,No,No,No,No,No,No,No,No,No,No,No,No
157889334,105564942,Caucasian,Male,[70-80),?,1,1,2,4,CM,?,34,0,19,0,0,0,486,491,307,5,,,No,No,No,No,No,No,Steady,No,No,No,No,No,No,No,No,No,No,Steady,No,No,No,No,No,Ch,Yes
157891140,54213840,Caucasian,Female,[80-90),?,1,14,7,9,MC,?,78,1,22,0,0,3,38,584,434,9,,,No,No,No,No,No,No,No,No,No,No,No,No,No,No,No,No,No,Down,No,No,No,No,No,Ch,Yes
157891182,23393457,AfricanAmerican,Female,[60-70),?,1,1,7,2,MC,Emergency/Trauma,40,2,10,1,0,6,197,428,276,9,,,No,No,No,No,No,No,No,No,No,No,No,No,No,No,No,No,No,Steady,No,No,No,No,No,No,Yes
157891194,23838471,Caucasian,Female,[40-50),?,1,1,7,9,MC,InternalMedicine,49,1,31,0,0,0,486,491,250.02,9,,,Steady,No,No,No,No,No,Up,No,No,No,No,No,No,No,No,No,No,No,No,No,No,No,No,Ch,Yes
157892070,25039188,AfricanAmerican,Female,[70-80),?,1,6,7,13,MC,Otolaryngology,53,6,33,0,0,0,197,162,780,9,,Norm,No,No,No,No,No,No,Steady,No,No,No,No,No,No,No,No,No,No,Steady,No,No,No,No,No,Ch,Yes
157892148,43747200,Caucasian,Female,[60-70),?,1,1,7,2,BC,?,32,2,10,0,0,0,414,413,401,6,,,No,No,No,No,No,No,No,Steady,No,No,No,No,No,No,No,No,No,Steady,No,No,No,No,No,Ch,Yes
157893366,87910965,Caucasian,Female,[70-80),?,1,1,7,2,MC,?,2,0,11,0,0,1,518,428,427,9,,,No,No,No,No,No,No,No,No,No,No,Steady,No,No,No,No,No,No,No,No,No,No,No,No,No,Yes
157893474,94219614,Caucasian,Male,[60-70),?,1,1,7,2,UN,Emergency/Trauma,61,3,19,0,0,0,414,443,401,9,,,Steady,No,No,No,No,No,No,Steady,No,No,Steady,No,No,No,No,No,No,Down,No,No,No,No,No,Ch,Yes
157893618,97311816,AfricanAmerican,Male,[70-80),?,5,6,1,2,MC,?,33,0,20,1,0,1,491,428,403,9,,,Steady,No,No,No,No,No,No,No,No,No,No,No,No,No,No,No,No,Steady,No,No,No,No,No,Ch,Yes
157893636,25282791,Caucasian,Female,[70-80),?,1,22,7,5,MC,Orthopedics,38,2,34,0,0,0,820,428,584,9,,,No,No,No,No,No,No,Steady,No,No,No,No,No,No,No,No,No,No,Up,No,No,No,No,No,Ch,Yes
157895292,93609945,Caucasian,Male,[80-90),?,2,3,7,2,MC,Surgery-General,43,0,5,0,2,1,780,196,518,7,,Norm,No,Steady,No,No,No,No,No,No,No,No,No,No,No,No,No,No,No,Steady,No,No,No,No,No,Ch,Yes
157898940,52005600,Caucasian,Male,[70-80),?,5,3,1,5,MC,?,42,2,28,1,0,0,715,518,250,8,,>7,Steady,No,No,No,No,No,Steady,No,No,No,No,No,No,No,No,No,No,Steady,No,No,No,No,No,Ch,Yes
157899324,98953641,Caucasian,Female,[60-70),[75-100),1,3,7,7,BC,?,72,0,14,0,0,0,434,424,428,9,,,No,No,No,No,No,No,No,No,No,No,No,No,No,No,No,No,No,No,No,No,No,No,No,No,No
157899486,95709888,Caucasian,Male,[70-80),?,3,1,1,8,SP,Urology,48,0,18,0,0,1,591,403,276,9,,,No,Steady,No,No,No,No,No,No,No,No,Steady,No,No,No,No,No,No,Down,No,No,No,No,No,Ch,Yes
157905144,85672395,Caucasian,Male,[80-90),?,3,6,1,6,HM,?,37,1,23,0,0,0,715,285,403,5,,,No,No,No,No,No,No,No,Steady,No,No,No,No,No,No,No,No,No,No,No,No,No,No,No,No,Yes
157905888,112430484,Caucasian,Male,[50-60),?,5,1,1,9,BC,?,44,2,22,2,0,0,153,197,280,8,,,No,No,No,No,No,No,No,Up,No,No,Steady,No,No,No,No,No,No,Up,No,No,No,No,No,Ch,Yes
157912242,62287245,AfricanAmerican,Female,[60-70),?,1,1,7,7,?,?,64,1,26,0,0,0,558,428,425,9,,,No,No,No,No,No,No,No,No,No,No,No,No,No,No,No,No,No,No,No,No,No,No,No,No,No
157913664,96482358,AfricanAmerican,Female,[70-80),?,3,6,1,9,?,Surgery-General,47,2,27,0,0,0,154,197,276,9,,,No,No,No,No,No,No,No,No,No,No,No,No,No,No,No,No,No,No,No,No,No,No,No,No,No
157914726,42394950,AfricanAmerican,Female,[70-80),?,3,1,1,7,?,Surgery-General,37,1,23,0,0,0,553,788,250,4,,,Steady,No,No,No,No,No,No,Steady,No,No,Steady,No,No,No,No,No,No,Steady,No,No,No,No,No,Ch,Yes
157917018,81882279,AfricanAmerican,Female,[50-60),?,1,6,7,4,?,?,35,3,21,0,0,0,250.7,440,403,9,,,No,No,No,No,No,No,No,No,No,No,No,No,No,No,No,No,No,Steady,No,No,No,No,No,No,Yes
157928364,90531468,Caucasian,Female,[30-40),?,1,1,1,3,?,?,9,0,6,0,1,0,250.11,V58,V15,3,,,No,No,No,No,No,No,No,No,No,No,No,No,No,No,No,No,No,Down,No,No,No,No,No,Ch,Yes
157930284,109178793,Caucasian,Male,[40-50),?,2,1,7,2,?,?,52,5,19,0,0,0,786,250.92,414,9,,>8,No,No,No,No,No,No,No,No,No,No,Steady,No,No,No,No,No,No,Steady,No,No,No,No,No,Ch,Yes
157930908,65904372,Caucasian,Male,[80-90),?,5,1,1,1,MC,?,5,2,13,0,0,0,188,591,427,9,,,No,No,No,No,No,No,No,Steady,No,No,No,No,No,No,No,No,No,No,No,No,No,No,No,No,Yes
157933092,57854574,Caucasian,Male,[50-60),?,1,1,1,4,?,?,42,1,16,0,0,0,535,530,250,5,,,No,No,No,No,No,No,No,Steady,No,No,Steady,No,No,No,No,No,No,Steady,No,No,No,No,No,Ch,Yes
157933620,107110053,Caucasian,Female,[80-90),?,3,3,1,2,?,?,41,1,20,0,0,0,715,496,V57,9,,,No,No,No,No,Steady,No,No,No,No,No,No,No,No,No,No,No,No,Steady,No,No,No,No,No,Ch,Yes
157937706,23456142,Caucasian,Male,[80-90),?,2,13,1,3,MC,Cardiology,26,0,14,0,0,0,428,425,276,8,,,No,No,No,No,No,No,Steady,No,No,No,No,No,No,No,No,No,No,Steady,No,No,No,No,No,Ch,Yes
157938096,100399221,Caucasian,Female,[60-70),?,3,1,7,2,MD,Emergency/Trauma,22,6,10,0,0,0,410,414,287,8,,,No,No,No,No,No,No,Steady,No,No,No,No,No,No,No,No,No,No,Steady,No,No,No,No,No,Ch,Yes
157943526,74494548,AfricanAmerican,Male,[60-70),?,1,1,2,2,?,?,31,0,9,0,0,1,79,250.8,276,9,,,No,No,No,No,No,No,No,No,No,No,No,No,No,No,No,No,No,No,No,No,No,No,No,No,No
157948164,23332320,AfricanAmerican,Female,[70-80),?,1,1,7,2,?,InternalMedicine,45,1,17,0,0,0,578,242,786,9,,,No,No,No,No,No,No,Steady,No,No,No,No,No,No,No,No,No,No,Steady,No,No,No,No,No,Ch,Yes
157949310,87976269,Caucasian,Female,[90-100),?,1,6,7,6,MC,?,54,1,13,0,0,0,8,250.02,427,9,,,No,No,No,No,No,No,No,No,No,No,No,No,No,No,No,No,No,No,No,No,No,No,No,No,No
157951464,75254229,Caucasian,Female,[50-60),?,3,1,1,4,CP,Family/GeneralPractice,42,0,5,0,0,0,997,453,272,7,,,No,No,No,No,No,No,No,No,No,No,Steady,No,No,No,No,No,No,No,No,No,No,No,No,No,Yes
157951680,89387505,Caucasian,Female,[60-70),?,1,6,7,4,MC,Emergency/Trauma,65,1,21,1,0,0,415,453,276,9,,Norm,Steady,No,No,No,No,No,No,No,No,No,No,No,No,No,No,No,No,Down,No,No,No,No,No,Ch,Yes
157960986,79460595,Other,Female,[70-80),?,2,1,1,5,?,Nephrology,46,0,15,0,0,1,787,V42,276,9,,,No,No,No,No,No,No,Steady,No,No,No,No,No,No,No,No,No,No,No,No,No,No,No,No,No,Yes
157961196,95643432,Hispanic,Male,[30-40),?,2,1,7,2,SP,Urology,48,1,9,0,0,0,608,250,?,2,,Norm,Steady,No,Steady,No,No,No,No,No,No,Steady,No,No,No,No,No,No,No,Steady,No,No,No,No,No,Ch,Yes
157962120,95350050,Caucasian,Female,[20-30),?,2,1,7,9,BC,Emergency/Trauma,78,2,20,1,1,2,250.1,577,577,9,,,No,No,No,No,No,No,No,No,No,No,No,No,No,No,No,No,No,Down,No,No,No,No,No,Ch,Yes
157963236,40825989,Caucasian,Male,[80-90),?,1,6,7,3,MC,?,43,0,11,0,0,5,428,593,250,5,,,Steady,No,No,No,Steady,No,No,No,No,No,No,No,No,No,No,No,No,No,No,No,No,No,No,Ch,Yes
157968402,23338773,AfricanAmerican,Female,[50-60),?,1,1,7,2,?,InternalMedicine,35,0,10,0,3,0,724,401,250,6,,,No,No,No,No,No,No,Steady,No,No,No,No,No,No,No,No,No,No,No,No,No,No,No,No,No,Yes
157968498,62637039,Caucasian,Female,[80-90),?,2,6,1,2,?,InternalMedicine,21,0,13,0,0,0,812,276,250,8,,,Steady,No,No,No,No,No,Steady,No,No,No,No,No,No,No,No,No,No,No,No,No,No,No,No,Ch,Yes
157971174,84668589,Caucasian,Male,[60-70),?,1,2,7,2,MC,?,33,0,10,0,0,0,410,707,682,9,,,No,No,No,No,No,No,No,No,No,Steady,No,No,No,No,No,No,No,No,No,No,No,No,No,No,Yes
157972332,30169116,Caucasian,Male,[50-60),?,2,1,1,2,?,Cardiology,35,3,8,0,0,0,414,411,250,4,,,No,No,No,No,No,No,No,No,No,No,No,No,No,No,No,No,No,No,No,No,No,No,No,No,No
157974402,106003125,Caucasian,Female,[70-80),?,2,1,7,3,SP,Emergency/Trauma,38,5,18,0,0,0,414,414,786,9,,,Steady,No,No,No,No,No,Steady,No,No,No,No,No,No,No,No,No,No,No,No,No,No,No,No,Ch,Yes
157976856,89984790,Caucasian,Male,[60-70),?,2,1,1,9,HM,?,96,2,7,0,0,0,571,286,276,9,,Norm,No,No,No,No,No,No,No,No,No,No,No,No,No,No,No,No,No,Steady,No,No,No,No,No,No,Yes
157976910,25283412,AfricanAmerican,Female,[70-80),?,3,1,1,10,MC,Surgery-Vascular,27,6,30,0,0,0,440,996,403,5,,,No,No,No,No,No,No,No,No,No,No,No,No,No,No,No,No,No,No,No,No,No,No,No,No,No
157978854,85260492,Caucasian,Female,[80-90),?,1,3,7,9,MC,?,72,3,29,0,0,0,599,427,284,9,,,No,No,No,No,No,No,No,No,No,No,No,No,No,No,No,No,No,No,No,No,No,No,No,No,No
157982316,43839360,Caucasian,Female,[80-90),?,1,1,7,3,UN,?,55,0,11,0,0,0,786,250.02,401,5,,,No,No,No,No,No,No,No,No,No,No,No,No,No,No,No,No,No,Up,No,No,No,No,No,Ch,Yes
157983306,70824726,Caucasian,Female,[60-70),?,3,1,1,8,?,InternalMedicine,83,2,39,0,0,1,486,428,786,9,,,Steady,No,No,No,No,No,No,No,No,No,No,No,No,No,No,No,No,Down,No,No,No,No,No,Ch,Yes
157983744,75445722,Caucasian,Male,[50-60),?,2,6,1,3,?,InternalMedicine,48,1,13,0,0,0,611,682,401,4,,,No,No,No,No,No,No,No,No,No,No,No,No,No,No,No,No,No,No,No,No,No,No,No,No,No
157984128,57240702,Caucasian,Female,[40-50),?,1,1,1,2,HM,?,1,1,14,3,0,0,540,250,401,3,,,No,No,No,No,No,No,No,No,No,No,No,No,No,No,No,No,No,Up,No,No,No,No,No,Ch,Yes
157985022,108384624,Caucasian,Female,[60-70),?,1,1,1,5,UN,?,40,1,11,0,0,0,530,577,303,9,,>7,No,No,No,No,No,No,No,No,No,No,No,No,No,No,No,No,No,Steady,No,No,No,No,No,No,Yes
157985742,98312310,Caucasian,Female,[50-60),?,1,6,7,3,MC,?,38,1,16,0,1,0,250.7,785,707,7,,,No,No,No,No,No,No,No,No,No,No,No,No,No,No,No,No,No,Steady,No,No,No,No,No,No,Yes
157987620,88188516,Caucasian,Male,[70-80),?,2,1,1,3,MC,?,1,0,4,0,1,0,686,729,354,5,,,No,No,No,No,No,No,Steady,No,No,No,No,No,No,No,No,No,No,No,No,No,No,No,No,No,Yes
157987908,91218501,Caucasian,Female,[70-80),?,5,3,1,3,MC,?,1,1,12,0,0,0,812,831,920,9,,,No,No,No,No,No,No,No,No,No,No,Steady,No,No,No,No,No,No,No,No,No,No,No,No,No,Yes
157988112,100344483,Caucasian,Male,[40-50),?,1,1,1,7,?,?,64,0,21,0,0,1,571,284,70,9,,,No,No,No,No,No,No,No,No,No,No,No,No,No,No,No,No,No,Steady,No,No,No,No,No,No,Yes
157990944,45179919,Caucasian,Female,[60-70),?,2,6,1,10,?,Family/GeneralPractice,38,0,19,0,0,2,415,511,276,9,,,No,No,No,No,No,No,No,Up,No,No,No,No,No,No,No,No,No,Steady,No,No,No,No,No,Ch,Yes
157992486,106085097,Caucasian,Male,[60-70),?,1,1,4,3,?,?,43,1,14,0,0,0,433,V63,425,7,,,Steady,No,No,No,No,No,No,Steady,No,No,No,No,No,No,No,No,No,No,No,No,No,No,No,Ch,Yes
157992726,93086505,Caucasian,Female,[20-30),?,1,6,7,10,HM,?,92,6,33,1,1,2,584,599,V45,9,,,No,No,No,No,No,No,No,No,No,No,No,No,No,No,No,No,No,No,No,No,No,No,No,No,No
157993728,39740328,Caucasian,Female,[80-90),?,1,6,7,3,MC,?,13,1,12,0,0,0,972,427,426,9,,,No,No,No,No,No,No,Steady,No,No,No,No,No,No,No,No,No,No,No,No,No,No,No,No,No,Yes
157995564,40993488,Caucasian,Female,[60-70),?,1,1,7,3,MC,?,29,0,21,0,0,0,491,250,?,2,,,Steady,No,No,No,No,No,No,No,No,No,No,No,No,No,No,No,No,Steady,No,No,No,No,No,Ch,Yes
157995696,92408634,Caucasian,Male,[80-90),?,2,6,7,8,MC,Emergency/Trauma,60,1,16,0,0,1,486,496,112,9,,,Steady,No,No,No,No,No,No,No,No,No,No,No,No,No,No,No,No,Up,No,No,No,No,No,Ch,Yes
157996284,78252453,Caucasian,Female,[50-60),?,2,1,7,3,HM,InternalMedicine,41,0,11,0,0,0,162,198,787,9,,,No,No,No,No,No,No,No,No,No,No,No,No,No,No,No,No,No,No,No,No,No,No,No,No,No
157996440,107154792,AfricanAmerican,Female,[30-40),?,1,1,7,4,?,?,61,0,14,0,0,0,682,250.02,305,7,,,Steady,No,No,No,No,No,No,No,No,No,Steady,No,No,No,No,No,No,No,No,No,No,No,No,Ch,Yes
157997130,109800504,Caucasian,Male,[50-60),?,1,1,1,2,BC,?,21,0,10,0,0,0,342,781,758,9,,,No,No,No,No,No,No,No,No,No,No,No,No,No,No,No,No,No,No,No,No,No,No,No,No,No
157997298,95041143,Hispanic,Female,[70-80),?,1,1,7,5,MC,InternalMedicine,67,0,17,0,0,6,250.12,428,276,9,,Norm,No,No,No,No,No,No,No,No,No,No,No,No,No,No,No,No,No,Down,No,No,No,No,No,Ch,Yes
157998870,41123925,Caucasian,Male,[80-90),?,1,3,7,8,?,?,58,2,24,0,0,0,535,285,410,9,,,No,No,No,No,No,No,No,No,No,No,No,No,No,No,No,No,No,Up,No,No,No,No,No,Ch,Yes
157998972,41135598,Caucasian,Male,[60-70),?,1,1,7,13,MC,?,54,0,17,0,0,0,294,312,250,4,,>8,No,No,No,No,No,No,No,No,No,Steady,No,No,No,No,No,No,No,Down,No,No,No,No,No,Ch,Yes
157999842,23863752,Caucasian,Female,[70-80),?,1,1,7,2,MC,InternalMedicine,43,0,19,0,0,0,599,250.02,276,3,,,No,No,No,No,No,No,No,No,No,No,No,No,No,No,No,No,No,Steady,No,No,No,No,No,No,Yes
157999950,81989649,Other,Female,[60-70),?,1,1,7,7,?,?,53,3,22,0,0,0,162,198,198,9,,,No,No,No,No,No,No,No,No,No,No,No,No,No,No,No,No,No,Steady,No,No,No,No,No,No,Yes
158000094,56498742,AfricanAmerican,Male,[60-70),?,2,22,7,6,?,InternalMedicine,44,2,37,0,0,0,721,344,401,8,,,Steady,No,No,No,No,No,No,Steady,No,No,No,No,No,No,No,No,No,Steady,No,No,No,No,No,Ch,Yes
158000190,93552489,AfricanAmerican,Female,[70-80),?,1,3,7,12,?,?,53,3,29,0,0,0,552,585,997,8,,,No,No,No,No,No,No,No,No,No,No,No,No,No,No,No,No,No,No,No,No,No,No,No,No,No
158000286,56689470,Caucasian,Female,[80-90),?,1,6,1,2,MC,?,34,0,12,0,0,0,599,276,496,9,,>8,No,No,No,No,No,No,No,Steady,No,No,No,No,No,No,No,No,No,No,No,No,No,No,No,No,Yes
158000754,49944447,Caucasian,Female,[80-90),?,1,3,7,5,MC,?,44,1,27,0,0,0,482,496,403,9,,,No,No,No,No,No,No,Steady,No,No,No,No,No,No,No,No,No,No,Steady,No,No,No,No,No,Ch,Yes
158000808,108583677,Caucasian,Male,[90-100),?,5,6,1,3,MC,?,55,0,12,1,0,0,465,276,780,9,,,No,No,No,No,No,No,No,No,No,Steady,No,No,No,No,No,No,No,No,No,No,No,No,No,No,Yes
158001330,56867337,Caucasian,Male,[50-60),?,1,6,7,14,?,?,98,2,29,0,0,0,996,403,585,9,,,No,No,No,No,No,No,No,No,No,No,No,No,No,No,No,No,No,Steady,No,No,No,No,No,No,Yes
158001918,40357971,Caucasian,Male,[70-80),?,1,22,7,4,MC,?,54,0,9,0,1,0,507,599,518,9,,,Steady,No,No,No,No,No,No,Steady,No,No,Steady,No,No,No,No,No,No,No,No,No,No,No,No,Ch,Yes
158001978,84629151,Caucasian,Female,[80-90),?,1,3,1,1,MC,?,64,0,15,5,1,0,428,424,250,6,,>8,No,No,No,No,No,No,No,No,No,No,No,No,No,No,No,No,No,Up,No,No,No,No,No,Ch,Yes
158002092,25277112,Other,Female,[40-50),?,3,1,1,3,BC,ObstetricsandGynecology,18,2,20,0,0,0,654,648,250,5,,,No,No,No,No,No,No,No,No,No,No,No,No,No,No,No,No,No,No,No,No,No,No,No,No,No
158002944,23660973,Caucasian,Male,[50-60),?,1,3,7,12,MC,InternalMedicine,60,2,40,0,0,0,440,780,428,6,,,No,No,No,No,No,No,Steady,No,No,No,No,No,No,No,No,No,No,Steady,No,No,No,No,No,Ch,Yes
158006364,23746617,Caucasian,Male,[40-50),?,1,1,7,8,SP,InternalMedicine,36,2,29,0,0,1,682,276,250.22,9,,,Steady,No,No,No,No,No,Up,No,No,No,No,No,No,No,No,No,No,Up,No,No,No,No,No,Ch,Yes
158006556,84182085,AfricanAmerican,Female,[50-60),?,3,6,1,9,?,Surgery-General,65,3,34,0,0,0,211,998,285,9,,,No,No,No,No,No,No,No,No,No,No,No,No,No,No,No,No,No,Down,No,No,No,No,No,Ch,Yes
158018202,98440290,Caucasian,Male,[90-100),?,3,3,1,5,?,Orthopedics-Reconstructive,32,3,27,0,0,0,820,428,585,9,,,No,No,No,No,No,No,Steady,No,No,No,No,No,No,No,No,No,No,No,No,No,No,No,No,No,Yes
158028960,56990070,AfricanAmerican,Female,[20-30),?,1,11,1,2,?,Emergency/Trauma,24,2,11,1,2,13,250.31,518,276,9,,,No,No,No,No,No,No,No,No,No,No,No,No,No,No,No,No,No,Steady,No,No,No,No,No,No,Yes
158031264,89111484,Caucasian,Male,[70-80),?,3,6,7,2,SP,Emergency/Trauma,35,1,16,0,1,1,428,427,250,8,,,No,No,No,No,No,No,No,Steady,No,No,No,No,No,No,No,No,No,No,No,No,No,No,No,No,Yes
158034714,24417531,Caucasian,Female,[60-70),?,1,1,7,5,MC,InternalMedicine,47,0,12,0,0,1,434,250,V58,6,,,Steady,No,No,No,No,No,No,No,No,No,No,No,No,No,No,No,No,Steady,No,No,No,No,No,Ch,Yes
158036622,43191603,Caucasian,Male,[50-60),?,3,1,1,1,SP,Cardiology,32,6,10,1,0,0,414,413,424,9,,,No,No,No,No,Steady,No,No,No,No,Steady,No,No,No,No,No,No,No,No,No,No,No,No,No,Ch,Yes
158038386,60161454,Caucasian,Male,[80-90),?,1,11,7,2,?,?,61,2,17,5,0,0,38,584,428,8,,,No,No,No,No,No,No,No,No,No,No,No,No,No,No,No,No,No,No,No,No,No,No,No,No,No
158039148,99673641,Caucasian,Female,[40-50),?,1,1,7,3,?,?,46,2,22,0,3,0,574,682,250,5,,,No,No,No,No,No,No,No,No,No,No,No,No,No,No,No,No,No,No,No,No,No,No,No,No,No
158042622,112244553,Asian,Female,[70-80),?,3,3,1,6,MC,Orthopedics,33,4,16,0,0,0,736,285,250.02,9,,,No,No,No,No,No,No,No,Steady,No,No,No,No,No,No,No,No,No,Up,No,No,No,No,No,Ch,Yes
158043624,42971427,Caucasian,Female,[70-80),?,3,1,1,2,MC,?,32,0,13,0,0,0,562,424,518,8,,,Steady,No,No,No,No,No,No,No,No,No,No,No,No,No,No,No,No,No,No,No,No,No,No,No,Yes
158044758,99445761,Other,Male,[80-90),?,3,6,1,2,MD,Surgery-Thoracic,1,6,6,0,0,4,511,202,285,7,,,No,Steady,No,No,No,No,No,No,No,No,No,No,No,No,No,No,No,Steady,No,No,No,No,No,Ch,Yes
158048664,85137615,Caucasian,Male,[50-60),?,2,1,1,1,HM,Radiologist,42,5,10,0,1,0,414,250,401,4,,,No,No,No,No,No,No,No,Steady,No,No,No,No,No,No,No,No,No,No,No,No,No,No,No,No,Yes
158050296,25254630,AfricanAmerican,Male,[40-50),?,1,28,7,3,?,InternalMedicine,35,0,11,0,1,1,780,599,295,9,,,Steady,No,No,No,No,No,No,No,No,No,No,No,No,No,No,No,No,No,No,No,No,No,No,No,Yes
158051154,99832707,Caucasian,Female,[70-80),?,3,1,1,2,MC,InternalMedicine,29,0,5,0,0,0,493,724,250,9,,,Steady,No,No,No,No,No,No,No,No,No,No,No,No,No,No,No,No,No,No,No,No,No,No,No,Yes
158051646,25177419,AfricanAmerican,Female,[70-80),?,1,3,7,6,MC,InternalMedicine,45,1,40,0,0,1,574,707,599,8,,,No,No,No,No,No,No,No,No,No,No,No,No,No,No,No,No,No,Up,No,No,No,No,No,Ch,Yes
158054562,107183097,Other,Male,[60-70),?,1,6,2,2,?,?,30,0,9,0,0,0,250.2,584,403,9,,,No,No,No,No,No,No,No,No,No,No,No,No,No,No,No,No,No,Up,No,No,No,No,No,Ch,Yes
158054790,103305528,Asian,Male,[50-60),?,3,1,1,4,UN,Urology,34,3,12,1,1,6,996,38,403,9,,,No,No,No,No,No,No,No,Steady,No,No,No,No,No,No,No,No,No,Steady,No,No,No,No,No,Ch,Yes
158057082,45459801,Hispanic,Male,[50-60),?,1,1,7,12,OG,?,29,3,6,0,0,0,577,276,303,9,,,No,No,No,No,No,No,No,No,No,No,No,No,No,No,No,No,No,No,No,No,No,No,No,No,No
158057514,94456350,Caucasian,Male,[70-80),?,3,1,7,2,MC,Surgery-Thoracic,1,3,15,0,0,1,162,198,500,6,,,No,No,No,No,No,No,No,No,No,No,No,No,No,No,No,No,No,No,No,No,No,No,No,No,No
158058264,86838264,AfricanAmerican,Female,[70-80),?,2,1,1,2,?,Cardiology,33,2,13,0,0,0,427,428,425,9,,,Steady,No,No,No,No,No,No,No,No,No,No,No,No,No,No,No,No,Steady,No,No,No,No,No,Ch,Yes
158058330,99744345,Caucasian,Female,[60-70),?,2,1,1,2,CP,Radiologist,21,0,9,0,0,0,427,401,278,9,,>7,Steady,No,No,No,No,No,No,No,No,No,No,No,No,No,No,No,No,No,No,No,No,No,No,No,Yes
158058420,96039009,Caucasian,Male,[40-50),?,1,1,7,3,?,?,48,0,10,1,0,1,250.6,403,V42,9,,,No,No,No,No,No,No,No,No,No,No,No,No,No,No,No,No,No,No,No,No,No,No,No,No,No
158060436,103407381,AfricanAmerican,Male,[80-90),?,1,1,7,1,?,?,14,0,5,0,0,0,786,250.01,401,4,,,No,No,No,No,No,No,No,No,No,No,No,No,No,No,No,No,No,Steady,No,No,No,No,No,No,Yes
158062176,85476951,Other,Male,[70-80),?,1,3,7,8,MC,?,34,4,10,0,0,0,935,112,263,9,,,No,No,No,No,No,No,No,No,No,No,No,No,No,No,No,No,No,Down,No,No,No,No,No,Ch,Yes
158062488,110753829,AfricanAmerican,Female,[60-70),?,2,6,4,9,?,Surgery-Vascular,2,2,11,1,0,5,996,496,V58,9,,,No,No,No,No,No,No,No,No,No,No,No,No,No,No,No,No,No,No,No,No,No,No,No,No,No
158064816,91784340,Caucasian,Male,[50-60),?,1,2,7,5,HM,?,50,0,9,0,0,0,427,425,428,9,,,No,No,No,No,No,No,No,No,No,No,No,No,No,No,No,No,No,No,No,No,No,No,No,No,No
158066430,89910801,Caucasian,Male,[60-70),?,2,1,1,3,MC,?,38,1,13,0,1,0,577,403,585,9,,,No,No,No,No,No,No,No,No,No,No,No,No,No,No,No,No,No,No,No,No,No,No,No,No,No
158075646,88559541,AfricanAmerican,Female,[60-70),?,1,11,7,2,?,?,55,2,7,0,0,0,518,410,276,9,,,No,No,No,No,No,No,No,No,No,No,No,No,No,No,No,No,No,Steady,No,No,No,No,No,No,Yes
158078286,90035874,Other,Female,[60-70),?,2,1,7,5,UN,Emergency/Trauma,32,1,10,0,1,0,556,569,250.02,8,,,Steady,No,No,No,No,No,No,No,No,No,No,No,No,No,No,No,No,Up,No,No,No,No,No,Ch,Yes
158079276,59893902,Caucasian,Female,[60-70),?,2,1,1,5,CH,?,26,1,17,0,1,2,296,292,496,9,,,No,No,No,No,No,No,No,No,No,No,Steady,No,No,No,No,No,No,Steady,No,No,No,No,No,Ch,Yes
158082216,88471863,Caucasian,Male,[70-80),?,2,1,1,5,MC,?,46,3,9,0,0,0,150,285,578,9,,,No,No,No,No,No,No,Steady,No,No,No,No,No,No,No,No,No,No,No,No,No,No,No,No,No,Yes
158082840,37551231,Caucasian,Female,[40-50),?,3,2,1,1,SP,Cardiology,28,3,4,0,0,0,414,250,272,4,,,No,No,No,No,No,No,No,No,No,No,No,No,No,No,No,No,No,No,No,No,No,No,No,No,No
158086194,52441668,AfricanAmerican,Female,[80-90),?,1,1,7,2,?,?,53,2,18,0,0,0,426,250,272,6,,,No,No,No,No,No,No,No,No,No,No,No,No,No,No,No,No,No,Up,No,No,No,No,No,Ch,Yes
158086644,40886559,Caucasian,Male,[60-70),?,1,22,7,3,MC,?,54,0,9,0,0,0,507,427,138,9,,,No,No,No,No,No,No,No,Steady,No,No,No,No,No,No,No,No,No,No,No,No,No,No,No,No,Yes
158088840,66880701,Caucasian,Male,[50-60),?,2,1,1,4,?,Family/GeneralPractice,46,2,12,1,0,0,535,530,562,8,,,No,No,No,No,No,No,No,Steady,No,No,No,No,No,No,No,No,No,No,No,No,No,No,No,No,Yes
158089020,23304114,AfricanAmerican,Female,[70-80),?,2,1,1,2,MC,InternalMedicine,42,0,11,0,1,2,427,428,401,6,,,No,No,No,No,No,No,No,No,No,No,No,No,No,No,No,No,No,Steady,No,No,No,No,No,No,Yes
158089182,90573192,Caucasian,Female,[40-50),?,5,1,1,2,BC,?,60,1,16,1,0,0,340,356,250,6,,,No,No,No,No,No,No,No,No,No,No,No,No,No,No,No,No,No,Up,No,No,No,No,No,Ch,Yes
158089326,41372181,Caucasian,Male,[70-80),?,3,3,1,7,MC,?,50,2,32,0,0,0,427,427,V45,6,,,No,No,No,No,No,No,Steady,No,No,No,No,No,No,No,No,No,No,No,No,No,No,No,No,No,Yes
158089770,51328179,Caucasian,Female,[70-80),?,3,6,1,5,MC,Gastroenterology,36,0,8,0,0,1,415,197,198,7,,,No,No,No,No,No,No,Steady,No,No,No,No,No,No,No,No,No,No,Steady,No,No,No,No,No,Ch,Yes
158089944,63811422,Caucasian,Female,[70-80),?,1,22,7,4,MC,Emergency/Trauma,56,1,20,0,0,0,820,?,250,8,,,No,No,No,No,No,No,Steady,No,No,No,No,No,No,No,No,No,No,Down,No,No,No,No,No,Ch,Yes
158090172,85853466,Caucasian,Female,[50-60),?,3,1,1,6,?,?,38,0,16,0,0,1,162,197,278,9,,,No,No,No,No,No,No,No,Up,No,No,No,No,No,No,No,No,No,Steady,No,No,No,No,No,Ch,Yes
158093514,35532135,Caucasian,Male,[60-70),?,2,1,1,2,?,Neurology,47,0,9,1,0,0,191,298,250,5,,,No,No,No,No,No,No,No,No,No,No,No,No,No,No,No,No,No,No,No,No,No,No,No,No,No
158093652,75621051,AfricanAmerican,Male,[50-60),?,2,1,1,5,?,Family/GeneralPractice,41,0,21,0,0,0,185,198,276,9,,,Up,No,No,No,No,No,Steady,No,No,No,No,No,No,No,No,No,No,No,No,No,No,No,No,Ch,Yes
158093790,93967497,Caucasian,Female,[60-70),?,2,1,7,3,MC,Emergency/Trauma,43,3,21,0,0,0,414,411,427,9,,>7,Steady,No,No,No,Steady,No,No,No,No,No,No,Steady,No,No,No,No,No,Up,No,No,No,No,No,Ch,Yes
158094456,72913050,AfricanAmerican,Female,[50-60),?,2,6,1,1,?,Family/GeneralPractice,45,0,13,1,0,0,250.82,536,250.6,9,,,No,No,No,No,No,No,No,No,No,No,No,No,No,No,No,No,No,Steady,No,No,No,No,No,No,Yes
158095524,42451245,Caucasian,Male,[60-70),?,3,1,1,2,MC,?,39,0,7,0,0,0,250.7,785,V12,4,,,No,No,No,No,No,No,No,No,No,No,No,No,No,No,No,No,No,Up,No,No,No,No,No,Ch,Yes
158096064,93189591,Caucasian,Female,[80-90),?,1,11,7,4,?,?,66,2,19,0,0,4,428,511,599,9,,,No,No,No,No,No,No,No,No,No,No,No,No,No,No,No,No,No,No,No,No,No,No,No,No,No
158098926,101630133,Caucasian,Female,[80-90),?,2,4,2,6,?,InternalMedicine,43,0,18,0,0,0,415,428,401,7,,,Steady,No,No,No,No,No,No,No,No,No,Steady,No,No,No,No,No,No,Steady,No,No,No,No,No,Ch,Yes
158099712,70360479,Caucasian,Male,[70-80),?,2,13,7,6,?,?,83,2,14,0,0,0,410,428,424,9,,,No,No,No,No,No,No,No,No,No,No,No,No,No,No,No,No,No,Steady,No,No,No,No,No,No,Yes
158100258,101630790,Caucasian,Female,[60-70),?,2,23,2,3,?,?,36,0,11,0,0,0,250.8,707,428,6,,,No,No,No,No,No,No,No,No,No,No,No,No,No,No,No,No,No,Down,No,No,No,No,No,Ch,Yes
158100618,86042898,Caucasian,Male,[80-90),?,1,3,7,6,HM,?,65,0,11,0,0,0,466,414,530,5,,,No,No,No,No,No,No,Steady,No,No,Steady,No,No,No,No,No,No,No,No,No,No,No,No,No,Ch,Yes
158101440,101631213,AfricanAmerican,Male,[60-70),?,2,22,2,9,?,InternalMedicine,37,0,17,0,0,0,V58,V49,250.8,8,,,No,No,No,No,No,No,No,No,No,No,No,No,No,No,No,No,No,Up,No,No,No,No,No,Ch,Yes
158101644,107328897,AfricanAmerican,Male,[50-60),?,1,3,2,5,?,?,58,0,23,0,0,0,276,741,E942,9,,,No,No,No,No,No,No,No,No,No,No,No,No,No,No,No,No,No,No,No,No,No,No,No,No,No
158102112,100403415,Caucasian,Female,[50-60),[175-200),1,1,7,3,UN,InternalMedicine,35,0,14,0,0,1,707,682,401,9,,,Steady,No,No,No,Steady,No,No,No,No,No,No,No,No,No,No,No,No,No,No,No,No,No,No,Ch,Yes
158104902,70891839,AfricanAmerican,Female,[40-50),?,1,3,7,9,MD,?,33,3,21,0,0,1,250.7,40,440,9,,,Steady,No,No,No,No,No,No,No,No,No,No,No,No,No,No,No,No,Down,No,No,No,No,No,Ch,Yes
158105178,104309136,Caucasian,Female,[80-90),?,1,4,1,5,?,?,63,2,18,0,0,0,578,428,280,9,,,No,No,No,No,No,No,No,No,No,No,No,No,No,No,No,No,No,No,No,No,No,No,No,No,No
158105640,65066985,Caucasian,Female,[70-80),?,1,1,7,4,?,?,44,0,8,0,1,1,787,599,300,9,,,No,No,No,No,No,No,No,No,No,No,No,No,No,No,No,No,No,No,No,No,No,No,No,No,No
158105712,109962018,Caucasian,Female,[80-90),?,1,3,7,10,MC,Family/GeneralPractice,54,0,18,0,0,0,599,276,349,9,,,No,No,No,No,No,No,No,No,No,No,No,No,No,No,No,No,No,Steady,No,No,No,No,No,No,Yes
158106000,104763537,Hispanic,Male,[30-40),?,2,1,7,2,UN,Emergency/Trauma,39,0,6,0,0,0,786,274,250,4,,,No,No,No,No,No,No,No,No,No,No,Steady,No,No,No,No,No,No,No,No,No,No,No,No,No,Yes
158106168,24486678,AfricanAmerican,Female,[60-70),?,1,1,7,6,MC,InternalMedicine,49,2,26,0,0,0,434,428,425,9,,,No,No,No,No,Steady,No,No,No,No,No,No,No,No,No,No,No,No,Steady,No,No,No,No,No,Ch,Yes
158107854,36881343,Caucasian,Male,[60-70),?,1,1,7,4,MC,?,18,0,18,0,0,1,402,496,585,8,,,No,No,No,No,No,No,No,No,No,No,No,No,No,No,No,No,No,No,No,No,No,No,No,No,No
158110338,97476408,Caucasian,Female,[90-100),?,1,5,7,4,MD,Emergency/Trauma,62,1,13,0,0,2,8,518,780,9,,,No,No,No,No,No,No,No,No,No,No,No,No,No,No,No,No,No,Up,No,No,No,No,No,Ch,Yes
158111484,102480858,Caucasian,Male,[60-70),?,3,1,1,4,?,Surgery-Cardiovascular,50,3,23,1,0,1,162,496,V64,9,,,No,No,No,No,No,No,No,No,No,Steady,No,No,No,No,No,No,No,No,No,No,No,No,No,No,Yes
158111634,83357604,Caucasian,Male,[40-50),?,3,1,1,2,?,Urology,34,3,22,0,0,0,185,998,285,9,,,Steady,No,No,No,No,No,No,No,No,No,Steady,No,No,No,No,No,No,No,No,No,No,No,No,Ch,Yes
158111730,62499897,Caucasian,Male,[50-60),?,1,2,1,8,?,?,58,3,36,0,0,0,428,585,518,9,,,No,No,No,No,No,No,Steady,No,No,No,No,No,No,No,No,No,No,Steady,No,No,No,No,No,Ch,Yes
158111772,56190933,Caucasian,Male,[80-90),?,3,22,1,3,?,Orthopedics-Reconstructive,6,2,23,0,0,0,715,424,998,9,,,No,No,No,No,No,No,No,Steady,No,No,No,No,No,No,No,No,No,Steady,No,No,No,No,No,Ch,Yes
158112150,107736462,Caucasian,Female,[60-70),?,3,6,1,6,MC,Radiologist,7,3,22,0,0,0,715,285,401,5,,,No,No,No,No,No,No,No,Steady,No,No,No,No,No,No,No,No,No,No,No,No,No,No,No,No,Yes
158112420,107377209,AfricanAmerican,Female,[70-80),?,1,1,2,1,?,?,54,0,8,0,0,0,571,V63,70,9,,,No,No,No,No,No,No,No,No,No,No,No,No,No,No,No,No,No,Steady,No,No,No,No,No,No,Yes
158115450,103674861,Caucasian,Male,[60-70),?,3,1,1,3,MC,Urology,26,1,15,0,0,1,600,401,250,5,,,No,No,Steady,No,No,No,No,No,No,Steady,No,No,No,No,No,No,No,No,No,No,No,No,No,Ch,Yes
158115732,84657348,AfricanAmerican,Female,[70-80),?,1,1,7,3,MC,?,59,1,17,0,0,2,428,789,585,9,,,No,No,No,No,No,No,No,No,No,No,No,No,No,No,No,No,No,No,No,No,No,No,No,No,No
158123616,23237109,Caucasian,Female,[60-70),?,3,1,1,1,MC,Surgery-Vascular,29,2,8,0,0,0,440,571,250,3,,,No,No,No,No,No,No,No,No,No,No,No,No,No,No,No,No,No,Steady,No,No,No,No,No,No,Yes
158132760,42810210,Caucasian,Female,[40-50),?,1,1,7,1,MC,?,57,0,6,0,0,3,780,493,70,9,,Norm,No,No,No,No,No,No,No,No,No,No,No,No,No,No,No,No,No,No,No,No,No,No,No,No,No
158142618,82555947,AfricanAmerican,Female,[40-50),?,3,1,1,2,?,Family/GeneralPractice,41,3,14,0,0,0,280,250.92,401,9,,,Steady,No,No,No,No,No,No,No,No,No,Steady,No,No,No,No,No,No,Steady,No,No,No,No,No,Ch,Yes
158145186,75030426,Caucasian,Male,[70-80),?,3,1,1,1,MC,Radiologist,19,4,16,0,0,0,414,496,278,9,,,No,No,No,No,No,No,No,No,No,No,No,No,No,No,No,No,No,No,No,No,No,No,No,No,No
158161452,99368811,Caucasian,Female,[70-80),?,5,6,1,5,MC,?,54,0,23,3,1,2,428,491,427,9,,,No,No,No,No,No,No,No,No,No,No,No,No,No,No,No,No,No,Down,No,No,No,No,No,Ch,Yes
158161878,93027465,Caucasian,Male,[60-70),?,1,6,1,4,MC,?,67,2,19,1,0,0,415,453,188,9,,,No,No,No,No,Steady,No,No,No,No,No,Steady,No,No,No,No,No,No,Steady,No,No,No,No,No,Ch,Yes
158165124,61396083,Caucasian,Female,[70-80),?,3,3,1,6,?,?,47,2,31,0,1,0,812,428,584,9,,,No,No,No,No,No,No,No,No,No,No,No,No,No,No,No,No,No,Steady,No,No,No,No,No,No,Yes
158167170,106263936,Caucasian,Female,[60-70),?,1,1,7,3,?,?,60,0,17,0,0,0,386,599,276,9,,,Steady,No,No,No,No,No,No,No,No,No,No,No,No,No,No,No,No,No,No,No,No,No,No,No,Yes
158167770,85439160,Caucasian,Male,[60-70),?,1,1,7,5,HM,?,38,0,8,0,1,0,250.02,276,244,9,,>8,Up,No,No,No,No,No,Up,No,No,Steady,No,No,No,No,No,No,No,No,No,No,No,No,No,Ch,Yes
158168604,43829478,Caucasian,Male,[50-60),?,3,1,1,5,UN,Family/GeneralPractice,51,1,17,0,0,0,162,198,512,9,,,No,No,No,No,No,No,No,No,No,No,Steady,No,No,No,No,No,No,No,No,No,No,No,No,No,Yes
158171964,40921659,Caucasian,Female,[80-90),?,3,6,1,7,SP,?,64,0,22,2,0,2,486,584,250.02,9,,,No,No,No,No,No,No,No,No,No,No,Steady,No,No,No,No,No,No,Down,No,No,No,No,No,Ch,Yes
158177334,69522228,Caucasian,Female,[70-80),?,1,3,7,10,?,InternalMedicine,67,3,12,0,0,0,780,599,285,9,,,No,No,No,No,No,No,No,No,No,No,No,No,No,No,No,No,No,Steady,No,No,No,No,No,No,Yes
158177352,63574848,Caucasian,Female,[80-90),?,2,1,1,7,?,InternalMedicine,44,0,17,0,0,0,893,681,917,8,,,Steady,No,No,No,No,No,No,No,No,No,No,No,No,No,No,No,No,No,No,No,No,No,No,No,Yes
158178624,19115442,Caucasian,Female,[70-80),?,1,1,7,7,MC,InternalMedicine,40,1,17,0,0,1,428,511,427,7,,,No,No,No,No,No,No,No,Steady,No,No,No,No,No,No,No,No,No,Steady,No,No,No,No,No,Ch,Yes
158179470,24020289,AfricanAmerican,Female,[60-70),?,1,6,7,4,?,InternalMedicine,45,0,20,0,0,0,428,438,250,5,,,Steady,No,No,No,No,No,No,No,No,No,No,No,No,No,No,No,No,No,No,No,No,No,No,No,Yes
158180400,61196148,AfricanAmerican,Male,[70-80),?,2,1,1,4,?,Oncology,40,2,21,5,0,3,682,284,424,9,,,No,No,No,No,No,No,No,Steady,No,No,Steady,No,No,No,No,No,No,No,No,No,No,No,No,Ch,Yes
158180790,103782195,Caucasian,Male,[50-60),?,5,1,1,6,HM,?,58,1,18,0,0,6,38,576,156,7,,,No,No,No,No,No,No,No,No,No,No,No,No,No,No,No,No,No,Steady,No,No,No,No,No,No,Yes
158181030,94082166,Caucasian,Female,[80-90),?,2,1,7,1,MC,Emergency/Trauma,55,0,8,0,1,0,427,427,414,8,,,No,No,No,No,No,No,No,No,No,Steady,No,No,No,No,No,No,No,Up,No,No,No,No,No,Ch,Yes
158181486,23241618,AfricanAmerican,Female,[50-60),?,1,6,7,8,?,InternalMedicine,64,1,34,0,5,2,790,599,584,9,,,No,No,No,No,No,No,Steady,No,No,No,No,No,No,No,No,No,No,No,No,No,No,No,No,No,Yes
158186790,83771334,Caucasian,Male,[30-40),?,6,1,7,11,?,InternalMedicine,77,2,25,0,0,0,682,41,250.03,6,>300,>8,No,No,No,No,No,No,No,No,No,No,No,No,No,No,No,No,No,Up,No,No,No,No,No,Ch,Yes
158187066,23856849,Caucasian,Male,[60-70),?,1,1,7,1,MC,InternalMedicine,47,0,5,1,1,0,434,V45,493,7,,,Steady,No,No,No,No,No,Steady,No,No,No,No,No,No,No,No,No,No,No,No,No,No,No,No,Ch,Yes
158188506,31271364,Caucasian,Female,[70-80),?,3,1,1,3,SP,Surgery-Vascular,38,4,22,0,0,0,414,996,444,7,,,Steady,No,No,No,No,No,No,No,No,No,Steady,No,No,No,No,No,No,Down,No,No,No,No,No,Ch,Yes
158188632,23279418,AfricanAmerican,Female,[40-50),?,1,1,7,3,MD,Family/GeneralPractice,44,0,18,0,2,3,786,428,401,7,,,Steady,No,No,No,No,No,No,No,No,No,No,No,No,No,No,No,No,Steady,No,No,No,No,No,Ch,Yes
158188764,79367940,Caucasian,Male,[70-80),?,1,3,7,6,?,?,51,0,14,0,0,0,787,276,787,9,,,Steady,No,No,No,No,No,Steady,No,No,No,No,No,No,No,No,No,No,No,No,No,No,No,No,Ch,Yes
158189046,102204828,Caucasian,Female,[20-30),?,3,7,1,10,BC,?,61,1,14,0,0,0,307,250.01,V58,7,,>8,No,No,No,No,No,No,No,No,No,No,No,No,No,No,No,No,No,Up,No,No,No,No,No,Ch,Yes
158189556,101019879,Asian,Female,[80-90),?,3,3,1,6,SP,InternalMedicine,53,2,22,0,0,0,276,250.02,599,9,,>8,Steady,Steady,No,No,No,No,No,No,No,No,No,No,No,No,No,No,No,Down,No,No,No,No,No,Ch,Yes
158190996,84409875,AfricanAmerican,Male,[70-80),?,1,1,7,5,MC,?,32,0,16,0,0,0,491,414,401,6,,,No,No,No,No,No,No,No,Steady,No,No,No,No,No,No,No,No,No,No,No,No,No,No,No,No,Yes
158191716,61850727,AfricanAmerican,Female,[80-90),?,1,11,7,11,?,?,70,2,17,0,0,4,38,599,403,9,,,No,No,No,No,No,No,No,No,No,No,No,No,No,No,No,No,No,No,No,No,No,No,No,No,No
158193606,78277257,Caucasian,Female,[80-90),?,1,3,7,4,MC,Family/GeneralPractice,43,0,6,0,0,0,623,599,599,9,,,No,No,No,No,No,No,No,No,No,No,No,No,No,No,No,No,No,No,No,No,No,No,No,No,No
158197542,25279551,Caucasian,Female,[50-60),?,1,1,7,1,BC,Family/GeneralPractice,34,0,9,0,0,0,780,250,401,6,,,No,No,No,No,No,No,No,No,No,Steady,No,No,No,No,No,No,No,No,No,No,No,No,No,No,Yes
158199006,61957701,Caucasian,Female,[70-80),?,2,3,1,9,MC,?,35,2,19,0,0,2,250.8,707,682,9,,,No,No,No,No,No,No,No,No,No,Steady,No,No,No,No,No,No,No,Up,No,No,No,No,No,Ch,Yes
158199564,92779389,Caucasian,Male,[70-80),?,2,2,7,5,MC,Emergency/Trauma,39,1,7,0,1,0,414,410,403,9,,,No,No,No,No,No,No,No,No,No,No,No,No,No,No,No,No,No,Steady,No,No,No,No,No,No,Yes
158201922,43752573,Caucasian,Male,[60-70),?,3,1,1,8,MC,Surgery-General,29,2,16,0,0,0,553,553,593,6,,,No,No,No,No,No,No,No,No,No,No,No,No,No,No,No,No,No,No,No,No,No,No,No,No,No
158202600,25279605,AfricanAmerican,Female,[40-50),?,2,1,1,2,CP,?,39,0,4,0,0,0,250,276,?,2,,>8,No,No,No,No,No,No,Steady,No,No,No,No,No,No,No,No,No,No,Up,No,No,No,No,No,Ch,Yes
158204112,55311696,Caucasian,Male,[70-80),?,1,11,7,5,MC,?,71,2,27,0,0,0,518,38,785,9,,,No,No,No,No,No,No,No,No,No,No,No,No,No,No,No,No,No,Down,No,No,No,No,No,Ch,Yes
158205594,27737235,Caucasian,Male,[50-60),?,2,1,1,6,?,Oncology,52,0,19,1,0,0,682,253,253,9,,,No,No,No,Steady,No,No,No,No,No,No,No,No,No,No,No,No,No,No,No,No,No,No,No,No,Yes
158208468,24412194,AfricanAmerican,Female,[90-100),?,3,1,1,8,MC,InternalMedicine,40,3,30,0,0,0,562,999,428,9,,,No,No,Steady,No,No,No,No,No,No,Steady,No,No,No,No,No,No,No,Steady,No,No,No,No,No,Ch,Yes
158209578,23789556,Caucasian,Female,[60-70),?,1,1,7,2,HM,Cardiology,43,4,17,0,0,0,786,250,401,6,,,No,No,No,No,No,No,No,No,No,No,No,No,No,No,No,No,No,Up,No,No,No,No,No,Ch,Yes
158210088,87356583,Caucasian,Female,[70-80),?,1,3,7,7,MC,?,36,2,22,1,0,0,824,845,E885,9,,,Steady,No,No,No,No,No,Steady,No,No,No,No,No,No,No,No,No,No,No,No,No,No,No,No,Ch,Yes
158212206,93896811,AfricanAmerican,Male,[30-40),?,1,1,7,7,?,?,45,0,25,0,0,0,599,276,250,6,,,Steady,No,No,No,No,No,No,No,No,No,Steady,No,No,No,No,No,No,No,No,No,No,No,No,Ch,Yes
158214774,29092608,Caucasian,Female,[60-70),?,1,1,1,5,MC,?,38,0,19,2,0,0,38,599,250.02,7,,>8,Steady,No,No,No,No,No,No,No,No,No,No,No,No,No,No,No,No,Up,No,No,No,No,No,Ch,Yes
158214912,85256316,Caucasian,Male,[60-70),?,1,6,7,6,MC,?,54,3,18,0,0,0,8,428,496,9,,,No,No,No,No,No,No,No,No,No,No,No,No,No,No,No,No,No,No,No,No,No,No,No,No,No
158217366,85528899,Caucasian,Female,[80-90),?,1,1,7,1,MC,?,4,0,8,1,1,0,924,276,428,9,,,No,No,No,No,No,No,No,No,No,No,No,No,No,No,No,No,No,No,No,No,No,No,No,No,No
158217882,23341320,AfricanAmerican,Female,[60-70),?,1,1,7,6,MC,InternalMedicine,58,2,19,0,0,1,584,428,403,7,,,No,No,No,No,No,No,No,No,No,No,No,No,No,No,No,No,No,No,No,No,No,No,No,No,No
158218152,89964018,Caucasian,Male,[50-60),?,1,6,7,4,HM,?,61,5,20,1,2,6,486,496,518,9,,,No,No,No,No,No,No,No,No,No,No,No,No,No,No,No,No,No,No,No,No,No,No,No,No,No
158220978,86397057,Caucasian,Female,[80-90),?,1,3,7,6,MC,?,41,0,11,1,0,0,38,599,585,9,,,No,No,No,No,No,No,Steady,No,No,Steady,No,No,No,No,No,No,No,No,No,No,No,No,No,Ch,Yes
158221530,101784429,Caucasian,Male,[50-60),?,1,1,2,8,?,?,72,4,25,0,0,0,410,V63,427,9,,,No,No,No,No,No,No,No,No,No,No,No,No,No,No,No,No,No,Down,No,No,No,No,No,Ch,Yes
158221548,43140906,Caucasian,Female,[10-20),?,1,1,7,1,SP,?,53,0,7,1,3,6,996,250.11,382,4,,,No,No,No,No,No,No,No,No,No,No,No,No,No,No,No,No,No,Up,No,No,No,No,No,Ch,Yes
158222046,41095215,Caucasian,Female,[60-70),?,1,1,7,3,MC,?,45,0,14,0,0,3,410,428,496,9,,,No,No,No,No,No,No,No,No,No,No,No,No,No,No,No,No,No,Steady,No,No,No,No,No,No,Yes
158222094,56586042,Caucasian,Female,[60-70),?,1,1,1,5,?,Emergency/Trauma,35,1,28,0,0,0,250.8,707,681,9,,,Steady,No,No,No,No,No,No,No,No,No,No,No,No,No,No,No,No,Steady,No,No,No,No,No,Ch,Yes
158222148,86000526,Caucasian,Female,[70-80),?,1,1,7,7,HM,?,43,3,23,0,0,0,562,403,585,9,,,No,No,No,No,No,No,No,No,No,No,No,No,No,No,No,No,No,No,No,No,No,No,No,No,No
158222250,101785149,AfricanAmerican,Female,[40-50),?,1,1,2,11,?,?,73,2,22,0,0,0,590,V63,250.52,9,,,No,No,No,No,No,No,No,No,No,No,No,No,No,No,No,No,No,Up,No,No,No,No,No,Ch,Yes
158223480,41108436,Caucasian,Male,[70-80),?,1,3,7,7,MD,?,66,0,20,0,0,0,38,785,586,9,,Norm,No,No,No,No,No,No,No,No,No,No,No,No,No,No,No,No,No,Steady,No,No,No,No,No,No,Yes
158228718,105083325,Caucasian,Male,[60-70),?,3,1,1,1,?,Oncology,43,0,5,0,0,0,729,283,202,6,,,No,No,No,No,No,No,No,No,No,No,No,No,No,No,No,No,No,No,No,No,No,No,No,No,No
158233488,106478649,Caucasian,Female,[50-60),?,1,1,2,7,?,?,54,3,30,0,0,0,414,411,996,9,,,No,No,No,No,No,No,No,No,No,No,Steady,No,No,No,No,No,No,Steady,No,No,No,No,No,Ch,Yes
158235426,23234094,Caucasian,Male,[60-70),?,3,1,1,1,BC,Cardiology,29,1,20,0,0,0,428,414,V45,6,,,No,No,No,No,Steady,No,No,No,No,No,No,No,No,No,No,No,No,Steady,No,No,No,No,No,Ch,Yes
158254536,101859273,Caucasian,Male,[30-40),?,1,6,2,12,?,?,51,1,30,0,0,0,428,403,431,9,,,No,No,No,No,No,No,No,No,No,No,No,No,No,No,No,No,No,No,No,No,No,No,No,No,No
158259684,107645193,Caucasian,Female,[40-50),?,1,1,1,1,?,?,43,0,16,0,0,0,250.6,536,357,7,,,No,No,No,No,No,No,No,No,No,No,No,No,No,No,No,No,No,Down,No,No,No,No,No,Ch,Yes
158262684,35761572,AfricanAmerican,Female,[70-80),?,2,1,1,2,?,Rheumatology,18,0,8,0,0,1,398,396,425,8,,,Steady,No,No,No,No,No,No,No,No,No,No,No,No,No,No,No,No,No,No,No,No,No,No,No,Yes
158263398,28161720,Caucasian,Female,[80-90),?,5,1,1,1,MC,?,41,2,9,0,0,0,426,424,241,9,,,No,No,No,No,No,No,No,No,No,No,No,No,No,No,No,No,No,No,No,No,No,No,No,No,No
158264130,63825021,Caucasian,Male,[50-60),?,3,1,4,12,MD,Family/GeneralPractice,40,1,16,0,0,0,486,511,428,9,,>8,No,No,No,No,No,No,Steady,No,No,No,No,No,No,No,No,No,No,Down,No,No,No,No,No,Ch,Yes
158265948,23533326,Caucasian,Male,[80-90),?,2,6,1,13,MC,InternalMedicine,47,2,36,0,0,0,560,601,V55,9,,,No,No,No,No,No,No,No,No,No,No,No,No,No,No,No,No,No,Up,No,No,No,No,No,Ch,Yes
158266398,110873871,Caucasian,Male,[70-80),?,2,3,1,4,HM,?,37,2,20,0,0,1,730,707,428,9,,,No,No,No,No,No,No,Up,No,No,No,Steady,No,No,No,No,No,No,No,No,No,No,No,No,Ch,Yes
158269338,81457281,AfricanAmerican,Male,[60-70),?,1,6,7,3,CP,?,28,0,15,0,0,2,428,486,585,9,,,No,No,No,No,No,No,Steady,No,No,No,No,No,No,No,No,No,No,Steady,No,No,No,No,No,Ch,Yes
158269632,81698301,Caucasian,Female,[50-60),?,2,1,1,3,?,Family/GeneralPractice,11,0,18,2,0,1,428,425,401,9,,,No,No,No,No,No,No,Steady,No,No,No,No,No,No,No,No,No,No,Steady,No,No,No,No,No,Ch,Yes
158270952,58151727,AfricanAmerican,Male,[50-60),?,1,1,7,2,MC,?,3,0,7,2,1,0,435,424,401,4,,,No,No,No,No,No,No,No,No,No,No,No,No,No,No,No,No,No,Steady,No,No,No,No,No,No,Yes
158271282,38671362,Caucasian,Female,[50-60),?,5,6,1,8,MC,?,61,2,25,0,0,0,250.82,707,682,9,,>8,Up,No,No,No,No,No,No,No,No,No,No,No,No,No,No,No,No,Up,No,No,No,No,No,Ch,Yes
158273310,106420536,AfricanAmerican,Male,[60-70),?,1,1,2,2,?,?,9,0,12,0,0,0,435,401,250,8,,,Steady,No,No,No,No,No,No,No,No,No,No,No,No,No,No,No,No,Steady,No,No,No,No,No,Ch,Yes
158273688,43842042,Caucasian,Male,[60-70),?,1,1,7,4,OG,?,49,6,18,0,0,0,410,428,305,9,,,No,No,No,No,No,No,No,No,No,No,No,No,No,No,No,No,No,No,No,No,No,No,No,No,No
158277342,86379552,Caucasian,Female,[50-60),?,1,1,7,2,CP,?,56,1,11,0,0,0,566,496,250.02,8,,>8,No,No,No,No,No,No,No,No,No,No,No,No,No,No,No,No,No,No,No,No,No,No,No,No,No
158277726,41498883,Caucasian,Female,[70-80),?,3,1,1,2,SP,?,9,2,11,1,0,1,562,250,401,4,,,No,No,No,No,No,No,No,No,No,No,No,No,No,No,No,No,No,No,No,No,No,No,No,No,No
158279670,43776378,Caucasian,Male,[40-50),?,1,6,7,5,MD,?,36,1,28,1,0,1,998,496,E878,9,,,No,No,No,No,No,No,Steady,No,No,No,No,No,No,No,No,No,No,No,No,No,No,No,No,No,Yes
158286198,41924745,Caucasian,Female,[60-70),?,2,22,1,13,?,InternalMedicine,40,2,23,0,0,3,V57,428,427,9,,,No,No,No,No,No,No,No,No,No,No,No,No,No,No,No,No,No,No,No,No,No,No,No,No,No
158286312,101861019,Caucasian,Male,[60-70),?,1,22,2,6,?,?,75,0,14,0,0,0,250.11,584,728,9,,,No,No,No,No,No,No,No,No,No,No,No,No,No,No,No,No,No,Up,No,No,No,No,No,Ch,Yes
158286690,101859561,AfricanAmerican,Female,[30-40),?,1,1,2,4,?,?,59,0,15,0,0,0,250.6,599,250.1,9,,,No,No,No,No,No,No,No,No,No,No,No,No,No,No,No,No,No,Steady,No,No,No,No,No,No,Yes
158287494,84835890,Caucasian,Male,[60-70),?,1,1,7,4,HM,?,68,3,17,5,0,0,578,280,585,9,,,No,No,No,No,No,No,No,No,No,No,No,No,No,No,No,No,No,No,No,No,No,No,No,No,No
158289522,96982767,Caucasian,Male,[90-100),?,2,6,7,9,MC,Emergency/Trauma,79,0,26,0,0,1,789,492,428,9,,,No,No,No,No,No,No,No,No,No,No,No,No,No,No,No,No,No,Down,No,No,No,No,No,Ch,Yes
158289852,106494876,Caucasian,Female,[50-60),?,1,1,7,3,?,InternalMedicine,51,0,10,0,0,0,486,491,250.02,8,,,No,No,No,No,No,No,No,No,No,No,Steady,No,No,No,No,No,No,No,No,No,No,No,No,No,Yes
158290896,41775318,Caucasian,Female,[70-80),?,1,6,7,3,SP,?,67,0,11,0,0,0,38,590,995,9,,,Steady,No,No,No,No,No,No,No,No,No,No,No,No,No,No,No,No,No,No,No,No,No,No,No,Yes
158298420,101859201,Caucasian,Male,[80-90),?,1,6,2,7,?,?,59,4,16,0,0,0,250.4,428,511,9,,,No,No,No,No,No,No,No,No,No,No,No,No,No,No,No,No,No,No,No,No,No,No,No,No,No
158300106,41057388,Hispanic,Male,[20-30),?,1,1,7,4,?,InternalMedicine,83,0,11,0,0,0,250.11,276,401,5,,>8,No,No,No,No,No,No,No,No,No,No,Up,No,No,No,No,No,No,Down,No,No,No,No,No,Ch,Yes
158300346,56705337,Caucasian,Female,[80-90),?,1,1,7,4,MC,?,40,0,15,0,0,0,9,250.83,276,8,,,No,No,No,No,No,No,No,No,No,No,No,No,No,No,No,No,No,Up,No,No,No,No,No,Ch,Yes
158301948,65366109,Caucasian,Female,[60-70),?,1,1,7,5,?,?,37,3,20,0,0,0,414,491,786,9,,,No,No,No,No,No,No,Steady,No,No,No,No,Steady,No,No,No,No,No,No,No,No,No,No,No,Ch,Yes
158302332,101866896,Caucasian,Male,[40-50),?,1,15,1,13,?,?,54,1,13,0,0,0,250.11,276,276,8,,,No,No,No,No,No,No,No,No,No,No,No,No,No,No,No,No,No,Steady,No,No,No,No,No,No,Yes
158304534,65640546,Caucasian,Female,[60-70),?,2,3,1,7,MC,Gastroenterology,42,2,20,0,0,4,38,707,263,9,,,No,No,No,No,Steady,No,No,No,No,No,No,No,No,No,No,No,No,Steady,No,No,No,No,No,Ch,Yes
158305350,105774039,Caucasian,Female,[80-90),?,1,6,7,4,MC,?,65,0,14,1,0,2,428,425,427,9,,,No,No,No,No,No,No,No,Up,No,Steady,No,No,No,No,No,No,No,No,No,No,No,No,No,Ch,Yes
158305512,106598574,Caucasian,Male,[30-40),?,2,1,7,2,SP,Emergency/Trauma,38,0,6,0,0,1,599,250.02,276,8,,,No,No,No,No,No,No,No,No,No,No,No,No,No,No,No,No,No,Up,No,No,No,No,No,Ch,Yes
158305686,106491483,Caucasian,Female,[80-90),?,1,1,2,2,?,?,30,0,8,0,0,0,786,428,428,9,,,No,No,No,No,No,No,No,No,No,No,No,No,No,No,No,No,No,No,No,No,No,No,No,No,No
158305926,86326200,Caucasian,Female,[60-70),?,1,1,7,4,HM,?,63,0,13,0,0,0,786,496,788,9,,,No,No,No,No,No,No,No,No,No,No,No,No,No,No,No,No,No,No,No,No,No,No,No,No,No
158309184,93809358,Hispanic,Male,[60-70),?,2,3,7,6,MC,Emergency/Trauma,63,1,9,1,0,0,431,434,433,9,,,No,No,No,No,No,No,No,Steady,No,No,No,No,No,No,No,No,No,Down,No,No,No,No,No,Ch,Yes
158310192,103241952,Caucasian,Female,[60-70),?,2,1,7,7,MC,Emergency/Trauma,32,5,24,0,0,0,250.8,731,730,9,,,Steady,No,No,No,No,No,Steady,No,No,No,Steady,No,No,No,No,No,No,No,No,No,No,No,No,Ch,Yes
158310216,84049506,AfricanAmerican,Female,[70-80),?,2,6,1,11,?,InternalMedicine,36,2,17,0,0,1,V57,404,585,9,,,No,No,No,No,No,No,No,No,No,No,No,No,No,No,No,No,No,No,No,No,No,No,No,No,No
158311014,89931762,Caucasian,Female,[80-90),?,2,6,1,7,MC,?,37,0,10,0,0,0,491,401,300,4,,,No,No,No,No,No,No,No,No,No,No,No,No,No,No,No,No,No,No,No,No,No,No,No,No,No
158311488,61099218,Other,Male,[60-70),?,1,1,1,1,?,?,44,0,9,1,0,0,794,496,787,7,,,Steady,No,No,No,No,No,No,No,No,No,No,No,No,No,No,No,No,Steady,No,No,No,No,No,Ch,Yes
158312184,55676880,AfricanAmerican,Female,[80-90),?,2,1,1,11,?,Psychiatry,55,0,12,0,0,0,298,780,427,9,,,No,No,No,No,No,No,Steady,No,No,No,No,No,No,No,No,No,No,Steady,No,No,No,No,No,Ch,Yes
158313234,101862909,Caucasian,Male,[70-80),?,1,1,7,3,?,?,63,0,10,0,0,0,276,728,250.92,9,,,No,No,No,No,No,No,No,No,No,No,No,No,No,No,No,No,No,No,No,No,No,No,No,No,No
158314734,7680339,Caucasian,Female,[70-80),?,3,6,9,11,MC,?,10,2,15,0,0,0,250.8,285,401,8,,,Steady,No,No,No,No,No,No,No,No,Steady,No,No,No,No,No,No,No,Up,No,No,No,No,No,Ch,Yes
158316336,95245623,Caucasian,Female,[50-60),?,2,7,7,2,SP,Emergency/Trauma,20,0,10,0,0,0,780,305,305,9,,,No,No,No,No,No,No,No,Steady,No,No,No,No,No,No,No,No,No,No,No,No,No,No,No,No,Yes
158316702,43067745,Caucasian,Female,[60-70),?,1,1,7,11,HM,?,60,3,27,0,0,2,288,162,511,9,,,No,No,No,No,No,No,No,No,No,No,Steady,No,No,No,No,No,No,Down,No,No,No,No,No,Ch,Yes
158321580,99367398,Caucasian,Female,[80-90),?,2,3,7,9,MC,Emergency/Trauma,60,3,28,4,0,1,486,188,998,9,,,No,Steady,No,No,Steady,No,No,No,No,No,No,No,No,No,No,No,No,Down,No,No,No,No,No,Ch,Yes
158321688,84369501,Caucasian,Female,[80-90),?,1,6,7,14,MC,?,75,2,31,5,0,4,434,276,599,9,,,No,No,No,No,No,No,No,No,No,No,Steady,No,No,No,No,No,No,No,No,No,No,No,No,No,Yes
158322210,110706039,AfricanAmerican,Female,[70-80),?,1,1,7,1,?,?,15,0,6,0,0,0,225,780,250,5,,,Steady,No,No,No,No,No,No,No,No,No,No,No,No,No,No,No,No,No,No,No,No,No,No,No,Yes
158323968,101921499,Caucasian,Female,[40-50),?,5,28,1,2,HM,?,42,0,16,1,0,0,969,E950,458,8,,,No,No,No,No,No,No,No,No,No,No,No,No,No,No,No,No,No,Up,No,No,No,No,No,Ch,Yes
158324598,106533090,Caucasian,Female,[50-60),?,1,1,7,2,?,ObstetricsandGynecology,69,2,8,0,0,0,218,623,285,5,,,No,No,No,No,No,No,No,No,No,No,No,No,No,No,No,No,No,No,No,No,No,No,No,No,No
158324808,43141923,Caucasian,Male,[70-80),?,1,1,7,1,MC,?,1,0,11,0,0,1,562,428,414,9,,,No,No,No,No,No,No,No,No,No,No,No,No,No,No,No,No,No,No,No,No,No,No,No,No,No
158325156,84018330,Caucasian,Male,[70-80),?,1,1,7,1,?,InternalMedicine,39,1,6,1,0,0,578,285,571,9,,,No,No,No,No,No,No,No,No,No,No,No,No,No,No,No,No,No,Steady,No,No,No,No,No,No,Yes
158325900,23339700,Caucasian,Male,[80-90),?,1,27,5,11,MC,Family/GeneralPractice,51,2,8,0,1,1,535,285,41,8,,,No,No,No,No,No,No,No,No,No,No,No,No,No,No,No,No,No,No,No,No,No,No,No,No,No
158326128,84669678,Caucasian,Male,[50-60),?,1,6,7,10,HM,?,93,1,28,0,0,0,577,250.11,287,9,>300,>8,No,No,No,No,No,No,No,No,No,No,No,No,No,No,No,No,No,Down,No,No,No,No,No,Ch,Yes
158326404,45435726,Caucasian,Male,[40-50),?,5,28,1,5,MC,?,66,0,22,0,0,0,780,295,496,9,,,Steady,No,No,No,No,No,No,No,No,No,No,No,No,No,No,No,No,No,No,No,No,No,No,No,Yes
158334786,42822018,Caucasian,Male,[50-60),?,3,1,7,5,SP,?,69,0,20,0,0,1,486,584,403,7,,Norm,No,No,No,No,No,No,Steady,No,No,No,No,No,No,No,No,No,No,No,No,No,No,No,No,No,Yes
158335068,25280829,AfricanAmerican,Female,[80-90),?,2,1,4,1,MC,Cardiology,28,6,13,0,0,0,414,411,427,5,,,No,No,No,No,No,No,No,No,No,No,No,No,No,No,No,No,No,No,No,No,No,No,No,No,No
158336868,24764337,AfricanAmerican,Female,[70-80),?,1,3,7,4,MC,InternalMedicine,42,0,18,0,0,1,250.6,402,428,9,,,Steady,No,No,No,No,No,No,No,No,No,No,No,No,No,No,No,No,Up,No,No,No,No,No,Ch,Yes
158337492,93095550,Caucasian,Female,[70-80),?,3,6,7,6,MC,Family/GeneralPractice,47,4,20,0,1,1,518,428,410,9,,,No,No,No,No,Steady,No,No,No,No,No,No,No,No,No,No,No,No,Up,No,No,No,No,No,Ch,Yes
158339712,90889785,AfricanAmerican,Male,[0-10),?,2,1,1,4,?,Cardiology-Pediatric,53,0,5,0,0,0,250.11,V58,?,2,,,No,No,No,No,No,No,No,No,No,No,No,No,No,No,No,No,No,Steady,No,No,No,No,No,No,Yes
158339982,43819452,Caucasian,Female,[90-100),?,1,3,7,3,MC,?,47,0,16,0,0,2,428,428,414,7,,,No,No,No,No,No,No,No,No,No,No,No,No,No,No,No,No,No,No,No,No,No,No,No,No,No
158342790,25280874,AfricanAmerican,Male,[50-60),?,1,1,7,4,BC,InternalMedicine,39,0,12,0,0,0,453,585,569,9,,,No,No,No,No,No,No,No,No,No,Steady,No,No,No,No,No,No,No,Steady,No,No,No,No,No,Ch,Yes
158343678,25280883,AfricanAmerican,Male,[50-60),?,1,1,7,2,BC,Orthopedics-Reconstructive,38,1,29,0,0,0,883,414,305,9,,,No,No,No,No,No,No,No,No,No,Steady,No,No,No,No,No,No,No,No,No,No,No,No,No,No,Yes
158344668,25280919,AfricanAmerican,Female,[50-60),?,1,1,7,1,BC,InternalMedicine,43,2,12,0,0,0,989,250.02,E905,7,,,Steady,No,No,No,No,No,No,No,No,No,Steady,No,No,No,No,No,No,Up,No,No,No,No,No,Ch,Yes
158344848,92817657,Caucasian,Male,[50-60),?,2,1,7,8,MC,Emergency/Trauma,39,2,25,3,3,3,433,428,250,9,,,No,No,No,No,No,No,No,No,No,No,No,No,No,No,No,No,No,Down,No,No,No,No,No,Ch,Yes
158345298,107056692,AfricanAmerican,Male,[30-40),?,1,6,7,13,MC,?,79,4,23,0,2,1,38,707,682,9,,>7,No,No,No,No,No,No,Steady,No,No,No,No,No,No,No,No,No,No,No,No,No,No,No,No,No,Yes
158345670,23354613,Caucasian,Female,[70-80),?,1,1,7,3,MC,Family/GeneralPractice,44,0,15,1,0,1,276,427,8,9,,,Steady,No,No,No,No,No,No,Steady,No,No,No,No,No,No,No,No,No,Steady,No,No,No,No,No,Ch,Yes
158347590,43050807,Caucasian,Female,[60-70),?,1,23,7,3,MD,?,57,0,14,0,0,0,38,599,995,8,,,Down,No,No,No,No,No,No,No,No,No,No,No,No,No,No,No,No,Steady,No,No,No,No,No,Ch,Yes
158348004,78514209,Caucasian,Female,[70-80),[75-100),1,1,7,5,MC,?,49,0,17,0,1,0,386,276,250,9,,,No,No,No,No,No,No,No,No,No,Steady,No,No,No,No,No,No,No,No,No,No,No,No,No,No,Yes
158348094,90263034,AfricanAmerican,Female,[90-100),?,3,3,7,5,MC,Emergency/Trauma,47,1,15,0,0,2,428,789,424,9,,Norm,No,No,No,No,Down,No,No,No,No,No,No,No,No,No,No,No,No,Down,No,No,No,No,No,Ch,Yes
158348244,99914886,Caucasian,Female,[20-30),?,1,1,7,2,?,?,9,0,6,1,0,0,250.13,?,?,1,,,No,No,No,No,No,No,No,No,No,No,No,No,No,No,No,No,No,Down,No,No,No,No,No,Ch,Yes
158348754,81004977,Caucasian,Female,[70-80),?,1,11,7,7,?,?,54,1,18,0,0,1,599,197,41,9,,,No,No,No,No,No,No,No,No,No,No,No,No,No,No,No,No,No,No,No,No,No,No,No,No,No
158348790,23514921,Caucasian,Male,[60-70),?,1,1,7,1,MC,Cardiology,43,0,3,0,0,0,786,414,401,5,,,No,No,No,No,No,No,No,No,No,No,No,No,No,No,No,No,No,No,No,No,No,No,No,No,No
158348976,69920235,Caucasian,Male,[50-60),?,1,1,7,11,CP,?,56,6,20,7,0,0,250.6,707,996,9,,>8,No,No,No,No,No,No,No,Up,No,Steady,No,No,No,No,No,No,No,Up,No,No,No,No,No,Ch,Yes
158349954,39396627,Other,Female,[60-70),?,2,1,7,8,OG,Emergency/Trauma,64,5,15,0,0,0,574,599,276,8,,,No,No,No,No,No,No,No,No,No,No,No,No,No,No,No,No,No,No,No,No,No,No,No,No,No
158350230,40449006,Caucasian,Female,[80-90),?,1,1,7,2,?,?,9,0,11,0,0,2,428,427,276,9,,,No,No,No,No,No,No,No,Steady,No,No,No,No,No,No,No,No,No,No,No,No,No,No,No,No,Yes
158350446,39448701,Caucasian,Female,[40-50),?,5,1,1,1,SP,?,53,0,8,0,0,0,789,250.02,272,3,,,Steady,No,No,No,No,No,No,No,No,No,Steady,No,No,No,No,No,No,No,No,No,No,No,No,Ch,Yes
158350818,59713965,Caucasian,Female,[60-70),?,5,3,1,9,MC,?,70,0,37,1,0,1,789,486,496,9,,>8,No,No,No,No,No,No,No,No,No,No,No,No,No,No,No,No,No,Up,No,No,No,No,No,Ch,Yes
158350926,23211423,AfricanAmerican,Male,[40-50),?,1,6,7,4,MC,InternalMedicine,35,0,19,0,1,0,599,344,707,9,,,No,No,No,No,Steady,No,No,No,No,No,No,No,No,No,No,No,No,Steady,No,No,No,No,No,Ch,Yes
158351226,93647691,Caucasian,Male,[60-70),?,2,6,4,9,?,Surgery-General,36,2,9,1,0,0,V57,799,V58,9,,,No,No,No,No,No,No,No,No,No,No,No,No,No,No,No,No,No,No,No,No,No,No,No,No,No
158351304,4661406,AfricanAmerican,Male,[60-70),[100-125),1,1,7,4,HM,?,75,0,12,0,0,0,434,135,517,9,,,No,No,No,No,No,No,No,No,No,No,No,No,No,No,No,No,No,No,No,No,No,No,No,No,No
158352378,43835652,Caucasian,Male,[70-80),?,1,1,7,7,MC,?,45,4,20,0,0,0,428,427,425,7,,,No,No,No,No,No,No,No,No,No,No,No,No,No,No,No,No,No,No,No,No,No,No,No,No,No
158352546,23655942,AfricanAmerican,Female,[50-60),?,1,1,7,5,MD,Cardiology,48,3,19,0,0,0,410,584,250,6,,,No,No,No,No,No,No,No,No,No,Steady,No,No,No,No,No,No,No,Steady,No,No,No,No,No,Ch,Yes
158352870,94337937,AfricanAmerican,Female,[80-90),?,2,6,7,4,UN,Emergency/Trauma,41,3,23,0,0,0,813,276,813,9,,,No,No,No,No,No,No,No,No,No,Steady,No,No,No,No,No,No,No,Steady,No,No,No,No,No,Ch,Yes
158353098,65676627,Caucasian,Female,[90-100),?,1,6,1,4,MC,?,47,0,7,2,0,1,682,250.02,584,9,,,No,No,No,No,No,No,No,No,No,No,No,No,No,No,No,No,No,Up,No,No,No,No,No,Ch,Yes
158353410,80974161,Caucasian,Male,[70-80),?,1,1,7,2,MC,?,2,3,6,0,0,0,578,285,569,9,,,No,No,No,No,No,No,No,No,No,No,No,No,No,No,No,No,No,Steady,No,No,No,No,No,No,Yes
158353596,87067575,Caucasian,Female,[80-90),?,5,1,1,1,MC,?,52,0,11,0,0,0,530,425,250,6,,Norm,No,No,No,No,No,No,Steady,No,No,No,No,No,No,No,No,No,No,No,No,No,No,No,No,No,Yes
158354310,23631651,Caucasian,Male,[60-70),?,1,1,7,2,MD,InternalMedicine,43,0,7,0,0,0,250.02,276,276,9,,,No,No,No,No,No,No,No,No,No,No,No,No,No,No,No,No,No,Steady,No,No,No,No,No,No,Yes
158354610,72906120,Caucasian,Male,[50-60),?,1,1,7,5,?,?,55,0,13,3,0,2,572,571,287,9,,,No,No,No,No,Steady,No,No,No,No,No,No,Steady,No,No,No,No,No,No,No,No,No,No,No,Ch,Yes
158354946,114503049,Caucasian,Female,[70-80),?,1,1,7,12,?,?,55,0,13,0,0,1,296,300,300,9,,,No,No,No,No,Steady,No,No,No,No,No,No,No,No,No,No,No,No,Steady,No,No,No,No,No,Ch,Yes
158355174,40924908,Caucasian,Male,[70-80),?,1,1,7,4,SP,?,50,0,31,0,0,0,414,427,414,9,,,No,No,No,No,No,No,Up,No,No,No,No,No,No,No,No,No,No,Steady,No,No,No,No,No,Ch,Yes
158355306,43734753,Caucasian,Female,[30-40),?,3,1,1,6,MD,Family/GeneralPractice,52,2,22,4,0,1,654,648,250.01,9,,,No,No,No,No,No,No,No,No,No,No,No,No,No,No,No,No,No,Down,No,No,No,No,No,Ch,Yes
158355654,81461718,Caucasian,Female,[80-90),?,1,4,7,6,?,?,59,0,7,0,0,0,38,599,276,9,,,No,No,No,No,No,No,No,No,No,No,No,No,No,No,No,No,No,No,No,No,No,No,No,No,No
158356278,53275995,Caucasian,Male,[60-70),?,2,1,4,3,?,Cardiology,34,5,10,0,0,0,414,411,414,8,,,No,No,No,No,No,No,Up,No,No,No,No,No,No,No,No,No,No,No,No,No,No,No,No,Ch,Yes
158358156,86899167,Caucasian,Male,[50-60),?,1,6,7,9,MC,?,64,0,14,0,0,0,428,585,403,9,,>7,Steady,No,No,No,No,No,No,Down,No,No,No,No,No,No,No,No,No,No,No,No,No,No,No,Ch,Yes
158358552,84573729,Caucasian,Female,[60-70),?,1,1,7,6,MC,?,33,0,24,0,0,0,599,428,250,9,,,Down,No,No,No,No,No,No,Steady,No,No,Steady,No,No,No,No,No,No,No,No,No,No,No,No,Ch,Yes
158358786,42880986,Caucasian,Female,[40-50),?,1,1,7,4,UN,?,43,0,11,0,0,0,198,284,780,9,,,No,No,No,No,No,No,No,No,No,No,No,No,No,No,No,No,No,No,No,No,No,No,No,No,No
158359248,86089383,Caucasian,Female,[60-70),?,1,2,7,2,BC,?,35,0,14,1,0,0,414,411,250.01,9,,,No,No,No,No,No,No,No,No,No,No,No,No,No,No,No,No,No,No,No,No,No,No,No,No,No
158359476,52701984,AfricanAmerican,Female,[60-70),?,2,1,7,6,?,Cardiology,37,3,16,0,0,0,414,428,424,9,,,No,No,No,No,No,No,No,No,No,No,No,No,No,No,No,No,No,Steady,No,No,No,No,No,No,Yes
158360250,86283009,AfricanAmerican,Male,[70-80),?,1,1,7,3,?,?,46,0,10,0,0,0,428,250.02,403,8,,,No,No,No,No,No,No,No,No,No,No,No,No,No,No,No,No,No,No,No,No,No,No,No,No,No
158360964,89731395,Caucasian,Female,[60-70),?,2,6,7,3,MD,Emergency/Trauma,57,1,17,3,0,1,276,585,584,9,,,No,No,No,No,No,No,No,No,No,No,No,No,No,No,No,No,No,Down,No,No,No,No,No,Ch,Yes
158361186,64885500,AfricanAmerican,Female,[60-70),?,1,1,7,3,?,?,44,0,15,1,0,1,493,428,250.02,7,,,Steady,No,No,No,No,No,No,No,No,No,No,No,No,No,No,No,No,Steady,No,No,No,No,No,Ch,Yes
158361324,93771396,Caucasian,Female,[70-80),?,5,3,1,6,MC,?,79,1,25,3,0,0,518,428,496,9,,,Steady,No,No,No,No,No,No,Steady,No,No,No,No,No,No,No,No,No,Up,No,No,No,No,No,Ch,Yes
158362068,24197670,AfricanAmerican,Male,[30-40),?,1,2,7,6,BC,InternalMedicine,56,1,21,0,1,0,573,250.02,276,9,,,Steady,No,No,No,No,No,Steady,No,No,Up,No,No,No,No,No,No,No,Steady,No,No,No,No,No,Ch,Yes
158362422,78405480,Caucasian,Male,[60-70),?,1,13,7,4,MC,?,57,0,10,0,0,3,782,428,571,6,,,No,No,No,No,No,No,Steady,No,No,No,No,No,No,No,No,No,No,No,No,No,No,No,No,No,Yes
158362698,24962382,AfricanAmerican,Male,[50-60),?,1,1,7,3,SP,InternalMedicine,36,0,10,0,1,0,584,250.22,276,9,,>8,No,No,No,No,No,No,No,No,No,No,No,No,No,No,No,No,No,Down,No,No,No,No,No,Ch,Yes
158362908,58392252,Caucasian,Female,[80-90),?,1,1,7,4,CM,?,53,4,19,0,0,0,747,427,428,9,,,No,No,No,No,No,No,No,No,No,No,No,No,No,No,No,No,No,No,No,No,No,No,No,No,No
158363556,43843842,Caucasian,Male,[40-50),?,3,1,1,10,SP,Cardiology,74,2,31,0,0,0,518,486,250.11,3,,,No,No,No,No,No,No,No,No,No,Steady,No,No,No,No,No,No,No,Down,No,No,No,No,No,Ch,Yes
158363706,41930019,Caucasian,Female,[70-80),?,1,1,7,1,MC,?,59,0,15,0,0,0,560,401,250,4,,,No,No,No,No,No,No,No,No,No,No,No,No,No,No,No,No,No,No,No,No,No,No,No,No,No
158366220,50304816,AfricanAmerican,Female,[60-70),?,1,1,7,5,?,?,70,4,22,0,0,0,414,411,518,9,,,No,No,No,No,No,No,No,Steady,No,No,No,No,No,No,No,No,No,Steady,No,No,No,No,No,Ch,Yes
158368098,23352102,AfricanAmerican,Female,[70-80),?,1,1,7,3,MC,?,42,0,18,0,0,1,275,585,401,7,,,No,No,No,No,No,No,No,No,No,No,Steady,No,No,No,No,No,No,Up,No,No,No,No,No,Ch,Yes
158368920,91520145,AfricanAmerican,Male,[80-90),?,1,1,7,1,MC,?,9,0,6,0,0,1,435,401,272,6,,,Steady,No,No,No,No,No,No,Down,No,No,No,No,No,No,No,No,No,Steady,No,No,No,No,No,Ch,Yes
158369592,25065504,Caucasian,Male,[90-100),?,1,1,7,5,MC,Family/GeneralPractice,39,1,10,0,0,1,569,250.02,401,9,,,No,No,No,No,No,No,No,No,No,No,No,No,No,No,No,No,No,No,No,No,No,No,No,No,No
158370102,56326698,AfricanAmerican,Male,[70-80),?,2,1,7,3,?,Surgery-Vascular,7,3,13,0,0,0,433,599,433,9,,,No,No,No,No,No,No,No,No,No,No,No,No,No,No,No,No,No,Steady,No,No,No,No,No,No,Yes
158370216,23268348,AfricanAmerican,Male,[50-60),?,1,1,7,4,SP,InternalMedicine,40,1,14,0,0,0,595,250.02,401,5,,,Steady,No,No,No,No,No,No,Steady,No,No,No,No,No,No,No,No,No,Up,No,No,No,No,No,Ch,Yes
158370300,94201353,Caucasian,Male,[60-70),?,2,1,7,2,UN,Emergency/Trauma,80,0,9,3,2,3,250.81,790,250.6,9,,>8,No,No,No,No,No,No,No,No,No,No,No,No,No,No,No,No,No,Up,No,No,No,No,No,Ch,Yes
158370636,95962356,AfricanAmerican,Female,[30-40),?,1,1,1,2,?,?,30,0,7,1,0,0,648,376,250,5,,,Steady,No,No,No,No,No,No,No,No,No,No,No,No,No,No,No,No,No,No,No,No,No,No,No,Yes
158371572,25281468,AfricanAmerican,Female,[80-90),?,1,22,7,3,MC,InternalMedicine,49,0,6,0,0,0,435,250.02,585,7,,,No,No,No,No,No,No,No,No,No,No,No,No,No,No,No,No,No,Down,No,No,No,No,No,Ch,Yes
158371962,27629784,AfricanAmerican,Male,[20-30),?,1,1,7,2,?,?,53,0,11,1,5,1,536,250.11,V58,6,,,No,No,No,No,No,No,No,No,No,No,No,No,No,No,No,No,No,Down,No,No,No,No,No,Ch,Yes
158372142,103384863,AfricanAmerican,Male,[10-20),?,1,1,7,5,?,?,52,0,6,0,0,1,250.11,276,V17,3,,,No,No,No,No,No,No,No,No,No,No,No,No,No,No,No,No,No,Down,No,No,No,No,No,Ch,Yes
158372814,86039271,Caucasian,Male,[50-60),?,1,1,7,1,MC,?,27,0,8,0,0,0,414,411,496,7,,,No,No,No,No,No,No,Steady,No,No,No,No,No,No,No,No,No,No,No,No,No,No,No,No,No,Yes
158372958,72989352,Other,Female,[10-20),?,1,1,1,1,?,?,30,0,5,0,0,0,611,285,250,4,,,No,No,No,No,No,No,No,No,No,No,No,No,No,No,No,No,No,Steady,No,No,No,No,No,No,Yes
158373390,94798998,Caucasian,Male,[80-90),?,2,3,7,9,MC,Emergency/Trauma,61,1,15,0,1,1,331,276,427,9,,,No,Steady,No,No,No,No,No,No,No,No,No,No,No,No,No,No,No,Up,No,No,No,No,No,Ch,Yes
158373480,88207335,Caucasian,Male,[60-70),?,1,1,7,3,MC,?,30,0,3,0,0,0,486,250,401,7,,,No,No,No,No,No,No,No,No,No,No,No,No,No,No,No,No,No,No,No,No,No,No,No,No,No
158374326,75361833,Caucasian,Male,[80-90),?,1,1,7,2,CM,?,36,1,9,0,0,0,530,780,535,7,,,No,No,No,No,No,No,No,No,No,Steady,No,No,No,No,No,No,No,No,No,No,No,No,No,No,Yes
158375340,25281540,AfricanAmerican,Female,[70-80),?,1,2,7,3,CP,InternalMedicine,38,1,20,0,0,0,820,250.02,438,9,,,No,No,No,No,No,No,Steady,No,No,No,No,No,No,No,No,No,No,Steady,No,No,No,No,No,Ch,Yes
158375412,63811422,Caucasian,Female,[70-80),?,3,6,1,12,MC,?,20,0,13,0,0,1,V57,V54,599,6,,,No,No,No,No,No,No,Steady,No,No,No,No,No,No,No,No,No,No,No,No,No,No,No,No,No,Yes
158376420,38706759,Caucasian,Female,[70-80),?,2,22,1,10,?,InternalMedicine,31,3,18,0,0,0,V57,V45,401,7,,,Steady,No,No,No,Steady,No,No,No,No,No,No,No,No,No,No,No,No,No,No,No,No,No,No,Ch,Yes
158376690,112636503,Caucasian,Female,[40-50),?,1,1,7,1,DM,?,28,0,11,0,0,2,486,276,70,9,,,Steady,No,No,No,No,No,No,No,No,No,No,No,No,No,No,No,No,No,No,No,No,No,No,No,Yes
158377146,45648477,Caucasian,Female,[70-80),?,1,3,7,5,?,?,45,0,17,3,0,3,599,428,276,8,,,No,No,No,No,No,No,No,No,No,No,No,No,No,No,No,No,No,No,No,No,No,No,No,No,No
158377164,41101785,Caucasian,Male,[60-70),?,1,1,7,6,MC,?,52,4,23,0,0,0,592,592,591,9,,,No,No,No,No,No,No,No,No,No,No,No,No,No,No,No,No,No,Up,No,No,No,No,No,Ch,Yes
158377236,54870219,Caucasian,Female,[70-80),?,1,3,7,5,?,?,48,0,15,4,0,1,590,805,41,9,,,No,No,No,No,No,No,No,No,No,No,No,No,No,No,No,No,No,No,No,No,No,No,No,No,No
158377332,42835311,Caucasian,Male,[70-80),?,1,22,7,3,SP,?,32,2,23,0,0,0,820,285,428,9,,,No,No,No,No,No,No,No,No,No,Steady,No,No,No,No,No,No,No,No,Steady,No,No,No,No,Ch,Yes
158377872,66089934,Other,Male,[50-60),?,5,1,1,1,HM,?,37,1,12,0,0,0,786,401,780,5,,>7,No,No,No,No,Steady,No,No,No,No,No,No,No,No,No,No,No,No,No,No,No,No,No,No,No,Yes
158377902,56980809,AfricanAmerican,Female,[70-80),?,1,1,7,2,MC,?,45,0,10,0,0,2,577,250.6,536,6,,,Steady,No,No,No,No,No,No,No,No,No,No,No,No,No,No,No,No,No,No,No,No,No,No,No,Yes
158377998,91156455,Caucasian,Male,[60-70),?,2,6,7,6,?,?,68,2,29,0,0,0,410,486,491,9,,,No,No,No,No,No,No,No,No,No,No,Steady,No,No,No,No,No,No,Steady,No,No,No,No,No,Ch,Yes
158378448,65390958,AfricanAmerican,Female,[50-60),?,1,1,1,4,?,?,36,0,12,1,0,0,486,401,250,7,,,No,No,No,No,No,No,No,No,No,No,Steady,No,No,No,No,No,No,Down,No,No,No,No,No,Ch,Yes
158378610,108093258,AfricanAmerican,Female,[50-60),?,1,28,7,4,?,?,81,2,36,0,0,0,438,780,518,9,,,No,No,No,No,No,No,No,No,No,No,No,No,No,No,No,No,No,Down,No,No,No,No,No,Ch,Yes
158379084,108126468,Caucasian,Female,[70-80),?,2,3,4,6,?,Oncology,38,0,33,0,0,0,174,197,296,9,,,No,No,No,No,No,No,Steady,No,No,No,Steady,No,No,No,No,No,No,No,No,No,No,No,No,Ch,Yes
158379192,40945509,Caucasian,Female,[70-80),?,1,1,7,2,MC,?,47,0,16,4,0,2,584,403,585,8,,,No,No,No,No,No,No,No,No,No,No,No,Steady,No,No,No,No,No,Up,No,No,No,No,No,Ch,Yes
158381040,44538705,Caucasian,Female,[30-40),?,2,1,4,3,CP,Psychiatry,56,0,10,0,0,0,296,305,599,7,,,No,No,No,No,No,No,No,No,No,No,No,No,No,No,No,No,No,Down,No,No,No,No,No,Ch,Yes
158381232,89859537,Caucasian,Male,[70-80),?,2,1,7,1,MC,Emergency/Trauma,28,1,13,1,0,2,537,585,537,8,,,No,No,No,No,No,No,No,No,No,No,No,No,No,No,No,No,No,Up,No,No,No,No,No,Ch,Yes
158382600,60988536,Caucasian,Female,[70-80),?,1,1,1,1,?,?,9,0,15,0,0,0,250.8,401,535,9,,,Steady,No,No,No,No,No,No,Steady,No,No,No,No,No,No,No,No,No,Steady,No,No,No,No,No,Ch,Yes
158382684,57854574,Caucasian,Male,[50-60),?,1,1,1,4,?,?,42,0,12,0,0,1,530,535,250.6,5,,,No,No,No,No,No,No,No,No,No,No,No,No,No,No,No,No,No,Steady,No,No,No,No,No,No,Yes
158383014,59438304,Caucasian,Male,[40-50),?,1,1,7,3,PO,?,38,1,13,0,0,0,801,250.6,813,8,,,No,No,No,No,No,No,No,No,No,No,No,No,No,No,No,No,No,Steady,No,No,No,No,No,No,Yes
158383392,40802130,Caucasian,Female,[80-90),?,1,1,7,1,MC,?,51,0,9,0,0,0,519,276,496,4,,,No,No,No,No,No,No,No,No,No,No,No,No,No,No,No,No,No,No,No,No,No,No,No,No,No
158384280,89973036,Caucasian,Male,[70-80),?,1,1,7,4,BC,Emergency/Trauma,69,4,21,1,0,2,410,428,424,9,,,No,No,No,No,No,No,No,No,No,No,No,Steady,No,No,No,No,No,Down,No,No,No,No,No,Ch,Yes
158385084,38656017,AfricanAmerican,Male,[60-70),?,5,1,1,1,HM,?,45,0,7,0,0,0,786,250.8,401,7,,>8,No,No,No,No,No,No,No,No,No,No,No,No,No,No,No,No,No,Steady,No,No,No,No,No,No,Yes
158385258,87337449,Caucasian,Female,[60-70),?,1,1,7,5,?,?,52,1,26,3,1,1,996,428,403,9,,,No,No,No,No,No,No,No,No,No,No,No,No,No,No,No,No,No,Steady,No,No,No,No,No,No,Yes
158385690,66090978,AfricanAmerican,Male,[40-50),?,5,2,1,1,HM,?,41,0,9,0,0,0,411,794,250,9,,>8,No,No,No,No,No,No,No,No,No,No,No,No,No,No,No,No,No,Steady,No,No,No,No,No,No,Yes
158389182,77815755,Caucasian,Female,[70-80),?,1,3,1,9,?,?,53,1,35,0,0,0,823,427,289,9,,,No,No,No,No,No,No,No,No,No,No,No,No,No,No,No,No,No,No,No,No,No,No,No,No,No
158389272,99694422,Caucasian,Male,[60-70),?,2,1,7,1,MC,Emergency/Trauma,46,0,10,0,0,0,535,276,428,6,,,Steady,No,No,No,Steady,No,No,No,No,No,No,No,No,No,No,No,No,Steady,No,No,No,No,No,Ch,Yes
158390328,38189610,AfricanAmerican,Male,[30-40),?,5,1,1,2,MD,?,43,0,9,0,0,0,577,303,577,6,,>8,No,No,No,No,No,No,No,No,No,No,No,No,No,No,No,No,No,Up,No,No,No,No,No,Ch,Yes
158390400,88479036,Caucasian,Male,[70-80),?,2,1,7,2,MC,Emergency/Trauma,53,1,13,0,2,1,427,403,585,9,,,No,No,No,No,No,No,No,No,No,No,No,No,No,No,No,No,No,Down,No,No,No,No,No,Ch,Yes
158390742,59592375,AfricanAmerican,Male,[60-70),?,1,1,7,2,BC,?,66,0,17,0,0,0,250.82,682,403,9,,,No,No,No,No,No,No,No,No,No,Steady,No,No,No,No,No,No,No,Down,No,No,No,No,No,Ch,Yes
158390748,23314905,AfricanAmerican,Male,[30-40),?,1,1,7,2,MC,InternalMedicine,50,1,11,0,0,1,250.6,250.43,583,9,,>8,Steady,No,No,No,Steady,No,No,No,No,No,Steady,No,No,No,No,No,No,Steady,No,No,No,No,No,Ch,Yes
158390994,100934496,Caucasian,Male,[50-60),?,1,28,1,6,?,?,82,0,22,1,0,0,276,70,577,9,,,No,No,No,No,No,No,No,No,No,No,No,No,No,No,No,No,No,Down,No,No,No,No,No,Ch,Yes
158391414,64038789,Caucasian,Male,[60-70),?,3,6,1,8,?,Cardiology,56,5,47,0,1,0,394,427,287,6,,,No,No,No,No,No,No,No,No,No,No,No,No,No,No,No,No,No,Up,No,No,No,No,No,Ch,Yes
158391702,100456605,AfricanAmerican,Male,[60-70),?,1,6,2,11,?,?,59,2,43,0,1,0,724,788,250.92,9,,,No,No,No,No,No,No,No,Steady,No,No,No,No,No,No,No,No,No,Steady,No,No,No,No,No,Ch,Yes
158395398,77140440,Caucasian,Male,[60-70),[50-75),3,1,1,4,CP,Surgery-General,11,1,16,0,0,0,185,414,788,7,,,Up,Steady,No,No,No,No,No,No,No,No,No,No,No,No,No,No,No,No,No,No,No,No,No,Ch,Yes
158395512,100666467,Caucasian,Female,[50-60),?,3,1,1,1,SP,Family/GeneralPractice,1,1,4,0,0,2,174,610,611,7,,,No,No,No,No,No,No,No,No,No,No,No,No,No,No,No,No,No,No,No,No,No,No,No,No,No
158399820,56587824,Caucasian,Female,[60-70),?,1,6,7,8,?,?,61,3,49,0,0,0,414,411,402,9,,,No,No,No,No,No,No,No,No,No,No,Steady,No,No,No,No,No,No,Steady,No,No,No,No,No,Ch,Yes
158400564,93636126,Caucasian,Male,[80-90),?,1,1,7,2,MC,?,31,0,10,0,0,0,428,585,276,9,,,No,No,No,No,No,No,No,Up,No,No,No,No,No,No,No,No,No,No,No,No,No,No,No,Ch,Yes
158403600,45728406,AfricanAmerican,Male,[80-90),?,8,1,1,1,?,Surgery-Vascular,37,3,13,1,0,0,433,V70,V45,5,,,No,No,No,No,No,No,No,No,No,No,No,No,No,No,No,No,No,No,No,No,No,No,No,No,No
158410266,23977197,Caucasian,Male,[40-50),?,1,1,7,4,HM,?,43,4,32,0,0,0,823,304,883,9,,,Steady,No,No,No,No,No,No,Steady,No,No,No,No,No,No,No,No,No,Up,No,No,No,No,No,Ch,Yes
158413212,64619100,Caucasian,Female,[50-60),?,3,1,1,6,?,Oncology,37,1,29,0,0,1,V58,189,197,8,,,Steady,No,No,No,No,No,No,No,No,No,No,No,No,No,No,No,No,No,No,No,No,No,No,No,Yes
158420778,66383244,Caucasian,Female,[80-90),[50-75),1,1,7,1,MC,?,62,0,8,1,0,0,427,424,402,9,,,No,Up,No,No,No,No,No,No,No,No,No,No,No,No,No,No,No,No,No,No,No,No,No,Ch,Yes
158427390,43554402,Caucasian,Female,[60-70),?,3,1,1,2,MD,Surgery-Vascular,35,2,15,0,0,1,733,733,413,7,,,No,No,No,No,Steady,No,No,No,No,No,No,No,No,No,No,No,No,No,No,No,No,No,No,No,Yes
158429784,42067179,Caucasian,Female,[40-50),?,3,1,1,6,BC,Cardiology,37,2,36,1,0,2,726,840,V43,7,,,No,No,No,No,No,No,No,No,No,No,No,No,No,No,No,No,No,Up,No,No,No,No,No,Ch,Yes
158433714,71134362,AfricanAmerican,Female,[60-70),?,2,3,1,2,MC,InternalMedicine,27,4,10,1,0,0,440,585,682,9,,,No,No,No,No,No,No,No,No,No,No,No,No,No,No,No,No,No,Steady,No,No,No,No,No,No,Yes
158436954,66971520,Caucasian,Female,[60-70),?,2,1,1,4,?,?,60,3,11,0,1,0,584,599,403,9,,>8,No,No,No,No,No,No,No,No,No,No,No,No,No,No,No,No,No,Up,No,No,No,No,No,Ch,Yes
158439678,56409066,Caucasian,Female,[50-60),[150-175),3,1,1,3,CP,ObstetricsandGynecology,18,2,13,1,0,0,182,424,620,9,,,No,No,No,No,No,No,No,No,No,No,No,No,No,No,No,No,No,No,No,No,No,No,No,No,No
158445816,93287016,AfricanAmerican,Female,[90-100),?,1,11,7,10,MC,?,77,3,19,0,0,0,38,584,518,9,,,No,No,No,No,No,No,No,No,No,No,No,No,No,No,No,No,No,Steady,No,No,No,No,No,No,Yes
158448462,80644149,AfricanAmerican,Male,[60-70),?,2,1,1,2,?,Cardiology,37,0,4,0,0,0,428,327,250,5,,,No,No,No,No,No,No,No,No,No,No,No,No,No,No,No,No,No,No,No,No,No,No,No,No,No
158449128,24098283,Caucasian,Male,[50-60),?,1,6,7,7,BC,Family/GeneralPractice,38,2,23,0,1,0,682,403,585,9,,,No,No,No,No,No,No,No,No,No,No,No,No,No,No,No,No,No,Up,No,No,No,No,No,Ch,Yes
158451414,90703269,Caucasian,Male,[60-70),?,2,1,7,2,HM,InternalMedicine,68,0,16,0,1,3,428,425,414,9,,,No,No,No,No,No,No,No,No,No,No,Steady,No,No,No,No,No,No,No,No,No,No,No,No,No,Yes
158452398,102878172,Caucasian,Male,[70-80),?,1,2,7,2,MC,InternalMedicine,44,1,20,0,0,2,410,458,427,9,,Norm,No,No,No,No,No,No,No,No,No,No,No,No,No,No,No,No,No,No,No,No,No,No,No,No,No
158454102,92829303,Caucasian,Female,[70-80),?,1,5,7,11,?,InternalMedicine,80,0,21,0,0,0,428,424,427,9,,Norm,No,No,No,No,No,No,No,No,No,No,No,No,No,No,No,No,No,No,No,No,No,No,No,No,No
158454222,75452571,Caucasian,Male,[40-50),?,2,1,4,5,?,?,57,6,43,0,0,0,410,427,414,9,,,No,No,No,No,No,No,No,No,No,No,No,No,No,No,No,No,No,Up,No,No,No,No,No,Ch,Yes
158456832,51631911,Caucasian,Male,[70-80),?,2,14,1,1,MC,?,55,1,6,0,0,0,153,789,250,5,,,No,No,No,No,No,No,No,No,No,No,No,No,No,No,No,No,No,No,No,No,No,No,No,No,No
158458242,70794459,Caucasian,Female,[80-90),?,1,1,7,4,MC,?,37,1,11,0,0,0,198,197,V10,7,,,No,No,No,No,No,No,No,No,No,No,No,No,No,No,No,No,No,No,No,No,No,No,No,No,No
158462424,84986001,Caucasian,Female,[70-80),?,1,2,7,2,MC,Radiologist,46,0,15,7,0,2,428,403,276,9,,,No,No,No,No,No,No,No,No,No,No,No,No,No,No,No,No,No,No,No,No,No,No,No,No,No
158462556,55332675,Caucasian,Female,[80-90),?,1,14,7,3,?,?,39,0,9,4,0,0,584,276,403,9,,,No,No,No,No,No,No,No,No,No,No,No,No,No,No,No,No,No,No,No,No,No,No,No,No,No
158464794,106491483,Caucasian,Female,[80-90),?,1,1,2,3,?,?,43,0,11,0,0,1,428,162,428,6,,,No,No,No,No,No,No,No,No,No,No,No,No,No,No,No,No,No,No,No,No,No,No,No,No,No
158465436,84348594,Caucasian,Female,[60-70),?,1,1,7,6,HM,?,63,1,17,2,0,1,8,491,276,9,,,No,No,No,No,No,No,No,No,No,No,No,No,No,No,No,No,No,No,No,No,No,No,No,No,No
158465748,87912531,Caucasian,Female,[70-80),?,1,6,7,2,MC,InternalMedicine,36,0,8,2,0,0,427,780,E942,7,,,No,No,No,No,No,No,No,No,No,No,No,No,No,No,No,No,No,No,No,No,No,No,No,No,No
158468034,832023,Caucasian,Female,[60-70),?,8,6,1,1,?,Surgery-General,1,3,17,4,1,0,174,428,492,5,,,No,No,No,No,No,No,No,No,No,No,No,No,No,No,No,No,No,No,Steady,No,No,No,No,No,Yes
158470464,78741063,Caucasian,Female,[70-80),?,2,6,4,7,?,Nephrology,41,2,16,0,0,1,V57,572,571,9,,,No,Steady,No,No,No,No,No,No,No,No,No,No,No,No,No,No,No,No,No,No,No,No,No,No,Yes
158470794,54610965,Caucasian,Female,[40-50),?,5,1,1,4,HM,?,19,6,13,1,0,0,278,574,V85,8,,,No,No,No,No,No,No,No,No,No,No,No,No,No,No,No,No,No,Up,No,No,No,No,No,Ch,Yes
158477124,66278844,Caucasian,Male,[80-90),?,1,4,7,2,MC,?,22,0,7,0,0,2,780,331,294,5,,,Steady,No,No,No,No,No,No,No,No,No,No,No,No,No,No,No,No,No,No,No,No,No,No,No,Yes
158477916,39778146,Caucasian,Female,[80-90),?,1,1,7,4,MC,?,34,0,17,0,4,3,486,786,786,9,,,No,No,No,No,Steady,No,No,No,No,No,No,No,No,No,No,No,No,No,No,No,No,No,No,No,Yes
158479962,86651406,Caucasian,Male,[50-60),?,1,1,1,2,MD,?,52,0,14,3,2,0,486,155,789,9,,,No,No,No,No,No,No,No,No,No,No,No,No,No,No,No,No,No,Up,No,No,No,No,No,Ch,Yes
158479980,89732367,Caucasian,Female,[10-20),?,2,1,7,1,SP,Emergency/Trauma,60,0,5,0,0,0,250.01,?,?,1,,>8,No,No,No,No,No,No,No,No,No,No,No,No,No,No,No,No,No,Down,No,No,No,No,No,Ch,Yes
158480514,101024973,AfricanAmerican,Male,[70-80),?,1,6,7,3,HM,?,41,2,15,2,0,0,427,425,427,9,,,No,No,No,No,No,No,No,Down,No,No,No,No,No,No,No,No,No,No,No,No,No,No,No,Ch,Yes
158481270,66093714,Caucasian,Male,[70-80),?,1,1,1,1,MC,?,42,0,11,0,0,0,486,403,585,6,,,No,No,No,No,No,No,No,No,No,No,No,No,No,No,No,No,No,Steady,No,No,No,No,No,No,Yes
158482290,84441798,Caucasian,Female,[70-80),?,2,3,1,4,MC,?,47,0,23,0,0,1,198,427,428,9,,,No,No,No,No,No,No,No,No,No,No,No,No,No,No,No,No,No,Up,No,No,No,No,No,Ch,Yes
158483334,39407121,Caucasian,Male,[50-60),?,2,1,7,4,SP,Emergency/Trauma,55,3,12,0,0,0,162,198,496,7,,>7,No,No,No,No,Steady,No,No,No,No,No,No,No,No,No,No,No,No,Up,No,No,No,No,No,Ch,Yes
158483832,91995741,Caucasian,Female,[60-70),?,2,1,7,7,SP,Emergency/Trauma,56,1,23,0,0,0,552,276,276,6,,>7,No,No,No,No,No,No,No,No,No,No,No,No,No,No,No,No,No,Down,No,No,No,No,No,Ch,Yes
158484030,106995591,AfricanAmerican,Male,[50-60),?,1,1,2,11,?,?,71,3,26,0,0,0,404,585,428,9,,,No,No,No,No,No,No,No,No,No,No,Steady,No,No,No,No,No,No,No,No,No,No,No,No,No,Yes
158485740,44094510,Caucasian,Female,[60-70),?,1,3,1,11,MC,?,72,5,25,0,0,0,183,197,197,9,,,No,No,No,No,No,No,No,No,No,No,No,No,No,No,No,No,No,Steady,No,No,No,No,No,No,Yes
158486118,93935448,Caucasian,Female,[50-60),?,1,3,7,10,BC,?,81,3,26,0,0,1,250.6,707,440,9,,>8,No,No,No,No,No,No,No,No,No,No,No,No,No,No,No,No,No,Up,No,No,No,No,No,Ch,Yes
158487144,70369839,AfricanAmerican,Female,[50-60),?,2,1,1,1,?,Family/GeneralPractice,48,0,9,0,0,0,786,272,244,6,,,No,No,No,No,No,No,No,No,No,No,No,No,No,No,No,No,No,Steady,No,No,No,No,No,No,Yes
158490444,84778101,AfricanAmerican,Male,[80-90),?,1,1,7,2,MC,?,40,0,11,0,0,0,493,428,585,9,,,No,No,No,No,Steady,No,No,No,No,Steady,No,No,No,No,No,No,No,No,No,No,No,No,No,Ch,Yes
158491590,43493175,Caucasian,Male,[80-90),?,1,1,7,4,MC,?,65,0,19,0,0,5,507,599,496,9,,,No,No,No,No,No,No,No,Steady,No,No,No,No,No,No,No,No,No,No,No,No,No,No,No,No,Yes
158494368,40373325,Caucasian,Male,[60-70),?,1,23,7,5,MC,?,64,1,19,3,0,5,578,496,285,8,,,No,No,No,No,No,No,No,No,No,No,No,No,No,No,No,No,No,Up,No,No,No,No,No,Ch,Yes
158496300,101921499,Caucasian,Female,[40-50),?,5,1,1,4,HM,?,1,0,11,1,0,1,296,305,301,7,,,No,No,No,No,No,No,No,No,No,No,No,No,No,No,No,No,No,Steady,No,No,No,No,No,No,Yes
158496936,52310466,Caucasian,Female,[70-80),?,2,1,7,2,?,?,46,3,10,0,0,0,250.4,403,276,9,,>7,No,No,No,No,No,No,No,No,No,No,No,No,No,No,No,No,No,Steady,No,No,No,No,No,No,Yes
158498652,88758270,Caucasian,Female,[70-80),?,2,6,7,5,MC,Emergency/Trauma,61,1,15,2,0,1,789,599,999,9,,,No,No,No,No,No,No,No,No,No,No,No,No,No,No,No,No,No,Up,No,No,No,No,No,Ch,Yes
158498718,86643036,Caucasian,Female,[40-50),?,1,1,7,4,CP,?,63,0,8,0,0,0,250.1,276,427,7,,>8,No,No,No,No,No,No,No,No,No,No,No,No,No,No,No,No,No,Steady,No,No,No,No,No,No,Yes
158500410,88785891,Caucasian,Female,[20-30),?,2,1,7,3,BC,Emergency/Trauma,39,0,12,3,1,13,250.1,244,V02,4,,,No,No,No,No,No,No,No,No,No,No,No,No,No,No,No,No,No,Down,No,No,No,No,No,Ch,Yes
158500440,65421252,AfricanAmerican,Male,[50-60),?,1,1,7,2,CP,Pulmonology,47,0,15,0,0,1,486,250.02,401,7,,,No,No,No,No,No,No,No,No,No,No,Steady,No,No,No,No,No,No,Up,No,No,No,No,No,Ch,Yes
158500656,65713158,Caucasian,Male,[70-80),?,5,6,1,3,MC,?,60,0,19,0,0,0,486,491,250.02,8,,,Steady,No,No,No,No,No,Steady,No,No,No,No,No,No,No,No,No,No,Steady,No,No,No,No,No,Ch,Yes
158501352,104353542,AfricanAmerican,Male,[60-70),?,2,22,2,8,?,Family/GeneralPractice,30,3,25,0,0,2,569,578,280,9,,,No,No,No,No,No,No,No,No,No,No,No,No,No,No,No,No,No,Steady,No,No,No,No,No,No,Yes
158501808,65598381,Caucasian,Male,[80-90),?,1,3,1,3,MC,?,45,0,11,0,0,0,560,276,401,8,,,No,No,No,No,No,No,No,No,No,No,No,No,No,No,No,No,No,Up,No,No,No,No,No,Ch,Yes
158501820,70728813,Caucasian,Female,[40-50),?,1,4,7,11,?,?,45,2,26,0,0,0,250.6,996,996,9,,,No,No,No,No,No,No,No,No,No,No,No,No,No,No,No,No,No,Up,No,No,No,No,No,Ch,Yes
158502546,106455645,AfricanAmerican,Female,[50-60),?,2,1,7,2,MD,Family/GeneralPractice,1,0,9,0,3,1,493,276,250,7,,,No,No,No,No,No,No,No,No,No,No,No,No,No,No,No,No,No,No,No,No,No,No,No,No,No
158502918,81064080,AfricanAmerican,Female,[50-60),?,1,1,7,3,?,?,66,0,14,0,0,0,8,574,401,6,,,Steady,Steady,No,No,No,No,No,No,No,No,No,No,No,No,No,No,No,Steady,No,No,No,No,No,Ch,Yes
158502954,114591861,Caucasian,Male,[60-70),?,3,3,7,10,SP,Emergency/Trauma,61,1,17,0,0,0,434,425,780,9,,>7,Steady,No,No,No,No,No,Steady,No,No,Down,No,No,No,No,No,No,No,Steady,No,No,No,No,No,Ch,Yes
158505012,85023252,Caucasian,Male,[60-70),?,1,1,7,3,CP,?,25,0,9,1,1,1,427,185,250,6,,,No,No,No,No,No,No,No,No,No,No,No,No,No,No,No,No,No,No,No,No,No,No,No,No,No
158508984,98097777,AfricanAmerican,Female,[20-30),?,1,1,2,4,?,?,56,1,11,0,1,2,530,250.6,536,9,,,No,No,No,No,No,No,No,No,No,No,No,No,No,No,No,No,No,No,No,No,No,No,No,No,No
158509278,23588505,AfricanAmerican,Male,[60-70),?,3,1,1,5,MC,Surgery-Cardiovascular/Thoracic,51,2,57,0,0,1,414,428,411,8,,,No,No,No,No,No,No,No,No,No,No,No,No,No,No,No,No,No,Up,No,No,No,No,No,Ch,Yes
158513220,40999464,Caucasian,Female,[70-80),?,3,22,1,7,MC,Cardiology,69,6,55,0,0,0,414,413,250,9,,,No,No,No,No,No,No,No,No,No,No,No,No,No,No,No,No,No,Up,No,No,No,No,No,Ch,Yes
158514558,49203315,Caucasian,Male,[40-50),?,2,1,1,6,?,Oncology,49,1,23,0,0,2,V58,197,198,7,,,No,No,No,No,No,No,No,No,No,No,No,No,No,No,No,No,No,Steady,No,No,No,No,No,No,Yes
158517852,61948728,Caucasian,Female,[70-80),?,1,1,7,4,MC,?,45,1,22,0,0,0,789,287,295,9,,,No,No,No,No,No,No,No,No,No,No,No,No,No,No,No,No,No,Steady,No,No,No,No,No,No,Yes
158519448,58902426,Caucasian,Male,[60-70),?,3,6,1,7,MC,Orthopedics,29,4,13,0,0,1,996,250,285,5,,,No,No,No,No,No,No,Steady,No,No,No,No,No,No,No,No,No,No,No,No,No,No,No,No,No,Yes
158523156,94007718,Caucasian,Female,[50-60),?,3,6,1,6,BC,?,7,1,17,0,0,0,715,518,250,4,,,No,No,No,No,No,No,No,No,No,Steady,No,No,No,No,No,No,No,No,No,No,No,No,No,No,Yes
158524290,57028743,Caucasian,Female,[70-80),?,1,3,7,8,MC,?,64,0,20,0,0,0,486,428,276,9,,,No,No,No,No,No,No,No,No,No,Steady,No,No,No,No,No,No,No,Steady,No,No,No,No,No,Ch,Yes
158525508,65699550,Caucasian,Female,[50-60),?,5,1,1,3,BC,?,6,3,17,1,0,0,278,250,V85,9,,,No,No,No,No,No,No,No,No,No,No,No,No,No,No,No,No,No,No,No,No,No,No,No,No,No
158529402,99783549,Caucasian,Female,[80-90),?,5,6,1,2,MC,?,1,1,12,1,0,1,681,416,250,3,,,No,No,No,No,No,No,No,No,No,No,No,No,No,No,No,No,No,Up,No,No,No,No,No,Ch,Yes
158533812,64462554,Caucasian,Female,[80-90),?,5,3,1,8,MC,?,42,1,14,0,0,0,153,250,?,2,,,No,No,No,No,No,No,No,Steady,No,No,No,No,No,No,No,No,No,Steady,No,No,No,No,No,Ch,Yes
158536068,58809591,Caucasian,Male,[40-50),?,1,1,7,3,HM,?,41,6,19,0,0,0,410,414,401,8,,,No,No,No,No,No,No,No,No,No,Steady,No,No,No,No,No,No,No,Down,No,No,No,No,No,Ch,Yes
158538972,50637447,Caucasian,Male,[60-70),?,1,3,7,4,MC,?,56,2,13,1,0,1,996,38,995,9,,,No,No,No,No,No,No,No,No,No,No,No,No,No,No,No,No,No,Down,No,No,No,No,No,Ch,Yes
158540346,108372159,Caucasian,Male,[60-70),?,1,2,2,3,?,?,58,0,15,0,0,0,962,996,428,9,,,No,No,No,No,No,No,No,No,No,No,No,No,No,No,No,No,No,No,No,No,No,No,No,No,No
158546760,24409656,AfricanAmerican,Male,[50-60),?,3,6,1,3,?,Surgery-General,26,2,15,0,1,1,682,555,250,5,,,No,No,No,No,No,No,No,No,No,No,No,No,No,No,No,No,No,No,No,No,No,No,No,No,No
158548422,82385703,Caucasian,Male,[80-90),?,2,2,1,3,MC,Surgery-General,53,0,18,0,1,3,428,789,571,9,,,No,No,No,No,No,No,No,Steady,No,No,Steady,No,No,No,No,No,No,Steady,No,No,No,No,No,Ch,Yes
158550030,40975893,Caucasian,Female,[80-90),?,3,23,1,2,MC,Cardiology,10,0,20,1,0,2,428,496,427,9,,,No,No,No,No,No,No,No,No,No,No,No,No,No,No,No,No,No,No,No,No,No,No,No,No,No
158551878,87939036,Caucasian,Female,[10-20),?,2,1,1,2,HM,?,30,0,7,0,0,0,250.11,276,V58,3,,,No,No,No,No,No,No,No,No,No,No,No,No,No,No,No,No,No,Down,No,No,No,No,No,Ch,Yes
158555346,65878749,Caucasian,Male,[50-60),?,5,1,1,6,HM,?,25,1,17,1,0,0,562,250,?,2,,,No,No,No,No,No,No,No,No,No,No,No,No,No,No,No,No,No,Down,No,No,No,No,No,Ch,Yes
158557440,84420558,Caucasian,Female,[70-80),?,1,1,7,2,MC,?,31,0,13,4,1,0,428,403,276,9,,,No,No,No,No,No,No,No,No,No,No,No,No,No,No,No,No,No,Steady,No,No,No,No,No,No,Yes
158559174,104817465,Caucasian,Male,[70-80),?,3,1,1,3,MC,Orthopedics-Reconstructive,33,1,30,0,0,0,715,365,250,5,,,Steady,No,No,No,No,No,No,No,No,No,No,No,No,No,No,No,No,Steady,No,No,No,No,No,Ch,Yes
158559714,24589548,Caucasian,Male,[60-70),?,3,1,1,10,BC,Surgery-Vascular,26,6,2,0,0,1,250.8,707,992,3,,,No,No,No,No,No,No,No,No,No,No,No,No,No,No,No,No,No,No,No,No,No,No,No,No,No
158560260,24985449,Caucasian,Female,[60-70),?,2,1,1,1,BC,Family/GeneralPractice,28,0,2,0,0,0,789,401,250,5,,,No,No,No,No,No,No,No,No,No,No,No,No,No,No,No,No,No,Steady,No,No,No,No,No,No,Yes
158561028,77554278,Caucasian,Female,[80-90),?,1,1,7,3,MC,?,1,0,14,0,0,4,428,427,413,9,,,No,No,No,No,No,No,Steady,No,No,No,No,No,No,No,No,No,No,No,No,No,No,No,No,No,Yes
158563920,72228609,AfricanAmerican,Male,[50-60),?,1,1,7,2,?,?,11,0,4,0,0,0,276,250.02,599,6,,,No,No,No,No,No,No,No,No,No,No,No,No,No,No,No,No,No,Steady,No,No,No,No,No,No,Yes
158565048,107121366,Caucasian,Male,[50-60),?,3,1,1,5,?,Family/GeneralPractice,48,3,19,0,0,0,682,250.92,41,9,,,No,No,No,No,No,No,No,No,No,No,No,No,No,No,No,No,No,No,No,No,No,No,No,No,No
158566932,100653390,Caucasian,Male,[80-90),?,1,6,7,7,MC,?,42,0,12,0,0,2,428,427,585,9,,,No,No,No,No,No,No,No,No,No,No,No,No,No,No,No,No,No,No,No,No,No,No,No,No,No
158568060,63164853,Caucasian,Male,[50-60),?,1,1,7,2,BC,?,10,0,13,0,0,0,553,401,272,4,,,No,No,No,No,No,No,No,No,No,Steady,No,No,No,No,No,No,No,Steady,No,No,No,No,No,Ch,Yes
158578356,102785103,AfricanAmerican,Female,[30-40),?,1,1,2,7,?,?,31,0,12,0,0,0,682,359,41,9,,,No,No,No,No,No,No,No,No,No,No,No,No,No,No,No,No,No,No,No,No,No,No,No,No,No
158578656,29184633,Caucasian,Male,[70-80),?,3,6,1,4,MC,Radiologist,7,2,20,0,0,0,715,285,599,4,,,Steady,No,No,No,No,No,No,No,No,No,Steady,No,No,No,No,No,No,No,No,No,No,No,No,Ch,Yes
158582412,29491092,AfricanAmerican,Female,[70-80),?,2,3,7,4,MD,Emergency/Trauma,36,3,15,0,2,3,996,403,585,9,,,No,No,No,No,No,No,No,No,No,No,No,No,No,No,No,No,No,Steady,No,No,No,No,No,No,Yes
158582658,65283930,Caucasian,Male,[40-50),?,1,6,7,3,?,?,50,2,16,1,0,0,998,567,577,9,,,No,No,No,No,No,No,No,No,No,No,No,No,No,No,No,No,No,Steady,No,No,No,No,No,No,Yes
158583000,23420502,AfricanAmerican,Male,[60-70),?,3,1,1,1,BC,Nephrology,26,0,15,0,0,0,276,585,404,9,,,No,No,No,No,No,No,No,No,No,No,No,No,No,No,No,No,No,Steady,No,No,No,No,No,No,Yes
158584602,41700420,Caucasian,Male,[80-90),?,1,1,7,4,MC,?,51,0,12,0,0,0,38,995,428,8,,,No,No,No,No,No,No,No,No,No,Steady,No,No,No,No,No,No,No,No,No,No,No,No,No,No,Yes
158590290,86665059,AfricanAmerican,Male,[40-50),?,5,1,1,2,MC,?,1,0,4,0,1,0,292,305,305,9,,,No,No,No,No,No,No,No,No,No,No,No,No,No,No,No,No,No,Up,No,No,No,No,No,Ch,Yes
158590308,103532670,Caucasian,Male,[70-80),[75-100),2,1,1,3,MC,?,54,1,15,1,0,4,428,396,397,9,,,No,No,No,No,No,No,No,No,No,No,No,No,No,No,No,No,No,Steady,No,No,No,No,No,No,Yes
158596884,98644113,Caucasian,Male,[80-90),?,1,1,7,2,MC,?,57,0,11,0,0,0,461,401,600,9,,,No,No,No,No,No,No,No,No,No,No,No,No,No,No,No,No,No,Up,No,No,No,No,No,Ch,Yes
158598612,107124192,Caucasian,Male,[40-50),?,1,1,2,7,?,?,88,2,27,0,0,0,250.11,518,295,9,,,No,No,No,No,No,No,No,No,No,No,No,No,No,No,No,No,No,Steady,No,No,No,No,No,No,Yes
158598912,42108759,Caucasian,Female,[80-90),?,1,1,7,3,MC,?,43,0,13,1,0,2,584,428,276,9,,,No,No,No,No,No,No,No,Steady,No,No,No,No,No,No,No,No,No,Steady,No,No,No,No,No,Ch,Yes
158598924,39160719,Other,Male,[60-70),?,2,1,7,6,OG,Emergency/Trauma,69,0,15,1,0,1,491,584,250.02,9,,>8,No,Steady,No,No,No,No,Steady,No,No,No,No,No,No,No,No,No,No,Up,No,No,No,No,No,Ch,Yes
158599494,90746784,Caucasian,Female,[80-90),?,2,1,7,4,MC,Emergency/Trauma,38,1,9,0,0,0,558,535,553,9,,,No,No,No,No,No,No,No,No,No,No,No,No,No,No,No,No,No,No,No,No,No,No,No,No,No
158599698,82665792,AfricanAmerican,Male,[50-60),?,1,3,7,10,?,InternalMedicine,63,0,26,0,0,1,428,411,496,9,,>7,No,No,No,No,No,No,No,No,No,No,No,No,No,No,No,No,No,Down,No,No,No,No,No,Ch,Yes
158599800,64922733,Caucasian,Male,[70-80),?,2,3,1,7,?,InternalMedicine,44,0,11,1,0,2,250.8,682,707,8,,,No,No,No,No,No,No,No,No,No,No,No,No,No,No,No,No,No,Down,No,No,No,No,No,Ch,Yes
158599998,85885488,AfricanAmerican,Female,[80-90),?,1,3,7,3,MC,?,17,0,14,4,0,0,486,403,276,7,,Norm,No,No,No,No,No,No,No,Steady,No,No,No,No,No,No,No,No,No,No,No,No,No,No,No,No,Yes
158600184,107139807,AfricanAmerican,Male,[70-80),?,2,1,1,4,?,Family/GeneralPractice,47,1,18,0,0,0,250.6,707,357,9,,,Steady,No,Steady,No,No,No,No,Steady,No,No,No,No,No,No,No,No,No,Steady,No,No,No,No,No,Ch,Yes
158601672,85716360,Caucasian,Male,[60-70),?,1,1,7,1,MC,?,3,0,16,0,0,2,414,413,V45,7,,,Steady,No,No,No,No,No,No,No,No,No,No,No,No,No,No,No,No,No,No,No,No,No,No,No,Yes
158601762,91960452,Caucasian,Female,[40-50),?,2,1,7,3,SP,Emergency/Trauma,50,1,9,0,0,1,996,382,250,8,,,No,No,No,No,No,No,No,No,No,No,No,No,No,No,No,No,No,Steady,No,No,No,No,No,No,Yes
158601768,85839309,Caucasian,Female,[50-60),?,2,6,1,10,BC,?,67,2,29,0,1,5,997,585,V45,9,,,No,No,No,No,No,No,No,No,No,No,No,No,No,No,No,No,No,No,No,No,No,No,No,No,No
158605290,106890453,Caucasian,Female,[70-80),?,1,15,1,8,?,?,50,1,24,0,1,0,682,780,250,8,,,No,No,No,No,Steady,No,No,No,No,No,No,No,No,No,No,No,No,Steady,No,No,No,No,No,Ch,Yes
158605608,43846578,Caucasian,Male,[50-60),?,3,1,1,10,MD,?,61,6,36,0,0,0,584,595,591,6,,,No,No,No,No,No,No,No,No,No,No,No,No,No,No,No,No,No,No,No,No,No,No,No,No,No
158605932,93786147,Caucasian,Male,[80-90),?,1,3,7,9,MC,Emergency/Trauma,58,2,24,0,0,1,458,276,507,9,,,No,No,No,No,No,No,No,No,No,No,Steady,No,No,No,No,No,No,Steady,No,No,No,No,No,Ch,Yes
158606268,24370542,AfricanAmerican,Male,[70-80),?,1,1,7,2,MC,Nephrology,35,5,24,0,0,0,996,404,585,9,,,No,No,No,No,No,No,No,No,No,No,No,No,No,No,No,No,No,No,No,No,No,No,No,No,No
158606706,63799011,Caucasian,Male,[30-40),?,5,1,1,6,UN,?,22,0,12,1,0,0,311,303,305,8,,>8,Steady,No,No,No,No,No,No,No,No,No,No,No,No,No,No,No,No,No,No,No,No,No,No,No,Yes
158607930,103682223,Other,Male,[70-80),?,1,18,7,1,?,?,65,3,10,0,1,0,410,518,507,9,,,No,No,No,No,No,No,No,No,No,No,No,No,No,No,No,No,No,Steady,No,No,No,No,No,No,Yes
158607996,23984181,AfricanAmerican,Female,[80-90),?,1,3,7,8,?,Orthopedics-Reconstructive,38,3,27,0,0,0,820,998,285,8,,,No,No,No,No,No,No,No,No,No,No,No,No,No,No,No,No,No,Down,No,No,No,No,No,Ch,Yes
158608866,107124561,AfricanAmerican,Female,[70-80),?,1,4,1,6,?,?,65,0,20,0,0,0,428,425,276,9,,,No,No,No,No,No,No,No,No,No,No,No,No,No,No,No,No,No,No,No,No,No,No,No,No,No
158610522,84125817,AfricanAmerican,Male,[70-80),?,1,1,7,2,?,?,49,0,17,0,0,3,786,414,V45,9,,,Steady,No,No,No,Steady,No,No,No,No,No,No,No,No,No,No,No,No,No,No,No,No,No,No,Ch,Yes
158612124,28225503,AfricanAmerican,Female,[50-60),?,3,1,1,6,SP,Pulmonology,43,0,30,0,0,2,493,112,327,9,,,Steady,No,No,No,No,No,Steady,No,No,No,No,No,No,No,No,No,No,Up,No,No,No,No,No,Ch,Yes
158614026,42831909,Caucasian,Male,[70-80),?,1,1,7,5,MD,?,54,0,11,0,0,0,8,428,707,8,,,No,No,No,No,No,No,No,No,No,No,No,No,No,No,No,No,No,No,No,No,No,No,No,No,No
158615982,97407603,Caucasian,Female,[70-80),?,5,3,1,3,MC,?,27,0,13,0,0,1,491,428,250,9,,,No,No,No,No,No,No,No,No,No,No,No,No,No,No,No,No,No,Up,No,No,No,No,No,Ch,Yes
158616120,103979961,AfricanAmerican,Male,[70-80),?,1,23,2,7,?,?,70,0,13,1,0,1,8,440,250,9,,,No,No,No,No,No,No,No,No,No,No,No,No,No,No,No,No,No,No,No,No,No,No,No,No,No
158616156,3898782,Caucasian,Female,[80-90),?,6,3,7,3,?,InternalMedicine,49,1,5,0,0,0,348,290,244,6,Norm,,No,No,No,No,No,No,No,No,No,No,No,No,No,No,No,No,No,No,No,No,No,No,No,No,No
158618778,41547618,Caucasian,Male,[40-50),?,1,6,7,3,SP,?,58,1,22,0,0,0,566,250.02,496,5,,,No,No,No,No,No,No,No,No,No,No,No,No,No,No,No,No,No,Up,No,No,No,No,No,Ch,Yes
158619210,35532135,Caucasian,Male,[60-70),?,3,1,1,5,?,Surgery-Cardiovascular,46,1,37,1,0,1,191,250,272,5,,,No,No,No,No,No,No,No,No,No,No,No,No,No,No,No,No,No,No,No,No,No,No,No,No,No
158619402,59434875,AfricanAmerican,Female,[10-20),?,1,1,7,5,SP,?,60,0,17,0,0,1,250.11,276,288,6,,Norm,No,No,No,No,No,No,No,No,No,No,No,No,No,No,No,No,No,Up,No,No,No,No,No,Ch,Yes
158619684,23317182,AfricanAmerican,Male,[70-80),?,1,1,7,6,MC,InternalMedicine,40,0,15,0,0,1,584,428,401,7,,,Steady,No,No,No,No,No,No,No,No,No,No,No,No,No,No,No,No,Down,No,No,No,No,No,Ch,Yes
158619744,23544279,AfricanAmerican,Female,[80-90),?,1,1,7,1,MC,InternalMedicine,37,0,9,0,1,2,560,250,401,3,,,No,No,No,No,No,No,No,No,No,No,No,No,No,No,No,No,No,Steady,No,No,No,No,No,No,Yes
158620134,23885352,AfricanAmerican,Female,[40-50),?,1,13,7,8,MC,Nephrology,40,2,25,0,2,5,250.7,707,785,9,,,No,No,No,No,No,No,No,No,No,No,No,No,No,No,No,No,No,Down,No,No,No,No,No,Ch,Yes
158623860,100062702,AfricanAmerican,Male,[60-70),?,3,1,1,5,CM,?,9,3,18,0,0,0,440,428,492,9,,,No,No,No,No,No,No,No,No,No,No,No,No,No,No,No,No,No,Down,No,No,No,No,No,Ch,Yes
158624688,105889077,Caucasian,Female,[50-60),?,1,6,7,2,HM,?,58,0,14,1,0,0,530,250,438,9,,,Steady,No,No,No,No,No,No,No,No,No,No,No,No,No,No,No,No,No,No,No,No,No,No,No,Yes
158624874,23631651,Caucasian,Male,[60-70),?,3,1,1,1,MD,Cardiology,31,6,8,0,0,1,414,411,250,3,,,No,No,No,No,No,No,No,No,No,No,No,No,No,No,No,No,No,No,No,No,No,No,No,No,No
158624934,104137821,AfricanAmerican,Female,[70-80),?,3,1,1,9,?,Surgery-General,69,3,33,0,0,0,239,585,276,9,,,No,No,No,No,No,No,No,No,No,No,No,No,No,No,No,No,No,Steady,No,No,No,No,No,No,Yes
158628612,23794254,AfricanAmerican,Female,[30-40),?,3,1,1,1,MD,ObstetricsandGynecology,18,0,8,0,0,0,646,648,250,5,,,No,No,No,No,No,No,No,No,No,No,No,No,No,No,No,No,No,Up,No,No,No,No,No,Ch,Yes
158629128,64479249,Caucasian,Male,[70-80),?,1,13,7,3,?,?,38,0,14,0,0,0,410,402,428,9,,,No,No,No,No,No,No,No,No,No,No,No,No,No,No,No,No,No,No,No,No,No,No,No,No,No
158629854,24216309,Caucasian,Female,[70-80),?,1,22,7,3,MC,InternalMedicine,30,1,16,0,0,0,434,566,401,4,,,Steady,No,No,No,No,No,Steady,No,No,No,No,No,No,No,No,No,No,Up,No,No,No,No,No,Ch,Yes
158630460,91795086,AfricanAmerican,Female,[60-70),?,3,6,1,5,MC,?,18,4,28,0,0,0,162,250.01,278,6,,,Steady,No,No,No,No,No,No,No,No,No,No,No,No,No,No,No,No,Down,No,No,No,No,No,Ch,Yes
158633472,92430774,AfricanAmerican,Male,[60-70),?,2,1,1,3,?,Oncology,50,2,11,2,0,6,V58,162,585,9,,,Steady,No,No,No,No,No,No,No,No,No,No,No,No,No,No,No,No,No,No,No,No,No,No,No,Yes
158633652,92837088,Caucasian,Male,[70-80),?,3,3,2,3,MC,Orthopedics,30,2,14,0,0,0,715,496,403,9,,,No,No,No,No,No,No,No,No,No,No,No,No,No,No,No,No,No,No,No,No,No,No,No,No,No
158635332,106352757,AfricanAmerican,Male,[70-80),?,3,4,2,6,?,Surgery-Cardiovascular,56,3,47,1,0,0,414,427,401,9,,,No,No,No,No,No,No,No,No,No,No,No,No,No,No,No,No,No,Steady,No,No,No,No,No,No,Yes
158653578,85180086,AfricanAmerican,Female,[50-60),?,1,3,7,6,?,?,51,0,8,13,1,0,250.13,585,401,5,,,No,No,No,No,No,No,No,No,No,No,No,No,No,No,No,No,No,Up,No,No,No,No,No,Ch,Yes
158656908,62590410,Caucasian,Female,[70-80),?,3,1,1,1,?,?,23,1,6,0,0,0,174,244,250,6,,,No,No,No,No,No,No,No,No,No,No,No,No,No,No,No,No,No,Steady,No,No,No,No,No,No,Yes
158659350,50168322,Caucasian,Male,[70-80),[75-100),2,1,1,2,MC,Cardiology,68,2,11,0,0,0,426,396,397,9,,,No,No,No,No,No,No,No,Steady,No,No,No,No,No,No,No,No,No,No,No,No,No,No,No,No,Yes
158662662,75079107,Caucasian,Male,[60-70),?,2,1,1,1,MC,InternalMedicine,42,0,9,0,0,1,435,250,401,9,,,No,No,No,No,No,No,No,No,No,No,No,No,No,No,No,No,No,Down,No,No,No,No,No,Ch,Yes
158664000,24954642,AfricanAmerican,Male,[50-60),?,1,1,7,1,MD,Nephrology,36,1,19,1,0,5,428,V45,403,6,,,No,No,No,No,No,No,No,Steady,No,No,No,No,No,No,No,No,No,No,No,No,No,No,No,No,Yes
158669196,24011577,AfricanAmerican,Male,[40-50),?,2,1,1,1,CP,InternalMedicine,10,0,5,0,0,9,577,276,577,6,,,No,No,No,No,No,No,No,No,No,No,No,No,No,No,No,No,No,No,No,No,No,No,No,No,No
158674146,97427934,Caucasian,Female,[60-70),?,1,1,7,3,BC,Emergency/Trauma,43,1,10,0,0,0,434,250,272,5,,,No,No,No,No,No,No,No,No,No,No,No,No,No,No,No,No,No,Up,No,No,No,No,No,Ch,Yes
158674590,28094121,Caucasian,Female,[80-90),?,1,1,7,1,MC,?,16,0,6,0,0,1,682,414,V10,9,,,No,No,No,No,No,No,No,No,No,No,No,No,No,No,No,No,No,No,No,No,No,No,No,No,No
158676168,55377135,Caucasian,Female,[60-70),?,3,1,1,2,CP,Otolaryngology,1,2,18,0,0,0,241,478,305,8,,,No,No,No,No,No,No,No,No,No,No,Steady,No,No,No,No,No,No,Steady,Steady,No,No,No,No,Ch,Yes
158676870,83788758,AfricanAmerican,Male,[20-30),?,1,1,7,3,CP,?,64,0,20,0,0,1,250.13,305,276,9,,>8,No,No,No,No,No,No,No,No,No,No,No,No,No,No,No,No,No,Up,No,No,No,No,No,Ch,Yes
158678790,23451597,AfricanAmerican,Female,[90-100),?,1,22,7,5,MC,InternalMedicine,38,3,19,0,0,0,820,710,401,7,,,No,No,No,No,No,No,Steady,No,No,No,No,No,No,No,No,No,No,Steady,No,No,No,No,No,Ch,Yes
158678868,24202197,AfricanAmerican,Male,[70-80),?,1,1,7,6,?,InternalMedicine,51,0,23,0,0,0,250.6,276,276,9,,,No,No,No,No,No,No,No,No,No,No,Steady,No,No,No,No,No,No,Up,No,No,No,No,No,Ch,Yes
158682930,43834797,Caucasian,Male,[60-70),?,3,1,1,5,MC,Nephrology,55,6,22,0,0,0,188,591,584,9,,>8,No,Steady,No,No,No,No,Steady,No,No,No,No,No,No,No,No,No,No,Steady,No,No,No,No,No,Ch,Yes
158683212,35439570,AfricanAmerican,Male,[60-70),?,1,3,7,9,MC,?,58,3,23,0,2,1,824,403,780,9,,,No,No,No,No,No,No,No,No,No,No,No,No,No,No,No,No,No,Up,No,No,No,No,No,Ch,Yes
158690574,100660068,Caucasian,Male,[80-90),?,1,6,7,4,MC,?,42,0,19,0,0,0,486,496,585,9,,,No,No,No,No,No,No,Steady,No,No,No,No,No,No,No,No,No,No,Down,No,No,No,No,No,Ch,Yes
158692554,62847306,Caucasian,Female,[80-90),?,2,1,1,2,?,Cardiology,38,1,12,0,0,0,280,287,428,7,,,No,No,No,No,No,No,No,Steady,No,No,No,No,No,No,No,No,No,No,No,No,No,No,No,No,Yes
158692818,103577274,Caucasian,Female,[80-90),?,2,1,7,8,MC,Emergency/Trauma,69,3,23,0,0,0,276,578,428,9,,,No,No,No,No,No,No,No,No,No,No,No,No,No,No,No,No,No,Steady,No,No,No,No,No,No,Yes
158700060,91633059,Caucasian,Male,[70-80),?,2,1,1,3,?,Psychiatry,54,1,25,0,0,0,486,496,282,9,,,Steady,No,No,No,No,No,No,No,No,No,No,No,No,No,No,No,No,Down,No,No,No,No,No,Ch,Yes
158700642,95321790,Caucasian,Male,[60-70),?,2,1,7,6,UN,Emergency/Trauma,46,0,18,0,0,1,428,425,427,9,,,No,No,No,No,No,No,No,No,No,No,No,No,No,No,No,No,No,Up,No,No,No,No,No,Ch,Yes
158701242,53208045,Caucasian,Male,[70-80),?,6,1,7,5,?,InternalMedicine,47,0,9,0,0,0,428,403,427,6,Norm,,No,No,No,No,No,No,No,No,No,No,No,No,No,No,No,No,No,No,No,No,No,No,No,No,No
158701914,108453951,AfricanAmerican,Male,[70-80),?,1,1,2,2,?,?,49,0,14,0,0,0,428,424,425,9,,,Steady,No,No,No,No,No,Steady,No,No,No,No,No,No,No,No,No,No,No,No,No,No,No,No,Ch,Yes
158702280,69326019,Caucasian,Male,[80-90),?,2,6,1,8,?,InternalMedicine,51,2,15,0,0,0,453,415,799,9,,,No,No,No,No,No,No,No,No,No,No,No,No,No,No,No,No,No,No,No,No,No,No,No,No,No
158702466,40963590,Caucasian,Female,[60-70),?,1,1,7,7,SP,?,13,0,14,0,0,0,428,250.02,278,5,,,No,No,No,No,No,No,No,No,No,Steady,No,No,No,No,No,No,No,Down,No,No,No,No,No,Ch,Yes
158703006,23271084,AfricanAmerican,Female,[70-80),?,2,1,1,5,MC,InternalMedicine,31,0,16,0,0,0,453,250,401,9,,,Steady,No,No,No,No,No,No,No,No,No,No,No,No,No,No,No,No,No,No,No,No,No,No,No,Yes
158703312,32456115,Caucasian,Male,[60-70),?,1,1,1,1,MC,?,26,0,3,0,0,0,250.8,401,272,4,,,No,No,No,No,No,No,No,No,No,No,No,No,No,No,No,No,No,No,No,No,No,No,No,No,No
158704062,44830188,Caucasian,Male,[70-80),?,2,1,4,2,?,InternalMedicine,40,0,7,2,0,2,331,780,V12,8,,,No,No,No,No,No,No,No,Steady,No,No,No,No,No,No,No,No,No,No,No,No,No,No,No,No,Yes
158707338,74827260,AfricanAmerican,Female,[10-20),?,1,1,7,9,?,?,77,0,14,0,0,1,250.11,486,V58,8,,,No,No,No,No,No,No,No,No,No,No,No,No,No,No,No,No,No,Steady,No,No,No,No,No,No,Yes
158707464,77365575,AfricanAmerican,Female,[40-50),?,1,1,7,2,?,?,56,1,19,0,1,0,540,250,278,7,,,No,No,No,No,No,No,No,No,No,No,No,No,No,No,No,No,No,No,No,No,No,No,No,No,No
158707740,88460073,Caucasian,Female,[40-50),?,2,6,7,5,OG,Emergency/Trauma,34,3,13,2,0,0,250.8,682,707,7,,,Steady,No,No,No,No,No,No,No,No,No,No,No,No,No,No,No,No,Up,No,No,No,No,No,Ch,Yes
158708574,70427538,AfricanAmerican,Male,[70-80),?,2,3,1,8,MC,Gastroenterology,35,3,21,0,0,1,250.7,707,785,9,,,No,No,No,No,No,No,No,No,No,No,No,No,No,No,No,No,No,Steady,No,No,No,No,No,No,Yes
158710476,79261164,Caucasian,Male,[80-90),?,1,4,7,7,?,?,44,0,23,0,0,0,780,486,496,9,,,No,No,No,No,No,No,No,No,No,Steady,No,No,No,No,No,No,No,Steady,No,No,No,No,No,Ch,Yes
158711442,107346132,Caucasian,Female,[80-90),?,2,6,2,6,?,InternalMedicine,33,0,21,0,0,0,681,682,707,9,,,No,No,No,No,No,No,No,No,No,No,No,No,No,No,No,No,No,No,No,No,No,No,No,No,No
158713440,80564148,AfricanAmerican,Female,[80-90),?,2,6,4,10,?,InternalMedicine,37,0,15,0,0,0,786,197,197,9,,,No,No,No,No,No,No,No,No,No,No,No,No,No,No,No,No,No,No,No,No,No,No,No,No,No
158716494,70547184,Caucasian,Male,[80-90),?,6,1,1,3,?,InternalMedicine,35,1,6,0,0,0,486,496,786,6,Norm,,No,No,No,No,No,No,No,No,No,No,No,No,No,No,No,No,No,No,No,No,No,No,No,No,No
158717052,79367940,Caucasian,Male,[70-80),?,2,6,1,9,?,InternalMedicine,32,2,6,0,0,1,V57,799,781,8,,,No,No,No,No,No,No,Steady,No,No,No,No,No,No,No,No,No,No,No,No,No,No,No,No,No,Yes
158718426,52790580,Caucasian,Female,[70-80),?,2,6,1,2,?,Orthopedics-Reconstructive,33,1,21,2,0,0,822,276,276,7,,,No,No,No,No,Down,No,No,No,No,No,No,No,No,No,No,No,No,No,No,No,No,No,No,Ch,Yes
158719092,7330122,Caucasian,Male,[60-70),?,1,1,7,1,?,InternalMedicine,48,0,12,0,0,0,276,496,458,9,,Norm,No,No,No,No,No,No,Steady,No,No,No,No,No,No,No,No,No,No,No,No,No,No,No,No,No,Yes
158719614,94992426,Caucasian,Female,[90-100),?,2,3,7,6,MC,Emergency/Trauma,54,0,17,0,0,0,491,276,250,9,,Norm,Steady,No,No,No,No,No,No,No,No,No,No,No,No,No,No,No,No,Steady,No,No,No,No,No,Ch,Yes
158721696,42567840,Caucasian,Female,[60-70),?,1,1,7,2,SP,?,56,0,16,0,0,3,414,411,250.02,4,,,Steady,No,No,No,No,No,No,No,No,No,No,No,No,No,No,No,No,Up,No,No,No,No,No,Ch,Yes
158721744,93735549,Caucasian,Male,[40-50),?,2,1,7,1,SP,Emergency/Trauma,48,1,10,0,0,0,540,274,250,3,,,No,No,No,No,No,No,No,No,No,No,No,No,No,No,No,No,No,No,No,No,No,No,No,No,No
158722638,30705336,Caucasian,Female,[80-90),?,5,3,1,3,MC,?,49,0,10,0,0,0,276,728,250,6,,,No,No,No,No,No,No,Steady,No,No,No,Steady,No,No,No,No,No,No,Steady,No,No,No,No,No,Ch,Yes
158722674,101437812,AfricanAmerican,Male,[70-80),?,1,1,7,7,MC,?,55,0,15,0,0,0,491,428,250,6,,>7,No,No,No,No,Steady,No,No,No,No,No,No,No,No,No,No,No,No,No,No,No,No,No,No,No,Yes
158722806,43717050,Caucasian,Male,[50-60),?,1,1,7,2,MD,?,35,0,24,0,0,2,786,496,V12,6,,,No,No,No,No,No,No,No,No,No,No,No,Steady,No,No,No,No,No,Steady,No,No,No,No,No,Ch,Yes
158723082,5501340,Caucasian,Male,[50-60),[100-125),1,1,7,2,HM,?,68,4,21,1,1,6,420,424,424,9,,,No,No,No,No,No,No,No,No,No,No,No,No,No,No,No,No,No,No,No,No,No,No,No,No,No
158725212,108537831,AfricanAmerican,Female,[50-60),?,1,1,7,2,?,?,66,3,27,0,0,0,780,518,458,9,,,Steady,No,No,No,No,No,No,No,No,No,No,No,No,No,No,No,No,Steady,No,No,No,No,No,Ch,Yes
158726358,58779495,AfricanAmerican,Male,[40-50),?,1,1,1,5,?,?,43,2,30,0,0,3,681,250.7,785,8,,,No,No,No,No,No,No,No,No,No,No,No,No,No,No,No,No,No,Down,No,No,No,No,No,Ch,Yes
158728110,45572265,Caucasian,Female,[60-70),?,1,6,7,12,?,?,70,3,28,3,0,2,575,404,428,9,,,No,No,No,No,No,No,No,No,No,No,Steady,No,No,No,No,No,No,Steady,No,No,No,No,No,Ch,Yes
158728152,24166791,AfricanAmerican,Female,[50-60),?,1,6,7,5,MC,Nephrology,30,2,28,0,0,0,250.8,403,428,8,,,No,No,No,No,No,No,No,No,No,No,No,No,No,No,No,No,No,Down,No,No,No,No,No,Ch,Yes
158728944,111261285,AfricanAmerican,Male,[70-80),?,6,6,17,8,?,Family/GeneralPractice,65,3,26,0,0,0,996,403,585,9,,,No,No,No,No,No,No,No,Steady,No,No,Steady,No,No,No,No,No,No,Up,No,No,No,No,No,Ch,Yes
158729772,84320325,Caucasian,Female,[40-50),?,3,6,1,4,MC,Radiologist,3,2,29,0,1,0,715,414,401,7,,,Steady,No,No,No,No,No,No,No,No,No,No,No,No,No,No,No,No,No,No,No,No,No,No,No,Yes
158729856,114318297,Caucasian,Female,[70-80),?,3,3,1,6,MC,?,51,1,16,0,0,1,V55,427,496,9,,>7,No,No,No,No,No,No,No,No,No,No,No,No,No,No,No,No,No,No,No,No,No,No,No,No,No
158733642,37547937,Hispanic,Male,[50-60),?,3,3,1,5,MC,Neurology,52,3,41,0,0,0,738,496,733,9,,>7,Steady,No,No,No,No,No,Steady,No,No,No,No,Steady,No,No,No,No,No,Down,No,No,No,No,No,Ch,Yes
158734740,111605679,Caucasian,Female,[70-80),?,3,1,1,2,MC,Gynecology,1,2,5,0,0,0,182,617,250,5,,,Steady,No,No,No,No,No,No,No,No,No,No,No,No,No,No,No,No,No,No,No,No,No,No,No,Yes
158749026,43285743,Caucasian,Female,[70-80),?,1,4,7,11,MC,?,58,1,28,0,0,0,428,496,599,9,,,No,No,No,No,No,No,Steady,No,No,No,No,No,No,No,No,No,No,No,No,No,No,No,No,No,Yes
158750472,35133165,Caucasian,Female,[20-30),?,3,1,1,3,HM,?,21,1,14,0,0,0,648,250,V23,4,,,No,No,No,No,No,No,No,No,No,No,No,No,No,No,No,No,No,Down,No,No,No,No,No,Ch,Yes
158760342,78882129,Hispanic,Male,[50-60),?,3,1,1,2,CP,Orthopedics-Reconstructive,35,1,21,0,0,0,726,276,682,9,,,No,No,No,No,No,No,No,No,No,No,No,No,No,No,No,No,No,Down,No,No,No,No,No,Ch,Yes
158761176,64425330,Caucasian,Female,[50-60),?,5,1,1,2,HM,?,1,1,17,1,0,0,433,250,401,3,,,Steady,No,No,No,No,No,Steady,No,No,No,No,No,No,No,No,No,No,No,No,No,No,No,No,Ch,Yes
158768964,50417973,AfricanAmerican,Female,[10-20),?,3,1,1,1,MD,ObstetricsandGynecology,66,4,14,0,0,0,656,648,250.02,9,,,No,No,No,No,No,No,No,No,No,No,No,No,No,No,No,No,No,Down,No,No,No,No,No,Ch,Yes
158770686,42875253,Other,Female,[80-90),?,3,22,1,4,MC,?,39,1,17,0,0,0,820,285,438,7,,,No,No,No,No,Steady,No,No,No,No,Steady,No,No,No,No,No,No,No,Steady,No,No,No,No,No,Ch,Yes
158771904,61668756,Caucasian,Female,[90-100),?,1,4,7,1,?,?,43,0,3,0,0,0,850,250.01,920,9,,,No,No,No,No,No,No,No,No,No,No,No,No,No,No,No,No,No,No,No,No,No,No,No,No,No
158772030,92327805,Caucasian,Male,[50-60),?,2,1,1,4,?,Cardiology,45,5,18,0,0,0,410,785,414,5,,,Steady,No,No,No,No,No,No,Steady,No,No,No,No,No,No,No,No,No,No,No,No,No,No,No,Ch,Yes
158775006,63704169,AfricanAmerican,Female,[70-80),?,1,3,7,8,MC,Emergency/Trauma,76,1,17,0,0,0,429,428,486,9,,,No,No,No,No,No,No,No,No,No,No,No,No,No,No,No,No,No,Steady,No,No,No,No,No,No,Yes
158776836,24083082,AfricanAmerican,Male,[60-70),?,3,1,1,9,MC,Family/GeneralPractice,39,3,26,0,0,0,162,197,496,5,,,No,No,No,No,No,No,No,Steady,No,No,No,No,No,No,No,No,No,Steady,No,No,No,No,No,Ch,Yes
158781210,25131807,Caucasian,Female,[70-80),?,2,3,1,6,MC,InternalMedicine,39,0,19,0,0,0,711,599,250,9,,,No,No,No,No,No,No,No,No,No,No,Steady,No,No,No,No,No,No,Steady,No,No,No,No,No,Ch,Yes
158781342,52466706,AfricanAmerican,Female,[60-70),?,2,1,1,1,?,Cardiology,43,3,13,1,0,0,402,427,414,9,,,No,No,No,No,Steady,No,No,No,No,No,Steady,No,No,No,No,No,No,No,No,No,No,No,No,Ch,Yes
158782212,81701730,AfricanAmerican,Female,[40-50),?,2,1,1,11,?,Surgery-Neuro,45,1,22,0,0,1,997,322,E849,7,,,Steady,No,No,No,No,No,Steady,No,No,No,No,No,No,No,No,No,No,No,No,No,No,No,No,Ch,Yes
158786382,32426352,Caucasian,Female,[90-100),?,2,3,7,6,MC,Emergency/Trauma,43,1,11,0,0,1,410,428,414,9,,Norm,No,No,No,No,No,No,No,No,No,No,No,No,No,No,No,No,No,Up,No,No,No,No,No,Ch,Yes
158788668,64113327,Caucasian,Male,[70-80),?,2,11,1,6,MC,Gastroenterology,63,1,31,0,0,2,493,428,410,9,,,No,No,No,No,No,No,No,Steady,No,No,No,No,No,No,No,No,No,Down,No,No,No,No,No,Ch,Yes
158792184,110704779,AfricanAmerican,Female,[60-70),?,1,1,7,2,CM,?,32,0,14,0,0,0,250,414,401,9,,,Steady,No,No,No,No,No,No,No,No,No,No,No,No,No,No,No,No,Down,No,No,No,No,No,Ch,Yes
158793786,53606700,AfricanAmerican,Female,[10-20),?,1,1,7,2,?,?,23,0,7,0,0,0,250.11,276,787,3,,,No,No,No,No,No,No,No,No,No,No,No,No,No,No,No,No,No,Steady,No,No,No,No,No,No,Yes
158796396,90660501,Caucasian,Male,[50-60),?,2,6,1,11,?,Surgery-Vascular,40,3,29,1,1,3,250.7,707,403,8,,,No,No,No,No,No,No,No,No,No,No,No,No,No,No,No,No,No,No,No,No,No,No,No,No,No
158797782,41606991,Caucasian,Female,[50-60),?,3,6,1,5,SP,?,50,0,11,0,0,0,V58,198,250.02,6,,,No,No,No,No,No,No,No,No,No,No,No,No,No,No,No,No,No,Down,No,No,No,No,No,Ch,Yes
158798412,96692616,Caucasian,Female,[60-70),?,5,3,1,7,MC,?,55,1,18,1,0,0,682,250.03,707,9,,,No,No,No,No,No,No,No,No,No,No,No,No,No,No,No,No,No,Up,No,No,No,No,No,Ch,Yes
158798442,109567593,Caucasian,Female,[60-70),?,3,1,1,5,SP,Hematology,15,1,15,0,0,0,155,496,250,4,,,No,No,No,No,No,No,No,No,No,No,No,No,No,No,No,No,No,No,No,No,No,No,No,No,No
158802822,38989440,Caucasian,Male,[50-60),?,3,22,1,9,SP,Orthopedics,56,6,38,0,0,2,724,335,276,9,,,No,No,No,No,No,No,No,No,No,No,No,No,No,No,No,No,No,Down,No,No,No,No,No,Ch,Yes
158802930,56242800,Caucasian,Male,[50-60),?,2,1,4,11,?,Surgery-Neuro,48,3,33,2,0,0,805,560,E849,6,,,No,No,No,No,No,No,Steady,No,No,No,No,No,No,No,No,No,No,Steady,No,No,No,No,No,Ch,Yes
158803614,84798963,AfricanAmerican,Male,[50-60),?,1,1,7,1,HM,?,21,0,15,0,0,1,250.02,585,305,9,,,No,Steady,No,No,No,No,No,No,No,No,No,No,No,No,No,No,No,No,No,No,No,No,No,No,Yes
158806170,84920895,Caucasian,Male,[80-90),?,1,1,7,2,MC,?,71,0,11,0,0,0,410,428,518,9,,>8,No,No,No,No,No,No,No,Steady,No,No,No,No,No,No,No,No,No,No,No,No,No,No,No,No,Yes
158807382,63859383,Caucasian,Female,[50-60),?,1,1,7,2,BC,Emergency/Trauma,36,3,14,0,0,0,413,414,250.02,6,,>8,No,No,No,No,Steady,No,No,No,No,No,No,No,No,No,No,No,No,Down,No,No,No,No,No,Ch,Yes
158808402,40751802,Caucasian,Female,[50-60),?,5,1,1,4,HM,?,57,2,12,0,0,0,571,250,272,9,,,No,No,No,No,No,No,Steady,No,No,No,Steady,No,No,No,No,No,No,Steady,No,No,No,No,No,Ch,Yes
158809530,85146309,Caucasian,Female,[70-80),?,1,1,7,6,MC,?,53,6,18,0,0,0,410,428,425,9,,,No,No,No,No,No,No,No,Steady,No,No,No,No,No,No,No,No,No,No,No,No,No,No,No,No,Yes
158809974,63615384,Caucasian,Female,[30-40),?,3,1,1,4,MC,SurgicalSpecialty,28,0,6,0,0,1,296,250,244,5,,>7,No,No,No,No,No,No,Steady,No,No,No,No,No,No,No,No,No,No,No,No,No,No,No,No,No,Yes
158812692,69394374,Caucasian,Female,[80-90),?,2,1,1,5,MC,InternalMedicine,49,0,14,0,0,1,428,424,427,9,,,No,No,No,No,No,No,No,No,No,No,No,No,No,No,No,No,No,No,No,No,No,No,No,No,No
158813778,86551326,Caucasian,Male,[70-80),?,2,1,1,2,?,Cardiology,34,5,5,0,0,0,414,411,401,4,,,No,No,No,No,No,No,No,No,No,No,No,No,No,No,No,No,No,No,No,No,No,No,No,No,No
158816118,43814043,Caucasian,Male,[40-50),?,3,1,1,1,SP,Cardiology,40,4,13,0,0,0,414,411,412,7,,,No,No,No,No,No,No,No,No,No,No,No,No,No,No,No,No,No,No,No,No,No,No,No,No,No
158816250,107522883,Caucasian,Female,[50-60),?,1,1,7,3,?,?,49,0,7,0,0,0,428,425,585,9,,,No,No,No,No,No,No,No,No,No,No,No,No,No,No,No,No,No,No,No,No,No,No,No,No,No
158816430,107524359,AfricanAmerican,Female,[60-70),?,1,1,2,1,?,?,29,0,9,0,0,0,786,250.02,428,9,,,No,No,No,No,No,No,No,No,No,No,No,No,No,No,No,No,No,Steady,No,No,No,No,No,No,Yes
158816784,61152318,Caucasian,Female,[60-70),?,2,6,1,13,?,PhysicalMedicineandRehabilitation,35,1,20,2,0,1,V57,280,V54,9,,,No,No,No,No,No,No,No,No,No,No,No,No,No,No,No,No,No,No,No,No,No,No,No,No,No
158818014,40464756,Caucasian,Female,[80-90),?,3,1,1,3,MC,?,42,0,8,0,0,0,428,428,401,5,,,No,No,No,No,No,No,No,No,No,No,No,No,No,No,No,No,No,No,No,No,No,No,No,No,No
158818410,57351717,Caucasian,Female,[60-70),?,2,1,1,5,?,InternalMedicine,55,0,22,2,0,0,493,515,250,9,,,Steady,No,No,No,No,No,No,Steady,No,Steady,No,No,No,No,No,No,No,Steady,No,No,No,No,No,Ch,Yes
158819094,85262580,Caucasian,Male,[90-100),?,1,11,7,3,MC,?,45,0,8,1,0,0,434,507,438,8,,,No,No,No,No,No,No,No,No,No,No,No,No,No,No,No,No,No,No,No,No,No,No,No,No,No
158821866,251451,Caucasian,Female,[60-70),?,6,1,17,2,?,Orthopedics-Reconstructive,25,1,25,0,0,0,715,250,530,7,,,Steady,No,No,No,No,No,No,No,No,No,No,No,No,No,No,No,No,No,No,No,No,No,No,No,Yes
158821968,108093258,AfricanAmerican,Female,[50-60),?,2,1,1,11,?,Psychiatry,43,0,26,0,0,1,293,780,428,9,,,No,No,No,No,No,No,No,No,No,No,No,No,No,No,No,No,No,No,No,No,No,No,No,No,No
158823552,59893902,Caucasian,Female,[60-70),?,5,6,1,1,CH,?,1,1,10,0,1,3,296,496,276,8,,,No,No,No,No,No,No,No,No,No,No,Steady,No,No,No,No,No,No,Steady,No,No,No,No,No,Ch,Yes
158824050,88611939,Caucasian,Male,[70-80),?,2,3,7,5,MC,Emergency/Trauma,34,0,7,0,0,2,348,276,780,8,,Norm,No,No,No,No,No,No,Steady,No,No,No,No,No,No,No,No,No,No,Up,No,No,No,No,No,Ch,Yes
158824824,41007834,Caucasian,Female,[50-60),?,3,3,1,5,MD,Surgery-General,41,2,24,1,0,1,892,905,272,6,,,Steady,No,No,No,No,No,No,No,No,No,No,No,No,No,No,No,No,No,No,No,No,No,No,No,Yes
158824842,92897568,Caucasian,Female,[60-70),?,2,1,7,8,?,Gastroenterology,52,0,15,1,3,2,296,401,244,6,,,No,No,No,No,No,No,No,No,No,No,No,No,No,No,No,No,No,Steady,No,No,No,No,No,No,Yes
158827350,85071060,AfricanAmerican,Male,[30-40),?,1,6,7,1,BC,?,9,0,1,0,0,0,250.02,401,272,4,,>8,No,No,No,No,No,No,No,No,No,No,No,No,No,No,No,No,No,No,No,No,No,No,No,No,No
158830314,86481531,Caucasian,Male,[80-90),?,1,1,7,5,MC,?,40,0,14,0,0,0,434,250,729,9,,Norm,No,No,No,No,No,No,No,No,No,No,No,No,No,No,No,No,No,No,No,No,No,No,No,No,No
158831106,113474142,Hispanic,Male,[40-50),?,2,1,7,1,SP,Emergency/Trauma,10,0,9,1,0,0,250.8,682,707,7,,>8,No,No,No,No,No,No,No,No,No,No,No,No,No,No,No,No,No,Down,No,No,No,No,No,Ch,Yes
158835096,58295448,Caucasian,Female,[60-70),?,5,6,1,13,MC,?,70,1,30,2,0,2,584,428,428,9,,,No,No,No,No,No,No,Up,Steady,No,No,No,No,No,No,No,No,No,Steady,No,No,No,No,No,Ch,Yes
158835522,28360278,Caucasian,Male,[50-60),?,5,1,1,2,MD,?,64,0,23,0,0,1,786,425,414,9,,>8,No,No,No,No,No,No,No,No,No,No,No,No,No,No,No,No,No,Up,No,No,No,No,No,Ch,Yes
158837034,85360959,Caucasian,Female,[40-50),?,1,1,7,1,?,?,37,5,21,0,0,0,414,996,413,9,,,No,No,No,No,No,No,No,No,No,No,No,No,No,No,No,No,No,No,No,No,No,No,No,No,No
158838444,24262749,AfricanAmerican,Male,[70-80),?,1,3,7,11,MC,InternalMedicine,43,1,19,0,0,1,276,560,V49,8,,,No,No,No,No,No,No,No,No,No,No,No,No,No,No,No,No,No,Up,No,No,No,No,No,Ch,Yes
158838726,89041761,AfricanAmerican,Female,[40-50),?,1,1,7,11,MD,Emergency/Trauma,53,2,23,0,3,0,552,560,304,9,,Norm,No,No,No,No,No,No,No,No,No,No,No,No,No,No,No,No,No,Down,No,No,No,No,No,Ch,Yes
158838810,24767658,AfricanAmerican,Male,[20-30),?,1,1,7,3,BC,Emergency/Trauma,35,1,17,0,8,6,276,585,458,9,,,No,No,No,No,No,No,No,No,No,No,No,No,No,No,No,No,No,Down,No,No,No,No,No,Ch,Yes
158839728,45435726,Caucasian,Male,[40-50),?,5,28,1,1,MC,?,51,0,23,0,0,1,507,496,295,7,,,Steady,No,No,No,No,No,No,No,No,No,No,No,No,No,No,No,No,No,No,No,No,No,No,No,Yes
158839848,64139688,Caucasian,Female,[80-90),?,1,6,7,6,MC,?,77,0,26,0,0,2,491,276,599,9,,Norm,No,No,No,No,No,No,No,No,No,No,No,No,No,No,No,No,No,No,No,No,No,No,No,No,No
158839908,84350997,Caucasian,Female,[70-80),?,1,6,7,3,MC,?,56,0,17,5,1,2,428,427,403,9,,,Steady,No,No,No,No,No,No,Steady,No,No,No,No,No,No,No,No,No,No,No,No,No,No,No,Ch,Yes
158840484,92144601,Caucasian,Male,[80-90),?,3,6,1,4,?,Surgery-Cardiovascular,55,2,41,0,0,0,414,413,401,4,,,Steady,No,No,No,No,No,Steady,Steady,No,No,No,No,No,No,No,No,No,No,No,No,No,No,No,Ch,Yes
158850246,96698151,Caucasian,Female,[80-90),?,2,3,7,4,MC,Surgery-General,41,1,21,0,1,2,733,722,722,9,,,Steady,No,No,No,Steady,No,No,No,No,No,Steady,No,No,No,No,No,No,Down,No,No,No,No,No,Ch,Yes
158850810,91418679,Caucasian,Male,[60-70),?,5,1,1,4,HM,?,1,2,15,2,0,0,553,425,530,6,,,Steady,No,No,No,No,No,No,No,No,No,No,No,No,No,No,No,No,No,No,No,No,No,No,No,Yes
158853420,59296770,Caucasian,Female,[30-40),?,3,1,1,4,HM,?,33,3,20,0,0,0,661,648,657,6,,,No,No,No,No,No,No,No,No,No,No,No,No,No,No,No,No,No,No,No,No,No,No,No,No,No
158855130,86605407,Caucasian,Female,[70-80),?,5,6,1,6,MC,?,76,0,24,2,0,1,577,599,276,9,,,No,No,No,No,No,No,No,No,No,No,No,No,No,No,No,No,No,Steady,No,No,No,No,No,No,Yes
158861286,42747237,Caucasian,Male,[40-50),?,1,1,7,2,MC,?,42,0,8,1,0,4,980,491,250,5,,,No,No,No,No,No,No,No,No,No,No,No,No,No,No,No,No,No,No,No,No,No,No,No,No,No
158866566,43849035,Caucasian,Male,[40-50),?,1,1,7,1,SP,?,49,0,10,0,0,0,435,250.02,414,9,,>8,No,No,No,No,No,No,No,No,No,Steady,No,No,No,No,No,No,No,Steady,No,No,No,No,No,Ch,Yes
158870946,40658985,Caucasian,Male,[80-90),?,1,3,7,5,MC,?,61,1,17,0,0,1,599,585,428,8,,,No,No,No,No,Steady,No,No,No,No,No,No,No,No,No,No,No,No,Steady,No,No,No,No,No,Ch,Yes
158876886,24760440,Caucasian,Male,[70-80),?,2,1,1,4,MC,Cardiology,47,0,20,0,0,0,428,425,427,9,,,Steady,No,No,No,No,No,Steady,No,No,No,No,No,No,No,No,No,No,Steady,No,No,No,No,No,Ch,Yes
158878050,87009039,Other,Male,[70-80),?,3,1,1,3,?,Orthopedics-Reconstructive,38,1,22,0,0,0,996,285,V43,9,,>7,Steady,No,No,No,Steady,No,No,No,No,No,No,No,No,No,No,No,No,Steady,No,No,No,No,No,Ch,Yes
158881314,43849368,Caucasian,Male,[50-60),?,3,1,1,1,SP,Cardiology,50,4,14,0,0,0,414,425,413,8,,>8,No,No,No,No,No,No,Steady,No,No,Steady,No,No,No,No,No,No,No,No,No,No,No,No,No,Ch,Yes
158883390,23384979,AfricanAmerican,Female,[60-70),?,1,1,7,4,?,InternalMedicine,44,0,15,0,1,0,428,403,585,9,,,No,No,No,No,No,No,No,No,No,No,No,No,No,No,No,No,No,Up,No,No,No,No,No,Ch,Yes
158886186,23758281,Caucasian,Male,[50-60),?,2,1,1,4,BC,InternalMedicine,35,1,12,0,1,0,513,276,250,6,,,No,No,No,No,No,No,No,No,No,No,No,No,No,No,No,No,No,Steady,No,No,No,No,No,No,Yes
158887668,106293249,Caucasian,Female,[70-80),?,8,1,1,1,?,Surgery-Neuro,17,2,16,0,0,0,724,727,401,5,,,Steady,No,No,No,No,No,No,No,No,No,Steady,No,No,No,No,No,No,No,No,No,No,No,No,Ch,Yes
158894568,99813330,Hispanic,Male,[60-70),?,3,1,1,3,MD,Neurology,1,1,12,1,1,0,780,434,496,9,,,No,No,No,No,No,No,No,No,No,No,No,No,No,No,No,No,No,Down,No,No,No,No,No,Ch,Yes
158895330,91285020,AfricanAmerican,Male,[70-80),?,1,1,7,3,MC,?,40,1,5,0,0,1,562,285,250,9,,,No,No,No,No,No,No,No,No,No,No,No,No,No,No,No,No,No,No,No,No,No,No,No,No,No
158896386,54870219,Caucasian,Female,[70-80),?,2,1,1,7,?,Family/GeneralPractice,6,1,16,4,0,2,590,780,41,9,,,No,No,No,No,No,No,No,No,No,No,No,No,No,No,No,No,No,No,No,No,No,No,No,No,No
158899440,23669154,AfricanAmerican,Male,[70-80),?,1,1,7,7,MC,Family/GeneralPractice,50,3,27,0,0,0,584,276,518,9,,,No,No,No,No,No,No,No,No,No,No,No,No,No,No,No,No,No,Up,No,No,No,No,No,Ch,Yes
158899986,25101576,AfricanAmerican,Male,[60-70),?,3,1,1,5,?,Surgery-General,38,4,23,0,1,2,443,496,305,6,,,No,No,No,No,No,No,No,No,No,No,Steady,No,No,No,No,No,No,Steady,No,No,No,No,No,Ch,Yes
158901228,90122643,Caucasian,Female,[80-90),?,1,22,7,4,MC,?,53,4,24,0,0,0,820,285,276,9,,,No,No,No,No,No,No,No,No,No,No,No,No,No,No,No,No,No,No,No,No,No,No,No,No,No
158902386,107241246,Asian,Male,[70-80),?,1,11,7,8,SP,Emergency/Trauma,109,6,36,0,0,0,410,250.11,682,9,,>8,No,No,No,No,No,No,No,No,No,No,No,No,No,No,No,No,No,Up,No,No,No,No,No,Ch,Yes
158906226,84262158,AfricanAmerican,Female,[60-70),?,2,6,1,6,?,Cardiology,45,3,19,0,0,1,414,411,428,9,,,No,No,No,No,No,No,No,No,No,No,No,No,No,No,No,No,No,Steady,No,No,No,No,No,No,Yes
158908284,84715551,Caucasian,Male,[60-70),?,1,7,7,3,MC,?,31,0,11,0,0,0,682,707,496,9,,,No,No,No,No,No,No,Steady,No,No,No,No,No,No,No,No,No,No,No,No,No,No,No,No,No,Yes
158910516,43371540,Caucasian,Male,[40-50),?,3,1,1,4,SP,?,56,0,14,0,0,0,584,276,276,7,,,No,No,No,No,No,No,Steady,No,No,No,No,No,No,No,No,No,No,Steady,No,No,No,No,No,Ch,Yes
158911584,43850124,Caucasian,Female,[90-100),?,3,1,1,3,MC,Nephrology,55,0,18,0,0,0,253,590,263,8,,>7,No,No,No,No,No,No,No,Steady,No,No,No,No,No,No,No,No,No,Steady,No,No,No,No,No,Ch,Yes
158913252,73529658,AfricanAmerican,Female,[80-90),?,1,11,2,1,?,?,62,1,15,0,0,0,348,276,403,9,,,No,No,No,No,No,No,No,No,No,No,No,No,No,No,No,No,No,No,No,No,No,No,No,No,No
158916870,105904089,Caucasian,Female,[70-80),?,2,3,2,14,?,Family/GeneralPractice,40,3,32,0,0,1,220,331,599,9,,,No,No,No,No,No,No,No,No,No,No,Steady,No,No,No,No,No,No,No,No,No,No,No,No,No,Yes
158918856,70680132,Caucasian,Female,[80-90),?,1,4,7,2,?,?,38,0,11,1,0,2,428,424,427,8,,,No,No,Steady,No,No,No,No,No,No,No,No,No,No,No,No,No,No,No,No,No,No,No,No,No,Yes
158920974,76494231,Caucasian,Female,[50-60),[75-100),1,1,7,4,DM,Cardiology,72,0,16,1,1,2,414,411,280,9,,,No,No,No,No,No,No,No,No,No,No,No,No,No,No,No,No,No,No,No,No,No,No,No,No,No
158922420,85057767,Caucasian,Male,[70-80),?,2,1,2,5,?,InternalMedicine,30,0,34,0,0,0,482,493,515,9,,,No,No,No,No,No,No,No,No,No,No,No,No,No,No,No,No,No,No,No,No,No,No,No,No,No
158922528,23340141,Caucasian,Male,[50-60),?,1,1,7,4,?,Emergency/Trauma,44,0,17,0,3,1,780,438,438,9,,,Steady,No,No,No,No,No,No,No,No,No,No,No,No,No,No,No,No,Steady,No,No,No,No,No,Ch,Yes
158924952,65184075,AfricanAmerican,Female,[50-60),?,1,1,7,2,?,?,45,0,8,0,0,0,428,403,V42,9,,,No,No,No,No,No,No,No,No,No,No,No,No,No,No,No,No,No,No,No,No,No,No,No,No,No
158925486,94127688,Caucasian,Female,[70-80),?,2,2,7,2,MC,Emergency/Trauma,35,0,11,0,0,0,820,427,707,9,,>8,No,No,No,No,No,No,No,No,No,No,No,No,No,No,No,No,No,Up,No,No,No,No,No,Ch,Yes
158926194,51740154,Caucasian,Female,[70-80),?,3,3,1,14,MC,Psychiatry,22,0,10,0,0,0,290,250,V58,8,,,Steady,No,No,No,No,No,No,No,No,No,No,No,No,No,No,No,No,Steady,No,No,No,No,No,Ch,Yes
158926680,58585113,AfricanAmerican,Male,[60-70),?,1,1,7,7,MC,?,64,6,24,0,0,1,414,427,722,9,,Norm,No,No,No,No,No,No,No,Steady,No,No,No,No,No,No,No,No,No,No,No,No,No,No,No,No,Yes
158926938,107216406,Caucasian,Female,[80-90),?,2,3,7,4,MC,Emergency/Trauma,49,0,2,0,0,0,845,427,780,9,,,No,No,No,No,No,No,No,No,No,No,No,No,No,No,No,No,No,No,No,No,No,No,No,No,No
158927400,97311105,Caucasian,Female,[90-100),?,2,1,7,3,MC,Emergency/Trauma,29,0,5,0,0,0,595,599,496,9,,,No,No,No,No,No,No,No,No,No,No,No,No,No,No,No,No,No,No,No,No,No,No,No,No,No
158929062,91668546,AfricanAmerican,Female,[60-70),?,2,1,1,6,?,Oncology,54,0,14,0,0,0,288,287,462,5,,,No,No,No,No,No,No,No,No,No,No,No,No,No,No,No,No,No,No,No,No,No,No,No,No,No
158929404,70944795,AfricanAmerican,Female,[70-80),?,3,13,4,6,MC,?,45,1,17,3,0,7,250.8,440,682,9,,,No,No,No,No,No,No,No,No,No,No,No,No,No,No,No,No,No,Steady,No,No,No,No,No,No,Yes
158929518,23365368,AfricanAmerican,Female,[70-80),?,1,3,5,10,MC,Nephrology,44,6,30,1,1,0,996,427,403,9,,,No,No,No,No,No,No,No,No,No,No,No,No,No,No,No,No,No,Down,No,No,No,No,No,Ch,Yes
158931102,84475971,AfricanAmerican,Female,[60-70),?,5,1,1,4,MC,?,63,3,20,3,0,0,414,411,427,9,,>8,No,No,No,No,No,No,Steady,No,No,No,No,No,No,No,No,No,No,Steady,No,No,No,No,No,Ch,Yes
158931336,101768877,Caucasian,Male,[80-90),?,1,4,2,3,?,?,43,0,9,0,0,1,276,593,311,9,,,No,No,No,No,No,No,No,No,No,No,No,No,No,No,No,No,No,No,No,No,No,No,No,No,No
158931864,84318156,Caucasian,Male,[60-70),?,1,3,7,4,MC,?,35,1,10,0,1,1,924,250.6,250.42,9,,,No,No,No,No,No,No,No,No,No,No,No,No,No,No,No,No,No,No,No,No,No,No,No,No,No
158931960,14284665,Caucasian,Male,[50-60),?,6,1,17,4,?,?,75,6,33,0,1,0,574,276,682,9,,,No,No,No,No,No,No,Steady,No,No,No,No,No,No,No,No,No,No,Steady,No,No,No,No,No,Ch,Yes
158934780,26147637,Caucasian,Female,[50-60),?,2,1,7,4,?,?,42,2,16,0,0,0,414,411,428,9,,,No,No,No,No,No,No,Steady,No,No,No,No,No,No,No,No,No,No,Steady,No,No,No,No,No,Ch,Yes
158935272,85164381,Caucasian,Male,[60-70),?,1,1,7,2,HM,?,53,1,18,0,0,0,540,562,272,5,,,No,No,No,No,No,No,No,No,No,No,No,No,No,No,No,No,No,No,No,No,No,No,No,No,No
158936022,97775937,Caucasian,Male,[80-90),?,1,6,7,6,HM,?,70,0,13,0,0,0,428,491,427,9,,,No,No,No,No,No,No,Steady,No,No,No,No,No,No,No,No,No,No,No,No,No,No,No,No,No,Yes
158936130,55889046,AfricanAmerican,Female,[40-50),?,2,1,1,3,?,Family/GeneralPractice,30,1,13,0,0,1,682,250.02,70,5,,,Up,No,No,No,No,No,No,No,No,No,No,No,No,No,No,No,No,No,No,No,No,No,No,Ch,Yes
158938128,42405741,Caucasian,Female,[60-70),?,1,1,7,8,SP,?,89,2,25,1,0,6,38,403,995,8,,>8,No,No,No,No,No,No,No,No,No,No,No,No,No,No,No,No,No,Down,No,No,No,No,No,Ch,Yes
158938764,56574990,AfricanAmerican,Male,[50-60),?,1,1,7,4,?,?,56,3,18,0,0,0,414,V70,276,9,,,No,Steady,No,No,No,No,No,No,No,No,No,No,No,No,No,No,No,No,No,No,No,No,No,No,Yes
158939520,101423232,Caucasian,Male,[40-50),?,1,1,7,3,CP,?,59,0,10,0,0,0,38,599,276,6,,,No,No,No,No,No,No,No,No,No,No,No,No,No,No,No,No,No,No,No,No,No,No,No,No,No
158939808,92905020,AfricanAmerican,Female,[60-70),?,1,3,7,13,?,?,46,0,17,0,0,0,824,560,E849,9,,,No,No,No,No,No,No,No,No,No,No,Steady,No,No,No,No,No,No,Steady,No,No,No,No,No,Ch,Yes
158940150,91704915,Caucasian,Male,[80-90),?,1,6,7,3,MC,?,27,1,9,0,0,0,810,285,E885,9,,,No,No,Up,No,No,No,No,No,No,No,No,No,No,No,No,No,No,Steady,No,No,No,No,No,Ch,Yes
158942490,77736285,AfricanAmerican,Female,[80-90),?,1,22,7,3,?,?,58,0,13,0,0,0,434,276,342,9,,,No,No,No,No,No,No,No,No,No,No,No,No,No,No,No,No,No,Steady,No,No,No,No,No,No,Yes
158942586,40833441,Caucasian,Female,[40-50),?,1,1,7,3,SP,?,56,0,19,1,0,3,564,276,276,7,,,No,No,No,No,No,No,Steady,No,No,No,No,No,No,No,No,No,No,No,No,No,No,No,No,No,Yes
158943114,88386444,Caucasian,Male,[70-80),?,5,1,1,2,MC,?,36,2,9,1,0,0,578,427,286,9,,,No,No,No,No,No,No,No,No,No,No,No,No,No,No,No,No,No,No,No,No,No,No,No,No,No
158954412,110453472,Caucasian,Male,[80-90),?,1,1,7,1,MC,Oncology,52,1,11,0,0,3,780,276,283,9,,,No,No,No,No,No,No,No,Steady,No,No,Steady,No,No,No,No,No,No,No,No,No,No,No,No,Ch,Yes
158955870,91075059,Caucasian,Male,[40-50),?,3,1,1,3,?,InternalMedicine,65,0,21,7,1,5,250.6,276,584,9,,,No,No,No,No,No,No,No,No,No,Steady,No,No,No,No,No,No,No,Down,No,No,No,No,No,Ch,Yes
158957874,102958884,Caucasian,Male,[80-90),?,5,14,1,1,MC,?,63,1,20,0,0,1,410,518,785,9,,,No,No,No,No,No,No,No,No,No,No,No,No,No,No,No,No,No,Steady,No,No,No,No,No,No,Yes
158958414,30775878,Caucasian,Male,[70-80),?,1,1,7,2,MC,Cardiology,52,0,15,1,0,4,428,424,414,9,,,No,No,Steady,No,No,No,No,No,No,No,No,No,No,No,No,No,No,No,No,No,No,No,No,No,Yes
158962614,29343825,Caucasian,Male,[40-50),?,3,1,1,13,MC,?,40,1,22,0,0,3,V57,V54,403,9,,,No,No,No,No,No,No,No,No,No,No,No,No,No,No,No,No,No,No,No,No,No,No,No,No,No
158963628,63962973,Caucasian,Male,[60-70),?,1,1,7,2,?,?,3,0,10,2,1,1,427,413,414,8,,,No,No,No,No,No,No,No,No,No,No,No,No,No,No,No,No,No,No,No,No,No,No,No,No,No
158963670,80299584,Caucasian,Male,[70-80),?,1,6,7,5,?,InternalMedicine,76,0,16,0,0,0,38,486,427,9,,,No,No,No,No,No,No,No,No,No,No,No,No,No,No,No,No,No,Down,No,No,No,No,No,Ch,Yes
158964078,87976269,Caucasian,Female,[90-100),?,1,1,7,5,MC,?,33,0,8,0,0,1,8,276,294,9,,,No,No,No,No,No,No,No,No,No,No,No,No,No,No,No,No,No,No,No,No,No,No,No,No,No
158965512,85099923,Caucasian,Male,[60-70),?,1,2,1,3,BC,?,35,0,6,1,0,0,434,250.01,433,9,,,No,No,No,No,No,No,No,No,No,No,No,No,No,No,No,No,No,Up,No,No,No,No,No,Ch,Yes
158966484,25069554,Hispanic,Male,[40-50),?,1,1,7,5,BC,InternalMedicine,52,1,20,0,5,2,535,250.2,477,3,,,No,No,No,No,No,No,Steady,No,No,No,No,No,No,No,No,No,No,Up,No,No,No,No,No,Ch,Yes
158966688,52234425,AfricanAmerican,Female,[40-50),?,1,1,7,5,OG,?,77,1,12,0,0,0,238,585,591,7,,Norm,No,No,No,No,No,No,No,No,No,No,No,No,No,No,No,No,No,No,No,No,No,No,No,No,No
158967414,108126468,Caucasian,Female,[70-80),?,2,22,1,12,?,Oncology,36,2,38,0,0,1,V57,197,174,9,,,No,No,No,No,No,No,Steady,No,No,No,Steady,No,No,No,No,No,No,No,No,No,No,No,No,Ch,Yes
158967540,47914317,Caucasian,Female,[50-60),?,1,14,7,13,?,?,61,2,17,1,0,3,197,560,157,9,,,No,No,No,No,No,No,No,No,No,No,No,No,No,No,No,No,No,No,No,No,No,No,No,No,No
158967834,109061577,Caucasian,Female,[70-80),?,1,4,7,5,?,?,61,0,12,0,0,0,518,486,491,9,,,No,No,No,No,No,No,No,No,No,No,Steady,No,No,No,No,No,No,No,No,No,No,No,No,No,Yes
158968344,102124035,Caucasian,Male,[50-60),?,2,1,7,4,SP,Emergency/Trauma,75,2,19,0,0,0,511,250.4,519,9,,Norm,No,No,No,No,No,No,Steady,No,No,Steady,No,No,No,No,No,No,No,Up,No,No,No,No,No,Ch,Yes
158969208,107787348,Caucasian,Male,[50-60),?,2,6,7,7,?,Cardiology,65,4,47,0,0,0,414,427,401,6,,,Steady,No,No,No,No,No,No,Steady,No,No,No,No,No,No,No,No,No,Steady,No,No,No,No,No,Ch,Yes
158969898,71275095,Caucasian,Female,[70-80),?,1,14,7,3,CP,?,33,0,7,0,0,0,599,263,290,7,,,No,No,No,No,No,No,No,No,No,No,No,No,No,No,No,No,No,Steady,No,No,No,No,No,No,Yes
158969934,79963344,Caucasian,Female,[70-80),?,1,3,7,6,MC,?,70,0,8,0,1,0,79,293,294,9,,>8,No,No,No,No,No,No,No,No,No,No,No,No,No,No,No,No,No,Steady,No,No,No,No,No,No,Yes
158970768,83542086,Caucasian,Female,[80-90),?,1,15,1,3,?,Emergency/Trauma,40,1,13,0,0,0,815,599,E849,9,,,No,No,No,No,No,No,No,Steady,No,Steady,No,No,No,No,No,No,No,Steady,No,No,No,No,No,Ch,Yes
158970816,88838172,Caucasian,Female,[80-90),?,3,3,7,4,MC,Emergency/Trauma,87,1,23,1,2,7,428,584,276,9,,,No,No,No,No,No,No,No,No,No,No,No,No,No,No,No,No,No,Up,No,No,No,No,No,Ch,Yes
158971032,41041530,Caucasian,Female,[70-80),?,1,3,7,14,MC,?,78,3,27,0,0,5,996,38,38,9,,,No,No,No,No,No,No,No,No,No,No,No,No,No,No,No,No,No,Down,No,No,No,No,No,Ch,Yes
158971110,31693230,Caucasian,Female,[80-90),?,1,3,7,5,MC,?,58,0,13,0,0,0,428,427,250,9,,,No,No,No,No,No,No,No,No,No,No,No,No,No,No,No,No,No,No,No,No,No,No,No,No,No
158972184,107819784,Caucasian,Male,[80-90),?,1,1,2,3,?,?,62,0,10,0,0,0,458,276,E942,9,,,No,No,No,No,No,No,No,No,No,No,No,No,No,No,No,No,No,No,No,No,No,No,No,No,No
158972424,51328179,Caucasian,Female,[70-80),?,1,6,7,8,MC,?,63,1,16,0,0,2,486,807,198,9,,,No,No,No,No,No,No,Steady,No,No,No,No,No,No,No,No,No,No,Steady,No,No,No,No,No,Ch,Yes
158972670,84345561,Caucasian,Female,[70-80),?,1,3,7,11,MC,?,47,0,17,1,0,2,428,413,427,9,,,No,No,No,No,No,No,No,No,No,No,No,No,No,No,No,No,No,No,No,No,No,No,No,No,No
158974062,88596513,Caucasian,Female,[50-60),?,1,1,7,1,?,?,10,0,4,0,0,0,733,250,401,3,,,No,No,No,No,No,No,No,No,No,No,Steady,No,No,No,No,No,No,No,No,No,No,No,No,No,Yes
158976312,83667735,Caucasian,Female,[80-90),?,1,1,7,8,?,?,60,2,26,0,0,0,560,276,250,9,,,No,No,No,No,No,No,No,No,No,No,No,No,No,No,No,No,No,Steady,No,No,No,No,No,No,Yes
158976594,25076790,Caucasian,Female,[70-80),?,1,1,7,6,?,Family/GeneralPractice,48,1,22,0,0,3,402,427,428,9,,,No,No,No,No,No,No,No,No,No,No,No,No,No,No,No,No,No,Up,No,No,No,No,No,Ch,Yes
158977218,111101220,AfricanAmerican,Female,[70-80),?,1,24,7,1,?,?,40,0,13,8,1,1,434,342,781,9,,,No,No,No,No,Steady,No,No,No,No,No,No,No,No,No,No,No,No,Steady,No,No,No,No,No,Ch,Yes
158977500,58072338,Caucasian,Male,[30-40),?,1,1,7,5,PO,?,65,1,17,0,0,0,535,250.13,112,9,,,No,No,No,No,No,No,No,No,No,No,No,No,No,No,No,No,No,Up,No,No,No,No,No,Ch,Yes
158977938,40898826,Caucasian,Male,[80-90),?,1,1,7,2,MC,?,57,0,16,4,0,1,562,276,564,7,,,No,No,No,No,No,No,No,No,No,No,No,No,No,No,No,No,No,Down,No,No,No,No,No,Ch,Yes
158978040,54090018,Caucasian,Male,[50-60),?,5,28,1,8,MC,?,71,0,30,0,0,0,486,491,70,9,,Norm,Steady,No,No,No,No,No,No,No,No,Steady,No,No,No,No,No,No,No,Steady,No,No,No,No,No,Ch,Yes
158980032,104628015,AfricanAmerican,Female,[60-70),?,2,1,1,3,?,Psychiatry,52,0,11,1,0,0,296,300,401,7,,,Steady,No,No,No,No,No,No,No,No,No,No,No,No,No,No,No,No,No,No,No,No,No,No,No,Yes
158981292,57926718,Caucasian,Female,[50-60),?,1,1,7,11,HM,?,43,2,23,0,0,0,616,41,250,5,,Norm,Steady,No,No,No,No,No,No,Up,No,Steady,No,No,No,No,No,No,No,Up,No,No,No,No,No,Ch,Yes
158982036,40891239,Caucasian,Male,[70-80),?,1,1,7,4,MC,?,56,2,17,1,0,0,577,574,?,4,,,No,No,No,No,No,No,No,No,No,No,No,No,No,No,No,No,No,No,No,No,No,No,No,No,No
158982582,49944447,Caucasian,Female,[80-90),?,1,3,7,4,MC,?,61,1,19,0,0,1,560,496,585,9,,,No,No,No,No,No,No,No,No,No,No,No,No,No,No,No,No,No,Steady,No,No,No,No,No,No,Yes
158982612,23887251,Caucasian,Male,[50-60),?,2,1,4,8,BC,InternalMedicine,56,5,26,0,0,0,584,415,728,5,,,No,No,No,No,No,No,No,No,No,No,No,No,No,No,No,No,No,No,No,No,No,No,No,No,No
158986284,28389618,Caucasian,Male,[70-80),?,2,11,7,1,MC,Emergency/Trauma,33,1,13,0,0,2,560,38,162,9,,,No,No,No,No,No,No,No,No,No,No,No,No,No,No,No,No,No,No,No,No,No,No,No,No,No
158987334,62749197,AfricanAmerican,Female,[70-80),?,1,1,7,3,?,?,37,0,10,0,0,1,402,585,441,9,,,No,No,No,No,No,No,No,No,No,No,No,No,No,No,No,No,No,No,No,No,No,No,No,No,No
158988930,97585515,Caucasian,Female,[40-50),[100-125),1,1,7,3,UN,?,54,0,10,0,0,0,780,424,300,8,,,No,No,No,No,No,No,No,No,No,No,No,No,No,No,No,No,No,No,No,No,No,No,No,No,No
158989080,90805932,Caucasian,Male,[50-60),?,2,3,7,5,SP,Emergency/Trauma,37,3,20,2,0,3,250.8,731,730,9,,>8,No,No,No,No,No,No,No,No,No,No,No,No,No,No,No,No,No,Down,No,No,No,No,No,Ch,Yes
158989308,100934496,Caucasian,Male,[50-60),?,2,1,4,7,?,Family/GeneralPractice,59,0,14,1,0,1,348,70,250.6,9,,,No,No,No,No,No,No,No,No,No,No,No,No,No,No,No,No,No,No,No,No,No,No,No,No,No
158989674,49699368,Caucasian,Female,[50-60),?,1,1,7,10,DM,?,74,2,21,0,0,0,577,574,790,9,,,No,No,No,No,No,No,No,No,No,No,No,No,No,No,No,No,No,No,No,No,No,No,No,No,No
158990262,71124453,Caucasian,Female,[70-80),?,1,22,7,9,MC,?,49,2,32,0,0,0,820,805,285,9,,,No,No,No,No,No,No,No,No,No,No,No,No,No,No,No,No,No,No,No,No,No,No,No,No,No
158990670,91325448,Caucasian,Female,[70-80),?,1,6,7,3,MC,?,39,0,13,0,25,1,715,250.6,357,9,,,No,No,No,No,No,No,No,No,No,Steady,No,No,No,No,No,No,No,Steady,No,No,No,No,No,Ch,Yes
158994534,84182085,AfricanAmerican,Female,[50-60),?,1,1,7,5,?,?,59,0,13,0,0,1,250.8,276,285,5,,,No,No,Steady,No,No,No,No,Steady,No,No,No,No,No,No,No,No,No,No,No,No,No,No,No,Ch,Yes
158994996,96436170,AfricanAmerican,Male,[30-40),?,1,1,7,5,MC,Emergency/Trauma,46,0,20,0,0,0,428,425,429,9,,>8,Steady,No,No,No,No,No,No,No,No,No,No,No,No,No,No,No,No,No,No,No,No,No,No,No,Yes
158995176,76033296,Caucasian,Male,[60-70),?,1,1,7,4,?,?,67,0,20,0,0,2,250.42,403,276,9,,,No,No,No,No,No,No,No,No,No,No,No,No,No,No,No,No,No,Down,No,No,No,No,No,Ch,Yes
158996532,89705475,AfricanAmerican,Female,[20-30),?,1,7,7,2,DM,?,86,0,16,0,2,0,486,38,995,9,,Norm,Steady,No,No,No,No,No,No,Steady,No,Steady,No,No,No,No,No,No,No,Steady,No,No,No,No,No,Ch,Yes
158997210,108609813,AfricanAmerican,Female,[60-70),?,1,1,7,3,MD,?,48,0,21,0,0,2,482,491,585,9,,,No,No,No,No,Steady,No,No,No,No,No,Steady,No,No,No,No,No,No,Steady,No,No,No,No,No,Ch,Yes
158997900,43321680,Caucasian,Female,[60-70),?,1,22,7,12,MC,?,74,4,37,0,0,0,996,38,276,9,,,Steady,No,No,No,No,No,No,Steady,No,No,No,No,No,No,No,No,No,Down,No,No,No,No,No,Ch,Yes
158998368,90906048,Caucasian,Male,[60-70),?,1,1,7,3,?,?,43,5,15,1,0,0,414,411,401,9,,,Steady,No,No,No,No,No,No,No,No,No,No,No,No,No,No,No,No,No,No,No,No,No,No,No,Yes
159002352,93974400,Caucasian,Female,[70-80),?,2,3,7,3,MC,Family/GeneralPractice,8,0,22,1,0,0,486,428,276,9,,,No,Steady,No,No,No,No,No,No,No,No,No,No,No,No,No,No,No,Steady,No,No,No,No,No,Ch,Yes
159002484,113542884,Caucasian,Female,[70-80),?,1,1,7,1,?,?,54,0,8,0,0,2,728,710,424,8,,,No,No,No,No,No,No,No,No,No,No,No,No,No,No,No,No,No,Steady,No,No,No,No,No,No,Yes
159002514,57397572,AfricanAmerican,Female,[70-80),?,1,3,7,4,?,?,58,0,25,0,0,1,38,203,599,9,,,Steady,No,No,No,No,No,No,No,No,Steady,No,No,No,No,No,No,No,No,No,No,No,No,No,Ch,Yes
159003174,85713147,Caucasian,Male,[50-60),?,1,1,7,1,CP,?,62,0,10,0,1,0,592,493,250.01,9,,,No,No,No,No,No,No,No,No,No,No,No,No,No,No,No,No,No,No,No,No,No,No,No,No,No
159003246,58775562,AfricanAmerican,Male,[40-50),?,1,1,7,4,HM,?,31,2,11,0,0,0,552,278,250,5,,,No,No,No,No,No,No,No,No,No,No,No,No,No,No,No,No,No,Steady,No,No,No,No,No,No,Yes
159003282,54189234,Caucasian,Female,[70-80),?,1,6,7,3,?,?,64,0,18,0,1,0,787,250.02,276,9,,,Steady,No,No,No,No,No,Steady,No,No,No,No,No,No,No,No,No,No,Steady,No,No,No,No,No,Ch,Yes
159003558,23263623,AfricanAmerican,Female,[40-50),?,1,1,7,1,MC,InternalMedicine,37,0,19,0,5,2,250.6,599,276,6,,,No,No,No,No,No,No,Steady,No,No,No,No,No,No,No,No,No,No,Up,No,No,No,No,No,Ch,Yes
159004068,64134702,Caucasian,Male,[70-80),?,2,6,1,5,?,Surgery-Cardiovascular,44,1,45,1,0,0,414,411,250,9,,,Steady,No,No,No,No,No,No,No,No,No,No,No,No,No,No,No,No,Steady,No,No,No,No,No,Ch,Yes
159004206,24547131,AfricanAmerican,Male,[50-60),?,2,1,4,2,SP,InternalMedicine,6,0,9,0,0,0,434,250.6,357,4,,,No,No,No,No,No,No,No,No,No,No,No,No,No,No,No,No,No,Down,No,No,No,No,No,Ch,Yes
159004416,104040090,Caucasian,Male,[60-70),?,3,1,1,3,?,Surgery-General,30,1,20,0,0,0,211,278,250,4,,,No,No,No,No,No,No,No,No,No,No,No,No,No,No,No,No,No,No,No,No,No,No,No,No,No
159004446,94508064,Caucasian,Male,[60-70),?,3,1,1,2,?,Urology,40,2,20,0,0,0,185,272,250,7,,,No,No,No,No,No,No,No,No,No,No,No,No,No,No,No,No,No,No,No,No,No,No,No,No,No
159004890,47912841,Caucasian,Male,[70-80),?,3,3,1,3,MC,Ophthalmology,50,1,27,0,0,0,715,401,250,4,,,No,No,No,No,No,No,No,No,No,No,No,No,No,No,No,No,No,No,Steady,No,No,No,No,No,Yes
159004950,50428350,Caucasian,Female,[60-70),?,3,1,1,5,?,Surgery-Vascular,13,4,40,0,0,0,433,997,250.01,9,,,No,No,No,No,No,No,No,Steady,No,No,No,No,No,No,No,No,No,No,No,No,No,No,No,No,Yes
159005478,112873185,Caucasian,Female,[60-70),?,3,1,1,1,MC,Family/GeneralPractice,1,1,15,0,0,0,174,496,610,6,,,No,No,No,No,No,No,No,No,No,No,No,No,No,No,No,No,No,Up,No,No,No,No,No,Ch,Yes
159011484,24157215,AfricanAmerican,Male,[20-30),?,1,1,7,4,SP,InternalMedicine,36,4,14,0,1,0,682,38,995,9,,>8,No,No,No,No,No,No,Steady,No,No,No,No,No,No,No,No,No,No,Up,No,No,No,No,No,Ch,Yes
159011706,72934686,Caucasian,Female,[70-80),?,3,3,1,1,?,InternalMedicine,19,4,14,0,0,3,996,403,459,8,,,No,No,No,No,No,No,No,No,No,No,No,No,No,No,No,No,No,Steady,No,No,No,No,No,No,Yes
159021966,34285410,Caucasian,Male,[60-70),?,3,1,1,3,BC,Ophthalmology,33,1,22,0,0,0,715,250,?,2,,,Steady,No,No,No,Steady,No,No,No,No,No,No,No,No,No,No,No,No,Steady,No,No,No,No,No,Ch,Yes
159026898,95708871,Caucasian,Female,[60-70),?,2,6,1,5,?,Surgery-Cardiovascular,55,1,37,0,0,0,414,413,401,7,,,Steady,No,No,No,Steady,No,No,No,No,No,No,No,No,No,No,No,No,No,No,No,No,No,No,Ch,Yes
159027030,107661375,Caucasian,Female,[80-90),?,2,3,7,7,MC,Surgery-General,67,0,14,0,0,0,599,790,276,9,,,No,No,No,No,No,No,Steady,No,No,No,No,No,No,No,No,No,No,Steady,No,No,No,No,No,Ch,Yes
159034146,82203444,AfricanAmerican,Female,[40-50),?,2,1,1,4,?,Oncology,30,1,18,4,2,7,V58,203,284,7,,,No,No,No,No,No,No,No,No,No,No,Steady,No,No,No,No,No,No,No,No,No,No,No,No,No,Yes
159039114,105966549,Caucasian,Male,[60-70),?,2,1,1,4,MC,Pulmonology,61,1,15,0,0,1,491,280,V54,9,,,Steady,No,No,No,No,No,No,No,No,No,No,No,No,No,No,No,No,No,No,No,No,No,No,No,Yes
159047568,43834068,Caucasian,Female,[70-80),?,3,22,1,7,MC,Surgery-General,50,1,25,0,0,0,250.82,731,730,8,,,No,No,No,No,No,No,No,No,No,No,No,No,No,No,No,No,No,No,No,No,No,No,No,No,No
159051534,95746275,Caucasian,Male,[70-80),[50-75),2,6,1,10,MC,?,60,0,16,2,1,0,250.2,V58,276,9,,,Steady,No,No,No,No,No,No,Up,No,No,No,No,No,No,No,No,No,Down,No,No,No,No,No,Ch,Yes
159051714,84199491,Caucasian,Female,[60-70),?,1,1,7,2,BC,?,32,6,7,0,0,0,414,411,250,7,,>8,No,No,No,No,No,No,No,No,No,No,No,No,No,No,No,No,No,Steady,No,No,No,No,No,No,Yes
159059592,49776192,Caucasian,Male,[50-60),?,2,1,4,2,MC,Radiologist,42,6,41,0,0,0,414,411,427,9,,,No,No,No,No,Steady,No,No,No,No,No,No,No,No,No,No,No,No,Down,No,No,No,No,No,Ch,Yes
159067290,73581120,AfricanAmerican,Male,[70-80),?,1,4,7,4,?,?,50,0,10,0,2,4,780,305,V15,6,,,Steady,No,No,No,No,No,No,Steady,No,No,No,No,No,No,No,No,No,No,No,No,No,No,No,Ch,Yes
159071118,23189139,Caucasian,Female,[80-90),?,3,23,1,8,MC,InternalMedicine,48,6,42,0,0,0,410,428,491,9,,,No,No,No,No,No,No,No,No,No,No,No,No,No,No,No,No,No,Down,No,No,No,No,No,Ch,Yes
159074370,108251262,Caucasian,Female,[30-40),?,2,1,1,2,HM,?,48,0,6,0,0,0,522,250.6,357,4,,,No,No,No,No,No,No,No,No,No,No,Steady,No,No,No,No,No,No,Steady,No,No,No,No,No,Ch,Yes
159074838,109697607,Caucasian,Male,[60-70),?,1,2,7,1,HM,?,57,3,18,0,0,0,410,486,518,9,,Norm,No,No,No,No,No,No,No,No,No,No,No,No,No,No,No,No,No,Steady,No,No,No,No,No,No,Yes
159078600,88758819,Caucasian,Female,[80-90),?,3,3,7,5,MC,Emergency/Trauma,68,1,21,0,0,0,820,427,492,9,,,No,No,No,No,No,No,No,No,No,No,No,No,No,No,No,No,No,Down,No,No,No,No,No,Ch,Yes
159079542,40911462,Caucasian,Female,[50-60),?,3,1,1,3,SP,?,30,1,20,1,0,4,595,250.02,346,6,,,No,No,No,No,No,No,No,No,No,No,No,No,No,No,No,No,No,Down,No,No,No,No,No,Ch,Yes
159080082,53383221,Caucasian,Male,[90-100),?,1,6,7,5,MC,?,59,1,19,0,0,1,575,427,575,9,,,No,No,No,No,No,No,Steady,No,No,No,No,No,No,No,No,No,No,Steady,No,No,No,No,No,Ch,Yes
159084786,31649508,Caucasian,Female,[80-90),?,1,3,7,4,MC,?,65,0,13,0,0,0,428,427,518,9,,Norm,No,No,No,No,No,No,No,No,No,No,No,No,No,No,No,No,No,No,No,No,No,No,No,No,No
159085416,102061809,Caucasian,Female,[80-90),?,3,1,1,4,HM,InternalMedicine,56,5,12,0,0,2,997,518,507,9,,,No,No,No,No,No,No,No,No,No,No,No,No,No,No,No,No,No,Down,No,No,No,No,No,Ch,Yes
159086682,70535772,Caucasian,Female,[80-90),?,3,22,1,9,MC,Surgery-Vascular,30,4,36,0,0,1,440,285,427,9,,,No,No,No,No,No,No,No,Steady,No,No,No,No,No,No,No,No,No,No,No,No,No,No,No,No,Yes
159086700,61934121,AfricanAmerican,Male,[60-70),?,2,1,1,10,?,InternalMedicine,37,2,14,0,0,0,790,711,707,9,,,Steady,No,No,No,No,No,No,No,No,Steady,No,No,No,No,No,No,No,No,No,No,No,No,No,Ch,Yes
159088512,41336100,Caucasian,Female,[60-70),?,3,1,1,4,MC,Urology,42,0,12,0,0,0,996,596,599,5,,,No,No,No,No,No,No,No,No,No,No,No,No,No,No,No,No,No,No,No,No,No,No,No,No,No
159088560,2092581,Caucasian,Female,[60-70),?,2,1,1,2,?,?,25,1,12,0,0,2,569,276,263,9,,,No,No,No,No,No,No,No,No,No,No,No,No,No,No,No,No,No,Steady,No,No,No,No,No,No,Yes
159090846,85338432,Caucasian,Male,[20-30),?,1,1,7,3,HM,?,62,1,15,0,0,0,577,303,571,8,,,No,No,No,No,No,No,No,No,No,No,No,No,No,No,No,No,No,No,No,No,No,No,No,No,No
159091452,38804841,Caucasian,Female,[80-90),?,2,3,7,11,MC,Family/GeneralPractice,73,2,28,0,0,1,428,515,496,9,,,No,No,No,No,No,No,No,Steady,No,No,No,No,No,No,No,No,No,No,No,No,No,No,No,No,Yes
159091680,24750549,AfricanAmerican,Male,[50-60),?,3,1,1,5,MC,Nephrology,41,3,27,0,0,0,574,404,428,9,,,No,No,No,No,No,No,No,No,No,No,No,No,No,No,No,No,No,No,No,No,No,No,No,No,No
159094500,51231447,Caucasian,Female,[70-80),?,1,1,7,1,MC,InternalMedicine,44,0,12,0,1,2,253,202,496,9,,,No,No,No,No,No,No,No,No,No,No,No,No,No,No,No,No,No,Down,No,No,No,No,No,Ch,Yes
159095922,105240915,Caucasian,Female,[90-100),?,2,3,7,7,?,InternalMedicine,34,0,26,1,0,0,440,682,707,9,,,No,No,No,No,No,No,No,Steady,No,Steady,No,No,No,No,No,No,No,Steady,No,No,No,No,No,Ch,Yes
159096492,54638190,Caucasian,Male,[80-90),?,1,1,7,2,?,?,37,1,18,2,0,0,427,410,428,9,,,No,No,No,No,No,No,Steady,No,No,No,Steady,No,No,No,No,No,No,No,No,No,No,No,No,Ch,Yes
159097002,84783420,Caucasian,Female,[70-80),?,3,1,1,9,?,Surgeon,42,0,24,3,1,2,998,496,41,9,,,Steady,No,No,No,No,No,No,No,No,No,No,No,No,No,No,No,No,No,No,No,No,No,No,No,Yes
159098874,43851933,Caucasian,Female,[80-90),?,3,1,1,5,MC,Radiologist,57,3,26,0,0,0,518,410,426,8,,,No,No,No,No,No,No,Steady,No,No,No,No,No,No,No,No,No,No,Up,No,No,No,No,No,Ch,Yes
159104400,102233142,Caucasian,Male,[50-60),?,2,1,7,2,MD,Emergency/Trauma,47,1,15,0,0,0,428,585,427,9,,>8,No,No,No,No,No,No,Steady,No,No,No,No,No,No,No,No,No,No,Down,No,No,No,No,No,Ch,Yes
159104862,103653324,Caucasian,Male,[50-60),?,2,6,1,4,?,Surgery-Vascular,49,1,31,1,0,0,998,585,997,9,,,No,No,No,No,No,No,No,No,No,No,No,No,No,No,No,No,No,No,No,No,No,No,No,No,No
159105786,114560685,Caucasian,Male,[60-70),?,2,1,1,7,MC,Gastroenterology,54,0,21,0,0,0,415,451,278,9,,,No,No,No,No,No,No,No,No,No,No,No,No,No,No,No,No,No,Down,No,No,No,No,No,Ch,Yes
159108996,42941232,Caucasian,Male,[70-80),?,3,1,1,1,MC,Surgery-Vascular,35,2,12,2,0,2,447,428,250,7,,,No,No,No,No,No,No,No,No,No,No,No,No,No,No,No,No,No,No,No,No,No,No,No,No,No
159110316,37919736,Caucasian,Male,[50-60),?,5,1,1,2,HM,?,43,2,6,0,0,0,578,428,285,9,,,No,No,No,No,No,No,No,No,No,No,No,No,No,No,No,No,No,No,No,No,No,No,No,No,No
159111102,43458741,Caucasian,Male,[70-80),?,3,22,1,4,SP,Surgery-General,32,1,23,0,0,4,250.7,785,V45,3,,,No,No,No,No,No,No,No,No,No,No,No,No,No,No,No,No,No,Up,No,No,No,No,No,Ch,Yes
159113514,81723753,Caucasian,Female,[50-60),?,2,1,1,3,?,Family/GeneralPractice,38,0,14,0,0,0,599,428,571,9,,,No,No,No,No,No,No,Steady,No,No,No,No,No,No,No,No,No,No,Steady,No,No,No,No,No,Ch,Yes
159114120,82500786,AfricanAmerican,Female,[40-50),?,1,1,7,3,?,?,48,0,11,0,0,1,434,782,401,6,,,Steady,No,No,No,No,No,No,No,No,No,Steady,No,No,No,No,No,No,No,No,No,No,No,No,Ch,Yes
159116238,85560543,Caucasian,Female,[80-90),?,1,6,7,4,MC,?,61,2,15,0,0,0,285,424,496,9,,,No,No,No,No,No,No,No,Down,No,No,No,No,No,No,No,No,No,No,No,No,No,No,No,Ch,Yes
159116388,100232856,Caucasian,Female,[70-80),?,1,1,7,3,MC,Emergency/Trauma,30,4,11,0,0,1,V58,156,198,8,,,Steady,No,No,No,No,No,No,No,No,No,No,No,No,No,No,No,No,No,No,No,No,No,No,No,Yes
159116580,35615061,AfricanAmerican,Female,[60-70),?,1,1,7,2,?,?,51,0,13,1,0,0,413,278,250,6,,,Steady,No,No,No,No,No,Steady,No,No,No,No,No,No,No,No,No,No,Steady,No,No,No,No,No,Ch,Yes
159116934,55951848,Caucasian,Male,[60-70),?,5,11,1,3,MC,?,39,4,19,1,0,1,707,682,250.6,9,,>8,No,No,No,No,No,No,No,No,No,No,No,No,No,No,No,No,No,Up,No,No,No,No,No,Ch,Yes
159118104,84828879,AfricanAmerican,Female,[70-80),?,2,6,1,4,MC,Family/GeneralPractice,42,0,14,2,0,2,427,403,428,9,,,No,No,No,No,No,No,No,No,No,No,No,No,No,No,No,No,No,No,No,No,No,No,No,No,No
159119034,43852464,Caucasian,Female,[60-70),?,3,1,1,1,SP,Radiologist,42,0,4,0,0,0,427,496,278,4,,,No,No,No,No,No,No,No,No,No,No,No,No,No,No,No,No,No,No,No,No,No,No,No,No,No
159121032,63273744,AfricanAmerican,Male,[50-60),?,1,1,7,1,?,InternalMedicine,63,0,11,0,0,0,786,486,305,9,,>8,No,No,No,No,No,No,No,No,No,No,No,No,No,No,No,No,No,Down,No,No,No,No,No,Ch,Yes
159121632,65380536,Caucasian,Female,[30-40),?,1,1,7,2,?,?,66,0,21,2,0,0,250.6,590,V58,9,,,Steady,No,No,No,No,No,No,No,No,No,No,No,No,No,No,No,No,Steady,No,No,No,No,No,Ch,Yes
159125790,97964361,Caucasian,Male,[60-70),?,1,1,7,7,?,?,76,2,13,0,0,0,428,425,427,9,,,No,No,No,No,No,No,No,No,No,No,No,No,No,No,No,No,No,Steady,No,No,No,No,No,No,Yes
159126660,70262847,AfricanAmerican,Female,[40-50),?,2,1,7,9,?,Psychiatry,25,0,17,0,0,1,295,276,250,9,,,Steady,No,No,No,No,No,No,No,No,No,No,No,No,No,No,No,No,No,No,No,No,No,No,No,Yes
159128370,61653339,Caucasian,Male,[60-70),?,1,1,1,2,?,?,45,0,16,0,0,0,786,428,682,8,,,Steady,No,No,No,No,No,Down,No,No,Steady,No,No,No,No,No,No,No,No,No,No,No,No,No,Ch,Yes
159129654,70183062,Caucasian,Female,[40-50),?,1,6,7,4,MC,?,69,0,17,0,0,0,493,584,38,9,,,No,No,No,No,No,No,No,No,No,No,No,No,No,No,No,No,No,Down,No,No,No,No,No,Ch,Yes
159130428,82499967,AfricanAmerican,Male,[60-70),?,1,1,7,9,?,InternalMedicine,54,1,21,0,2,1,486,491,428,9,,,No,No,No,No,No,No,No,No,No,No,No,No,No,No,No,No,No,Up,No,No,No,No,No,Ch,Yes
159130818,36165843,Caucasian,Male,[80-90),?,2,3,7,3,MC,Emergency/Trauma,8,0,4,0,0,1,431,427,414,9,,,No,No,No,No,No,No,No,No,No,No,No,No,No,No,No,No,No,No,No,No,No,No,No,No,No
159131580,98310906,Caucasian,Female,[90-100),?,3,3,7,8,MD,Emergency/Trauma,80,0,12,0,0,0,584,276,428,9,,,No,No,No,No,No,No,No,No,No,No,No,No,No,No,No,No,No,No,No,No,No,No,No,No,No
159131622,62332416,Caucasian,Female,[70-80),?,1,28,7,2,?,?,43,0,19,2,0,0,780,250.01,428,8,,,No,No,No,No,No,No,No,No,No,No,Steady,No,No,No,No,No,No,Steady,No,No,No,No,No,Ch,Yes
159131976,62651214,Caucasian,Female,[70-80),?,1,3,7,9,?,?,41,1,28,0,0,0,820,599,396,9,,,No,No,No,No,No,No,No,No,No,No,No,No,No,No,No,No,No,No,No,No,No,No,No,No,No
159132552,19825749,Other,Male,[50-60),?,6,2,7,7,?,?,60,3,19,0,0,0,414,413,496,6,Norm,,No,No,No,No,No,No,No,Steady,No,No,No,No,No,No,No,No,No,No,No,No,No,No,No,No,Yes
159132630,92835360,Caucasian,Male,[80-90),?,1,6,7,4,MC,Emergency/Trauma,60,0,8,0,0,0,410,427,560,9,,,No,No,No,No,No,No,No,No,No,No,No,No,No,No,No,No,No,No,No,No,No,No,No,No,No
159132846,66028887,Hispanic,Female,[70-80),?,1,1,7,4,?,?,57,0,12,0,0,0,427,428,401,9,,,No,No,No,No,No,No,No,No,No,No,No,No,No,No,No,No,No,No,No,No,No,No,No,No,No
159132930,99542394,AfricanAmerican,Male,[70-80),?,1,11,7,2,?,?,55,2,16,0,0,0,728,250.02,584,9,,,No,No,No,No,No,No,No,No,No,No,No,No,No,No,No,No,No,Steady,No,No,No,No,No,No,Yes
159133716,105252462,AfricanAmerican,Male,[50-60),?,1,1,7,3,?,?,70,0,7,0,0,0,536,276,250.01,7,,,No,No,No,No,No,No,No,No,No,No,No,No,No,No,No,No,No,Steady,No,No,No,No,No,No,Yes
159135702,85633596,Caucasian,Female,[70-80),?,1,1,7,3,MC,?,35,5,13,0,0,0,537,285,414,9,,,No,No,No,No,No,No,No,No,No,No,No,No,No,No,No,No,No,No,No,No,No,No,No,No,No
159136740,91311615,Caucasian,Male,[60-70),?,6,11,7,8,?,InternalMedicine,114,2,21,0,0,0,491,284,250,6,>300,,No,No,No,No,No,No,No,No,No,No,No,No,No,No,No,No,No,No,No,No,No,No,No,No,No
159138252,25108560,Caucasian,Female,[80-90),?,1,1,7,6,MC,InternalMedicine,38,1,14,0,0,1,560,496,V10,9,,,No,No,No,No,No,No,Steady,No,No,No,No,No,No,No,No,No,No,No,No,No,No,No,No,No,Yes
159138924,78455430,AfricanAmerican,Female,[70-80),?,1,6,7,2,?,?,50,0,7,1,0,0,438,780,401,6,,,Steady,No,No,No,No,No,No,Steady,No,No,No,No,No,No,No,No,No,No,No,No,No,No,No,Ch,Yes
159139068,23544279,AfricanAmerican,Female,[80-90),?,1,1,7,14,MC,InternalMedicine,60,1,33,0,1,3,560,250.02,276,9,,,No,No,No,No,No,No,No,No,No,No,No,No,No,No,No,No,No,Up,No,No,No,No,No,Ch,Yes
159139278,24974946,AfricanAmerican,Male,[70-80),?,1,11,5,12,MC,InternalMedicine,49,1,30,0,2,0,38,486,428,9,,,No,No,No,No,Steady,No,No,No,No,No,No,No,No,No,No,No,No,Up,No,No,No,No,No,Ch,Yes
159139518,84920895,Caucasian,Male,[80-90),?,1,1,7,11,MC,?,68,3,23,0,0,1,518,410,428,9,,,No,No,No,No,No,No,No,Steady,No,No,No,No,No,No,No,No,No,No,No,No,No,No,No,No,Yes
159139902,93611655,Caucasian,Male,[60-70),?,5,1,1,5,HM,?,63,2,23,0,0,0,682,799,112,9,,,Steady,No,No,No,No,No,No,No,No,No,No,No,No,No,No,No,No,Up,No,No,No,No,No,Ch,Yes
159140082,54082080,Caucasian,Female,[60-70),?,1,1,2,4,?,?,42,2,18,0,0,0,486,511,401,9,,,Steady,No,No,No,No,No,No,No,No,No,Steady,No,No,No,No,No,No,No,No,No,No,No,No,Ch,Yes
159140610,50304816,AfricanAmerican,Female,[60-70),?,3,6,1,4,?,Surgery-Cardiovascular,39,2,34,0,0,1,414,402,428,9,,,No,No,No,No,No,No,No,Steady,No,No,No,No,No,No,No,No,No,Steady,No,No,No,No,No,Ch,Yes
159141108,59489172,Caucasian,Female,[60-70),?,3,1,1,2,PO,?,9,6,19,0,0,0,182,401,250,6,,,Steady,No,No,No,No,No,No,No,No,Steady,No,No,No,No,No,No,No,Steady,No,No,No,No,No,Ch,Yes
159145938,104650038,Caucasian,Male,[60-70),?,5,1,1,1,HM,?,4,2,17,0,0,0,433,401,250,3,,,Steady,No,No,No,No,No,No,No,No,No,No,No,No,No,No,No,No,No,No,No,No,No,No,No,Yes
159151056,23252364,AfricanAmerican,Female,[60-70),?,3,1,1,1,MC,Otolaryngology,29,1,22,2,0,2,241,250,V58,4,,,No,No,No,No,No,No,No,No,No,No,No,No,No,No,No,No,No,Steady,No,No,No,No,No,No,Yes
159160224,23218839,AfricanAmerican,Female,[80-90),?,1,1,7,7,MC,Nephrology,43,4,22,4,0,2,518,403,585,6,,,No,No,No,No,No,No,No,No,No,No,No,No,No,No,No,No,No,No,No,No,No,No,No,No,No
159181206,30920805,Caucasian,Female,[70-80),?,2,1,1,4,MC,?,60,2,24,0,0,0,562,496,599,9,,,No,No,No,No,No,No,No,No,No,No,No,No,No,No,No,No,No,No,No,No,No,No,No,No,No
159184416,91218501,Caucasian,Female,[70-80),?,5,3,1,2,MC,?,40,2,17,0,0,1,812,285,E881,9,,,No,No,No,No,No,No,No,No,No,No,Steady,No,No,No,No,No,No,No,No,No,No,No,No,No,Yes
159189486,84553569,Caucasian,Male,[50-60),?,2,1,1,8,MC,?,76,1,28,0,0,1,996,38,585,9,,,No,No,No,No,No,No,No,No,No,No,No,No,No,No,No,No,No,No,No,No,No,No,No,No,No
159192342,39291723,Caucasian,Male,[50-60),?,1,1,1,1,?,?,49,0,16,2,0,0,428,496,250,6,,,No,No,No,No,No,No,No,No,No,No,No,No,No,No,No,No,No,Down,No,No,No,No,No,Ch,Yes
159199662,40999464,Caucasian,Female,[70-80),?,3,2,1,2,MC,?,54,0,12,0,0,1,V57,V45,250,6,,,No,No,No,No,No,No,No,No,No,No,No,No,No,No,No,No,No,Steady,No,No,No,No,No,No,Yes
159202722,48581199,Caucasian,Male,[80-90),?,1,1,7,9,MC,?,59,0,19,0,0,0,491,250.92,276,7,,,No,No,No,No,No,No,No,No,No,No,No,No,No,No,No,No,No,Down,No,No,No,No,No,Ch,Yes
159205884,49981635,AfricanAmerican,Female,[40-50),?,1,1,7,6,?,?,63,0,19,0,0,1,131,250.12,682,9,,,Steady,No,No,No,No,No,No,No,No,Steady,No,No,No,No,No,No,No,Down,No,No,No,No,No,Ch,Yes
159211338,102787677,AfricanAmerican,Female,[40-50),?,1,1,2,2,?,?,50,2,17,0,0,0,996,404,585,9,,,No,No,No,No,No,No,No,No,No,No,No,No,No,No,No,No,No,No,No,No,No,No,No,No,No
159212466,51081858,Caucasian,Female,[50-60),?,2,1,1,3,?,Nephrology,44,0,14,0,0,0,275,585,V42,9,,,No,No,No,No,No,No,No,No,No,No,No,No,No,No,No,No,No,Steady,No,No,No,No,No,No,Yes
159213090,90776241,Caucasian,Male,[70-80),?,1,1,7,6,MC,?,55,0,21,0,1,1,518,492,780,9,,,No,No,No,No,No,No,No,No,No,No,No,No,No,No,No,No,No,Steady,No,No,No,No,No,No,Yes
159216792,85549437,Caucasian,Male,[80-90),?,1,1,7,5,MC,?,42,0,22,4,0,0,428,403,427,9,,,No,No,No,No,No,No,Steady,No,No,No,No,No,No,No,No,No,No,No,No,No,No,No,No,No,Yes
159217008,23465349,AfricanAmerican,Female,[50-60),?,3,1,1,7,MC,InternalMedicine,40,0,20,0,1,0,710,722,250,5,,,No,No,No,No,No,No,No,No,No,No,No,No,No,No,No,No,No,Down,No,No,No,No,No,Ch,Yes
159218382,60987717,AfricanAmerican,Female,[70-80),?,2,1,1,3,?,InternalMedicine,36,0,12,1,0,2,535,276,275,8,,,No,No,No,No,No,No,No,No,No,No,No,No,No,No,No,No,No,No,No,No,No,No,No,No,No
159218514,106914321,Caucasian,Male,[70-80),?,5,6,1,8,MC,?,39,0,17,3,0,1,558,403,276,9,,,No,No,No,No,No,No,No,No,No,No,No,No,No,No,No,No,No,Up,No,No,No,No,No,Ch,Yes
159232284,31575879,AfricanAmerican,Male,[60-70),?,1,1,7,2,?,InternalMedicine,68,1,11,0,0,0,434,342,401,9,,,No,No,No,No,No,No,Steady,No,No,No,No,No,No,No,No,No,No,Steady,No,No,No,No,No,Ch,Yes
159234234,108395838,Caucasian,Female,[70-80),?,1,6,1,3,?,?,63,0,9,0,0,0,428,493,492,7,,,No,No,No,No,No,No,No,No,No,No,No,No,No,No,No,No,No,Steady,No,No,No,No,No,No,Yes
159235140,64922733,Caucasian,Male,[70-80),?,2,6,4,13,?,InternalMedicine,2,1,9,1,0,3,250.7,682,707,7,,,No,No,No,No,No,No,No,No,No,No,No,No,No,No,No,No,No,No,No,No,No,No,No,No,No
159235464,86039271,Caucasian,Male,[50-60),?,2,1,1,1,MC,Radiologist,29,6,11,0,0,1,414,411,272,6,,,No,No,No,No,No,No,Steady,No,No,No,No,No,No,No,No,No,No,No,No,No,No,No,No,No,Yes
159237228,40885551,Caucasian,Male,[70-80),?,1,1,7,2,MC,?,33,6,11,0,0,0,410,414,250,7,,,Steady,No,No,No,No,No,No,No,No,No,No,No,No,No,No,No,No,Down,No,No,No,No,No,Ch,Yes
159237528,56469681,Caucasian,Female,[50-60),?,1,3,7,6,?,?,61,0,23,0,0,0,112,710,70,9,,,No,No,No,No,Steady,No,No,No,No,No,No,No,No,No,No,No,No,No,No,No,No,No,No,No,Yes
159239760,43482663,Caucasian,Male,[60-70),?,5,6,1,8,MC,?,75,0,28,1,0,0,491,486,427,9,,>8,Up,No,No,No,No,No,Steady,No,No,No,No,No,No,No,No,No,No,Up,No,No,No,No,No,Ch,Yes
159239766,43979562,Caucasian,Male,[30-40),?,1,1,1,2,MD,?,72,0,13,0,0,1,276,250.02,112,6,,>8,No,No,No,No,No,No,No,Steady,No,No,No,No,No,No,No,No,No,Up,No,No,No,No,No,Ch,Yes
159239790,57454947,Caucasian,Female,[60-70),?,1,6,7,4,MC,?,72,1,25,5,0,2,410,707,428,9,,,No,No,No,No,Steady,No,No,No,No,No,No,No,No,No,No,No,No,Steady,No,No,No,No,No,Ch,Yes
159243192,85716450,AfricanAmerican,Male,[80-90),?,1,1,7,6,CP,?,60,0,16,4,0,0,486,599,276,9,,,No,No,No,No,Steady,No,No,No,No,Steady,No,No,No,No,No,No,No,No,No,No,No,No,No,Ch,Yes
159244482,43414227,Caucasian,Male,[70-80),?,3,1,1,3,UN,?,54,1,15,2,0,1,511,427,250,7,,,No,No,No,No,No,No,No,No,No,No,No,No,No,No,No,No,No,No,Steady,No,No,No,No,No,Yes
159248394,86373216,Caucasian,Male,[70-80),?,2,6,1,6,?,Family/GeneralPractice,56,2,18,0,0,0,577,427,427,6,,,No,No,No,No,No,No,No,No,No,No,No,No,No,No,No,No,No,No,No,No,No,No,No,No,No
159251424,92216736,Caucasian,Male,[60-70),?,2,1,7,5,SP,Emergency/Trauma,33,1,19,0,0,0,540,542,V64,6,,,No,No,No,No,No,No,No,No,No,No,No,No,No,No,No,No,No,Down,No,No,No,No,No,Ch,Yes
159251460,109711512,AfricanAmerican,Male,[60-70),?,3,1,2,1,?,Surgery-Vascular,1,4,11,0,0,0,440,707,403,6,,,No,No,No,No,No,No,No,No,No,No,No,No,No,No,No,No,No,No,No,No,No,No,No,No,No
159253014,86000526,Caucasian,Female,[70-80),?,1,1,7,3,HM,?,32,3,16,0,0,1,562,285,403,9,,,No,No,No,No,No,No,No,No,No,No,No,No,No,No,No,No,No,No,No,No,No,No,No,No,No
159253254,84616326,Caucasian,Female,[70-80),?,3,22,1,3,MC,Orthopedics-Reconstructive,33,3,31,0,0,2,715,433,250,9,,,No,No,No,No,Steady,No,No,No,No,No,No,No,No,No,No,No,No,Steady,No,No,No,No,No,Ch,Yes
159253452,94534542,Caucasian,Male,[60-70),?,2,1,7,2,SP,Emergency/Trauma,41,0,11,0,0,0,789,250.6,357,9,,,Steady,No,Steady,No,No,No,No,No,No,No,Steady,No,No,No,No,No,No,No,No,No,No,No,No,Ch,Yes
159256206,108410454,Caucasian,Male,[0-10),?,1,1,7,3,?,?,49,0,7,0,0,0,250.11,V18,V17,3,,,No,No,No,No,No,No,No,No,No,No,No,No,No,No,No,No,No,Up,No,No,No,No,No,Ch,Yes
159257784,59466438,Caucasian,Female,[70-80),?,3,6,1,6,MC,?,33,3,29,0,0,0,424,518,250,8,,,Steady,No,No,No,No,No,No,No,No,Steady,No,No,No,No,No,No,No,Down,No,No,No,No,No,Ch,Yes
159259044,25244631,AfricanAmerican,Female,[60-70),?,1,1,7,1,MC,Emergency/Trauma,35,0,11,0,0,0,786,295,401,6,,>7,Steady,No,No,No,No,No,No,Steady,No,No,Steady,No,No,No,No,No,No,No,No,No,No,No,No,Ch,Yes
159260268,36077733,Caucasian,Female,[60-70),?,5,6,1,3,MC,?,56,0,25,0,0,0,518,485,157,9,,,No,No,No,No,No,No,No,No,No,No,No,No,No,No,No,No,No,Steady,No,No,No,No,No,No,Yes
159260580,108409212,Caucasian,Female,[80-90),?,2,4,1,6,?,Psychiatry,6,0,23,0,0,0,300,294,401,9,,,No,No,Steady,No,No,No,No,No,No,Steady,No,No,No,No,No,No,No,Steady,No,No,No,No,No,Ch,Yes
159261012,81932454,AfricanAmerican,Male,[70-80),?,2,6,1,3,?,Cardiology,57,0,19,2,0,1,428,682,707,9,,,No,No,No,No,No,No,No,No,No,No,Steady,No,No,No,No,No,No,Steady,No,No,No,No,No,Ch,Yes
159262308,786213,Caucasian,Male,[80-90),?,1,1,7,11,?,Orthopedics-Reconstructive,72,2,38,0,0,0,821,413,428,9,,,No,No,Steady,No,No,No,No,Steady,No,Up,No,No,No,No,No,No,No,No,No,No,No,No,No,Ch,Yes
159262734,37096866,Caucasian,Female,[50-60),?,2,1,7,7,MD,Emergency/Trauma,61,0,35,2,1,2,250.6,536,780,9,,Norm,No,No,No,No,No,No,Steady,No,No,Steady,No,No,No,No,No,No,No,Up,No,No,No,No,No,Ch,Yes
159262860,111026943,Caucasian,Male,[50-60),?,2,1,7,7,OG,Emergency/Trauma,54,1,26,0,0,3,780,250.8,403,9,,>7,No,Steady,No,No,No,No,No,No,No,No,No,No,No,No,No,No,No,Up,No,No,No,No,No,Ch,Yes
159262908,94742847,Caucasian,Male,[80-90),?,5,1,1,4,MC,?,59,0,21,3,0,0,507,303,296,9,,,Steady,No,No,No,No,No,No,No,No,No,No,No,No,No,No,No,No,Steady,No,No,No,No,No,Ch,Yes
159263766,90642591,Caucasian,Male,[60-70),?,2,1,7,8,MC,Emergency/Trauma,35,4,26,0,1,6,730,682,790,9,,,No,No,No,No,No,No,No,No,No,No,No,No,No,No,No,No,No,Down,No,No,No,No,No,Ch,Yes
159263868,36800604,Caucasian,Male,[50-60),?,2,2,7,2,BC,Emergency/Trauma,44,1,12,0,1,0,291,303,296,9,,,Steady,No,No,No,No,No,No,No,No,No,No,No,No,No,No,No,No,No,No,No,No,No,No,No,Yes
159264480,92751606,Caucasian,Male,[70-80),?,1,1,7,8,MC,?,44,1,25,0,0,2,404,428,427,7,,,No,No,No,No,No,No,No,No,No,No,No,No,No,No,No,No,No,No,No,No,No,No,No,No,No
159265158,61851726,Hispanic,Male,[30-40),?,2,1,7,3,?,?,47,4,12,0,0,0,535,250,278,9,,,No,No,No,No,No,No,No,No,No,No,No,No,No,No,No,No,No,Steady,No,No,No,No,No,No,Yes
159266328,25133724,Caucasian,Male,[30-40),?,1,1,7,2,HM,Emergency/Trauma,29,0,8,0,0,1,535,V58,250,8,,,No,No,No,No,No,No,No,No,No,No,No,No,No,No,No,No,No,Down,No,No,No,No,No,Ch,Yes
159267072,62352252,Caucasian,Male,[50-60),?,1,1,1,2,MC,?,30,4,33,0,2,1,786,496,414,9,,,Steady,No,No,No,No,No,Down,No,No,No,Steady,No,No,No,No,No,No,Up,No,No,No,No,No,Ch,Yes
159267600,41841504,Caucasian,Female,[60-70),?,5,6,1,3,MC,?,57,0,10,1,0,0,576,156,599,9,,>8,No,No,No,No,No,No,No,No,No,No,No,No,No,No,No,No,No,Up,No,No,No,No,No,Ch,Yes
159268482,97894080,Caucasian,Female,[80-90),?,1,3,7,3,MC,?,54,2,21,0,0,0,824,599,E880,8,,,Steady,No,No,No,No,No,No,No,No,Down,No,No,No,No,No,No,No,No,No,No,No,No,No,Ch,Yes
159269694,75601350,Caucasian,Male,[30-40),?,1,6,7,11,?,?,66,5,53,0,0,0,414,996,250.02,9,,,Steady,No,No,No,No,No,No,Steady,No,Down,No,No,No,No,No,No,No,Up,No,No,No,No,No,Ch,Yes
159270720,97550379,Caucasian,Female,[30-40),?,5,1,1,1,DM,?,68,0,15,0,0,1,250.11,276,523,5,,>8,No,No,No,No,No,No,No,No,No,No,No,No,No,No,No,No,No,Down,No,No,No,No,No,Ch,Yes
159270786,97329240,Caucasian,Female,[60-70),?,1,6,7,9,HM,?,62,0,31,4,0,0,459,707,682,9,,>8,No,No,No,No,No,No,No,No,No,No,No,No,No,No,No,No,No,No,No,No,No,No,No,No,No
159273438,82798110,Caucasian,Male,[70-80),?,1,3,7,5,MC,?,60,1,23,0,0,0,482,202,585,9,,,No,No,No,No,No,No,No,No,No,Steady,No,No,No,No,No,No,No,Down,No,No,No,No,No,Ch,Yes
159275334,85764501,Caucasian,Female,[70-80),?,1,6,7,5,MC,?,66,0,19,2,0,0,38,599,428,9,>300,,Steady,No,No,No,No,No,Up,No,No,No,No,No,No,No,No,No,No,Down,No,No,No,No,No,Ch,Yes
159277674,92465775,Caucasian,Male,[60-70),?,3,1,1,4,HM,?,52,2,18,0,0,0,185,250,401,6,,,No,No,No,No,No,No,No,No,No,No,No,No,No,No,No,No,No,No,No,No,No,No,No,No,No
159277884,25283646,Caucasian,Female,[60-70),?,3,1,1,2,?,Orthopedics-Reconstructive,38,1,28,0,0,0,726,733,726,9,,,Steady,No,No,No,No,No,No,No,No,No,No,No,No,No,No,No,No,Steady,No,No,No,No,No,Ch,Yes
159277908,24767658,AfricanAmerican,Male,[20-30),?,1,1,7,2,BC,Emergency/Trauma,46,1,11,0,8,7,789,403,585,6,,,No,No,No,No,No,No,No,No,No,No,No,No,No,No,No,No,No,Up,No,No,No,No,No,Ch,Yes
159278040,59471226,Caucasian,Male,[70-80),?,3,1,1,2,MC,?,27,3,31,0,0,0,433,250,272,9,,,Steady,No,No,No,No,No,No,No,No,No,No,No,No,No,No,No,No,No,No,No,No,No,No,No,Yes
159278298,92157912,Caucasian,Male,[50-60),?,2,1,7,1,SP,Surgery-General,53,0,13,1,0,0,428,414,250,6,,,No,No,No,No,Steady,No,No,No,No,No,No,No,No,No,No,No,No,No,No,No,No,No,No,No,Yes
159278568,16545231,Caucasian,Male,[40-50),?,3,1,1,1,?,?,16,1,12,0,0,0,722,724,401,6,,,No,No,No,No,No,No,No,No,No,No,No,No,No,No,No,No,No,No,No,No,No,No,No,No,No
159283488,92719620,Caucasian,Female,[60-70),?,3,3,1,3,MC,Neurology,7,1,14,0,0,0,722,782,250,3,,,Steady,No,No,No,No,No,No,No,No,No,No,No,No,No,No,No,No,No,No,No,No,No,No,No,Yes
159284520,21629853,Caucasian,Male,[70-80),[75-100),3,6,1,5,MC,Surgery-General,28,1,25,0,0,0,715,996,711,9,,,Steady,No,No,No,No,No,No,No,No,No,No,No,No,No,No,No,No,Up,No,No,No,No,No,Ch,Yes
159287688,89458965,Caucasian,Male,[70-80),?,2,1,7,5,MC,Emergency/Trauma,65,0,24,0,0,0,491,495,453,9,,>8,No,No,No,No,No,No,No,Steady,No,No,No,No,No,No,No,No,No,Up,No,No,No,No,No,Ch,Yes
159290526,85198833,Caucasian,Male,[70-80),?,3,3,1,6,MC,?,46,2,19,0,0,1,153,196,428,9,,,No,No,No,No,No,No,No,No,No,No,No,No,No,No,No,No,No,No,No,No,No,No,No,No,No
159304752,84391839,Caucasian,Female,[30-40),?,3,1,1,5,HM,?,27,3,35,0,0,0,626,997,491,9,,,Steady,No,No,No,No,No,No,No,No,No,No,No,No,No,No,No,No,Up,No,No,No,No,No,Ch,Yes
159319044,103329486,Caucasian,Female,[80-90),[100-125),3,1,1,1,MC,?,1,1,2,0,0,0,184,401,250,7,,,No,No,No,No,No,No,No,No,No,No,No,No,No,No,No,No,No,No,No,No,No,No,No,No,No
159322878,59427738,Caucasian,Male,[80-90),?,1,11,7,4,MC,?,47,3,10,0,0,0,851,806,272,9,,,No,No,No,No,No,No,No,No,No,No,No,No,No,No,No,No,No,Steady,No,No,No,No,No,No,Yes
159323718,23353488,Caucasian,Female,[60-70),?,1,6,7,2,MC,Neurology,43,0,13,0,0,1,434,250,401,3,,,Down,No,No,No,No,No,No,No,No,No,Steady,No,No,No,No,No,No,Steady,No,No,No,No,No,Ch,Yes
159326820,41617368,Caucasian,Female,[50-60),?,1,1,7,6,SP,?,61,0,12,0,0,0,558,276,427,7,,,No,No,No,No,No,No,No,No,No,No,No,No,No,No,No,No,No,Steady,No,No,No,No,No,No,Yes
159336096,108063918,Caucasian,Female,[80-90),[50-75),1,3,5,5,UN,?,70,0,17,0,1,0,707,41,682,9,,,No,No,No,No,No,No,Steady,No,No,No,No,No,No,No,No,No,No,No,No,No,No,No,No,No,Yes
159337446,24011577,AfricanAmerican,Male,[40-50),?,3,6,1,9,HM,InternalMedicine,39,1,24,0,0,10,577,250.02,276,9,,,No,No,No,No,No,No,No,No,No,No,No,No,No,No,No,No,No,Down,No,No,No,No,No,Ch,Yes
159343884,58015008,Caucasian,Female,[60-70),?,2,6,7,3,MC,Pediatrics,62,0,7,1,0,0,466,780,318,8,,,No,No,No,No,No,No,No,No,No,No,No,No,No,No,No,No,No,No,No,No,No,No,No,No,No
159347388,32067396,Caucasian,Male,[60-70),?,5,1,1,4,MC,?,42,0,17,2,0,0,428,491,427,9,,,No,No,No,No,No,No,No,No,No,No,No,No,No,No,No,No,No,Up,No,No,No,No,No,Ch,Yes
159347526,101921499,Caucasian,Female,[40-50),?,5,1,1,1,HM,?,36,0,16,1,0,2,414,413,250,9,,>7,No,No,No,No,No,No,No,No,No,No,No,No,No,No,No,No,No,Steady,No,No,No,No,No,No,Yes
159347964,62239626,Caucasian,Female,[50-60),?,1,2,7,2,MC,Family/GeneralPractice,43,0,17,0,0,0,414,411,707,8,,,No,No,No,No,No,No,No,No,No,No,No,No,No,No,No,No,No,Down,No,No,No,No,No,Ch,Yes
159351804,67527171,Caucasian,Female,[40-50),?,1,1,7,5,CP,?,79,0,25,0,0,0,250.11,591,592,8,,>8,No,No,No,No,No,No,No,No,No,No,No,No,No,No,No,No,No,Down,No,No,No,No,No,Ch,Yes
159353334,61010244,AfricanAmerican,Female,[40-50),?,2,1,1,2,?,InternalMedicine,16,0,8,0,0,0,250.02,729,401,5,,,Steady,No,No,No,No,No,No,No,No,No,No,No,No,No,No,No,No,Steady,No,No,No,No,No,Ch,Yes
159355338,60866100,AfricanAmerican,Female,[50-60),?,3,1,1,4,?,Surgery-General,31,0,11,1,0,0,562,710,272,6,,,No,No,No,No,No,No,No,No,No,No,No,No,No,No,No,No,No,No,No,No,No,No,No,No,No
159359016,58175199,AfricanAmerican,Female,[60-70),?,2,11,1,9,?,Surgery-Vascular,59,5,46,0,0,2,444,427,403,9,,,No,No,No,No,No,No,No,No,No,No,No,No,No,No,No,No,No,Steady,No,No,No,No,No,No,Yes
159359754,25290009,Caucasian,Male,[30-40),?,1,1,7,2,MD,InternalMedicine,44,0,10,0,0,0,997,682,250,5,,>8,No,No,No,No,No,No,No,No,No,No,No,No,No,No,No,No,No,Steady,No,No,No,No,No,No,Yes
159362550,85241394,AfricanAmerican,Female,[60-70),?,1,6,7,7,MC,?,84,1,10,0,0,0,197,197,198,9,,Norm,No,No,No,No,No,No,No,No,No,No,No,No,No,No,No,No,No,No,No,No,No,No,No,No,No
159363210,41615262,Caucasian,Female,[70-80),?,1,1,7,1,MC,?,44,0,14,0,0,4,786,V45,V45,8,,,No,No,No,No,No,No,No,No,No,Steady,No,No,No,No,No,No,No,No,No,No,No,No,No,No,Yes
159364770,105974937,Caucasian,Female,[80-90),?,1,1,7,6,MC,InternalMedicine,58,1,17,0,0,0,535,428,428,9,,,No,No,No,No,No,No,No,No,No,No,Steady,No,No,No,No,No,No,Down,No,No,No,No,No,Ch,Yes
159364974,59447232,Caucasian,Female,[10-20),?,1,7,7,3,MD,?,52,0,7,0,0,0,648,250.03,646,5,,Norm,No,No,No,No,No,No,No,No,No,No,No,No,No,No,No,No,No,Up,No,No,No,No,No,Ch,Yes
159366768,32633829,Caucasian,Male,[80-90),?,5,3,1,13,MC,?,74,4,31,1,0,1,250.8,428,785,9,,>7,Steady,No,No,No,No,No,No,No,No,No,Steady,No,No,No,No,No,No,Down,No,No,No,No,No,Ch,Yes
159368472,89087058,Caucasian,Female,[70-80),?,1,1,7,2,MC,?,1,0,15,0,0,2,491,799,412,8,,,No,No,No,No,No,No,No,No,No,No,No,No,No,No,No,No,No,Up,No,No,No,No,No,Ch,Yes
159369588,61826454,Caucasian,Female,[70-80),?,2,13,1,6,MC,InternalMedicine,53,0,25,0,0,0,482,491,250,8,,,No,No,No,No,No,No,No,No,No,No,No,No,No,No,No,No,No,Down,No,No,No,No,No,Ch,Yes
159371052,54817992,Caucasian,Female,[70-80),?,2,1,1,6,?,InternalMedicine,40,0,13,0,0,0,562,491,560,9,,,No,No,No,No,No,No,No,No,No,No,No,No,No,No,No,No,No,No,No,No,No,No,No,No,No
159377658,103373190,Other,Female,[30-40),?,2,6,7,5,MD,Emergency/Trauma,57,3,16,0,1,0,682,682,304,9,,,Up,No,No,No,No,No,No,No,No,No,Up,No,No,No,No,No,No,Down,No,No,No,No,No,Ch,Yes
159379296,62277453,Caucasian,Male,[80-90),?,5,6,1,7,MC,?,52,0,22,0,0,1,486,428,403,9,,>8,No,No,No,No,No,No,No,No,No,No,No,No,No,No,No,No,No,Up,No,No,No,No,No,Ch,Yes
159379416,25290207,AfricanAmerican,Male,[60-70),?,1,1,7,8,MC,Nephrology,44,1,17,0,0,0,404,276,585,9,,,No,No,No,No,No,No,No,No,No,No,No,No,No,No,No,No,No,Down,No,No,No,No,No,Ch,Yes
159379980,106890453,Caucasian,Female,[70-80),?,2,6,1,5,?,Family/GeneralPractice,28,0,11,0,1,1,682,780,250,6,,,No,No,No,No,Steady,No,No,No,No,No,No,No,No,No,No,No,No,No,No,No,No,No,No,No,Yes
159380238,65197845,AfricanAmerican,Male,[50-60),?,2,11,1,1,?,Oncology,43,0,8,0,0,0,276,162,198,7,,,No,No,No,No,No,No,No,No,No,No,No,No,No,No,No,No,No,No,No,No,No,No,No,No,No
159380244,23228595,Caucasian,Female,[30-40),?,2,1,1,7,BC,Family/GeneralPractice,38,1,22,1,1,1,250.6,276,682,8,,,No,No,No,No,No,No,No,No,No,No,No,No,No,No,No,No,No,Steady,No,No,No,No,No,No,Yes
159383820,85713147,Caucasian,Male,[50-60),?,1,7,7,3,CP,?,53,2,13,0,1,1,592,591,599,9,,,No,No,No,No,No,No,No,No,No,No,No,No,No,No,No,No,No,No,No,No,No,No,No,No,No
159384054,103782195,Caucasian,Male,[50-60),?,2,1,1,6,HM,?,40,1,17,0,0,7,155,276,536,6,,,Steady,No,No,No,No,No,No,No,No,No,No,No,No,No,No,No,No,Steady,No,No,No,No,No,Ch,Yes
159387006,84785292,Other,Male,[10-20),?,1,1,7,2,?,?,54,0,3,1,0,3,250.11,276,V15,3,,,No,No,No,No,No,No,No,No,No,No,No,No,No,No,No,No,No,Steady,No,No,No,No,No,No,Yes
159388482,41752890,Caucasian,Male,[70-80),?,1,1,7,1,UN,?,36,0,5,0,1,0,496,250,?,3,,,No,No,No,No,No,No,Steady,No,No,No,No,No,No,No,No,No,No,Steady,No,No,No,No,No,Ch,Yes
159388668,61035462,AfricanAmerican,Female,[40-50),?,1,1,7,2,?,?,48,0,13,1,0,0,786,424,786,9,,,Steady,No,No,No,No,No,Steady,No,No,No,No,No,No,No,No,No,No,No,No,No,No,No,No,Ch,Yes
159392412,88007364,Caucasian,Female,[80-90),?,1,6,1,6,MC,?,57,1,11,0,0,0,511,428,799,9,,,No,No,No,No,No,No,No,No,No,No,No,No,No,No,No,No,No,Steady,No,No,No,No,No,No,Yes
159393636,84318156,Caucasian,Male,[60-70),?,1,3,7,2,MC,?,29,2,7,0,1,2,578,403,V45,9,,,No,No,No,No,No,No,No,No,No,No,No,No,No,No,No,No,No,No,No,No,No,No,No,No,No
159394338,43264782,Caucasian,Male,[80-90),?,1,1,7,2,MC,?,56,0,7,0,0,0,599,331,294,5,,,Steady,No,No,No,No,No,No,No,No,No,No,No,No,No,No,No,No,No,No,No,No,No,No,No,Yes
159395130,91000287,Caucasian,Female,[40-50),?,1,1,7,4,HM,?,76,0,11,0,1,0,250.12,577,276,9,,,No,No,No,No,No,No,No,No,No,No,No,No,No,No,No,No,No,Steady,No,No,No,No,No,No,Yes
159399774,1882980,Caucasian,Male,[70-80),?,2,1,4,2,?,?,36,2,17,0,0,0,786,585,425,8,,,Steady,No,Steady,No,No,No,No,No,No,Steady,No,No,No,No,No,No,No,Up,No,No,No,No,No,Ch,Yes
159400248,96983937,Caucasian,Male,[60-70),?,1,1,7,4,BC,?,66,0,12,0,1,0,250.6,276,536,9,,,No,No,No,No,No,No,Down,No,No,No,Steady,No,No,No,No,No,No,No,No,No,No,No,No,Ch,Yes
159400764,40978926,Caucasian,Male,[70-80),?,3,1,1,2,MC,Family/GeneralPractice,43,1,6,0,0,0,577,305,532,9,,,No,No,No,No,No,No,No,Steady,No,No,No,No,No,No,No,No,No,Steady,No,No,No,No,No,Ch,Yes
159402426,108474345,AfricanAmerican,Female,[60-70),?,1,1,7,2,?,?,1,1,12,0,0,0,428,799,403,9,,,No,No,No,No,No,No,No,No,No,No,Steady,No,No,No,No,No,No,No,No,No,No,No,No,No,Yes
159404256,89487558,Caucasian,Female,[90-100),?,1,3,7,3,MC,Surgery-General,34,0,12,0,0,0,724,724,719,9,,,No,No,No,No,No,No,No,No,No,No,No,No,No,No,No,No,No,Steady,Steady,No,No,No,No,Ch,Yes
159408666,60369570,Hispanic,Female,[50-60),?,6,1,7,6,?,?,65,3,19,0,0,2,531,532,535,6,>200,Norm,No,No,No,No,No,No,No,No,No,No,No,No,No,No,No,No,No,No,No,No,No,No,No,No,No
159410226,59071284,AfricanAmerican,Female,[50-60),?,1,6,7,5,MD,?,51,2,32,0,1,0,518,428,425,9,,Norm,No,No,No,No,No,No,No,No,No,No,No,No,No,No,No,No,No,Up,No,No,No,No,No,Ch,Yes
159410556,24166791,AfricanAmerican,Female,[50-60),?,1,6,7,6,MC,Nephrology,38,1,22,0,0,1,38,403,428,9,,,No,No,No,No,No,No,No,No,No,No,No,No,No,No,No,No,No,Up,No,No,No,No,No,Ch,Yes
159420138,57423366,Caucasian,Female,[60-70),?,2,1,4,4,MC,Psychiatry,34,0,15,0,0,0,296,309,305,6,,Norm,Steady,No,No,No,No,No,No,No,No,No,No,No,No,No,No,No,No,Steady,No,No,No,No,No,Ch,Yes
159427818,24727644,AfricanAmerican,Female,[70-80),?,1,23,7,14,MC,InternalMedicine,55,4,30,0,0,0,507,518,428,9,,,No,No,No,No,No,No,No,No,No,No,No,No,No,No,No,No,No,Up,No,No,No,No,No,Ch,Yes
159428004,38224503,AfricanAmerican,Female,[50-60),?,3,1,1,4,SP,Neurology,27,3,24,0,0,0,738,V45,401,5,,,Steady,No,No,No,No,No,No,No,No,No,No,No,No,No,No,No,No,Down,No,No,No,No,No,Ch,Yes
159430932,93958749,Caucasian,Female,[50-60),?,3,6,1,5,MC,Radiologist,31,2,37,2,0,1,715,285,493,9,,,No,No,No,No,No,No,Steady,No,No,Steady,No,No,No,No,No,No,No,No,No,No,No,No,No,Ch,Yes
159442962,23951844,Caucasian,Male,[70-80),?,2,1,1,8,MC,Surgery-Vascular,39,4,34,0,0,0,730,682,996,7,,,No,No,No,No,No,No,No,No,No,No,No,No,No,No,No,No,No,No,No,No,No,No,No,No,No
159444510,76246731,Caucasian,Male,[70-80),?,2,1,1,2,MC,Gastroenterology,43,0,9,0,0,0,599,276,198,9,,,No,No,No,No,No,No,Steady,No,No,No,No,No,No,No,No,No,No,No,No,No,No,No,No,No,Yes
159448002,43680906,Caucasian,Male,[60-70),?,3,6,1,4,SP,Cardiology,61,6,43,0,0,0,414,410,414,9,,>7,No,No,No,No,No,No,No,No,No,No,No,No,No,No,No,No,No,Steady,No,No,No,No,No,No,Yes
159454794,90164655,Caucasian,Male,[60-70),?,3,1,1,5,MC,Pulmonology,67,0,22,0,0,3,491,428,427,9,,,Steady,No,No,No,Steady,No,No,No,No,No,No,No,No,No,No,No,No,Down,No,No,No,No,No,Ch,Yes
159463224,59509323,?,Female,[30-40),?,3,1,6,5,MD,ObstetricsandGynecology,78,4,19,0,0,0,642,287,648,9,,,No,No,No,No,No,No,No,No,No,No,No,No,No,No,No,No,No,Up,No,No,No,No,No,Ch,Yes
159466482,84321171,Caucasian,Female,[70-80),?,1,3,7,14,MC,?,81,6,37,0,0,0,491,428,276,9,,,No,No,No,No,No,No,No,No,No,No,No,No,No,No,No,No,No,No,No,No,No,No,No,No,No
159470442,41744394,Caucasian,Male,[70-80),?,3,1,1,3,SP,Cardiology,36,0,24,0,1,5,428,496,414,8,,,No,No,No,No,No,No,Steady,No,No,Steady,No,No,No,No,No,No,No,Up,No,No,No,No,No,Ch,Yes
159470610,101866896,Caucasian,Male,[40-50),?,2,4,1,8,?,Family/GeneralPractice,2,0,7,0,0,1,250.1,276,490,6,,,No,No,No,No,No,No,No,No,No,No,No,No,No,No,No,No,No,No,No,No,No,No,No,No,No
159471834,82728774,AfricanAmerican,Male,[60-70),?,1,1,1,3,?,?,46,0,11,0,0,0,250.6,536,272,9,,,No,No,No,No,No,No,No,No,No,No,No,No,No,No,No,No,No,Down,No,No,No,No,No,Ch,Yes
159473352,64844892,Caucasian,Male,[40-50),?,2,1,1,6,?,Surgery-Vascular,32,0,16,0,0,1,681,250,?,2,,,Steady,No,No,No,No,No,No,No,No,No,Steady,No,No,No,No,No,No,No,No,No,No,No,No,Ch,Yes
159474522,100490832,AfricanAmerican,Male,[60-70),?,1,1,7,4,HM,?,54,1,12,1,0,0,780,414,V45,9,,,No,No,No,No,No,No,No,No,No,No,No,No,No,No,No,No,No,No,No,No,No,No,No,No,No
159477168,23295690,AfricanAmerican,Female,[60-70),?,2,1,1,3,MC,InternalMedicine,48,0,7,0,0,0,428,250.02,401,7,,>8,No,No,No,No,No,No,Down,No,No,No,No,No,No,No,No,No,No,Steady,No,No,No,No,No,Ch,Yes
159478938,96117345,AfricanAmerican,Female,[60-70),?,2,22,1,7,?,Surgery-General,45,2,24,0,0,0,682,496,41,9,,,Steady,No,No,No,No,No,No,No,No,Steady,No,No,No,No,No,No,No,No,No,No,No,No,No,Ch,Yes
159483318,79765434,Caucasian,Male,[70-80),?,1,11,7,4,?,?,57,2,9,0,0,1,432,250,401,9,,,No,No,No,No,No,No,No,No,No,No,No,No,No,No,No,No,No,Steady,No,No,No,No,No,No,Yes
159484866,23999175,Caucasian,Male,[70-80),?,3,1,1,4,MC,InternalMedicine,47,1,11,1,0,0,428,585,425,9,,,No,No,No,No,Steady,No,No,No,No,No,No,No,No,No,No,No,No,Steady,No,No,No,No,No,Ch,Yes
159486606,90607419,Caucasian,Female,[50-60),?,2,1,1,7,HM,?,38,6,17,0,3,0,575,250.02,998,9,>300,,No,No,No,No,No,No,No,No,No,No,No,No,No,No,No,No,No,No,No,No,No,No,No,No,No
159487806,40382109,Caucasian,Female,[70-80),?,1,1,7,1,MC,?,48,0,8,0,0,3,558,V45,427,9,,,No,No,No,No,No,No,Steady,No,No,No,No,No,No,No,No,No,No,No,No,No,No,No,No,No,Yes
159489276,39506976,Hispanic,Female,[70-80),?,2,5,7,4,MC,Emergency/Trauma,25,1,13,0,0,0,453,415,401,5,,,No,No,No,No,Steady,No,No,No,No,No,No,No,No,No,No,No,No,Up,No,No,No,No,No,Ch,Yes
159493020,71470827,Caucasian,Female,[60-70),?,1,3,7,5,CM,Family/GeneralPractice,27,0,9,0,0,0,453,453,250,5,,,No,No,No,No,No,No,No,No,No,No,No,No,No,No,No,No,No,Down,No,No,No,No,No,Ch,Yes
159495666,81811314,AfricanAmerican,Male,[10-20),?,1,1,7,2,?,?,38,0,3,1,1,1,250.11,276,465,3,,,No,No,No,No,No,No,No,No,No,No,No,No,No,No,No,No,No,Steady,No,No,No,No,No,No,Yes
159497574,54735084,AfricanAmerican,Female,[50-60),?,1,1,7,3,?,?,43,0,6,0,0,0,536,397,417,5,,,No,No,No,No,No,No,No,No,No,No,No,No,No,No,No,No,No,Steady,No,No,No,No,No,No,Yes
159498744,70061661,Caucasian,Male,[80-90),?,2,1,7,6,MC,InternalMedicine,56,1,19,0,0,1,592,590,428,9,,,No,No,No,No,No,No,No,Steady,No,No,No,No,No,No,No,No,No,Steady,No,No,No,No,No,Ch,Yes
159498900,25291161,Caucasian,Male,[40-50),?,1,1,7,8,MD,InternalMedicine,36,0,8,0,0,0,682,741,276,9,,,No,No,No,No,No,No,No,No,No,No,No,No,No,No,No,No,No,No,No,No,No,No,No,No,No
159499878,108670041,Caucasian,Female,[80-90),?,2,6,2,7,?,InternalMedicine,50,2,25,0,0,0,574,599,276,8,,,No,No,No,No,No,No,No,No,No,No,No,No,No,No,No,No,No,Steady,No,No,No,No,No,No,Yes
159500406,21915342,Caucasian,Female,[60-70),?,2,1,7,1,?,?,52,2,6,0,1,3,572,599,571,9,,,No,No,No,No,No,No,No,No,No,No,No,No,No,No,No,No,No,Steady,No,No,No,No,No,No,Yes
159500724,99124596,Caucasian,Female,[80-90),?,1,3,1,3,MC,?,48,0,13,5,0,0,435,401,427,9,,,No,No,No,No,No,No,Steady,No,No,No,No,No,No,No,No,No,No,No,No,No,No,No,No,No,Yes
159502950,36800604,Caucasian,Male,[50-60),?,3,1,1,5,BC,Psychology,55,1,12,0,1,1,291,291,303,9,,,Steady,No,No,No,No,No,No,No,No,No,No,No,No,No,No,No,No,No,No,No,No,No,No,No,Yes
159504090,82451385,AfricanAmerican,Female,[40-50),?,2,6,1,7,?,Surgery-Vascular,37,3,21,0,0,1,682,403,585,9,,,No,No,No,No,No,No,No,No,No,No,No,No,No,No,No,No,No,No,No,No,No,No,No,No,No
159504396,43772382,Caucasian,Male,[50-60),?,3,3,1,9,MD,Urology,58,0,29,0,0,0,584,592,592,9,,,No,No,No,No,No,No,No,No,No,No,No,No,No,No,No,No,No,Up,No,No,No,No,No,Ch,Yes
159505170,68732055,Caucasian,Female,[80-90),?,2,1,1,2,?,InternalMedicine,47,1,12,0,1,0,569,280,428,8,,,Steady,No,No,No,No,No,No,No,No,No,No,No,No,No,No,No,No,No,No,No,No,No,No,No,Yes
159508158,88030935,Caucasian,Female,[60-70),?,2,1,4,1,?,?,24,2,23,0,2,4,414,411,496,9,,,No,No,No,No,No,No,No,No,No,No,No,No,No,No,No,No,No,Steady,No,No,No,No,No,No,Yes
159508290,75815100,Caucasian,Male,[60-70),?,2,13,1,4,MC,?,36,1,10,0,0,1,292,162,197,9,,,No,No,No,No,No,No,No,No,No,No,Up,No,No,No,No,No,No,Steady,No,No,No,No,No,Ch,Yes
159509556,25291233,AfricanAmerican,Female,[40-50),?,2,1,4,7,SP,Surgery-Cardiovascular/Thoracic,54,2,56,0,0,0,410,434,401,6,,,No,No,No,No,No,No,No,No,No,Steady,No,No,No,No,No,No,No,Down,No,No,No,No,No,Ch,Yes
159509862,50841189,AfricanAmerican,Female,[80-90),?,2,1,1,4,?,Family/GeneralPractice,50,0,12,0,1,0,780,432,428,9,,,No,No,No,No,No,No,No,No,No,No,Steady,No,No,No,No,No,No,No,No,No,No,No,No,No,Yes
159510642,65904372,Caucasian,Male,[80-90),?,5,6,1,1,MC,?,20,1,15,0,0,1,596,599,401,9,,,No,No,No,No,No,No,No,No,No,No,No,No,No,No,No,No,No,No,No,No,No,No,No,No,No
159511506,24287589,AfricanAmerican,Male,[60-70),?,2,22,1,13,MC,Nephrology,46,1,38,0,0,1,250.4,427,428,9,,,No,No,No,No,No,No,Steady,No,No,No,No,No,No,No,No,No,No,No,No,No,No,No,No,No,Yes
159512118,42941232,Caucasian,Male,[70-80),?,3,6,1,9,MC,?,54,1,20,2,0,3,250.7,707,428,9,,,No,No,No,No,No,No,No,No,No,No,No,No,No,No,No,No,No,Up,No,No,No,No,No,Ch,Yes
159512418,41101785,Caucasian,Male,[60-70),?,3,1,1,6,MC,Urology,68,1,35,0,0,1,753,592,590,9,,,No,No,No,No,No,No,Steady,No,No,No,No,No,No,No,No,No,No,Steady,No,No,No,No,No,Ch,Yes
159514128,85980267,Caucasian,Male,[70-80),?,1,6,7,5,MC,?,49,0,13,0,0,0,404,428,414,9,,,No,No,No,No,No,No,No,No,No,No,No,No,No,No,No,No,No,No,No,No,No,No,No,No,No
159515952,92205675,Caucasian,Male,[60-70),?,2,1,7,12,MC,InternalMedicine,74,1,20,6,0,7,112,250.6,303,9,,,No,No,No,No,No,No,No,No,No,No,No,No,No,No,No,No,No,No,No,No,No,No,No,No,No
159519948,51790383,AfricanAmerican,Female,[30-40),?,1,1,7,4,?,?,53,1,17,1,0,2,275,780,403,9,,,No,No,No,No,No,No,No,No,No,No,No,No,No,No,No,No,No,No,No,No,No,No,No,No,No
159521418,85130235,Caucasian,Female,[70-80),?,1,2,7,14,MC,?,55,0,19,2,1,0,38,574,571,9,>300,,No,No,No,No,No,No,No,No,No,No,No,No,No,No,No,No,No,No,No,No,No,No,No,No,No
159522900,40999464,Caucasian,Female,[70-80),?,3,22,1,2,MC,Cardiology,38,0,14,0,0,2,427,V45,250,5,,,No,No,No,No,No,No,No,No,No,No,No,No,No,No,No,No,No,Steady,No,No,No,No,No,No,Yes
159523704,107746164,Caucasian,Male,[70-80),?,1,1,7,4,MC,?,54,0,17,0,0,0,427,428,403,9,,Norm,No,No,No,No,Steady,No,No,No,No,Steady,No,No,No,No,No,No,No,Steady,No,No,No,No,No,Ch,Yes
159526026,42326406,Caucasian,Male,[70-80),?,1,3,7,5,MC,?,36,0,15,0,0,0,428,491,250,4,,,Steady,No,No,No,No,No,No,No,No,No,No,No,No,No,No,No,No,Down,No,No,No,No,No,Ch,Yes
159527088,43855884,Caucasian,Female,[60-70),?,1,1,7,1,MC,?,36,0,11,0,0,0,786,V45,412,7,,,Steady,No,No,No,No,No,Steady,No,No,No,No,No,No,No,No,No,No,No,No,No,No,No,No,Ch,Yes
159527304,86804001,Hispanic,Female,[60-70),?,5,6,1,2,MD,?,5,0,17,0,0,0,296,250.01,493,7,,,Steady,No,No,No,No,No,No,No,No,No,No,No,No,No,No,No,No,Steady,No,No,No,No,No,Ch,Yes
159529386,43828560,Caucasian,Female,[80-90),?,1,1,7,1,MC,?,40,0,12,0,0,0,250.02,428,401,4,,,Steady,No,No,No,No,No,No,No,No,No,No,No,No,No,No,No,No,Up,No,No,No,No,No,Ch,Yes
159529446,40921875,Caucasian,Male,[60-70),?,1,3,7,4,SP,?,57,0,20,0,0,0,250.02,424,276,5,,>8,No,No,No,No,No,No,No,Down,No,Up,No,No,No,No,No,No,No,No,No,No,No,No,No,Ch,Yes
159530844,71324271,Caucasian,Male,[70-80),?,1,1,7,1,MC,?,27,0,8,0,0,0,493,515,V46,8,,,No,No,No,No,No,No,No,No,No,No,No,No,No,No,No,No,No,No,No,No,No,No,No,No,No
159531816,59494860,?,Male,[40-50),?,1,1,7,2,HM,?,27,0,13,0,1,0,428,401,414,6,,,No,No,No,No,No,No,Steady,No,No,No,No,No,No,No,No,No,No,Steady,No,No,No,No,No,Ch,Yes
159532668,88410879,AfricanAmerican,Male,[70-80),?,1,1,7,10,MC,?,82,0,24,0,0,2,789,585,401,9,,,No,No,No,No,No,No,No,Steady,No,No,No,No,No,No,No,No,No,No,Steady,No,No,No,No,Ch,Yes
159537558,105230772,Caucasian,Female,[50-60),?,3,6,1,5,BC,?,28,2,26,0,0,0,724,518,738,7,,,No,No,No,No,No,No,No,No,No,No,No,No,No,No,No,No,No,No,No,No,No,No,No,No,No
159537666,89054388,Caucasian,Female,[50-60),?,3,3,2,3,MD,Orthopedics,28,2,32,2,0,1,715,272,401,9,,,No,No,No,No,No,No,No,No,No,No,No,No,No,No,No,No,No,No,Steady,No,No,No,No,No,Yes
159542220,92336229,Caucasian,Male,[70-80),?,3,3,4,3,MC,InternalMedicine,1,0,8,0,0,2,V54,250.02,?,2,,,No,No,No,No,No,No,No,No,No,No,No,No,No,No,No,No,No,No,No,No,No,No,No,No,No
159572184,84439314,Caucasian,Female,[80-90),?,1,3,7,3,MC,?,29,0,12,0,0,0,599,41,714,9,,,Steady,No,No,No,No,No,No,No,No,No,No,No,No,No,No,No,No,Down,No,No,No,No,No,Ch,Yes
159588990,25292025,AfricanAmerican,Female,[60-70),?,1,1,7,2,MC,InternalMedicine,43,2,10,0,0,0,562,403,585,9,,,No,No,No,No,Steady,No,No,No,No,No,No,No,No,No,No,No,No,Steady,No,No,No,No,No,Ch,Yes
159592104,73425258,Caucasian,Female,[60-70),?,2,1,1,4,?,InternalMedicine,47,3,14,1,1,0,199,276,511,9,,,No,No,No,No,No,No,No,No,No,No,No,No,No,No,No,No,No,No,No,No,No,No,No,No,No
159592110,99950472,Caucasian,Female,[80-90),?,2,14,4,5,?,InternalMedicine,36,0,16,0,0,0,599,707,707,9,,,No,No,No,No,Down,No,No,No,No,No,No,No,No,No,No,No,No,No,No,No,No,No,No,Ch,Yes
159593088,91214604,AfricanAmerican,Female,[40-50),?,2,1,1,3,?,Nephrology,33,2,11,1,1,0,250.41,403,585,9,,,No,No,No,No,No,No,No,No,No,Steady,No,No,No,No,No,No,No,Steady,No,No,No,No,No,Ch,Yes
159594306,59512158,AfricanAmerican,Male,[60-70),?,1,3,7,13,PO,?,57,0,19,0,0,0,250.02,433,V58,8,,Norm,No,No,No,No,No,No,No,No,No,No,No,No,No,No,No,No,No,Up,No,No,No,No,No,Ch,Yes
159594750,24304473,Caucasian,Male,[60-70),?,3,1,1,1,MC,Urology,26,0,10,0,1,1,592,780,250,4,,,No,No,No,No,No,No,No,No,No,No,No,No,No,No,No,No,No,Steady,No,No,No,No,No,No,Yes
159604578,81169038,AfricanAmerican,Female,[80-90),?,2,1,1,3,?,Oncology,24,0,22,0,0,7,786,153,197,6,,,Steady,No,No,No,No,No,Steady,No,No,No,No,No,No,No,No,No,No,No,No,No,No,No,No,Ch,Yes
159605520,84335616,Caucasian,Male,[60-70),?,1,1,7,5,MC,?,66,0,19,0,0,0,518,491,780,9,,,No,No,No,No,No,No,No,No,No,Steady,No,No,No,No,No,No,No,No,No,No,No,No,No,No,Yes
159606312,31428351,Caucasian,Male,[50-60),?,3,1,7,4,SP,Emergency/Trauma,45,6,14,0,0,0,410,424,414,7,,>8,No,No,No,No,No,No,No,No,No,No,Steady,No,No,No,No,No,No,No,No,No,No,No,No,No,Yes
159609144,67523364,Caucasian,Female,[60-70),?,1,1,7,1,BC,Radiologist,24,0,20,0,0,0,427,427,786,9,,,Steady,No,No,No,Steady,No,No,No,No,Steady,No,No,No,No,No,No,No,Down,No,No,No,No,No,Ch,Yes
159613572,41699412,Caucasian,Male,[40-50),?,1,6,7,4,MD,?,64,1,24,2,0,6,250.82,276,401,5,,>8,No,No,No,No,No,No,No,No,No,No,No,No,No,No,No,No,No,Up,No,No,No,No,No,Ch,Yes
159620652,84730536,AfricanAmerican,Female,[40-50),?,2,1,1,6,?,Family/GeneralPractice,32,0,16,0,0,1,491,295,250,6,,,Steady,No,No,No,Steady,No,No,No,No,No,No,No,No,No,No,No,No,No,No,No,No,No,No,Ch,Yes
159624366,70841169,Caucasian,Male,[60-70),?,2,1,1,1,MC,?,47,1,5,0,0,0,151,285,204,8,,,No,No,No,No,No,No,No,No,No,No,No,No,No,No,No,No,No,No,No,No,No,No,No,No,No
159626250,25292196,AfricanAmerican,Female,[50-60),?,2,1,1,4,BC,InternalMedicine,45,0,11,0,0,0,423,428,402,9,,,No,No,No,No,No,No,No,No,No,No,No,No,No,No,No,No,No,No,No,No,No,No,No,No,No
159626802,41627367,Caucasian,Female,[70-80),?,1,6,7,6,SP,?,44,2,17,0,0,1,822,E885,250,4,,,Steady,No,No,No,No,No,No,No,No,No,No,No,No,No,No,No,No,No,No,No,No,No,No,No,Yes
159627798,31820364,Caucasian,Female,[50-60),?,5,1,1,4,BC,?,55,1,13,0,0,0,540,250.01,424,5,,,No,No,No,No,No,No,No,No,No,No,No,No,No,No,No,No,No,Steady,No,No,No,No,No,No,Yes
159627810,112904811,Caucasian,Female,[80-90),?,1,3,7,4,MC,?,47,1,16,0,0,0,410,486,496,9,,,No,No,No,No,No,No,No,No,No,No,No,No,No,No,No,No,No,No,No,No,No,No,No,No,No
159631500,59512950,Caucasian,Male,[70-80),?,1,1,7,9,PO,?,64,0,23,0,0,0,428,481,584,9,,,No,No,No,No,No,No,No,No,No,No,No,No,No,No,No,No,No,Up,No,No,No,No,No,Ch,Yes
159631938,39301074,Caucasian,Female,[70-80),?,5,3,1,7,MC,?,26,1,15,0,0,0,250.82,276,396,9,,,No,No,No,No,No,No,No,No,No,No,No,No,No,No,No,No,No,Up,No,No,No,No,No,Ch,Yes
159633822,59512311,Caucasian,Male,[80-90),?,2,6,4,8,MC,InternalMedicine,49,3,26,0,0,0,410,585,518,9,,,No,No,No,No,Steady,No,No,No,No,No,No,No,No,No,No,No,No,Steady,No,No,No,No,No,Ch,Yes
159634314,107199207,AfricanAmerican,Male,[60-70),?,1,11,7,11,MC,Oncology,61,0,17,0,0,1,203,599,276,7,,,Steady,No,No,No,No,No,No,No,No,No,No,No,No,No,No,No,No,Up,No,No,No,No,No,Ch,Yes
159634440,100852695,Caucasian,Female,[60-70),?,1,1,7,5,?,Family/GeneralPractice,55,0,17,0,0,0,244,414,427,9,,>8,No,No,No,No,No,No,No,No,No,No,No,No,No,No,No,No,No,No,No,No,No,No,No,No,No
159636096,108895995,Caucasian,Male,[80-90),?,2,22,4,5,?,InternalMedicine,51,1,16,0,0,0,507,V63,276,9,,,No,No,No,No,No,No,No,No,No,No,No,No,No,No,No,No,No,Steady,No,No,No,No,No,No,Yes
159637158,40893822,Caucasian,Female,[60-70),?,3,1,1,5,CP,Surgery-General,32,2,25,0,0,0,552,560,560,8,,,No,No,No,No,No,No,Steady,No,No,No,No,No,No,No,No,No,No,No,No,No,No,No,No,No,Yes
159637572,42512004,Caucasian,Male,[60-70),?,1,1,7,3,MC,?,37,0,11,0,0,1,515,428,288,9,,,No,No,No,No,No,No,No,No,No,No,No,No,No,No,No,No,No,Up,No,No,No,No,No,Ch,Yes
159638790,58540707,AfricanAmerican,Female,[80-90),?,1,3,7,7,MC,?,57,2,14,0,0,0,578,427,599,9,,,No,No,No,No,No,No,No,No,No,No,No,No,No,No,No,No,No,Steady,No,No,No,No,No,No,Yes
159639924,54564291,Caucasian,Male,[80-90),?,1,22,7,4,MC,Emergency/Trauma,54,1,16,0,0,0,820,250,867,9,,,No,No,No,No,No,No,No,No,No,No,No,No,No,No,No,No,No,Down,No,No,No,No,No,Ch,Yes
159642510,59713965,Caucasian,Female,[60-70),?,5,3,1,7,MC,?,58,1,31,1,0,2,575,428,496,9,,,No,No,No,No,No,No,No,No,No,No,No,No,No,No,No,No,No,Up,No,No,No,No,No,Ch,Yes
159643404,59513373,Caucasian,Male,[60-70),?,1,5,7,5,CM,?,39,0,5,0,0,0,296,250,300,5,,,Steady,No,No,No,No,No,No,No,No,No,No,No,No,No,No,No,No,Steady,No,No,No,No,No,Ch,Yes
159644868,50503644,Caucasian,Female,[70-80),?,5,6,1,4,MC,?,49,1,14,0,0,1,453,584,403,9,,,No,No,No,No,No,No,No,Steady,No,No,Steady,No,No,No,No,No,No,No,No,No,No,No,No,Ch,Yes
159645852,86611257,Caucasian,Female,[60-70),?,1,6,7,7,MC,?,79,4,39,0,0,0,552,496,414,9,,,No,No,No,No,No,No,No,No,No,No,No,No,No,No,No,No,No,No,No,No,No,No,No,No,No
159645936,78886296,Caucasian,Male,[70-80),?,6,1,7,11,?,InternalMedicine,57,1,23,0,0,1,38,995,599,6,Norm,,No,No,No,No,No,No,Down,No,No,No,No,No,No,No,No,No,No,No,No,No,No,No,No,Ch,Yes
159645984,91418679,Caucasian,Male,[60-70),?,1,1,1,4,HM,?,25,0,6,2,0,1,997,560,E879,7,,,No,No,No,No,No,No,No,No,No,No,No,No,No,No,No,No,No,No,No,No,No,No,No,No,No
159646644,71325738,Caucasian,Male,[60-70),?,1,1,7,2,BC,?,4,0,16,0,0,0,368,496,585,9,,>8,No,No,Steady,No,No,No,No,No,No,No,No,No,No,No,No,No,No,Down,No,No,No,No,No,Ch,Yes
159647814,56666637,Caucasian,Male,[70-80),?,2,1,4,3,PO,?,38,0,8,0,0,0,435,585,272,9,,Norm,No,No,No,No,No,No,No,No,No,No,No,No,No,No,No,No,No,No,No,No,No,No,No,No,No
159648096,106407477,Caucasian,Female,[60-70),[50-75),1,1,7,9,HM,?,47,0,15,2,0,0,577,574,250,9,,,Steady,No,No,No,No,No,No,No,No,No,No,No,No,No,No,No,No,No,No,No,No,No,No,No,Yes
159648816,89406252,Caucasian,Female,[60-70),?,1,1,7,3,BC,?,48,0,12,0,0,0,38,482,250.02,9,,>7,Steady,No,No,No,Steady,No,No,No,No,No,No,No,No,No,No,No,No,Steady,No,No,No,No,No,Ch,Yes
159649008,36231804,Caucasian,Female,[90-100),?,5,3,1,4,MC,?,57,0,18,1,0,1,410,516,428,9,,>8,No,No,No,No,No,No,No,No,No,No,No,No,No,No,No,No,No,Down,No,No,No,No,No,Ch,Yes
159650046,85427316,Caucasian,Female,[80-90),?,1,6,7,3,MC,?,69,0,12,0,0,0,486,428,79,9,,>7,No,No,No,No,No,No,No,No,No,No,No,No,No,No,No,No,No,No,No,No,No,No,No,No,No
159650436,110627046,Caucasian,Female,[50-60),?,1,1,2,4,?,?,39,1,20,0,0,0,852,414,V45,4,,,No,No,No,No,No,No,No,No,No,No,No,No,No,No,No,No,No,No,No,No,No,No,No,No,No
159651456,87000129,Caucasian,Male,[60-70),?,5,1,7,5,MC,?,31,4,14,0,0,1,562,427,276,9,,,No,No,No,No,No,No,No,No,No,No,No,No,No,No,No,No,No,Steady,No,No,No,No,No,No,Yes
159651858,91652931,Caucasian,Female,[80-90),?,1,3,7,9,CM,InternalMedicine,57,1,22,0,0,1,552,276,427,9,,,No,No,No,No,No,No,No,No,No,No,No,No,No,No,No,No,No,Steady,No,No,No,No,No,No,Yes
159651954,41020758,Caucasian,Male,[70-80),?,1,11,7,1,MC,?,45,1,14,0,0,3,38,995,518,7,,,No,No,No,No,No,No,No,No,No,No,No,No,No,No,No,No,No,No,No,No,No,No,No,No,No
159652284,42163416,Caucasian,Male,[80-90),?,5,23,1,6,MC,?,72,0,27,0,1,0,491,518,599,9,,>8,No,No,No,No,No,No,No,No,No,No,No,No,No,No,No,No,No,Down,No,No,No,No,No,Ch,Yes
159652818,56241450,AfricanAmerican,Female,[40-50),?,1,1,7,3,HM,?,50,0,12,0,0,0,486,250.02,203,6,,,No,No,No,No,No,No,No,No,No,No,No,No,No,No,No,No,No,Up,No,No,No,No,No,Ch,Yes
159652986,56563902,Caucasian,Male,[90-100),?,1,22,2,1,?,?,23,0,8,0,0,0,434,427,428,9,,,No,No,No,No,No,No,No,No,No,No,No,No,No,No,No,No,No,Steady,No,No,No,No,No,No,Yes
159659556,49033269,Caucasian,Female,[40-50),?,1,1,7,3,?,?,36,0,19,0,2,0,789,V42,596,5,,,No,No,No,No,No,No,No,No,No,No,No,No,No,No,No,No,No,No,No,No,No,No,No,No,No
159661392,101971989,Caucasian,Female,[40-50),?,2,1,7,2,SP,Surgery-General,41,0,10,0,0,0,427,250,?,2,,>8,Up,No,No,No,Steady,No,No,No,No,No,No,No,No,No,No,No,No,Up,No,No,No,No,No,Ch,Yes
159662658,24988329,Caucasian,Male,[70-80),?,2,13,1,6,HM,Oncology,19,0,17,0,0,3,195,198,401,7,,,No,No,No,No,No,No,No,No,No,No,No,No,No,No,No,No,No,No,No,No,No,No,No,No,No
159664932,41439996,Caucasian,Female,[70-80),?,1,1,7,11,MD,?,48,3,30,0,0,0,486,511,403,9,,,No,No,No,No,No,No,No,No,No,No,No,No,No,No,No,No,No,Up,No,No,No,No,No,Ch,Yes
159673524,74671326,Caucasian,Female,[80-90),?,2,22,1,4,MC,Orthopedics,53,3,15,1,1,1,996,E878,599,9,,,Steady,No,No,No,No,No,No,Up,No,Steady,No,No,No,No,No,No,No,No,No,No,No,No,No,Ch,Yes
159674718,40999464,Caucasian,Female,[70-80),?,3,1,1,7,MC,?,37,0,19,0,0,3,V57,V45,427,4,,,No,No,No,No,No,No,No,No,No,No,No,No,No,No,No,No,No,Down,No,No,No,No,No,Ch,Yes
159674850,25057602,Caucasian,Male,[70-80),?,1,1,7,2,MC,?,37,0,7,0,0,0,560,276,250,3,,,No,No,No,No,No,No,No,No,No,No,No,No,No,No,No,No,No,No,No,No,No,No,No,No,No
159674976,25069554,Hispanic,Male,[40-50),?,1,1,7,3,BC,Emergency/Trauma,41,1,13,0,5,3,250.6,276,272,8,,,No,No,No,No,No,No,No,No,No,No,No,No,No,No,No,No,No,Steady,No,No,No,No,No,No,Yes
159678282,92053224,Caucasian,Female,[60-70),?,2,1,7,2,UN,Emergency/Trauma,55,2,12,0,0,0,780,250.8,276,6,,,No,No,No,No,No,No,No,No,No,No,No,No,No,No,No,No,No,Steady,No,No,No,No,No,No,Yes
159680754,89956782,Caucasian,Male,[70-80),?,1,1,7,4,HM,?,65,0,16,0,0,0,491,414,401,5,>300,>7,Steady,No,No,No,No,No,Steady,No,No,Steady,No,No,No,No,No,No,No,Steady,No,No,No,No,No,Ch,Yes
159680904,85309191,Caucasian,Male,[60-70),?,1,1,7,3,?,?,53,3,11,0,0,0,786,250,V15,5,,,Steady,No,No,No,No,No,No,Steady,No,No,No,No,No,No,No,No,No,No,No,No,No,No,No,Ch,Yes
159681192,101687130,AfricanAmerican,Male,[20-30),?,1,1,2,3,?,?,56,0,16,0,0,0,250.13,276,295,7,,,Steady,No,No,No,No,No,Steady,No,No,No,No,No,No,No,No,No,No,No,No,No,No,No,No,Ch,Yes
159681648,42613659,Caucasian,Female,[80-90),?,1,3,7,6,?,InternalMedicine,55,0,7,0,0,0,250.6,707,357,9,,,No,No,No,No,No,No,No,No,No,No,No,No,No,No,No,No,No,Down,No,No,No,No,No,Ch,Yes
159681660,87725052,Caucasian,Male,[50-60),?,1,6,1,4,?,?,42,0,16,0,0,0,867,599,295,9,,,Steady,No,No,No,No,No,Steady,No,No,No,No,No,No,No,No,No,No,Steady,No,No,No,No,No,Ch,Yes
159682410,59542731,Caucasian,Male,[20-30),?,1,1,7,4,CP,?,38,1,18,0,0,0,805,850,305,9,,,No,No,No,No,No,No,No,No,No,No,No,No,No,No,No,No,No,Down,No,No,No,No,No,Ch,Yes
159682824,23794254,AfricanAmerican,Female,[30-40),?,3,1,1,4,MD,ObstetricsandGynecology,18,1,24,0,0,2,652,648,250,8,,,No,No,No,No,No,No,No,No,No,No,No,No,No,No,No,No,No,Steady,No,No,No,No,No,No,Yes
159683298,69506568,AfricanAmerican,Female,[30-40),?,1,1,7,5,?,?,40,0,10,0,0,0,250.92,590,V58,4,,,Steady,No,No,No,No,No,Up,No,No,No,No,No,No,No,No,No,No,No,No,No,No,No,No,Ch,Yes
159684480,92320191,Caucasian,Female,[60-70),?,1,1,7,7,MC,Emergency/Trauma,49,5,33,0,0,0,574,575,568,9,,,Steady,No,No,No,No,No,No,No,No,Steady,No,No,No,No,No,No,No,Up,No,No,No,No,No,Ch,Yes
159685308,75605913,AfricanAmerican,Female,[50-60),?,1,1,7,4,MC,InternalMedicine,63,1,11,0,0,0,572,135,428,9,,,No,No,No,No,No,No,No,No,No,No,No,No,No,No,No,No,No,Down,No,No,No,No,No,Ch,Yes
159685524,81271629,Caucasian,Female,[40-50),?,1,1,7,2,?,?,74,0,11,0,0,0,584,728,428,9,,,No,No,No,No,No,No,No,No,No,No,No,No,No,No,No,No,No,No,No,No,No,No,No,No,No
159685572,40752171,Caucasian,Male,[40-50),?,1,1,7,4,MC,?,31,0,12,2,0,4,577,403,V45,6,,,No,No,No,No,No,No,No,No,No,No,No,No,No,No,No,No,No,No,No,No,No,No,No,No,No
159687258,39583026,Caucasian,Female,[70-80),?,2,2,7,4,MC,Emergency/Trauma,70,3,27,0,0,0,428,425,424,9,,Norm,Steady,No,No,No,No,No,Steady,No,No,Steady,No,No,No,No,No,No,No,Up,No,No,No,No,No,Ch,Yes
159687516,80728110,Caucasian,Male,[70-80),?,1,6,7,10,MC,?,80,1,37,0,0,0,38,518,482,9,,Norm,No,No,No,No,No,No,No,No,No,No,No,No,No,No,No,No,No,Down,No,No,No,No,No,Ch,Yes
159687702,41731263,Caucasian,Male,[70-80),?,1,1,7,2,MC,?,33,0,12,0,0,0,331,294,250,9,,,Steady,No,No,No,No,No,No,No,No,No,No,No,No,No,No,No,No,No,No,No,No,No,No,No,Yes
159688350,40900023,Caucasian,Male,[70-80),?,1,1,7,5,MC,?,50,3,22,0,0,0,562,600,601,7,,,Steady,No,No,No,No,No,No,No,No,No,Steady,No,No,No,No,No,No,Down,No,No,No,No,No,Ch,Yes
159688686,109482633,Caucasian,Female,[80-90),?,2,5,7,3,MC,Emergency/Trauma,13,0,10,0,1,0,276,296,780,9,,,No,No,No,No,No,No,No,No,No,No,Steady,No,No,No,No,No,No,Down,No,No,No,No,No,Ch,Yes
159689508,56487528,Caucasian,Male,[70-80),?,1,1,7,1,MC,?,10,0,5,0,0,0,971,972,E858,9,,,No,No,No,No,No,No,No,No,No,No,No,No,No,No,No,No,No,Steady,No,No,No,No,No,No,Yes
159689988,23228253,AfricanAmerican,Male,[20-30),?,1,1,7,3,MC,InternalMedicine,40,0,13,0,1,1,250.11,?,?,1,,,No,No,No,No,No,No,No,No,No,No,No,No,No,No,No,No,No,Up,No,No,No,No,No,Ch,Yes
159690612,47659365,Caucasian,Male,[50-60),?,1,1,7,10,MC,?,74,1,22,4,1,0,537,276,276,9,,,No,No,No,No,No,No,No,No,No,No,No,No,No,No,No,No,No,Down,No,No,No,No,No,Ch,Yes
159693570,23467761,AfricanAmerican,Female,[50-60),?,1,1,7,2,?,InternalMedicine,44,0,8,0,5,0,428,250,401,7,,,No,No,No,No,No,No,No,No,No,No,No,No,No,No,No,No,No,Up,No,No,No,No,No,Ch,Yes
159695202,25293060,Caucasian,Female,[80-90),?,2,22,4,4,MC,?,29,1,29,0,0,0,820,276,401,4,,,No,No,No,No,No,No,No,No,No,No,No,No,No,No,No,No,No,Steady,No,No,No,No,No,No,Yes
159695472,45590670,AfricanAmerican,Female,[70-80),?,1,1,7,6,?,?,55,2,27,0,1,0,805,862,805,9,,,No,No,No,No,No,No,No,No,No,No,No,No,No,No,No,No,No,Steady,No,No,No,No,No,No,Yes
159695568,97521327,Caucasian,Male,[60-70),?,2,1,7,3,BC,Emergency/Trauma,44,0,21,0,1,0,428,427,491,9,,>8,No,No,No,No,Steady,No,No,No,No,No,No,Steady,No,No,No,No,No,Down,No,No,No,No,No,Ch,Yes
159696756,52790373,AfricanAmerican,Male,[40-50),?,1,1,7,3,?,Family/GeneralPractice,73,1,19,0,0,0,584,786,428,9,,>7,No,No,No,No,No,No,No,No,No,No,No,No,No,No,No,No,No,Down,No,No,No,No,No,Ch,Yes
159697728,84375225,AfricanAmerican,Female,[50-60),?,1,1,7,8,MC,?,56,0,17,0,0,0,493,707,428,9,,,No,No,No,No,No,No,No,No,No,No,Steady,No,No,No,No,No,No,No,No,No,No,No,No,No,Yes
159697752,62244639,Caucasian,Male,[80-90),?,1,6,7,3,MC,Urology,23,0,12,0,0,0,997,788,604,5,,,No,No,No,No,No,No,No,No,No,No,Steady,No,No,No,No,No,No,Steady,No,No,No,No,No,Ch,Yes
159697992,24423633,Caucasian,Female,[80-90),?,1,1,7,4,MC,Cardiology,53,1,14,0,0,0,458,403,584,8,,,No,No,No,No,No,No,Steady,No,No,No,No,No,No,No,No,No,No,No,No,No,No,No,No,No,Yes
159698802,53946666,Caucasian,Female,[80-90),?,5,3,1,3,MC,?,63,0,14,2,1,0,434,996,867,9,,,Steady,No,No,No,No,No,No,No,No,No,No,No,No,No,No,No,No,Steady,No,No,No,No,No,Ch,Yes
159699138,23328342,AfricanAmerican,Male,[80-90),?,1,23,7,4,MC,InternalMedicine,54,0,16,0,0,2,453,515,250.02,5,,,Steady,No,No,No,No,No,Steady,No,No,No,No,No,No,No,No,No,No,Up,No,No,No,No,No,Ch,Yes
159700734,91596870,Caucasian,Female,[80-90),?,1,3,7,4,MC,?,62,0,9,0,0,0,434,253,244,5,>300,,No,No,No,No,No,No,No,No,No,No,No,No,No,No,No,No,No,No,No,No,No,No,No,No,No
159702168,65998809,Caucasian,Male,[40-50),?,5,3,1,7,MC,?,67,2,18,1,0,0,8,276,496,9,,,No,No,No,No,No,No,No,No,No,No,No,No,No,No,No,No,No,Steady,No,No,No,No,No,No,Yes
159702600,107331975,Caucasian,Female,[50-60),?,1,1,7,4,?,?,52,0,15,1,0,0,595,V63,585,9,,,No,No,No,No,No,No,No,No,No,No,No,No,No,No,No,No,No,Steady,No,No,No,No,No,No,Yes
159703392,106039503,Caucasian,Male,[70-80),?,1,28,2,3,?,?,44,0,12,0,0,0,296,403,496,9,,,No,No,No,No,No,No,No,Steady,No,No,No,No,No,No,No,No,No,Steady,No,No,No,No,No,Ch,Yes
159703998,88789707,Caucasian,Female,[40-50),?,2,1,7,3,MC,Emergency/Trauma,34,1,18,0,7,4,784,340,304,9,,,Steady,No,No,No,No,No,No,No,No,No,No,No,No,No,No,No,No,No,No,No,No,No,No,No,Yes
159704742,59516568,AfricanAmerican,Female,[30-40),?,3,2,4,2,HM,InternalMedicine,47,1,12,0,0,0,695,584,401,7,,,Steady,No,No,No,No,No,No,No,No,Steady,No,No,No,No,No,No,No,Steady,No,No,No,No,No,Ch,Yes
159705144,55368477,Caucasian,Male,[60-70),?,1,6,7,4,MC,?,44,1,21,0,1,0,722,250,272,6,,,Steady,No,No,No,No,No,No,No,No,No,No,No,No,No,No,No,No,Steady,No,No,No,No,No,Ch,Yes
159705438,68249871,AfricanAmerican,Male,[60-70),?,1,11,7,4,?,?,73,1,12,0,0,0,996,38,995,9,,,No,No,No,No,No,No,No,No,No,No,No,No,No,No,No,No,No,No,No,No,No,No,No,No,No
159706170,59543658,Caucasian,Male,[50-60),?,1,3,7,12,MC,?,47,0,30,0,0,0,453,786,250,9,,,No,No,No,No,No,No,No,No,No,Steady,No,No,No,No,No,No,No,Up,No,No,No,No,No,Ch,Yes
159708096,85990401,AfricanAmerican,Female,[60-70),?,1,1,7,1,MD,?,27,1,8,0,0,0,995,250,401,3,,,Steady,No,No,No,No,No,No,No,No,No,No,No,No,No,No,No,No,Steady,No,No,No,No,No,Ch,Yes
159708384,102337209,Caucasian,Female,[70-80),?,1,3,7,4,MC,Emergency/Trauma,37,1,15,0,0,0,820,959,250,5,,,No,No,No,No,No,No,No,Steady,No,No,No,No,No,No,No,No,No,Up,No,No,No,No,No,Ch,Yes
159709548,59543784,AfricanAmerican,Male,[40-50),?,1,1,7,3,OG,?,40,5,22,0,0,0,410,305,250,8,,Norm,No,No,No,No,No,No,No,No,No,No,No,No,No,No,No,No,No,Up,No,No,No,No,No,Ch,Yes
159709992,88495461,Caucasian,Female,[70-80),?,2,3,7,7,SP,Family/GeneralPractice,49,6,19,0,0,0,410,414,787,9,,,Steady,No,No,No,No,No,No,No,No,No,No,No,No,No,No,No,No,Up,No,No,No,No,No,Ch,Yes
159711888,93218778,Caucasian,Female,[70-80),?,5,6,1,1,MC,?,12,0,12,1,0,1,530,396,401,9,,,No,No,No,No,No,No,No,No,No,No,No,No,No,No,No,No,No,Up,No,No,No,No,No,Ch,Yes
159712050,90013410,AfricanAmerican,Male,[60-70),?,3,1,1,7,?,Surgery-Vascular,42,3,26,1,0,0,996,403,451,9,,,No,No,No,No,No,No,No,No,No,No,No,No,No,No,No,No,No,Steady,No,No,No,No,No,No,Yes
159721578,63332667,Caucasian,Female,[60-70),?,3,6,1,3,?,Orthopedics-Reconstructive,2,2,29,1,0,1,715,401,272,6,,,No,No,No,No,No,No,No,No,No,No,No,No,No,No,No,No,No,No,No,No,No,No,No,No,No
159727962,39428352,Caucasian,Male,[70-80),?,3,6,1,6,SP,Family/GeneralPractice,33,2,27,0,0,0,441,574,496,9,,,No,No,No,No,No,No,No,No,No,No,No,No,No,No,No,No,No,Steady,No,No,No,No,No,No,Yes
159738252,40449006,Caucasian,Female,[80-90),?,3,6,1,4,?,Orthopedics-Reconstructive,38,2,10,0,0,3,812,428,427,9,,,No,No,No,No,No,No,No,No,No,No,No,No,No,No,No,No,No,No,No,No,No,No,No,No,No
159739818,51376032,AfricanAmerican,Female,[20-30),?,3,1,1,2,MD,ObstetricsandGynecology,15,1,9,0,0,0,644,648,250.01,7,,>8,No,No,No,No,No,No,No,No,No,No,No,No,No,No,No,No,No,Up,No,No,No,No,No,Ch,Yes
159740022,110463471,Caucasian,Male,[60-70),?,3,1,1,4,SP,Nephrology,46,3,15,0,0,0,584,403,428,9,,,No,No,No,No,No,No,No,No,No,No,No,No,No,No,No,No,No,Up,No,No,No,No,No,Ch,Yes
159740394,105642540,Caucasian,Female,[60-70),[50-75),1,1,7,2,UN,Family/GeneralPractice,51,0,8,2,0,0,250.6,378,378,9,,,Steady,No,No,No,No,No,No,No,No,No,No,No,No,No,No,No,No,No,No,No,No,No,No,No,Yes
159757632,56151216,Caucasian,Male,[50-60),?,3,6,1,3,?,Orthopedics-Reconstructive,11,1,17,1,0,0,715,401,250,3,,,Down,No,No,No,No,No,No,No,No,No,No,No,No,No,No,No,No,No,No,No,No,No,No,Ch,Yes
159762846,41445765,Caucasian,Female,[50-60),?,3,3,1,3,MC,Orthopedics,3,3,24,0,0,2,733,496,285,7,,,No,No,No,No,No,No,No,No,No,No,No,No,No,No,No,No,No,No,No,No,No,No,No,No,No
159763632,23321952,Caucasian,Female,[60-70),?,3,6,1,1,MC,Orthopedics,29,2,24,0,0,1,738,138,V10,7,,,No,No,No,No,No,No,No,Steady,No,No,No,No,No,No,No,No,No,Steady,No,No,No,No,No,Ch,Yes
159764880,71323920,Caucasian,Male,[70-80),?,1,1,7,2,MC,?,37,0,14,0,1,1,560,591,593,9,,,No,No,No,No,No,No,No,No,No,No,No,No,No,No,No,No,No,Steady,No,No,No,No,No,No,Yes
159766236,23412717,Asian,Male,[70-80),?,2,1,1,2,MC,Family/GeneralPractice,35,0,5,0,0,0,458,424,250,4,,,No,No,No,No,No,No,No,No,No,No,Steady,No,No,No,No,No,No,Steady,No,No,No,No,No,Ch,Yes
159767724,59544774,Caucasian,Female,[50-60),?,1,3,7,9,CP,?,61,6,33,0,0,0,824,410,277,6,,Norm,Up,No,No,No,No,No,Steady,No,No,No,No,No,No,No,No,No,No,Steady,No,No,No,No,No,Ch,Yes
159768000,23234220,AfricanAmerican,Female,[60-70),?,1,13,7,4,MC,InternalMedicine,47,2,18,0,0,2,197,197,198,6,,,No,No,No,No,No,No,No,No,No,No,No,No,No,No,No,No,No,Steady,No,No,No,No,No,No,Yes
159771708,24116850,Caucasian,Male,[50-60),?,2,1,1,4,BC,Cardiology,46,6,31,1,0,0,410,414,401,4,,,No,No,No,No,No,No,No,No,No,No,No,No,No,No,No,No,No,Steady,No,No,No,No,No,No,Yes
159773928,99445761,Other,Male,[80-90),?,3,1,1,6,MD,Hematology,71,1,16,0,0,5,924,202,284,8,,,No,Steady,No,No,No,No,No,No,No,No,No,No,No,No,No,No,No,Up,No,No,No,No,No,Ch,Yes
159779436,23283072,Caucasian,Female,[80-90),?,1,13,7,2,MC,InternalMedicine,40,0,13,0,1,2,276,402,428,9,,,No,No,No,No,No,No,No,No,No,No,No,No,No,No,No,No,No,Steady,No,No,No,No,No,No,Yes
159780810,54751914,Caucasian,Female,[80-90),?,1,1,7,2,MC,?,56,1,10,0,0,0,599,496,280,9,,,No,No,No,No,No,No,No,No,No,No,Steady,No,No,No,No,No,No,No,No,No,No,No,No,No,Yes
159781638,66140037,Caucasian,Male,[50-60),?,5,7,1,1,HM,?,46,0,13,0,0,0,433,340,427,9,,>7,Steady,No,No,No,No,No,No,No,No,No,No,No,No,No,No,No,No,No,No,No,No,No,No,No,Yes
159785628,40830156,Caucasian,Female,[90-100),?,3,3,1,5,MC,?,36,1,30,1,0,3,820,585,250,9,,,Steady,No,No,No,No,No,No,Steady,No,No,No,No,No,No,No,No,No,Down,No,No,No,No,No,Ch,Yes
159785820,84729456,Caucasian,Female,[70-80),?,1,1,7,3,HM,?,70,1,13,1,0,0,599,284,288,8,,,No,No,No,No,No,No,No,No,No,No,No,No,No,No,No,No,No,No,No,No,No,No,No,No,No
159786216,40086135,Caucasian,Female,[60-70),?,1,1,7,6,MC,?,30,0,17,0,0,0,491,276,250.02,8,,,No,No,No,No,No,No,No,Up,No,No,No,No,No,No,No,No,No,Steady,No,No,No,No,No,Ch,Yes
159787152,36398304,AfricanAmerican,Male,[60-70),?,1,1,7,2,MC,?,36,0,22,0,1,1,786,250.01,414,8,,,No,No,No,No,No,No,No,No,No,No,No,No,No,No,No,No,No,Steady,No,No,No,No,No,No,Yes
159787536,43834068,Caucasian,Female,[70-80),?,3,6,1,7,MC,?,2,0,21,0,0,1,V57,V49,250.6,7,,,No,No,No,No,No,No,No,No,No,No,No,No,No,No,No,No,No,Steady,No,Steady,No,No,No,Ch,Yes
159789012,71325000,Caucasian,Male,[70-80),?,3,6,1,4,MC,Surgery-Vascular,31,3,31,0,0,0,440,585,250.4,9,,,No,No,No,No,Steady,No,No,No,No,No,Steady,No,No,No,No,No,No,Down,No,No,No,No,No,Ch,Yes
159789348,59518242,Caucasian,Male,[60-70),?,1,1,7,4,CM,?,66,0,15,0,0,0,434,427,781,7,,,No,No,No,No,No,No,No,Steady,No,No,No,No,No,No,No,No,No,Steady,No,No,No,No,No,Ch,Yes
159790722,63615384,Caucasian,Female,[30-40),?,3,1,1,8,MC,SurgicalSpecialty,1,0,7,0,0,2,296,319,301,4,,,No,No,No,No,No,No,Steady,No,No,No,No,No,No,No,No,No,No,Steady,No,No,No,No,No,Ch,Yes
159791046,57769848,AfricanAmerican,Male,[50-60),?,1,1,7,5,DM,?,69,0,18,1,0,0,428,486,425,9,,,No,No,No,No,No,No,No,No,No,No,No,No,No,No,No,No,No,Steady,No,No,No,No,No,No,Yes
159795168,59545521,Caucasian,Female,[70-80),?,1,1,7,8,CM,?,70,4,30,0,0,0,535,427,427,9,,Norm,No,No,No,No,No,No,No,No,No,No,No,No,No,No,No,No,No,No,No,No,No,No,No,No,No
159795474,93201993,Caucasian,Female,[60-70),?,5,3,1,2,MC,?,42,0,21,4,0,0,428,427,276,7,,,No,No,No,No,No,No,No,No,No,No,Steady,No,No,No,No,No,No,Steady,No,No,No,No,No,Ch,Yes
159799776,65579553,?,Female,[70-80),?,5,3,1,3,MC,?,45,0,13,0,0,0,434,790,E934,9,,,Up,No,No,No,No,No,No,No,No,No,No,No,No,No,No,No,No,Steady,No,No,No,No,No,Ch,Yes
159800298,25293915,Caucasian,Male,[60-70),?,3,1,1,3,MC,Surgery-Plastic,26,1,20,0,0,0,278,401,250,3,,,Steady,No,No,No,No,No,No,Steady,No,No,No,No,No,No,No,No,No,No,No,No,No,No,No,Ch,Yes
159802116,24329232,AfricanAmerican,Female,[60-70),?,1,1,7,4,BC,InternalMedicine,47,0,14,0,0,0,435,786,278,9,,,No,No,Steady,No,No,No,No,No,No,No,No,No,No,No,No,No,No,Up,No,No,No,No,No,Ch,Yes
159802482,42455916,Caucasian,Female,[80-90),?,3,1,1,1,SP,Surgery-Vascular,53,3,26,0,0,2,250.7,707,440,7,,,Steady,No,No,No,Steady,No,No,No,No,No,No,No,No,No,No,No,No,Steady,No,No,No,No,No,Ch,Yes
159804660,42980913,Caucasian,Female,[70-80),?,1,3,7,9,UN,?,57,0,25,1,0,6,486,599,733,9,,,No,No,No,No,No,No,No,No,No,No,No,No,No,No,No,No,No,Up,No,No,No,No,No,Ch,Yes
159805218,80276823,Caucasian,Female,[60-70),?,1,1,7,2,CP,?,66,1,13,0,0,1,38,584,250.42,9,,,Steady,No,No,No,No,No,No,No,No,No,Steady,No,No,No,No,No,No,Steady,No,No,No,No,No,Ch,Yes
159805584,71081460,AfricanAmerican,Male,[50-60),?,1,1,7,4,?,?,45,0,7,0,0,0,250.1,401,?,2,,,No,No,No,No,No,No,No,No,No,No,No,No,No,No,No,No,No,Up,No,No,No,No,No,Ch,Yes
159806502,109567593,Caucasian,Female,[60-70),?,2,11,7,12,UN,Emergency/Trauma,99,4,39,0,0,1,162,780,197,9,,,No,No,No,No,No,No,No,Steady,No,No,No,No,No,No,No,No,No,Down,Steady,No,No,No,No,Ch,Yes
159806994,39588867,AfricanAmerican,Male,[50-60),?,2,1,7,1,MD,Emergency/Trauma,50,0,7,0,0,0,250,401,465,4,,>8,Steady,No,No,No,No,No,No,Steady,No,No,No,No,No,No,No,No,No,Up,No,No,No,No,No,Ch,Yes
159809214,84547890,Caucasian,Female,[80-90),?,2,1,1,4,MC,?,36,0,20,2,0,1,795,585,428,9,,,No,No,No,No,No,No,No,No,No,Up,No,No,No,No,No,No,No,Steady,No,No,No,No,No,Ch,Yes
159811926,91042713,Caucasian,Female,[40-50),?,1,6,7,9,?,?,67,2,30,2,1,0,38,590,591,8,,Norm,No,No,No,No,No,No,Steady,No,No,No,No,No,No,No,No,No,No,Down,No,No,No,No,No,Ch,Yes
159812754,91298097,Caucasian,Male,[80-90),?,2,1,7,3,MC,Emergency/Trauma,53,4,18,0,0,0,511,427,424,9,,,No,No,No,No,No,No,No,Steady,No,No,No,No,No,No,No,No,No,No,No,No,No,No,No,No,Yes
159813360,84877092,Caucasian,Female,[60-70),?,2,6,1,4,MC,?,57,0,14,1,0,0,427,707,403,9,,,No,No,No,No,No,No,No,Steady,No,Steady,No,No,No,No,No,No,No,No,No,No,No,No,No,Ch,Yes
159814242,78611589,AfricanAmerican,Female,[40-50),?,2,1,1,11,?,Family/GeneralPractice,49,0,7,0,0,0,296,304,250.02,8,,,No,No,No,No,No,No,No,No,No,No,No,No,No,No,No,No,No,No,No,No,No,No,No,No,No
159815262,58218912,Caucasian,Male,[70-80),?,1,1,7,5,MC,?,61,0,21,0,0,0,38,482,250.02,8,,Norm,Steady,No,No,No,No,No,No,No,No,Steady,No,No,No,No,No,No,No,Steady,No,No,No,No,No,Ch,Yes
159815760,39590550,Caucasian,Female,[50-60),?,1,22,7,7,SP,Emergency/Trauma,53,0,18,0,0,0,431,496,784,8,,,Steady,No,No,No,No,No,No,No,No,No,Steady,No,No,No,No,No,No,Down,No,No,No,No,No,Ch,Yes
159816450,95045310,Caucasian,Female,[80-90),?,3,3,1,7,MC,Pulmonology,75,1,22,0,0,0,486,428,511,9,,>8,Steady,No,No,No,No,No,Up,No,No,No,Steady,No,No,No,No,No,No,Down,No,No,No,No,No,Ch,Yes
159821508,23683167,AfricanAmerican,Male,[70-80),?,2,1,1,3,MC,InternalMedicine,41,3,22,0,0,0,414,411,278,8,,,Steady,No,No,No,No,No,No,Steady,No,Steady,No,No,No,No,No,No,No,Steady,No,No,No,No,No,Ch,Yes
159821832,96007626,Caucasian,Male,[60-70),?,1,6,7,5,MC,?,65,4,16,0,0,1,403,585,511,9,,Norm,No,No,No,No,No,No,No,No,No,No,Steady,No,No,No,No,No,No,Steady,No,No,No,No,No,Ch,Yes
159828870,84784842,Caucasian,Female,[50-60),?,1,1,7,3,HM,?,64,1,17,0,1,2,789,595,556,9,,,No,No,No,No,No,No,No,Down,No,No,No,No,No,No,No,No,No,No,No,No,No,No,No,Ch,Yes
159828906,59189697,Caucasian,Female,[80-90),?,1,1,7,1,MC,?,32,0,10,2,0,0,536,424,427,8,,,Steady,No,No,No,No,No,Steady,No,No,Steady,No,No,No,No,No,No,No,No,No,No,No,No,No,Ch,Yes
159828960,86508432,Caucasian,Female,[90-100),?,1,3,1,4,MC,?,59,1,19,1,0,0,426,276,584,9,,,No,No,No,No,No,No,No,No,No,No,No,No,No,No,No,No,No,Down,No,No,No,No,No,Ch,Yes
159829260,82282590,Caucasian,Male,[60-70),?,1,6,7,4,?,?,37,0,9,1,0,0,434,787,784,7,,,No,No,No,No,No,No,No,No,No,No,No,No,No,No,No,No,No,Steady,No,No,No,No,No,No,Yes
159829806,62126091,Caucasian,Female,[70-80),?,1,3,7,10,?,?,41,3,26,0,0,0,812,821,280,9,,,No,No,No,No,No,No,No,No,No,No,Steady,No,No,No,No,No,No,No,No,No,No,No,No,No,Yes
159830850,45341100,Caucasian,Male,[60-70),?,3,1,1,2,HM,Family/GeneralPractice,1,1,16,0,0,1,682,682,41,8,,,No,No,No,No,No,No,No,No,No,No,No,No,No,No,No,No,No,Steady,No,No,No,No,No,No,Yes
159831786,59439888,Caucasian,Female,[80-90),?,1,3,7,9,MC,?,58,2,24,0,0,0,599,427,276,9,,,No,No,No,No,No,No,No,No,No,Steady,No,No,No,No,No,No,No,Steady,No,No,No,No,No,Ch,Yes
159837138,88760070,Caucasian,Male,[70-80),?,1,6,7,8,HM,?,56,1,19,0,0,1,577,518,250.02,9,,,No,No,No,No,No,No,No,No,No,Steady,No,No,No,No,No,No,No,No,No,No,No,No,No,No,Yes
159838254,77551920,Caucasian,Male,[70-80),?,1,11,7,2,?,?,48,0,4,2,0,0,428,518,491,9,,,No,No,No,No,No,No,No,No,No,No,No,No,No,No,No,No,No,No,No,No,No,No,No,No,No
159840192,101994066,Caucasian,Male,[60-70),?,1,2,7,14,OG,Emergency/Trauma,66,3,30,0,0,0,572,571,303,9,,>7,No,Steady,No,No,No,No,No,No,No,No,No,No,No,No,No,No,No,Down,No,No,No,No,No,Ch,Yes
159842316,109360089,Caucasian,Male,[60-70),?,5,23,1,2,BC,?,67,0,18,1,0,0,491,428,135,9,,>8,No,No,No,No,No,No,No,No,No,No,No,No,No,No,No,No,No,Steady,No,No,No,No,No,No,Yes
159842844,34318305,AfricanAmerican,Female,[80-90),?,5,3,1,2,MC,?,49,0,9,0,0,0,292,276,250,9,,,No,No,No,No,No,No,No,No,No,No,Steady,No,No,No,No,No,No,No,No,No,No,No,No,No,Yes
159844494,75755061,Caucasian,Male,[50-60),?,2,1,1,6,?,Surgery-Vascular,62,5,37,0,0,0,440,996,444,9,,,No,No,No,No,Steady,No,No,No,No,Steady,No,No,No,No,No,No,No,No,No,No,No,No,No,Ch,Yes
159845208,64288899,Caucasian,Male,[70-80),?,8,1,1,1,?,Cardiology,4,4,22,0,0,0,427,428,425,9,,,No,No,No,No,No,No,Up,No,No,No,No,No,No,No,No,No,No,Steady,No,No,No,No,No,Ch,Yes
159848754,59505669,Caucasian,Female,[70-80),?,3,1,1,2,CM,?,1,3,10,0,0,0,724,401,278,8,,,Steady,No,No,No,No,No,No,No,No,No,No,No,No,No,No,No,No,No,No,No,No,No,No,No,Yes
159850986,23205555,Caucasian,Male,[60-70),?,1,1,7,1,MC,Cardiology,50,0,16,0,0,2,786,276,414,9,,,Steady,No,No,No,No,No,Steady,No,No,Steady,No,No,No,No,No,No,No,Steady,No,No,No,No,No,Ch,Yes
159854016,103583781,Asian,Male,[50-60),?,2,1,7,3,UN,Emergency/Trauma,63,5,17,0,0,0,8,V42,531,9,,,No,No,No,No,No,No,No,No,No,No,No,No,No,No,No,No,No,Steady,No,No,No,No,No,No,Yes
159865188,100366497,Asian,Male,[80-90),?,2,2,7,1,SP,Family/GeneralPractice,1,0,6,0,0,0,808,492,812,7,,,No,No,No,No,No,No,No,No,No,No,No,No,No,No,No,No,No,Up,No,No,No,No,No,Ch,Yes
159874980,23346594,AfricanAmerican,Female,[50-60),?,3,1,1,1,BC,Surgery-Vascular,38,1,14,4,0,0,996,250.4,583,3,,,Steady,No,No,No,No,No,No,Steady,No,No,No,No,No,No,No,No,No,No,No,No,No,No,No,Ch,Yes
159884382,81906147,Caucasian,Male,[70-80),?,3,1,1,1,MC,Surgery-Vascular,9,5,13,2,0,0,440,585,250.6,8,,,No,No,No,No,No,No,No,Steady,No,No,Steady,No,No,No,No,No,No,Steady,No,No,No,No,No,Ch,Yes
159884886,90178668,Caucasian,Female,[80-90),?,1,1,7,2,MC,?,58,0,15,0,0,2,584,707,276,9,,,No,No,No,No,No,No,Steady,No,No,No,No,No,No,No,No,No,No,Steady,No,No,No,No,No,Ch,Yes
159892146,95540472,Caucasian,Female,[70-80),?,8,3,7,8,?,Orthopedics-Reconstructive,62,2,24,0,0,3,824,428,250.52,5,,,No,No,No,No,No,No,No,No,No,No,No,No,No,No,No,No,No,Down,No,No,No,No,No,Ch,Yes
159892920,105906465,Caucasian,Female,[80-90),?,2,3,1,3,MC,?,15,0,7,0,0,0,434,331,294,5,,Norm,No,No,No,No,No,No,No,No,No,No,Steady,No,No,No,No,No,No,Steady,No,No,No,No,No,Ch,Yes
159895284,41341167,Caucasian,Male,[60-70),?,3,1,1,2,MC,?,64,2,10,1,0,0,280,250,401,4,,,Steady,No,No,No,No,No,No,No,No,No,Steady,No,No,No,No,No,No,No,No,No,No,No,No,Ch,Yes
159897762,88736976,AfricanAmerican,Female,[30-40),?,3,1,1,3,DM,ObstetricsandGynecology,53,2,14,2,0,1,642,648,250,9,,,No,No,No,No,No,No,No,No,No,No,No,No,No,No,No,No,No,Down,No,No,No,No,No,Ch,Yes
159898320,104790474,Caucasian,Female,[40-50),?,5,1,1,2,WC,?,2,6,13,1,2,0,726,250.02,726,9,,,No,No,No,No,No,No,No,No,No,No,No,No,No,No,No,No,No,Down,No,No,No,No,No,Ch,Yes
159904980,54564291,Caucasian,Male,[80-90),?,3,4,1,9,MC,?,48,0,14,0,0,1,V57,V54,599,8,,,No,No,No,No,No,No,No,No,No,No,No,No,No,No,No,No,No,No,No,No,No,No,No,No,No
159908286,19539801,Caucasian,Female,[30-40),?,8,1,1,4,?,Surgery-General,52,3,19,0,0,0,278,998,571,5,,,No,No,No,No,No,No,No,No,No,No,No,No,No,No,No,No,No,Steady,No,No,No,No,No,No,Yes
159909060,43868322,Caucasian,Male,[50-60),?,1,22,7,3,UN,?,57,0,12,0,0,0,434,401,342,7,,>8,Steady,No,No,No,No,No,No,No,No,No,No,No,No,No,No,No,No,Steady,No,No,No,No,No,Ch,Yes
159910344,43868286,Caucasian,Female,[50-60),?,3,1,1,3,SP,?,39,0,9,0,0,0,599,41,401,7,,,No,No,No,No,No,No,No,No,No,No,No,No,No,No,No,No,No,No,No,No,No,No,No,No,No
159913152,98935146,AfricanAmerican,Female,[30-40),?,2,1,1,3,?,Nephrology,40,2,15,1,0,0,403,585,428,9,,,No,No,No,No,Steady,No,No,No,No,No,Steady,No,No,No,No,No,No,No,No,No,No,No,No,Ch,Yes
159921870,39595383,Caucasian,Male,[80-90),?,2,5,7,1,MC,Emergency/Trauma,37,0,10,0,0,0,996,403,296,6,,,No,Steady,No,No,No,No,No,No,No,No,Steady,No,No,No,No,No,No,No,No,No,No,No,No,Ch,Yes
159923124,59549184,Caucasian,Female,[70-80),?,1,1,7,2,MC,?,33,0,19,0,0,0,491,428,425,8,,,Steady,No,No,No,No,No,Steady,No,No,No,No,No,No,No,No,No,No,No,No,No,No,No,No,Ch,Yes
159927162,28337364,Caucasian,Female,[70-80),?,1,2,1,1,MC,?,43,0,17,0,0,0,410,428,428,9,,,No,No,No,No,No,No,No,Steady,No,No,No,No,No,No,No,No,No,Steady,No,No,No,No,No,Ch,Yes
159930006,23701941,Caucasian,Female,[70-80),?,1,1,7,3,MC,InternalMedicine,39,0,9,0,0,0,780,250,401,5,,,No,No,No,No,Steady,No,No,No,No,No,No,No,No,No,No,No,No,No,No,No,No,No,No,No,Yes
159931392,91610307,Caucasian,Male,[90-100),?,1,6,7,6,HM,?,43,0,11,0,0,0,428,424,425,7,,,No,No,No,No,No,No,No,No,No,No,No,No,No,No,No,No,No,No,No,No,No,No,No,No,No
159936828,43868079,Caucasian,Male,[60-70),?,3,1,1,5,MC,Cardiology,46,0,8,0,0,0,410,250.02,V43,4,,>8,No,No,No,No,No,No,No,Steady,No,No,No,No,No,No,No,No,No,No,No,No,No,No,No,No,Yes
159938406,39598164,Caucasian,Female,[80-90),?,2,3,7,6,MC,Emergency/Trauma,63,0,15,0,0,0,435,496,427,9,,,No,Steady,No,No,No,No,No,No,No,No,No,No,No,No,No,No,No,Down,No,No,No,No,No,Ch,Yes
159938814,84329073,Caucasian,Female,[70-80),?,1,1,7,6,HM,?,50,1,20,0,0,1,491,518,250.6,8,,,Steady,No,No,No,No,No,No,Steady,No,Steady,No,No,No,No,No,No,No,No,No,No,No,No,No,Ch,Yes
159939378,42963651,Caucasian,Male,[50-60),?,3,1,1,6,MC,?,47,0,18,0,0,0,577,250,569,4,,,No,No,No,No,No,No,No,No,No,No,No,No,No,No,No,No,No,Steady,No,No,No,No,No,No,Yes
159940794,24202197,AfricanAmerican,Male,[70-80),?,3,1,1,5,?,InternalMedicine,37,1,25,0,1,1,250.6,276,511,9,,,No,No,No,No,No,No,No,No,No,No,Steady,No,No,No,No,No,No,Steady,No,No,No,No,No,Ch,Yes
159942414,23404122,AfricanAmerican,Female,[80-90),?,2,1,1,4,MC,Family/GeneralPractice,42,0,11,0,0,0,584,276,585,9,,,No,No,No,No,No,No,No,No,No,No,No,No,No,No,No,No,No,Up,No,No,No,No,No,Ch,Yes
159943464,95743305,Caucasian,Female,[70-80),?,1,1,7,2,?,InternalMedicine,46,1,16,2,1,0,427,250,401,8,,>7,No,No,No,No,No,No,No,Steady,No,No,No,No,No,No,No,No,No,No,No,No,No,No,No,No,Yes
159945792,43868754,Caucasian,Male,[60-70),?,3,1,1,4,UN,?,41,0,11,0,0,0,486,707,250.6,8,,,No,No,No,No,No,No,No,No,No,Steady,No,No,No,No,No,No,No,Steady,Steady,No,No,No,No,Ch,Yes
159946812,81729999,AfricanAmerican,Female,[80-90),?,1,6,1,8,?,?,54,2,12,0,0,0,518,491,272,9,,,No,No,No,No,No,No,No,No,No,No,No,No,No,No,No,No,No,Steady,No,No,No,No,No,No,Yes
159948894,60453549,Caucasian,Male,[80-90),?,1,22,7,8,MC,?,60,1,19,0,0,0,434,410,287,9,,,No,No,No,No,No,No,No,No,No,No,No,No,No,No,No,No,No,Down,No,No,No,No,No,Ch,Yes
159948954,81910656,AfricanAmerican,Female,[60-70),?,2,3,1,7,BC,?,66,2,24,0,0,0,250.7,785,707,9,,>8,No,No,No,No,No,No,No,No,No,No,No,No,No,No,No,No,No,Down,No,No,No,No,No,Ch,Yes
159949986,27639792,Caucasian,Male,[50-60),?,5,1,1,1,HM,?,19,1,9,0,0,0,998,600,250,5,,,No,No,No,No,No,No,Steady,No,No,No,No,No,No,No,No,No,No,No,No,No,No,No,No,No,Yes
159950358,64090521,Caucasian,Female,[80-90),?,1,6,7,3,?,Gastroenterology,58,0,10,0,0,0,250.02,428,401,3,,>8,Steady,No,No,No,No,No,No,No,No,No,No,No,No,No,No,No,No,Steady,No,No,No,No,No,Ch,Yes
159952296,42243363,Caucasian,Male,[60-70),?,1,3,7,6,MC,?,59,0,29,0,0,1,38,694,250.02,9,,,No,No,No,No,No,No,No,No,No,No,No,No,No,No,No,No,No,Down,No,No,No,No,No,Ch,Yes
159952308,45660402,Caucasian,Male,[80-90),?,2,1,1,3,?,InternalMedicine,48,1,11,0,0,0,402,511,427,9,,,No,No,No,No,No,No,Steady,No,No,No,No,No,No,No,No,No,No,No,No,No,No,No,No,No,Yes
159953010,105852474,Caucasian,Male,[60-70),?,2,1,7,5,MC,Emergency/Trauma,44,3,8,1,0,1,434,745,414,8,,,Steady,No,No,No,No,No,No,No,No,No,No,No,No,No,No,No,No,No,No,No,No,No,No,No,Yes
159954000,89978823,Caucasian,Female,[80-90),?,1,1,7,3,HM,?,31,0,9,0,1,0,428,427,250.02,9,,,No,No,No,No,No,No,Steady,No,No,No,No,No,No,No,No,No,No,No,No,No,No,No,No,No,Yes
159955092,43868781,Caucasian,Male,[50-60),?,1,1,7,2,SP,?,50,0,11,0,0,0,401,250.02,305,3,,,No,No,No,No,No,No,No,No,No,No,No,No,No,No,No,No,No,No,No,No,No,No,No,No,No
159956550,59522913,Caucasian,Male,[40-50),?,1,7,7,1,OG,?,50,0,4,0,0,0,250.02,305,305,4,,Norm,No,No,No,No,No,No,No,No,No,No,No,No,No,No,No,No,No,Down,No,No,No,No,No,Ch,Yes
159957696,31203324,AfricanAmerican,Female,[30-40),?,1,1,7,4,MD,?,83,0,22,0,0,0,562,288,785,9,,Norm,No,No,No,No,No,No,No,Up,No,No,No,No,No,No,No,No,No,Steady,No,No,No,No,No,Ch,Yes
159958074,91776843,Caucasian,Male,[50-60),?,1,1,7,1,MC,?,30,1,16,0,0,1,250.8,682,403,8,,,No,No,No,No,No,No,No,No,No,No,No,No,No,No,No,No,No,No,No,No,No,No,No,No,No
159959538,60216993,Caucasian,Male,[40-50),?,1,1,7,3,CP,?,42,1,12,0,0,0,250.82,682,41,5,,>8,Steady,No,No,No,No,No,No,No,No,No,No,No,No,No,No,No,No,Down,No,No,No,No,No,Ch,Yes
159960114,106229043,AfricanAmerican,Male,[70-80),?,1,1,7,4,?,?,52,3,15,0,0,0,558,284,280,9,,,No,No,No,No,No,No,No,No,No,No,No,No,No,No,No,No,No,No,No,No,No,No,No,No,No
159960204,59523057,Caucasian,Male,[70-80),?,1,6,7,3,MC,?,33,1,17,0,0,0,432,250,285,9,,,No,No,No,No,No,No,No,No,No,No,No,No,No,No,No,No,No,No,No,No,No,No,No,No,No
159960744,28229805,Caucasian,Female,[80-90),?,1,3,7,6,MC,?,56,3,19,0,0,0,518,507,780,9,,,No,No,No,No,No,No,No,No,No,No,No,No,No,No,No,No,No,No,No,No,No,No,No,No,No
159960786,55648350,Caucasian,Male,[80-90),?,1,1,7,3,MC,?,44,0,12,2,0,2,38,995,599,9,,,No,No,No,No,No,No,No,No,No,No,No,No,No,No,No,No,No,Steady,No,No,No,No,No,No,Yes
159960852,72109872,AfricanAmerican,Male,[80-90),?,1,3,7,10,MC,?,67,5,36,0,0,0,250.7,38,707,9,,Norm,No,No,No,No,No,No,No,No,No,No,No,No,No,No,No,No,No,Up,No,No,No,No,No,Ch,Yes
159963786,39551085,Caucasian,Female,[70-80),?,2,3,7,5,MC,Emergency/Trauma,76,1,18,0,0,0,428,511,799,9,,,No,No,No,No,No,No,No,No,No,No,Steady,No,No,No,No,No,No,Down,No,No,No,No,No,Ch,Yes
159965808,59523228,AfricanAmerican,Female,[80-90),?,1,1,7,6,MC,?,51,0,19,0,0,0,518,401,250,6,,Norm,Steady,No,No,No,No,No,Steady,Steady,No,No,No,No,No,No,No,No,No,Steady,No,No,No,No,No,Ch,Yes
159966246,63777393,Caucasian,Male,[80-90),?,5,3,1,5,MC,?,56,1,19,0,0,0,53,276,799,9,,>8,Up,No,No,No,No,No,No,Steady,No,No,No,No,No,No,No,No,No,Steady,No,No,No,No,No,Ch,Yes
159966594,41757372,Caucasian,Female,[70-80),?,3,1,1,1,?,Surgery-General,30,4,11,2,0,0,250.7,276,440,9,,,No,No,Steady,No,Steady,No,No,No,No,No,No,No,No,No,No,No,No,No,No,No,No,No,No,Ch,Yes
159966810,85181247,Caucasian,Female,[60-70),?,3,22,1,3,MC,?,36,6,34,1,0,0,738,285,599,9,,,Steady,Steady,No,No,No,No,Down,No,No,No,Steady,No,No,No,No,No,No,No,No,No,No,No,No,Ch,Yes
159970818,39264984,Caucasian,Male,[80-90),?,3,1,1,1,MC,Neurology,1,1,11,0,0,0,722,414,V45,8,,,Steady,No,No,No,No,No,No,No,No,No,No,No,No,No,No,No,No,No,No,No,No,No,No,No,Yes
159971244,97340256,Caucasian,Female,[70-80),?,3,1,1,1,MC,Gynecology,43,1,17,0,0,0,618,427,618,7,,,No,No,No,No,No,No,No,No,No,No,No,No,No,No,No,No,No,Down,No,No,No,No,No,Ch,Yes
159971604,109040553,Caucasian,Female,[60-70),?,6,1,17,1,?,Cardiology,44,3,11,0,0,2,424,428,425,9,,,No,No,No,No,No,No,No,No,No,No,No,No,No,No,No,No,No,Steady,No,No,No,No,No,No,Yes
159983136,77173911,Caucasian,Male,[50-60),?,3,6,1,4,?,Surgery-Cardiovascular,53,2,28,0,0,0,414,411,278,6,,,Steady,No,No,No,No,No,No,No,No,No,No,No,No,No,No,No,No,No,No,No,No,No,No,No,Yes
159989016,49889718,Caucasian,Male,[70-80),[50-75),3,6,1,5,MC,?,53,1,12,0,0,0,715,250,285,9,,,No,No,No,No,No,No,No,No,No,No,No,No,No,No,No,No,No,No,No,No,No,No,No,No,No
159991920,50265738,Caucasian,Male,[70-80),?,3,6,1,4,CM,Orthopedics,65,2,25,0,0,0,715,250.02,401,3,,>7,Up,No,No,No,No,No,No,No,No,No,No,No,No,No,No,No,No,Steady,No,No,No,No,No,Ch,Yes
159999162,82534392,AfricanAmerican,Male,[70-80),?,3,1,1,4,?,InternalMedicine,10,0,5,0,0,0,250.8,731,730,9,,,No,No,No,No,No,No,No,No,No,No,No,No,No,No,No,No,No,No,No,No,No,No,No,No,No
160002288,98350695,Caucasian,Male,[70-80),?,2,1,7,1,MC,Emergency/Trauma,56,1,16,0,0,0,455,287,455,9,,Norm,Steady,No,No,No,No,No,No,Steady,No,No,No,No,No,No,No,No,No,No,No,No,No,No,No,Ch,Yes
160003056,97320429,Caucasian,Female,[80-90),?,2,3,7,7,MC,Surgery-General,48,2,28,0,0,0,428,427,518,9,,,No,No,No,No,No,No,No,No,No,No,No,No,No,No,No,No,No,Up,No,No,No,No,No,Ch,Yes
160006314,108616572,Caucasian,Male,[70-80),?,3,1,1,1,BC,Neurology,1,1,19,0,0,1,722,V10,250,7,,,No,No,No,No,Steady,No,No,No,No,No,No,No,No,No,No,No,No,No,No,No,No,No,No,No,Yes
160020384,25296075,Caucasian,Male,[60-70),?,1,1,7,13,?,InternalMedicine,47,5,23,0,0,0,250.7,785,707,9,,Norm,No,No,No,No,No,No,No,No,No,No,No,No,No,No,No,No,No,Steady,No,No,No,No,No,No,Yes
160022352,91633059,Caucasian,Male,[70-80),?,3,1,1,8,?,Pulmonology,52,3,43,0,0,1,153,492,211,9,,,Steady,No,No,No,No,No,No,No,No,No,No,No,No,No,No,No,No,Down,No,No,No,No,No,Ch,Yes
160024836,45965574,AfricanAmerican,Male,[50-60),?,3,1,1,1,MD,Radiologist,36,4,13,0,0,0,414,997,413,9,,,No,No,No,No,No,No,No,No,No,No,No,No,No,No,No,No,No,No,No,No,No,No,No,No,No
160027962,59438844,AfricanAmerican,Female,[40-50),?,1,5,7,3,DM,?,37,1,12,0,0,0,873,70,309,9,,,No,No,No,No,No,No,No,No,No,No,No,No,No,No,No,No,No,Down,No,No,No,No,No,Ch,Yes
160028754,107336322,Caucasian,Male,[70-80),?,5,1,1,5,MC,?,33,2,22,2,0,1,728,560,402,9,,,Steady,No,No,No,No,No,No,No,No,No,No,No,No,No,No,No,No,Steady,No,No,No,No,No,Ch,Yes
160032084,25296120,Caucasian,Male,[50-60),?,1,1,7,2,MD,InternalMedicine,47,0,9,0,0,0,434,401,250,4,,Norm,No,No,No,No,No,No,No,No,No,No,No,No,No,No,No,No,No,Steady,No,No,No,No,No,No,Yes
160032936,66878370,Caucasian,Male,[60-70),?,2,6,1,4,?,Orthopedics-Reconstructive,7,2,24,0,0,1,998,401,250,6,,,No,No,No,No,No,No,No,No,No,No,No,No,No,No,No,No,No,Steady,No,No,No,No,No,No,Yes
160033500,61114302,Caucasian,Male,[60-70),?,2,1,1,2,?,InternalMedicine,39,0,20,0,0,0,599,427,V12,9,,,No,No,No,No,No,No,No,Steady,No,No,No,No,No,No,No,No,No,No,No,No,No,No,No,No,Yes
160035630,43829478,Caucasian,Male,[50-60),?,3,1,1,4,MC,?,55,0,18,0,0,1,787,276,198,8,,,No,No,No,No,No,No,No,No,No,No,Steady,No,No,No,No,No,No,Down,Steady,No,No,No,No,Ch,Yes
160037886,64813932,AfricanAmerican,Female,[60-70),?,1,1,7,1,?,?,10,0,14,0,0,0,786,424,719,6,,,Steady,No,No,No,No,No,No,No,No,No,Steady,No,No,No,No,No,No,No,No,No,No,No,No,Ch,Yes
160038234,33548418,Caucasian,Female,[40-50),?,2,1,7,3,MD,Emergency/Trauma,62,0,14,0,1,0,276,728,780,9,,>7,No,No,No,No,No,No,No,No,No,No,No,No,No,No,No,No,No,Up,No,No,No,No,No,Ch,Yes
160039938,109533204,Caucasian,Female,[40-50),?,2,1,1,8,?,Psychiatry,43,0,17,0,1,0,296,300,V63,7,,,No,No,No,No,No,No,No,No,No,Steady,No,No,No,No,No,No,No,No,No,No,No,No,No,No,Yes
160040340,85134888,Caucasian,Male,[70-80),?,2,1,1,6,MC,?,47,0,17,1,0,0,574,424,414,9,,,No,No,No,No,No,No,No,No,No,No,No,No,No,No,No,No,No,No,No,No,No,No,No,No,No
160041984,25296192,AfricanAmerican,Female,[60-70),?,3,1,1,1,MC,Cardiology,29,2,19,0,0,0,786,401,414,4,,,No,No,No,No,No,No,No,No,No,No,No,No,No,No,No,No,No,Steady,No,No,No,No,No,No,Yes
160043442,81968238,Caucasian,Female,[70-80),?,3,22,1,2,?,Orthopedics-Reconstructive,31,2,20,0,0,1,844,250,401,9,,,No,No,No,No,No,No,No,No,No,No,No,No,No,No,No,No,No,Steady,No,No,No,No,No,No,Yes
160044132,85067748,AfricanAmerican,Female,[50-60),?,5,7,1,3,HM,?,55,1,10,1,0,2,282,288,780,5,,,No,No,No,No,No,No,No,No,No,No,No,No,No,No,No,No,No,Steady,No,No,No,No,No,No,Yes
160044138,39942765,Caucasian,Female,[80-90),?,5,23,1,9,MC,?,43,0,24,2,0,1,486,491,427,9,,,Steady,No,No,No,No,No,No,No,No,No,No,No,No,No,No,No,No,No,No,No,No,No,No,No,Yes
160044810,94659597,AfricanAmerican,Female,[50-60),?,1,1,7,2,?,?,46,1,19,0,0,0,574,574,250,9,,,No,No,No,No,No,No,No,No,No,No,No,No,No,No,No,No,No,Steady,No,No,No,No,No,No,Yes
160046052,62651214,Caucasian,Female,[70-80),?,2,6,1,9,?,Orthopedics-Reconstructive,2,2,16,0,0,1,V57,599,V54,9,,,No,No,No,No,No,No,No,No,No,No,No,No,No,No,No,No,No,Steady,No,No,No,No,No,No,Yes
160052880,93299553,AfricanAmerican,Male,[40-50),?,2,1,7,1,MD,Emergency/Trauma,44,0,16,1,6,4,780,425,496,9,,,Steady,No,No,No,No,No,No,No,No,No,Steady,No,No,No,No,No,No,Down,No,No,No,No,No,Ch,Yes
160054494,98789760,Caucasian,Female,[80-90),?,5,1,1,8,MC,?,62,1,25,1,0,0,576,577,276,9,,,No,No,No,No,No,No,No,No,No,No,No,No,No,No,No,No,No,Steady,No,No,No,No,No,No,Yes
160054536,71096454,Caucasian,Female,[80-90),?,1,11,7,6,MC,?,40,0,18,0,0,0,996,427,585,9,,,No,No,No,No,No,No,No,No,No,No,No,No,No,No,No,No,No,No,No,No,No,No,No,No,No
160055232,92627325,Caucasian,Female,[60-70),?,2,1,7,2,MC,Emergency/Trauma,64,1,18,0,0,0,427,285,715,9,,Norm,No,No,No,No,No,No,No,No,No,No,No,No,No,No,No,No,No,Up,No,No,No,No,No,Ch,Yes
160061958,71729352,Caucasian,Female,[80-90),?,6,3,7,7,?,InternalMedicine,45,2,15,0,0,1,518,682,459,6,Norm,,No,No,No,No,No,No,No,No,No,No,No,No,No,No,No,No,No,No,No,No,No,No,No,No,No
160061982,53746947,Caucasian,Female,[80-90),?,1,1,7,2,MC,?,28,3,18,0,0,0,786,242,684,9,,,No,No,No,No,No,No,No,No,No,No,No,No,No,No,No,No,No,Steady,No,No,No,No,No,No,Yes
160062600,110150559,Caucasian,Female,[80-90),?,2,6,2,2,?,InternalMedicine,46,0,13,0,0,0,458,276,250,9,,,Steady,No,No,No,No,No,No,No,No,No,No,No,No,No,No,No,No,Steady,No,No,No,No,No,Ch,Yes
160063362,103773060,Caucasian,Female,[70-80),?,3,1,1,1,MC,Radiologist,29,3,9,0,0,0,780,780,831,8,,,No,No,No,No,No,No,Steady,No,No,No,No,No,No,No,No,No,No,Steady,No,No,No,No,No,Ch,Yes
160063476,41147883,Caucasian,Male,[30-40),?,3,1,1,3,MC,?,44,1,17,3,0,8,998,250.02,401,4,,,No,No,No,No,No,No,No,No,No,Steady,No,No,No,No,No,No,No,Down,Steady,No,No,No,No,Ch,Yes
160066068,85426182,Caucasian,Female,[70-80),?,1,6,7,9,MC,?,63,1,34,1,0,0,821,427,428,9,,,Steady,No,No,No,No,No,No,No,No,No,No,No,No,No,No,No,No,No,No,No,No,No,No,No,Yes
160066224,38355525,Caucasian,Female,[40-50),[50-75),1,1,7,2,HM,?,75,0,8,0,0,1,729,289,272,9,,,No,No,No,No,No,No,No,No,No,No,No,No,No,No,No,No,No,No,No,No,No,No,No,No,No
160066248,110151765,AfricanAmerican,Female,[60-70),?,2,1,1,3,?,Cardiology,62,0,12,0,0,0,427,780,427,9,,,No,No,No,No,No,No,No,No,No,No,No,No,No,No,No,No,No,Steady,No,No,No,No,No,No,Yes
160067082,73412226,Caucasian,Female,[50-60),?,2,6,7,9,?,Cardiology,51,5,31,1,0,0,414,427,413,9,,Norm,No,No,No,No,No,No,No,No,No,Steady,No,No,No,No,No,No,No,No,No,No,No,No,No,No,Yes
160067502,42900804,Caucasian,Male,[50-60),?,1,1,7,5,SP,?,67,0,17,0,0,1,291,780,303,5,,,No,No,No,No,No,No,No,No,No,Steady,No,No,No,No,No,No,No,No,No,No,No,No,No,No,Yes
160069116,41680350,Caucasian,Male,[80-90),?,1,1,7,2,SP,?,44,0,10,2,0,1,428,496,401,6,,,No,No,No,No,No,No,No,No,No,No,No,No,No,No,No,No,No,Steady,No,No,No,No,No,No,Yes
160069236,91751121,Caucasian,Male,[60-70),?,1,6,7,6,MC,?,51,0,26,0,1,11,494,518,780,9,,,Steady,No,No,No,No,No,No,No,No,No,Steady,No,No,No,No,No,No,Steady,No,No,No,No,No,Ch,Yes
160069362,60022593,AfricanAmerican,Female,[40-50),?,1,1,7,2,?,?,33,3,17,3,0,2,996,38,995,9,,,No,No,No,No,No,No,No,No,No,No,No,No,No,No,No,No,No,Steady,No,No,No,No,No,No,Yes
160069740,100948293,Caucasian,Male,[50-60),?,2,1,7,3,UN,Emergency/Trauma,35,1,17,0,0,1,566,250.02,401,3,,>8,No,No,No,No,No,No,No,No,No,Steady,No,No,No,No,No,No,No,Up,Steady,No,No,No,No,Ch,Yes
160071978,23490711,Caucasian,Female,[70-80),?,1,1,7,2,MC,InternalMedicine,45,0,11,0,0,2,780,276,250.7,7,,>8,No,No,No,No,No,No,No,No,No,No,No,No,No,No,No,No,No,Up,No,No,No,No,No,Ch,Yes
160073292,30192552,Caucasian,Female,[50-60),?,5,2,1,6,MD,?,44,5,19,1,0,0,410,496,780,9,,>8,No,No,No,No,No,No,No,No,No,No,No,No,No,No,No,No,No,Up,No,No,No,No,No,Ch,Yes
160073658,39613059,AfricanAmerican,Male,[40-50),?,2,1,7,2,BC,Emergency/Trauma,37,1,9,0,0,0,575,535,553,7,,,Steady,No,No,No,No,No,No,No,No,No,No,No,No,No,No,No,No,No,No,No,No,No,No,No,Yes
160074084,110125557,Caucasian,Male,[80-90),?,1,2,2,8,?,?,53,0,23,0,0,0,486,515,250.6,9,,,No,No,No,No,No,No,Steady,No,No,No,No,No,No,No,No,No,No,Steady,No,No,No,No,No,Ch,Yes
160074738,85578750,Caucasian,Female,[70-80),?,1,11,7,1,MC,?,54,3,14,0,0,0,557,578,403,8,,,No,No,No,No,No,No,No,No,No,No,No,No,No,No,No,No,No,No,No,No,No,No,No,No,No
160075368,67238181,Caucasian,Male,[40-50),?,6,1,7,4,?,?,37,0,4,0,0,14,577,577,250,5,>300,,No,No,No,No,No,No,No,No,No,No,No,No,No,No,No,No,No,Steady,No,No,No,No,No,No,Yes
160075392,91048590,Caucasian,Female,[60-70),?,2,1,7,5,SP,Emergency/Trauma,61,1,27,0,0,0,552,276,493,9,,,No,No,No,No,No,No,No,No,No,No,Steady,No,No,No,No,No,No,No,No,No,No,No,No,No,Yes
160077054,100285443,Caucasian,Female,[80-90),?,5,3,1,4,MC,?,53,0,13,2,1,1,486,428,276,9,,,No,No,No,No,No,No,No,No,No,No,No,No,No,No,No,No,No,Up,No,No,No,No,No,Ch,Yes
160077438,39613338,Asian,Male,[70-80),?,1,6,7,9,MD,Emergency/Trauma,83,2,21,0,0,0,205,578,276,9,,,Steady,Steady,No,No,No,No,Steady,No,No,Up,No,No,No,No,No,No,No,Up,No,No,No,No,No,Ch,Yes
160077492,85144230,Caucasian,Female,[70-80),?,1,1,7,2,HM,?,48,0,8,0,0,0,515,425,496,9,,,Steady,No,No,No,No,No,Steady,No,No,No,No,No,No,No,No,No,No,No,No,No,No,No,No,Ch,Yes
160077924,85488867,Caucasian,Female,[70-80),?,1,6,7,2,MC,?,56,0,14,0,0,0,276,428,496,9,,,No,No,No,No,No,No,No,No,No,No,No,No,No,No,No,No,No,No,No,No,No,No,No,No,No
160081266,76749948,Caucasian,Female,[40-50),[100-125),2,1,1,5,MC,?,74,2,23,1,1,0,780,305,493,9,,>7,No,No,No,No,No,No,No,No,No,No,No,No,No,No,No,No,No,No,No,No,No,No,No,No,No
160082340,99306216,AfricanAmerican,Female,[70-80),?,1,6,7,4,?,?,49,0,11,0,0,1,599,780,276,5,,,No,No,No,No,No,No,No,No,No,No,No,No,No,No,No,No,No,No,No,No,No,No,No,No,No
160084050,86573853,Caucasian,Male,[70-80),?,1,3,7,5,MC,?,66,0,14,1,2,1,79,496,585,9,,Norm,No,No,No,No,No,No,Steady,No,No,Steady,No,No,No,No,No,No,No,No,No,No,No,No,No,Ch,Yes
160084098,59526747,AfricanAmerican,Female,[50-60),?,1,1,7,3,OG,?,55,0,10,0,0,0,780,276,571,9,,,No,No,No,No,No,No,No,No,No,No,No,No,No,No,No,No,No,Up,No,No,No,No,No,Ch,Yes
160084800,96915429,Caucasian,Male,[80-90),?,2,1,1,4,MC,?,44,1,16,0,0,0,540,287,414,9,,,No,No,No,No,No,No,No,No,No,No,No,No,No,No,No,No,No,No,No,No,No,No,No,No,No
160084968,106228584,AfricanAmerican,Female,[60-70),?,3,6,1,3,?,Orthopedics-Reconstructive,39,2,35,0,0,0,715,250.02,428,9,,,No,No,No,No,No,No,No,Steady,No,Steady,No,No,No,No,No,No,No,Steady,No,No,No,No,No,Ch,Yes
160085004,103740318,Caucasian,Female,[60-70),?,1,6,1,1,?,Emergency/Trauma,43,0,18,0,0,1,491,518,416,8,,,No,No,No,No,No,No,No,No,No,No,No,No,No,No,No,No,No,Down,No,No,No,No,No,Ch,Yes
160088766,85497210,Caucasian,Female,[70-80),?,3,6,1,5,MC,Radiologist,7,2,24,1,0,1,715,414,250,7,,,No,No,No,No,No,No,No,No,No,No,No,No,No,No,No,No,No,No,No,No,No,No,No,No,No
160088892,94761909,Caucasian,Female,[70-80),[100-125),3,6,1,5,MC,?,50,1,18,0,0,0,722,250.01,401,4,,,No,No,Steady,No,No,No,No,No,No,No,No,No,No,No,No,No,No,Steady,No,No,No,No,No,Ch,Yes
160089150,85223196,Caucasian,Female,[60-70),?,3,1,1,2,HM,?,7,2,11,1,0,0,621,627,250,6,,,No,No,No,No,No,No,No,No,No,No,No,No,No,No,No,No,No,No,No,No,No,No,No,No,No
160092246,30834594,Caucasian,Male,[70-80),?,5,1,1,1,MC,?,1,3,18,0,0,1,433,998,458,9,,,Steady,No,No,No,No,No,No,Steady,No,No,No,No,No,No,No,No,No,Steady,No,No,No,No,No,Ch,Yes
160093452,102265866,Caucasian,Female,[70-80),[50-75),3,1,1,1,MC,Cardiology,34,6,15,9,0,1,414,413,998,7,,,No,No,No,No,No,No,No,Steady,No,Steady,No,No,No,No,No,No,No,No,No,No,No,No,No,Ch,Yes
160097664,42441372,Caucasian,Male,[60-70),?,2,1,1,2,?,Cardiology,35,2,14,0,0,0,414,413,585,9,,,No,No,No,No,No,No,No,No,No,No,No,No,No,No,No,No,No,Down,No,No,No,No,No,Ch,Yes
160099656,25837812,Caucasian,Male,[40-50),?,1,1,7,1,?,InternalMedicine,47,0,10,0,1,1,250.8,496,276,9,,,No,No,No,No,No,No,No,No,No,No,No,No,No,No,No,No,No,Down,No,No,No,No,No,Ch,Yes
160100550,59527098,Caucasian,Male,[70-80),?,1,6,7,3,CP,?,51,0,13,0,0,0,850,305,427,8,,,Steady,No,No,No,No,No,No,No,No,No,No,No,No,No,No,No,No,Steady,No,No,No,No,No,Ch,Yes
160103010,42556671,Caucasian,Female,[60-70),?,3,1,1,5,MC,Urology,42,3,19,0,0,0,592,250.02,592,4,,,No,No,No,No,No,No,No,No,No,No,No,No,No,No,No,No,No,Down,No,No,No,No,No,Ch,Yes
160114482,83734344,Caucasian,Female,[70-80),?,1,1,7,2,MC,Family/GeneralPractice,61,0,13,0,0,1,292,496,486,6,,,Steady,No,No,No,No,No,Steady,No,No,No,Steady,No,No,No,No,No,No,No,No,No,No,No,No,Ch,Yes
160118178,107285319,Caucasian,Female,[70-80),?,5,1,1,1,MC,?,1,1,22,1,0,0,433,250,429,6,,,No,No,No,No,No,No,No,No,No,No,No,No,No,No,No,No,No,Steady,No,No,No,No,No,No,Yes
160120206,100232856,Caucasian,Female,[70-80),?,3,1,1,2,MC,Hematology,35,1,7,0,0,2,156,789,250,8,,,No,No,No,No,No,No,No,No,No,No,No,No,No,No,No,No,No,No,No,No,No,No,No,No,No
160123692,97438842,Caucasian,Female,[80-90),?,3,1,1,2,SP,Cardiology,8,2,11,0,0,1,434,428,781,6,,,No,No,No,No,No,No,No,No,No,No,No,No,No,No,No,No,No,No,No,No,No,No,No,No,No
160124370,62843544,AfricanAmerican,Female,[80-90),?,3,3,1,4,?,Surgery-Vascular,31,1,26,8,0,0,250.7,440,V49,9,,,No,No,No,No,No,No,Steady,No,No,No,No,No,No,No,No,No,No,Steady,No,No,No,No,No,Ch,Yes
160137102,42805782,Caucasian,Male,[90-100),[75-100),1,1,7,7,MC,?,43,0,13,1,0,0,507,799,585,9,,,No,No,No,No,No,No,Steady,No,No,No,No,No,No,No,No,No,No,No,No,No,No,No,No,No,Yes
160139262,39559779,Hispanic,Male,[50-60),?,2,1,7,1,OG,Emergency/Trauma,57,0,7,0,0,0,401,250.02,786,6,,>8,Steady,No,No,No,No,No,No,No,No,No,No,No,No,No,No,No,No,Up,No,No,No,No,No,Ch,Yes
160140822,23815710,AfricanAmerican,Male,[80-90),?,3,3,1,12,?,InternalMedicine,43,4,33,0,1,1,428,403,585,9,,,No,No,No,No,No,No,Steady,No,No,No,No,No,No,No,No,No,No,Steady,No,No,No,No,No,Ch,Yes
160141998,40815144,Caucasian,Female,[70-80),?,3,1,1,7,MC,Cardiology,31,0,25,0,0,3,491,428,276,5,,,No,No,No,No,No,No,No,No,No,Steady,No,No,No,No,No,No,No,No,No,No,No,No,No,No,Yes
160142730,40843728,Caucasian,Male,[70-80),?,3,1,1,3,MC,?,29,1,14,1,0,2,530,285,401,8,,,No,No,No,No,No,No,No,No,No,No,No,No,No,No,No,No,No,No,No,No,No,No,No,No,No
160142748,64631430,Caucasian,Male,[60-70),?,3,1,1,3,MC,Gastroenterology,52,4,19,6,0,2,280,427,496,9,,,No,No,No,No,No,No,No,No,No,No,No,No,No,No,No,No,No,Steady,No,No,No,No,No,No,Yes
160144362,85004658,Caucasian,Male,[60-70),?,5,6,1,4,HM,?,41,0,21,2,0,0,410,427,491,9,,>7,No,No,No,No,No,No,No,No,No,No,Steady,No,No,No,No,No,No,Steady,No,No,No,No,No,Ch,Yes
160144692,98081469,Caucasian,Female,[30-40),?,3,1,1,7,SP,Psychology,62,0,14,0,0,0,296,682,250,6,,>7,No,No,No,No,No,No,No,No,No,No,No,No,No,No,No,No,No,No,No,No,No,No,No,No,No
160146084,90049221,Caucasian,Male,[70-80),?,2,1,1,4,HM,?,67,6,18,0,0,0,574,576,496,9,,,No,No,No,No,No,No,No,No,No,No,No,No,No,No,No,No,No,No,No,No,No,No,No,No,No
160146318,41642073,Caucasian,Male,[70-80),?,1,1,7,2,MC,?,23,0,17,0,0,0,486,496,V46,9,,,No,No,No,No,No,No,No,No,No,No,Steady,No,No,No,No,No,No,No,No,No,No,No,No,No,Yes
160148826,88024824,Caucasian,Male,[40-50),?,1,1,1,12,HM,?,61,2,23,0,0,0,562,569,792,7,,,No,No,No,No,No,No,No,No,No,No,No,No,No,No,No,No,No,No,No,No,No,No,No,No,No
160150266,77212233,Caucasian,Female,[70-80),?,2,1,1,4,MC,InternalMedicine,60,2,21,0,1,1,250.42,403,428,9,,,No,No,No,No,No,No,No,No,No,No,No,No,No,No,No,No,No,Steady,No,No,No,No,No,No,Yes
160152798,84310101,Caucasian,Male,[60-70),?,8,1,1,2,?,Surgery-Vascular,66,3,12,0,0,0,440,305,250,5,,,No,No,No,No,No,No,Steady,No,No,No,No,No,No,No,No,No,No,Steady,No,No,No,No,No,Ch,Yes
160154892,71332353,Caucasian,Male,[60-70),?,1,1,7,3,MC,?,59,0,19,0,0,0,38,486,780,9,,,No,No,No,No,No,No,No,No,No,No,No,No,No,No,No,No,No,Steady,No,No,No,No,No,No,Yes
160160034,88763832,AfricanAmerican,Female,[20-30),?,1,1,7,2,MD,?,43,0,8,1,0,0,250.22,V58,493,6,,,No,No,No,No,No,No,No,No,No,No,No,No,No,No,No,No,No,Up,No,No,No,No,No,Ch,Yes
160164198,23996790,Caucasian,Female,[70-80),?,1,1,7,5,MC,InternalMedicine,39,2,18,1,0,0,562,427,250,9,,,Steady,No,No,No,No,No,No,No,No,No,No,No,No,No,No,No,No,Steady,No,No,No,No,No,Ch,Yes
160164330,89999478,Caucasian,Male,[70-80),?,1,3,7,8,MC,?,63,2,26,0,0,1,428,403,425,9,,,No,No,No,No,No,No,No,No,No,No,No,No,No,No,No,No,No,No,No,No,No,No,No,No,No
160167336,43870932,Caucasian,Male,[40-50),?,3,1,1,1,SP,Cardiology,37,6,8,0,0,0,414,272,401,4,,,No,No,No,No,No,No,No,No,No,Steady,No,No,No,No,No,No,No,Steady,No,No,No,No,No,Ch,Yes
160168830,102633444,Caucasian,Female,[70-80),?,2,3,7,5,MC,Emergency/Trauma,38,6,10,0,1,0,780,458,250,9,,,Steady,No,No,No,No,No,No,No,No,No,No,No,No,No,No,No,No,No,No,No,No,No,No,No,Yes
160171746,45297891,AfricanAmerican,Male,[60-70),?,1,2,7,4,MC,?,49,3,18,0,0,0,410,250,414,9,,,No,No,No,No,No,No,No,No,No,No,Down,No,No,No,No,No,No,Down,No,No,No,No,No,Ch,Yes
160173498,114276420,Caucasian,Male,[60-70),[100-125),2,1,1,5,MC,?,41,0,11,0,0,2,789,428,585,9,,,No,No,No,No,No,No,No,No,No,No,No,No,No,No,No,No,No,No,No,No,No,No,No,No,No
160177602,12866220,Caucasian,Female,[60-70),?,2,6,1,7,?,?,68,3,23,0,1,2,493,250.02,428,9,,,No,No,No,No,No,No,No,No,No,No,No,No,No,No,No,No,No,Up,No,No,No,No,No,Ch,Yes
160180974,43871274,Caucasian,Female,[60-70),?,3,1,1,1,MD,Radiologist,3,0,6,0,0,0,786,492,493,7,,,No,No,No,No,No,No,Down,No,No,Steady,No,No,No,No,No,No,No,No,No,No,No,No,No,Ch,Yes
160181604,25297353,Caucasian,Female,[70-80),?,3,3,1,6,MC,InternalMedicine,35,0,9,0,0,0,584,496,428,9,,,No,No,No,No,No,No,No,No,No,No,No,No,No,No,No,No,No,Up,No,No,No,No,No,Ch,Yes
160181916,39619593,Caucasian,Male,[80-90),?,2,3,7,8,MC,Emergency/Trauma,76,3,25,0,0,0,410,507,348,9,,,No,No,No,No,No,No,No,No,No,No,No,No,No,No,No,No,No,Down,No,No,No,No,No,Ch,Yes
160182564,52347033,AfricanAmerican,Male,[70-80),?,1,15,1,7,?,?,38,3,34,1,0,2,250.7,785,707,9,,,No,No,No,No,No,No,No,No,No,No,No,No,No,No,No,No,No,Steady,No,No,No,No,No,No,Yes
160185120,86318982,Caucasian,Female,[70-80),?,1,3,7,6,MC,?,40,0,16,2,0,0,486,250.6,337,9,>300,,No,No,No,No,No,No,No,No,No,No,No,No,No,No,No,No,No,No,No,No,No,No,No,No,No
160186740,103273965,Caucasian,Female,[60-70),?,2,1,7,4,SP,Family/GeneralPractice,47,1,9,0,0,0,578,135,562,8,,,No,No,No,No,No,No,No,No,No,No,No,No,No,No,No,No,No,Up,No,No,No,No,No,Ch,Yes
160187874,84847275,Caucasian,Female,[80-90),?,1,1,7,5,MC,?,34,1,10,0,0,2,453,707,401,6,,,No,No,No,No,No,No,No,No,No,No,No,No,No,No,No,No,No,No,No,No,No,No,No,No,No
160187976,62991135,Caucasian,Female,[50-60),?,5,3,1,4,MC,Surgeon,41,5,32,0,0,1,733,496,780,9,,,No,No,No,No,No,No,No,No,No,No,No,No,No,No,No,No,No,Up,No,No,No,No,No,Ch,Yes
160190754,47224710,Caucasian,Male,[70-80),?,5,1,1,1,MC,?,33,0,6,0,0,0,250.8,E932,401,6,,,Steady,No,No,No,No,No,No,No,No,No,No,No,No,No,No,No,No,No,No,No,No,No,No,No,Yes
160191282,89691120,AfricanAmerican,Female,[80-90),?,1,13,7,12,?,?,75,0,31,0,0,2,428,431,427,9,,,No,No,No,No,No,No,Steady,No,No,No,No,No,No,No,No,No,No,Steady,No,No,No,No,No,Ch,Yes
160191348,58040064,AfricanAmerican,Female,[60-70),?,2,1,1,11,?,InternalMedicine,48,3,19,0,0,1,440,585,584,9,,,No,No,No,No,No,No,No,No,No,No,No,No,No,No,No,No,No,No,No,No,No,No,No,No,No
160191942,98683056,Caucasian,Female,[70-80),?,2,3,7,4,SP,Emergency/Trauma,64,2,18,0,0,0,820,276,424,9,,>7,Steady,No,No,No,No,No,Steady,No,No,No,No,No,No,No,No,No,No,Up,No,No,No,No,No,Ch,Yes
160192002,64564002,Caucasian,Male,[80-90),?,1,3,7,9,MC,Cardiology,61,0,17,0,0,1,8,780,435,7,,,No,No,No,No,No,No,No,No,No,No,No,No,No,No,No,No,No,Down,No,No,No,No,No,Ch,Yes
160192146,84535641,Caucasian,Female,[30-40),?,1,2,7,1,HM,?,49,0,8,0,0,0,571,572,789,9,,,No,No,No,No,No,No,No,No,No,No,No,No,No,No,No,No,No,No,No,No,No,No,No,No,No
160193052,110678391,Caucasian,Female,[80-90),?,2,3,7,4,MC,InternalMedicine,54,0,12,0,0,1,250.8,787,401,6,,,Steady,No,No,No,No,No,No,No,No,No,No,No,No,No,No,No,No,No,No,No,No,No,No,No,Yes
160193382,41227830,Caucasian,Female,[70-80),?,1,23,7,1,MC,?,54,0,13,0,0,3,428,787,276,7,,,No,No,No,No,No,No,No,No,No,No,No,No,No,No,No,No,No,Steady,No,No,No,No,No,No,Yes
160193754,24200991,Caucasian,Male,[50-60),?,3,1,1,3,BC,Surgery-General,38,3,14,0,0,0,997,531,E878,7,,,Steady,No,No,No,No,No,No,Steady,No,Steady,No,No,No,No,No,No,No,Steady,No,No,No,No,No,Ch,Yes
160195128,66166470,Caucasian,Female,[60-70),?,1,1,1,1,HM,?,1,2,13,0,0,0,426,250.4,583,7,,,No,No,No,No,No,No,No,Steady,No,Steady,No,No,No,No,No,No,No,No,No,No,No,No,No,Ch,Yes
160197558,63367614,Caucasian,Male,[50-60),?,1,1,7,3,?,?,68,0,18,1,0,0,402,585,428,9,,,No,No,No,No,Steady,No,No,No,No,No,No,No,No,No,No,No,No,Steady,No,No,No,No,No,Ch,Yes
160198218,84351825,Caucasian,Female,[30-40),?,1,1,7,1,BC,?,29,1,4,2,0,0,250.6,707,682,6,,,No,No,No,No,No,No,No,No,No,No,No,No,No,No,No,No,No,No,No,No,No,No,No,No,No
160198542,66466701,Caucasian,Male,[40-50),?,1,1,7,1,?,?,79,0,5,0,0,0,197,250.11,492,9,,,No,No,No,No,No,No,No,No,No,No,No,No,No,No,No,No,No,No,No,No,No,No,No,No,No
160198938,29593782,Caucasian,Female,[70-80),?,1,6,1,4,MC,?,39,0,20,2,0,0,491,425,414,9,,,Up,No,No,No,Steady,No,No,No,No,No,No,No,No,No,No,No,No,Up,No,No,No,No,No,Ch,Yes
160198962,25387524,Caucasian,Female,[80-90),[50-75),1,6,7,6,UN,?,64,3,16,1,0,2,996,117,V43,9,,,No,No,No,No,No,No,No,No,No,No,No,No,No,No,No,No,No,No,No,No,No,No,No,No,No
160199172,84926700,AfricanAmerican,Male,[60-70),?,1,6,7,4,HM,?,76,0,18,0,0,0,428,403,250.8,8,,,No,No,No,No,No,No,No,Steady,No,No,No,No,No,No,No,No,No,No,No,No,No,No,No,No,Yes
160202610,29537568,Caucasian,Female,[70-80),?,5,1,1,1,MC,?,37,0,13,2,0,1,414,411,276,8,,Norm,Steady,No,No,No,No,No,No,No,No,No,No,No,No,No,No,No,No,Steady,No,No,No,No,No,Ch,Yes
160204038,59866452,Caucasian,Female,[60-70),?,2,1,1,3,?,Psychiatry,25,0,6,0,0,0,296,250,272,7,,,No,No,No,No,No,No,No,No,No,No,No,No,No,No,No,No,No,No,No,No,No,No,No,No,No
160204194,85764501,Caucasian,Female,[70-80),?,1,6,7,4,MC,?,64,0,22,2,0,1,428,486,496,9,,,No,No,No,No,No,No,Steady,No,No,No,No,No,No,No,No,No,No,No,No,No,No,No,No,No,Yes
160208982,95188284,Caucasian,Female,[80-90),?,1,1,7,8,MC,Surgery-General,63,0,18,0,0,0,486,496,790,9,,>7,Steady,No,No,No,Up,No,No,No,No,Steady,No,No,No,No,No,No,No,No,No,No,No,No,No,Ch,Yes
160209162,53324991,Caucasian,Male,[50-60),?,1,2,7,2,BC,?,39,2,17,0,0,0,410,428,401,9,,Norm,No,No,No,No,No,No,No,No,No,No,No,No,No,No,No,No,No,Up,No,No,No,No,No,Ch,Yes
160253550,92040669,Caucasian,Female,[70-80),?,5,6,1,3,MC,?,41,4,20,0,0,0,722,292,518,9,,,No,No,No,No,No,No,No,Steady,No,No,Steady,No,No,No,No,No,No,Steady,No,No,No,No,No,Ch,Yes
160255674,96824817,Caucasian,Female,[40-50),?,1,6,7,4,HM,?,51,1,22,0,0,0,682,491,401,9,,Norm,No,No,No,No,No,No,No,No,No,No,No,No,No,No,No,No,No,No,No,No,No,No,No,No,No
160257684,39421818,Caucasian,Male,[80-90),?,1,22,7,5,MC,?,41,2,15,0,0,0,434,496,250.02,9,,Norm,No,No,No,No,No,No,No,No,No,Steady,No,No,No,No,No,No,No,Steady,No,No,No,No,No,Ch,Yes
160260414,102215187,Caucasian,Male,[40-50),?,1,1,7,3,HM,?,57,3,24,0,0,0,996,38,995,9,,,No,No,No,No,No,No,No,No,No,No,No,No,No,No,No,No,No,Down,No,No,No,No,No,Ch,Yes
160263120,23465349,AfricanAmerican,Female,[50-60),?,3,1,1,4,MC,InternalMedicine,37,0,15,0,1,1,562,710,428,9,,,No,No,No,No,No,No,No,No,No,No,No,No,No,No,No,No,No,Up,No,No,No,No,No,Ch,Yes
160263222,61854309,Caucasian,Male,[40-50),[75-100),2,1,1,1,UN,InternalMedicine,31,0,1,0,1,0,250.22,276,305,5,,,No,No,No,No,No,No,Up,No,No,No,No,No,No,No,No,No,No,No,No,No,No,No,No,Ch,Yes
160265190,43864380,Caucasian,Female,[80-90),?,1,1,7,4,MC,?,61,0,12,0,0,0,8,276,599,7,,,Steady,No,No,No,No,No,No,No,No,No,No,No,No,No,No,No,No,Steady,No,No,No,No,No,Ch,Yes
160265508,62375175,AfricanAmerican,Male,[50-60),?,3,1,1,3,?,Family/GeneralPractice,42,0,14,0,0,0,486,250,401,9,,,No,No,No,No,No,No,No,No,No,No,No,No,No,No,No,No,No,No,No,No,No,No,No,No,No
160267464,39569661,Caucasian,Male,[80-90),?,2,1,7,5,MC,Emergency/Trauma,66,3,11,0,0,0,427,427,780,8,,Norm,No,No,No,No,No,No,No,No,No,No,No,No,No,No,No,No,No,No,No,No,No,No,No,No,No
160270386,70688736,AfricanAmerican,Female,[20-30),?,1,6,7,12,DM,?,69,4,30,0,0,0,276,996,112,9,,>8,No,No,No,No,No,No,No,No,No,No,No,No,No,No,No,No,No,Down,No,No,No,No,No,Ch,Yes
160275888,82115712,Caucasian,Female,[40-50),?,2,1,1,3,?,Cardiology,34,3,9,0,0,0,414,411,428,6,,,No,No,No,No,No,No,No,No,No,No,No,No,No,No,No,No,No,No,No,No,No,No,No,No,No
160278390,43868322,Caucasian,Male,[50-60),?,3,6,1,11,UN,?,48,0,11,0,0,1,V57,438,438,9,,,Up,No,No,No,No,No,No,No,No,No,No,No,No,No,No,No,No,Up,No,No,No,No,No,Ch,Yes
160279692,16666668,Caucasian,Female,[70-80),[75-100),1,1,7,2,MC,Cardiology,63,0,9,4,2,1,998,285,E878,9,,,Steady,No,No,No,No,No,No,Steady,No,No,No,No,No,No,No,No,No,No,No,No,No,No,No,Ch,Yes
160284600,102150216,Caucasian,Female,[80-90),?,1,1,7,3,MC,?,43,0,16,0,0,0,493,428,250,8,,,No,No,No,No,No,No,No,No,No,No,No,No,No,No,No,No,No,Steady,No,No,No,No,No,No,Yes
160285602,31540032,Caucasian,Female,[70-80),?,5,1,1,2,MC,?,44,0,10,1,0,0,276,250.02,780,9,,>8,Steady,No,No,No,No,No,No,No,No,No,No,No,No,No,No,No,No,Up,No,No,No,No,No,Ch,Yes
160287738,52189857,AfricanAmerican,Male,[70-80),?,1,1,7,13,?,?,50,3,30,1,0,0,11,403,585,9,,,No,No,No,No,No,No,No,No,No,No,No,No,No,No,No,No,No,No,No,No,No,No,No,No,No
160289160,51965901,Caucasian,Female,[80-90),?,3,6,1,3,?,Family/GeneralPractice,55,0,16,3,1,0,584,276,250,9,,,No,No,No,No,No,No,Steady,No,No,No,No,No,No,No,No,No,No,No,No,No,No,No,No,No,Yes
160290234,38498076,Caucasian,Male,[60-70),?,1,1,7,1,?,?,45,0,5,1,0,0,584,276,276,9,,,No,No,No,No,No,No,No,No,No,No,No,No,No,No,No,No,No,Up,No,No,No,No,No,Ch,Yes
160291950,88142940,AfricanAmerican,Male,[70-80),?,1,11,7,3,MC,?,63,0,14,0,0,0,38,599,403,9,,,No,No,No,No,No,No,No,No,No,No,No,No,No,No,No,No,No,No,No,No,No,No,No,No,No
160292160,30159819,Caucasian,Female,[80-90),?,2,1,7,5,SP,Emergency/Trauma,41,2,5,0,0,0,780,787,786,6,,,No,No,No,No,No,No,Down,No,No,No,No,No,No,No,No,No,No,No,No,No,No,No,No,Ch,Yes
160295214,96294564,Caucasian,Female,[30-40),?,2,1,1,6,?,Family/GeneralPractice,15,0,11,0,0,0,295,250,401,5,,,Steady,No,No,No,No,No,No,No,No,No,No,No,No,No,No,No,No,No,No,No,No,No,No,No,Yes
160296180,90705807,Caucasian,Female,[80-90),?,1,6,7,6,MC,Emergency/Trauma,49,2,21,1,0,0,427,276,403,7,,,No,No,No,No,No,No,No,Steady,No,No,No,No,No,No,No,No,No,No,No,No,No,No,No,No,Yes
160296762,109788336,Caucasian,Female,[80-90),?,2,3,7,3,MC,Emergency/Trauma,46,0,18,0,0,0,924,682,276,9,,>7,No,No,No,No,Steady,No,No,No,No,Steady,No,No,No,No,No,No,No,Steady,No,No,No,No,No,Ch,Yes
160296858,100652958,Caucasian,Female,[90-100),?,2,3,7,6,MC,Emergency/Trauma,61,0,9,0,0,0,174,276,599,9,,>7,No,No,No,No,Steady,No,No,No,No,No,No,No,No,No,No,No,No,Up,No,No,No,No,No,Ch,Yes
160297260,84532482,Caucasian,Male,[80-90),?,5,3,1,3,MC,?,50,0,11,2,0,0,250.8,424,397,9,,,No,No,No,No,No,No,No,No,No,No,No,No,No,No,No,No,No,Up,No,No,No,No,No,Ch,Yes
160297542,84613572,Caucasian,Female,[70-80),?,1,1,7,1,MC,?,38,1,10,1,1,0,287,205,250,5,,,Steady,No,No,No,No,No,Steady,Steady,No,No,No,No,No,No,No,No,No,No,No,No,No,No,No,Ch,Yes
160298082,75355272,Caucasian,Male,[70-80),?,1,1,7,2,MC,?,41,0,11,0,0,1,38,599,403,9,,,No,No,No,No,No,No,No,No,No,No,No,No,No,No,No,No,No,Down,No,No,No,No,No,Ch,Yes
160300086,92779389,Caucasian,Male,[70-80),?,1,6,7,3,MC,Emergency/Trauma,45,1,18,0,1,1,458,403,585,9,,,No,No,No,No,No,No,Up,No,No,Steady,No,No,No,No,No,No,No,Up,No,No,No,No,No,Ch,Yes
160302000,85899870,Caucasian,Male,[20-30),?,1,1,7,5,CP,?,45,1,10,0,0,0,813,250.13,599,5,,,No,No,No,No,No,No,No,No,No,No,No,No,No,No,No,No,No,No,No,No,No,No,No,No,No
160302612,90984888,AfricanAmerican,Male,[50-60),?,1,1,7,3,?,?,65,1,11,0,2,1,535,250,414,4,,,No,No,No,No,No,No,No,Steady,No,No,No,No,No,No,No,No,No,Steady,No,No,No,No,No,Ch,Yes
160304214,92758167,Caucasian,Female,[80-90),?,2,4,7,1,MC,Emergency/Trauma,41,0,16,0,0,0,427,401,786,9,,,No,No,No,No,No,No,Steady,No,No,No,No,No,No,No,No,No,No,No,No,No,No,No,No,No,Yes
160305456,82401210,AfricanAmerican,Male,[40-50),?,1,1,7,2,?,?,45,3,17,1,0,0,414,411,250,6,,,Steady,No,No,No,No,No,No,No,No,No,No,No,No,No,No,No,No,Steady,No,No,No,No,No,Ch,Yes
160305678,90929835,Caucasian,Male,[40-50),?,1,1,7,6,HM,?,58,0,8,0,0,0,562,599,250,7,,,No,No,No,No,No,No,No,No,No,No,No,No,No,No,No,No,No,No,No,No,No,No,No,No,No
160306560,113153004,Caucasian,Male,[70-80),?,5,1,1,2,MC,?,58,0,11,0,0,0,789,560,787,9,,,No,No,No,No,No,No,No,No,No,No,No,No,No,No,No,No,No,Up,No,No,No,No,No,Ch,Yes
160306854,97389342,Caucasian,Female,[80-90),?,2,3,7,7,MC,Emergency/Trauma,82,1,21,1,0,1,599,276,287,9,,,No,No,No,No,Steady,No,No,No,No,No,No,No,No,No,No,No,No,Up,No,No,No,No,No,Ch,Yes
160306980,89163558,Caucasian,Female,[60-70),?,2,6,7,2,MC,Emergency/Trauma,44,1,17,0,1,1,780,496,428,9,,,No,No,No,No,No,No,Steady,No,No,No,No,No,No,No,No,No,No,No,No,No,No,No,No,No,Yes
160307694,25298397,Caucasian,Female,[80-90),?,1,11,7,2,MC,InternalMedicine,50,0,22,0,0,0,402,486,427,9,,,No,No,No,No,No,No,No,No,No,No,No,No,No,No,No,No,No,Steady,No,No,No,No,No,No,Yes
160311258,35730270,AfricanAmerican,Male,[60-70),?,1,3,7,12,MC,?,55,4,34,0,1,1,250.7,785,403,9,,,No,No,No,No,No,No,No,No,No,No,No,No,No,No,No,No,No,Down,No,No,No,No,No,Ch,Yes
160311738,25298541,AfricanAmerican,Female,[50-60),?,1,22,7,4,CP,Orthopedics-Reconstructive,39,2,22,0,0,0,820,E917,891,5,,>8,Steady,No,No,No,No,No,No,No,No,No,No,No,No,No,No,No,No,Steady,No,No,No,No,No,Ch,Yes
160314624,59348223,Caucasian,Female,[20-30),?,3,1,1,2,HM,?,19,2,12,0,0,0,663,648,250,5,,,No,No,No,No,No,No,No,No,No,No,No,No,No,No,No,No,No,No,No,No,No,No,No,No,No
160314990,82628442,AfricanAmerican,Male,[60-70),?,3,1,1,1,?,Cardiology,4,5,10,0,0,0,414,413,276,5,,,No,Steady,No,No,No,No,No,No,No,No,No,No,No,No,No,No,No,No,No,No,No,No,No,No,Yes
160320846,31053438,Caucasian,Male,[70-80),?,3,3,1,5,MC,Surgery-Vascular,37,1,17,0,0,0,250.8,682,707,6,,,Down,No,No,No,No,No,No,Up,No,No,No,No,No,No,No,No,No,Up,No,No,No,No,No,Ch,Yes
160321776,23717187,AfricanAmerican,Female,[90-100),?,1,6,7,5,MC,Family/GeneralPractice,44,1,11,0,0,1,428,425,401,9,,,Steady,No,No,No,No,No,No,No,No,No,No,No,No,No,No,No,No,No,No,No,No,No,No,No,Yes
160328076,89144928,Caucasian,Male,[50-60),?,2,2,7,2,BC,Emergency/Trauma,45,4,14,0,0,0,410,414,401,5,,>7,No,No,No,No,No,No,Steady,No,No,No,No,No,No,No,No,No,No,Steady,No,No,No,No,No,Ch,Yes
160328970,42426837,Caucasian,Male,[70-80),?,1,3,7,3,SP,?,45,0,16,0,0,2,427,276,276,9,,,Steady,No,No,No,No,No,No,Up,No,No,No,No,No,No,No,No,No,No,No,No,No,No,No,Ch,Yes
160329330,33906141,Caucasian,Female,[80-90),?,1,6,7,6,MC,?,76,1,21,0,0,1,410,428,424,9,,,No,No,No,No,No,No,No,No,No,No,No,No,No,No,No,No,No,Steady,No,No,No,No,No,No,Yes
160330428,97924023,Caucasian,Male,[70-80),?,5,6,1,4,MC,?,48,1,17,2,0,2,414,413,790,9,,Norm,No,No,No,No,No,No,No,No,No,No,No,No,No,No,No,No,No,No,No,No,No,No,No,No,No
160331046,49269267,AfricanAmerican,Female,[70-80),?,1,1,7,3,MC,?,66,1,11,0,0,0,252,276,293,9,,,No,No,No,No,No,No,No,No,No,No,No,No,No,No,No,No,No,Steady,No,No,No,No,No,No,Yes
160331226,97550379,Caucasian,Female,[30-40),?,5,1,1,2,DM,?,45,0,14,0,0,2,250.11,584,250.6,9,,>8,No,No,No,No,No,No,No,No,No,No,No,No,No,No,No,No,No,Up,No,No,No,No,No,Ch,Yes
160331232,100305270,AfricanAmerican,Male,[50-60),?,2,6,7,2,SP,Emergency/Trauma,47,3,16,0,0,0,682,250,401,4,,>7,Steady,No,No,No,No,No,No,No,No,No,No,No,No,No,No,No,No,Down,No,No,No,No,No,Ch,Yes
160331598,72492120,AfricanAmerican,Female,[40-50),?,1,1,7,5,?,?,41,0,12,0,0,0,434,784,781,9,,,No,No,No,No,No,No,No,No,No,No,No,No,No,No,No,No,No,No,No,No,No,No,No,No,No
160332342,58779495,AfricanAmerican,Male,[40-50),?,1,22,7,6,?,?,53,3,19,0,0,4,805,820,808,7,,,No,No,No,No,No,No,No,No,No,No,No,No,No,No,No,No,No,Steady,No,No,No,No,No,No,Yes
160332954,23236155,AfricanAmerican,Female,[40-50),?,1,1,7,4,BC,Emergency/Trauma,38,1,15,0,0,0,682,250.02,41,4,,>8,Steady,No,No,No,No,No,No,No,No,No,No,No,No,No,No,No,No,Up,No,No,No,No,No,Ch,Yes
160333428,58735485,AfricanAmerican,Male,[40-50),?,1,5,7,3,MD,?,68,0,14,0,0,1,250.1,305,305,9,,,No,No,No,No,No,No,No,No,No,No,No,No,No,No,No,No,No,Down,No,No,No,No,No,Ch,Yes
160333644,67578831,Caucasian,Female,[50-60),[75-100),1,1,7,3,HM,Cardiology,68,0,19,0,1,2,493,428,424,8,,,No,No,No,No,No,No,No,Steady,No,No,No,No,No,No,No,No,No,No,No,No,No,No,No,No,Yes
160334436,67626414,Caucasian,Female,[80-90),?,1,1,7,4,MC,?,79,0,27,0,0,0,486,496,38,9,,>7,No,No,No,No,No,No,No,No,No,No,No,No,No,No,No,No,No,Down,No,No,No,No,No,Ch,Yes
160334922,41564862,Caucasian,Female,[40-50),?,1,1,7,3,BC,?,63,1,15,2,0,3,537,456,284,7,,,No,No,No,No,No,No,No,No,No,No,No,No,No,No,No,No,No,Down,No,No,No,No,No,Ch,Yes
160335522,110255994,AfricanAmerican,Male,[40-50),?,3,6,7,1,SP,Emergency/Trauma,46,0,6,0,0,0,250.82,707,414,6,,>8,No,No,No,No,No,No,No,No,No,No,Steady,No,No,No,No,No,No,Up,No,No,No,No,No,Ch,Yes
160336848,51790383,AfricanAmerican,Female,[30-40),?,1,1,7,5,?,?,45,2,31,1,0,3,537,780,585,9,,,No,No,No,No,No,No,No,No,No,No,No,No,No,No,No,No,No,Steady,No,No,No,No,No,No,Yes
160337004,27605133,AfricanAmerican,Female,[60-70),?,1,1,7,4,MC,?,51,6,23,0,0,1,414,411,403,7,,,No,No,No,No,No,No,Steady,No,No,No,No,No,No,No,No,No,No,Steady,No,No,No,No,No,Ch,Yes
160341192,70117398,Caucasian,Female,[70-80),?,1,22,7,4,MC,Orthopedics,49,1,14,0,0,0,820,E888,E849,9,,Norm,No,No,No,No,No,No,Steady,No,No,No,No,No,No,No,No,No,No,No,No,No,No,No,No,No,Yes
160341474,25304283,AfricanAmerican,Male,[50-60),?,1,3,7,6,MD,InternalMedicine,45,0,18,0,0,0,428,496,425,9,,Norm,No,No,No,No,No,No,No,No,No,No,No,No,No,No,No,No,No,Steady,No,No,No,No,No,No,Yes
160342386,106693524,Caucasian,Female,[70-80),?,1,3,7,11,MC,InternalMedicine,86,1,20,0,0,0,482,482,250,9,,>7,No,No,No,No,No,No,No,Up,No,No,No,No,No,No,No,No,No,No,No,No,No,No,No,Ch,Yes
160342896,33518934,Caucasian,Male,[40-50),?,1,1,7,2,MC,?,50,0,10,0,0,0,562,305,401,6,,,No,No,No,No,No,No,No,No,No,No,No,No,No,No,No,No,No,No,No,No,No,No,No,No,No
160343490,97397865,Caucasian,Female,[50-60),?,5,6,7,3,HM,?,25,1,19,1,0,0,823,E829,401,9,,,Steady,No,No,No,No,No,No,Steady,No,No,No,No,No,No,No,No,No,Steady,No,No,No,No,No,Ch,Yes
160343730,111452859,AfricanAmerican,Male,[40-50),?,1,1,7,2,MC,InternalMedicine,54,4,16,0,0,0,780,V45,403,9,,>7,No,No,No,No,No,No,No,No,No,No,No,No,No,No,No,No,No,Down,No,No,No,No,No,Ch,Yes
160344090,92304657,Caucasian,Male,[50-60),?,1,1,7,5,BC,?,58,6,13,0,0,1,518,491,276,9,,,No,No,No,No,No,No,No,No,No,No,No,No,No,No,No,No,No,No,No,No,No,No,No,No,No
160344390,49297437,Caucasian,Male,[40-50),?,1,6,7,7,MC,?,44,2,25,0,0,0,997,250.7,785,9,,,No,No,No,No,No,No,No,No,No,No,No,No,No,No,No,No,No,No,No,No,No,No,No,No,No
160345272,31058469,Caucasian,Male,[80-90),?,1,6,1,2,MC,?,31,0,14,1,2,1,428,491,584,9,,,No,No,No,No,No,No,No,No,No,No,No,No,No,No,No,No,No,Up,No,No,No,No,No,Ch,Yes
160345584,74051037,Caucasian,Male,[70-80),?,1,1,7,5,BC,?,35,2,22,0,0,0,560,997,560,9,,,No,No,No,No,Down,No,No,No,No,No,No,No,No,No,No,No,No,Steady,No,No,No,No,No,Ch,Yes
160345758,23638689,AfricanAmerican,Female,[30-40),?,1,1,7,1,MC,Nephrology,43,0,15,2,1,0,780,403,585,9,,,No,No,No,No,No,No,No,No,No,No,No,No,No,No,No,No,No,Down,No,No,No,No,No,Ch,Yes
160345842,81924948,Caucasian,Female,[50-60),?,1,1,7,7,MC,InternalMedicine,69,1,26,0,1,2,485,491,799,9,,,No,No,No,No,Steady,No,No,No,No,No,No,No,No,No,No,No,No,Steady,No,No,No,No,No,Ch,Yes
160346376,84886524,Caucasian,Female,[20-30),?,1,1,1,4,HM,?,59,2,20,0,1,0,568,535,250.12,9,,>8,No,No,No,No,No,No,No,No,No,No,No,No,No,No,No,No,No,No,No,No,No,No,No,No,No
160346604,23429673,AfricanAmerican,Female,[80-90),?,1,1,7,2,MC,InternalMedicine,43,0,14,0,0,0,786,585,250,9,,,Steady,No,No,No,No,No,Steady,No,No,No,No,No,No,No,No,No,No,Steady,No,No,No,No,No,Ch,Yes
160347048,62367939,Caucasian,Female,[30-40),?,1,1,7,3,?,?,46,2,9,1,0,2,590,250.01,276,9,,,No,No,No,No,No,No,No,Steady,No,No,Steady,No,No,No,No,No,No,No,No,No,No,No,No,Ch,Yes
160347378,94398570,Caucasian,Female,[60-70),?,1,1,7,1,?,?,37,0,9,0,0,0,434,496,729,9,,,No,No,No,No,No,No,No,No,No,No,No,No,No,No,No,No,No,No,No,No,No,No,No,No,No
160348158,83788758,AfricanAmerican,Male,[20-30),?,1,1,7,2,CP,?,36,0,7,0,0,2,250.33,401,305,6,,>8,No,No,No,No,No,No,No,No,No,No,No,No,No,No,No,No,No,Up,No,No,No,No,No,Ch,Yes
160348404,60094494,AfricanAmerican,Female,[30-40),?,1,1,7,10,?,?,46,3,41,0,1,0,996,38,995,9,,,No,No,No,No,No,No,No,No,No,No,No,No,No,No,No,No,No,Up,No,No,No,No,No,Ch,Yes
160349028,35761572,AfricanAmerican,Female,[70-80),?,1,1,7,2,?,?,54,0,10,0,0,2,428,425,424,9,,,No,No,No,No,No,No,No,No,No,No,No,No,No,No,No,No,No,No,No,No,No,No,No,No,No
160349034,90531468,Caucasian,Female,[30-40),?,1,1,1,2,?,?,41,0,8,0,1,1,486,250,V58,5,,,No,No,No,No,No,No,No,No,No,No,No,No,No,No,No,No,No,Down,No,No,No,No,No,Ch,Yes
160349124,95100165,Caucasian,Female,[70-80),?,2,3,7,3,MC,Emergency/Trauma,42,1,10,0,0,0,721,250,401,5,,,No,No,No,No,No,No,No,Steady,No,No,No,No,No,No,No,No,No,Down,No,No,No,No,No,Ch,Yes
160350258,38358162,AfricanAmerican,Male,[60-70),?,1,6,7,11,MC,?,74,2,14,0,0,0,558,287,276,9,,Norm,No,No,No,No,No,No,No,No,No,No,No,No,No,No,No,No,No,No,No,No,No,No,No,No,No
160351014,97784253,Other,Male,[50-60),?,2,2,7,2,SP,Surgery-General,64,3,15,0,0,0,410,414,250,4,,,No,No,No,No,No,No,No,No,No,No,No,No,No,No,No,No,No,Down,No,No,No,No,No,Ch,Yes
160352274,87079203,Other,Male,[40-50),?,1,15,1,8,?,?,63,5,34,0,0,0,486,518,295,9,,,No,No,No,No,No,No,No,No,No,No,No,No,No,No,No,No,No,Steady,No,No,No,No,No,No,Yes
160352772,56705337,Caucasian,Female,[80-90),?,1,3,7,3,MC,?,56,1,15,0,0,1,9,250.01,276,9,,,No,No,No,No,No,No,No,No,No,No,No,No,No,No,No,No,No,Down,No,No,No,No,No,Ch,Yes
160353114,90648522,Caucasian,Female,[50-60),?,1,1,7,2,HM,?,43,0,11,0,0,0,250.11,V58,401,5,,,No,No,No,No,No,No,No,No,No,No,No,No,No,No,No,No,No,Down,No,No,No,No,No,Ch,Yes
160353474,65249856,Caucasian,Male,[30-40),?,2,1,7,5,?,Family/GeneralPractice,21,1,13,0,0,0,304,303,311,8,,,No,No,No,No,No,No,No,No,No,No,No,No,No,No,No,No,No,No,No,No,No,No,No,No,No
160354110,25299081,Caucasian,Male,[70-80),?,1,1,7,2,MC,InternalMedicine,42,0,14,0,0,0,38,496,250,9,,,No,No,No,No,No,No,No,No,No,No,No,No,No,No,No,No,No,No,No,No,No,No,No,No,No
160356162,25299090,Caucasian,Female,[60-70),?,2,1,1,2,MC,Cardiology,41,3,17,0,0,0,414,411,401,7,,,No,No,No,No,No,No,No,No,No,No,No,No,No,No,No,No,No,Up,No,No,No,No,No,Ch,Yes
160357026,43873281,Caucasian,Male,[60-70),?,1,1,7,3,SP,?,71,0,15,0,0,0,428,486,414,9,,,No,No,No,No,Steady,No,No,No,No,No,No,No,No,No,No,No,No,Up,No,No,No,No,No,Ch,Yes
160357956,23199021,AfricanAmerican,Male,[50-60),?,1,1,7,5,BC,InternalMedicine,38,1,14,0,2,8,530,585,530,9,,,No,No,No,No,No,No,No,No,No,No,No,No,No,No,No,No,No,No,No,No,No,No,No,No,No
160357974,84369501,Caucasian,Female,[80-90),?,1,6,7,2,MC,?,49,1,12,6,0,5,578,427,428,9,,,No,No,No,No,No,No,No,No,No,No,No,No,No,No,No,No,No,No,No,No,No,No,No,No,No
160358010,87111396,Caucasian,Female,[80-90),?,5,3,1,3,MC,?,42,0,12,13,0,1,38,295,599,9,,,No,No,No,No,No,No,No,No,No,No,No,No,No,No,No,No,No,No,No,No,No,No,No,No,No
160358196,25299153,Caucasian,Female,[70-80),?,1,1,7,13,MC,InternalMedicine,61,2,34,0,0,0,577,574,428,7,,Norm,No,No,No,No,No,No,No,No,No,No,No,No,No,No,No,No,No,Steady,No,No,No,No,No,No,Yes
160358412,93647691,Caucasian,Male,[60-70),?,1,3,7,4,?,?,44,0,14,1,0,1,599,276,41,8,,,No,No,No,No,No,No,No,No,No,No,No,No,No,No,No,No,No,Down,No,No,No,No,No,Ch,Yes
160359078,23847876,Caucasian,Female,[80-90),?,1,1,7,3,MC,InternalMedicine,43,0,10,0,0,0,790,780,250.4,9,,,No,No,No,No,No,No,Steady,No,No,No,No,No,No,No,No,No,No,No,No,No,No,No,No,No,Yes
160359360,106134390,Caucasian,Female,[70-80),?,2,1,7,3,MC,Emergency/Trauma,46,0,7,0,0,0,435,276,782,7,,>7,Steady,No,No,No,No,No,No,No,No,No,No,No,No,No,No,No,No,No,No,No,No,No,No,No,Yes
160359426,105073623,AfricanAmerican,Male,[70-80),?,3,6,1,6,MC,?,52,2,17,0,0,0,414,496,V45,9,,,No,No,No,No,No,No,No,No,No,Up,No,No,No,No,No,No,No,Steady,Steady,No,No,No,No,Ch,Yes
160359792,61994160,Caucasian,Female,[70-80),?,1,22,7,5,?,?,43,1,34,1,0,0,824,250.6,E849,9,,,No,No,No,No,No,No,No,No,No,No,No,No,No,No,No,No,No,No,No,No,No,No,No,No,No
160360566,93205692,Caucasian,Male,[40-50),?,2,1,7,3,OG,Emergency/Trauma,56,1,11,4,10,4,577,535,401,5,,,No,No,No,No,No,No,No,No,No,No,No,No,No,No,No,No,No,Down,No,No,No,No,No,Ch,Yes
160361088,111138615,AfricanAmerican,Female,[60-70),?,1,6,2,5,?,?,51,5,24,0,0,0,824,413,250.92,9,,,No,No,No,No,No,No,No,No,No,No,No,No,No,No,No,No,No,Down,No,No,No,No,No,Ch,Yes
160361508,43872696,Caucasian,Male,[60-70),?,1,1,7,2,MD,?,71,0,15,0,0,0,486,276,253,7,,,Steady,No,No,No,No,No,No,Steady,No,No,No,No,No,No,No,No,No,No,No,No,No,No,No,Ch,Yes
160361538,59439258,?,Male,[50-60),?,1,11,7,1,CP,?,43,6,26,0,0,0,852,250,401,9,,,No,No,No,No,No,No,No,No,No,No,No,No,No,No,No,No,No,Down,No,No,No,No,No,Ch,Yes
160362426,93151035,Caucasian,Female,[40-50),?,2,1,7,3,MD,Family/GeneralPractice,67,0,21,0,1,2,493,250,278,4,,,Steady,No,No,No,No,No,Steady,No,No,No,No,No,No,No,No,No,No,Down,No,No,No,No,No,Ch,Yes
160363392,73024029,Caucasian,Female,[50-60),?,1,1,7,3,?,?,48,1,20,1,0,0,535,780,401,9,,,No,No,No,No,No,No,No,No,No,No,No,No,No,No,No,No,No,Steady,No,No,No,No,No,No,Yes
160363620,60216201,Other,Male,[70-80),?,6,1,7,4,?,?,42,3,26,0,0,0,414,413,V45,6,>300,,No,No,No,No,No,No,Steady,No,No,No,No,No,No,No,No,No,No,No,No,No,No,No,No,No,Yes
160364346,40999464,Caucasian,Female,[70-80),?,1,1,7,4,MC,?,55,1,19,0,0,4,511,250.02,518,7,,,No,No,No,No,No,No,No,No,No,No,No,No,No,No,No,No,No,Down,No,No,No,No,No,Ch,Yes
160364496,23718141,Caucasian,Female,[30-40),?,3,1,1,4,BC,Family/GeneralPractice,36,0,20,0,4,3,250.03,276,599,9,,,No,No,No,No,No,No,No,No,No,No,No,No,No,No,No,No,No,Steady,No,No,No,No,No,No,Yes
160364730,105831495,Caucasian,Female,[80-90),?,1,1,7,3,?,InternalMedicine,68,1,18,2,1,1,403,585,V45,9,,,No,Steady,No,No,No,No,No,No,No,No,No,No,No,No,No,No,No,Steady,No,No,No,No,No,Ch,Yes
160365294,21889917,?,Female,[80-90),?,6,1,7,2,?,InternalMedicine,50,0,15,0,0,0,733,733,414,6,>200,,Steady,No,No,No,No,No,Steady,No,No,No,No,No,No,No,No,No,No,No,No,No,No,No,No,Ch,Yes
160368948,25118433,AfricanAmerican,Female,[80-90),?,1,1,7,6,MC,InternalMedicine,49,0,23,0,1,1,599,203,250,5,,,No,No,No,No,No,No,Steady,No,No,Steady,No,No,No,No,No,No,No,Up,No,No,No,No,No,Ch,Yes
160369020,41595957,Caucasian,Female,[70-80),?,1,1,7,2,MD,?,33,0,19,0,0,2,428,486,496,4,,,No,No,No,No,No,No,No,No,No,No,No,No,No,No,No,No,No,Down,No,No,No,No,No,Ch,Yes
160369494,111234645,Caucasian,Female,[60-70),?,1,6,7,14,?,?,68,3,59,0,0,0,414,428,411,9,,,No,No,No,No,No,No,No,No,No,Steady,No,No,No,No,No,No,No,Up,No,No,No,No,No,Ch,Yes
160369668,23849784,Caucasian,Female,[40-50),?,1,1,7,4,?,InternalMedicine,37,1,14,1,1,0,530,250,?,2,,,No,No,No,No,No,No,No,No,No,No,No,No,No,No,No,No,No,Steady,No,No,No,No,No,No,Yes
160370226,23895135,AfricanAmerican,Male,[30-40),?,1,1,7,2,SP,Emergency/Trauma,40,0,8,0,2,0,250.1,586,782,3,,,No,No,No,No,No,No,No,No,No,No,No,No,No,No,No,No,No,Down,No,No,No,No,No,Ch,Yes
160371102,86201955,Caucasian,Female,[50-60),?,5,1,1,1,HM,?,3,0,9,1,0,0,786,786,401,9,,,No,No,No,No,No,No,No,No,No,No,No,No,No,No,No,No,No,No,No,No,No,No,No,No,No
160371372,38748330,AfricanAmerican,Male,[80-90),?,3,1,1,4,MC,?,30,2,12,0,0,0,211,401,250,5,,,Steady,No,No,No,No,No,No,No,No,No,No,No,No,No,No,No,No,No,No,No,No,No,No,No,Yes
160371486,51231447,Caucasian,Female,[70-80),?,1,6,7,4,MC,?,66,0,12,0,1,3,276,599,202,9,,,No,No,No,No,No,No,No,No,No,No,No,No,No,No,No,No,No,Steady,No,No,No,No,No,No,Yes
160388394,62094033,Caucasian,Female,[60-70),?,3,6,1,5,?,Cardiology,42,4,40,1,0,0,414,411,250.6,9,,,No,No,No,No,No,No,No,Steady,No,No,No,No,No,No,No,No,No,Steady,No,No,No,No,No,Ch,Yes
160395726,93406824,Caucasian,Female,[70-80),?,3,1,1,1,HM,?,29,2,19,0,0,0,788,496,618,8,,,Up,No,No,No,No,No,Steady,No,No,No,No,No,No,No,No,No,No,No,No,No,No,No,No,Ch,Yes
160398282,103896540,Caucasian,Male,[50-60),?,2,1,1,4,MC,Nephrology,38,5,20,0,0,4,996,790,403,9,,,No,Steady,No,No,No,No,No,No,No,No,Steady,No,No,No,No,No,No,Down,No,No,No,No,No,Ch,Yes
160402782,25305111,AfricanAmerican,Female,[50-60),?,1,1,7,4,BC,Orthopedics-Reconstructive,35,2,30,0,0,0,958,E919,354,6,,,Steady,No,No,No,No,No,No,Steady,No,No,No,No,No,No,No,No,No,Steady,No,No,No,No,No,Ch,Yes
160405440,93836592,Caucasian,Female,[30-40),?,1,1,1,2,?,Emergency/Trauma,35,0,6,0,0,0,250.1,276,V58,5,,,No,No,No,No,No,No,No,No,No,No,No,No,No,No,No,No,No,Up,No,No,No,No,No,Ch,Yes
160414554,114893640,Caucasian,Female,[50-60),[50-75),3,1,1,5,HM,Surgery-General,54,3,20,3,0,0,715,427,424,9,,,No,No,No,No,No,No,No,No,No,No,No,No,No,No,No,No,No,No,No,No,No,No,No,No,No
160415382,25305237,AfricanAmerican,Female,[70-80),?,1,1,7,11,CP,InternalMedicine,43,4,42,0,0,0,574,94,577,9,,,No,No,No,No,No,No,No,No,No,No,No,No,No,No,No,No,No,Up,No,No,No,No,No,Ch,Yes
160422876,24827526,Caucasian,Female,[40-50),?,2,1,5,1,BC,Cardiology,46,3,25,0,0,0,414,411,794,6,,>8,No,No,Steady,No,No,No,No,No,No,No,No,No,No,No,No,No,No,Up,No,No,No,No,No,Ch,Yes
160424070,43866576,Caucasian,Female,[50-60),?,3,1,1,2,UN,Cardiology,56,4,9,0,0,0,786,250.02,272,5,,,No,No,No,No,No,No,No,No,No,No,No,No,No,No,No,No,No,Down,No,No,No,No,No,Ch,Yes
160425414,67078368,AfricanAmerican,Female,[50-60),?,1,1,7,2,MC,?,19,0,12,0,0,0,782,780,780,9,,,No,No,No,No,No,No,No,No,No,No,No,No,No,No,No,No,No,Steady,No,No,No,No,No,No,Yes
160427496,42808383,Caucasian,Male,[60-70),?,3,1,1,2,SP,?,47,0,10,0,0,0,427,428,491,5,,,No,No,No,No,No,No,No,Steady,No,No,No,No,No,No,No,No,No,No,No,No,No,No,No,No,Yes
160431378,23213331,AfricanAmerican,Female,[50-60),?,1,3,7,3,BC,InternalMedicine,35,1,16,0,0,0,682,295,491,9,,,No,No,No,No,No,No,No,No,No,No,No,No,No,No,No,No,No,Down,No,No,No,No,No,Ch,Yes
160432482,43866738,Caucasian,Male,[70-80),?,3,22,1,7,MC,?,71,2,21,0,0,0,996,421,38,9,,,No,No,No,No,No,No,No,No,No,No,No,No,No,No,No,No,No,No,No,No,No,No,No,No,No
160433514,23908356,AfricanAmerican,Male,[50-60),?,3,1,1,4,?,?,39,1,14,0,1,0,185,599,250.42,9,,,No,No,No,No,No,No,No,No,No,No,No,No,No,No,No,No,No,Steady,No,No,No,No,No,No,Yes
160434012,24577722,AfricanAmerican,Female,[70-80),?,1,3,7,4,MC,InternalMedicine,51,0,22,0,1,0,599,428,585,9,,,No,No,No,No,No,No,Steady,No,No,No,No,No,No,No,No,No,No,Up,No,No,No,No,No,Ch,Yes
160435932,98675091,Caucasian,Male,[80-90),?,1,1,7,3,?,?,64,0,10,1,1,0,436,584,276,9,,,No,No,No,No,No,No,No,No,No,No,No,No,No,No,No,No,No,No,No,No,No,No,No,No,No
160442118,86267655,Caucasian,Female,[70-80),[75-100),1,1,7,1,MC,Surgery-General,54,4,10,0,0,0,592,401,272,8,,,No,No,No,No,No,No,No,No,No,No,No,No,No,No,No,No,No,No,No,No,No,No,No,No,No
160443762,105113862,Caucasian,Female,[80-90),?,3,3,1,7,MD,InternalMedicine,46,1,22,0,0,0,681,682,730,9,,>7,No,No,No,No,No,No,Steady,No,No,No,No,No,No,No,No,No,No,Up,No,No,No,No,No,Ch,Yes
160445772,102785004,Caucasian,Male,[60-70),?,2,3,7,4,UN,Emergency/Trauma,51,1,11,0,0,0,682,680,709,6,,>8,Steady,No,No,No,No,No,No,No,No,No,No,No,No,No,No,No,No,Up,No,No,No,No,No,Ch,Yes
160446354,43242723,Caucasian,Male,[60-70),?,3,1,1,3,MC,?,52,1,10,0,0,0,511,486,250.02,3,,,No,No,No,No,No,No,No,No,No,No,No,No,No,No,No,No,No,Up,No,No,No,No,No,Ch,Yes
160447140,85757985,Caucasian,Female,[70-80),?,1,1,7,3,MC,?,60,0,11,1,2,0,789,414,V45,7,,,No,No,No,No,No,No,No,No,No,No,No,No,No,No,No,No,No,No,No,No,No,No,No,No,No
160449168,101660382,Other,Male,[60-70),?,6,1,17,2,?,Cardiology,45,3,15,0,0,0,427,424,428,9,,,No,No,No,No,No,No,No,No,No,No,No,No,No,No,No,No,No,Up,No,No,No,No,No,Ch,Yes
160453428,92182554,AfricanAmerican,Female,[60-70),?,2,1,1,2,?,Psychiatry,40,0,8,0,0,0,294,496,427,9,,,No,No,No,No,No,No,No,No,No,No,No,No,No,No,No,No,No,No,No,No,No,No,No,No,No
160455492,40729419,Caucasian,Male,[70-80),?,3,2,4,3,MC,?,42,2,16,0,0,2,V57,434,250,8,,,No,No,No,No,No,No,No,No,No,No,No,No,No,No,No,No,No,Down,No,No,No,No,No,Ch,Yes
160457862,107844993,Caucasian,Female,[80-90),?,3,1,1,5,MC,InternalMedicine,45,0,19,0,0,0,427,496,799,6,,,No,No,No,No,Steady,No,No,No,No,No,No,No,No,No,No,No,No,No,No,No,No,No,No,No,Yes
160459374,88932222,Caucasian,Female,[70-80),?,3,6,1,7,MC,Oncology,66,2,19,0,0,0,162,276,428,9,,,No,No,No,No,Steady,No,No,No,No,Steady,No,No,No,No,No,No,No,Down,No,No,No,No,No,Ch,Yes
160459512,103273965,Caucasian,Female,[60-70),?,2,1,7,2,SP,Emergency/Trauma,33,1,4,0,0,1,562,250,401,5,,,No,No,No,No,No,No,No,No,No,No,No,No,No,No,No,No,No,Steady,No,No,No,No,No,No,Yes
160459902,82365228,Caucasian,Female,[50-60),?,1,3,7,13,MC,InternalMedicine,64,3,19,0,0,0,250.7,682,112,9,,>8,No,No,No,No,No,No,No,No,No,No,Steady,No,No,No,No,No,No,Steady,No,No,No,No,No,Ch,Yes
160463076,90391896,Caucasian,Male,[50-60),?,1,1,7,5,BC,?,69,6,29,0,0,0,428,250.6,357,9,,>8,Up,No,No,No,No,No,Steady,Steady,No,Steady,No,No,No,No,No,No,No,No,No,No,No,No,No,Ch,Yes
160470306,23638626,Caucasian,Female,[20-30),?,1,1,7,2,MD,Emergency/Trauma,49,0,5,0,3,1,401,276,585,6,,,No,No,No,No,No,No,No,No,No,No,No,No,No,No,No,No,No,Steady,No,No,No,No,No,No,Yes
160471998,64646685,Caucasian,Male,[70-80),?,1,6,7,3,MC,InternalMedicine,55,0,11,0,0,1,416,425,571,8,,,No,No,No,No,No,No,No,No,No,No,No,No,No,No,No,No,No,No,No,No,No,No,No,No,No
160472208,24423633,Caucasian,Female,[80-90),?,1,3,7,5,MC,Nephrology,38,1,15,0,0,1,250.42,428,403,9,,,No,No,No,No,No,No,Up,No,No,No,No,No,No,No,No,No,No,Up,No,No,No,No,No,Ch,Yes
160472802,42908625,Caucasian,Male,[60-70),?,3,6,1,8,MC,Cardiology,45,1,19,0,0,1,162,496,287,9,,,No,No,No,No,No,No,No,Steady,No,No,No,No,No,No,No,No,No,No,No,No,No,No,No,No,Yes
160474254,84668589,Caucasian,Male,[60-70),?,1,2,7,2,MC,?,52,1,21,0,0,1,998,38,V45,6,,,No,No,No,No,No,No,No,No,No,Steady,No,No,No,No,No,No,No,No,No,No,No,No,No,No,Yes
160475460,72912924,AfricanAmerican,Female,[70-80),?,2,6,1,3,?,InternalMedicine,44,0,13,0,0,0,404,585,428,9,,,No,No,No,No,No,No,No,Steady,No,No,No,No,No,No,No,No,No,No,No,No,No,No,No,No,Yes
160475658,86169681,Caucasian,Male,[90-100),?,1,3,7,10,MC,?,59,2,14,0,0,0,481,560,276,7,,,No,No,No,No,No,No,No,No,No,No,Down,No,No,No,No,No,No,No,No,No,No,No,No,Ch,Yes
