encounter_id,label
163027908,0
163028616,0
163029042,0
163029468,0
163030524,0
163030560,0
163030698,0
163036008,0
163036260,0
163041336,0
163041738,0
163041960,0
163042374,0
163045344,0
163054014,0
163054794,0
163072812,0
163074924,0
163083588,0
163091532,0
163092546,0
163096674,0
163098702,0
163101150,0
163104060,0
163106364,0
163107396,0
163109964,1
163111914,0
163116420,0
163120266,0
163121706,1
163121886,0
163122240,0
163124448,0
163127718,0
163129236,0
163132110,0
163132368,0
163133688,0
163136730,0
163136748,1
163139106,0
163139382,1
163141038,0
163141962,0
163142118,0
163143648,1
163144476,0
163145544,0
163145844,0
163148730,1
163150248,0
163150254,0
163151238,0
163154406,0
163157250,0
163159098,0
163161768,0
163163196,0
163163400,0
163163526,0
163164234,0
163164942,0
163166718,0
163167174,0
163167540,1
163168248,0
163171134,0
163171800,0
163172034,0
163172052,0
163173630,0
163174410,0
163174992,1
163176354,0
163179696,0
163179864,0
163180386,0
163180680,0
163182318,0
163187178,1
163187766,1
163187946,1
163190820,0
163194630,1
163197882,0
163204128,0
163210704,0
163211466,0
163214748,0
163224012,0
163225194,1
163226250,0
163237134,0
163237536,0
163239444,0
163240032,0
163245120,0
163249626,0
163256526,0
163262544,1
163267536,0
163269630,0
163271460,0
163275084,0
163275612,1
163279584,0
163279920,1
163280784,0
163282650,0
163286298,0
163287324,0
163288404,0
163288686,0
163291206,0
163294926,0
163296162,0
163298898,0
163299606,0
163300704,0
163301172,1
163305084,0
163306080,0
163306110,1
163306140,0
163306482,0
163307454,1
163307658,0
163307844,0
163312410,0
163312446,0
163313532,0
163317888,0
163325298,1
163329174,0
163348890,0
163351362,0
163354794,0
163357836,0
163358298,0
163364838,1
163365330,0
163367424,0
163370778,0
163371306,0
163373412,1
163373496,0
163374708,0
163378872,0
163381464,0
163382712,0
163382748,0
163382898,0
163384038,0
163384122,0
163385442,0
163386192,0
163387308,0
163389852,1
163391616,0
163392936,1
163392942,0
163392996,0
163394646,0
163396290,0
163401114,0
163401636,1
163401702,0
163402110,0
163403700,0
163408488,1
163409850,0
163412346,0
163412760,0
163414278,0
163414746,1
163414824,0
163414878,0
163414902,0
163415952,0
163416204,1
163416480,0
163416486,0
163421610,1
163422702,0
163423362,1
163425660,0
163425780,0
163427508,0
163432440,0
163434252,0
163435980,0
163436694,0
163437948,0
163438368,0
163440222,0
163443978,0
163446078,0
163447920,0
163450164,0
163450602,0
163452270,0
163452420,0
163452696,0
163457004,0
163458156,0
163458198,0
163459650,0
163459986,0
163463994,0
163464168,0
163465800,0
163466448,0
163466562,0
163466568,0
163469796,0
163470498,0
163470996,0
163471848,0
163472328,0
163472952,0
163474116,0
163474278,0
163475916,0
163476342,0
163478688,0
163478928,0
163479582,0
163480188,0
163480524,1
163485012,0
163485018,0
163485102,0
163485234,1
163491564,0
163506228,0
163507404,0
163508190,0
163509672,0
163511430,0
163514814,0
163518924,1
163519764,0
163527108,1
163527210,0
163527324,1
163527366,0
163527990,0
163536378,0
163536846,1
163540536,1
163541904,0
163542336,0
163546134,0
163546866,0
163549056,0
163553400,1
163553688,0
163555644,0
163556394,0
163557060,0
163557576,0
163558296,1
163559274,0
163560690,0
163561590,0
163561794,0
163562790,0
163562826,0
163563942,0
163564176,0
163564464,0
163564680,0
163567242,0
163567728,0
163568442,0
163568580,0
163568640,0
163569006,0
163569396,0
163569894,0
163570908,0
163571172,0
163571946,0
163572678,0
163572912,1
163573710,0
163580808,0
163580814,1
163580856,0
163581198,0
163581612,0
163583052,1
163585638,0
163585968,0
163586550,0
163588452,0
163589610,0
163590186,0
163590480,0
163591788,0
163592412,0
163592532,0
163592802,0
163594110,0
163594578,0
163596102,0
163596864,0
163597488,0
163598040,0
163598082,0
163598364,0
163598430,0
163598466,0
163598484,0
163598706,0
163598820,0
163599066,0
163599084,0
163599090,0
163599906,0
163601088,0
163601472,0
163601706,0
163601916,0
163603416,0
163603554,0
163603914,0
163604976,0
163605474,0
163605660,0
163605780,0
163606638,0
163607310,0
163608744,0
163609704,0
163610106,0
163611078,0
163611792,1
163611948,0
163612056,0
163612128,0
163612902,0
163613112,0
163614540,0
163614756,0
163614888,0
163614912,0
163615962,0
163616010,0
163616400,0
163616634,0
163616712,1
163616928,0
163617822,1
163617894,0
163618734,0
163619016,0
163620402,0
163620570,0
163620648,1
163621188,0
163621566,0
163621776,0
163621932,0
163622484,0
163628418,0
163628838,0
163628856,0
163629846,1
163630800,0
163631232,0
163634898,0
163635474,0
163636716,0
163636926,0
163637712,0
163638750,0
163640502,0
163641006,0
163641834,0
163643778,0
163655958,0
163656570,1
163659756,1
163659792,0
163660914,0
163662888,0
163675704,0
163681104,0
163685496,0
163685616,0
163688826,0
163691994,0
163693506,0
163695582,0
163695684,0
163696326,0
163697388,0
163701336,0
163701426,0
163702890,0
163703250,0
163703514,0
163703598,0
163704120,0
163704138,0
163706124,0
163706616,0
163709112,0
163713900,0
163714452,1
163721634,0
163728294,0
163731414,0
163731888,0
163732050,0
163732998,0
163733424,1
163734588,1
163736112,0
163736406,0
163736622,0
163738806,0
163739856,1
163741020,1
163741986,1
163743756,0
163744530,0
163745016,1
163745256,0
163746522,0
163748706,0
163749714,0
163749984,1
163750830,1
163751010,0
163752210,0
163753566,0
163754580,0
163755588,0
163756218,0
163756752,0
163757922,0
163758336,0
163764102,1
163764918,0
163764966,0
163765110,0
163765686,0
163765788,0
163765998,0
163766106,0
163768068,0
163768398,0
163772160,0
163774668,0
163775664,0
163776180,0
163777362,0
163779258,0
163779834,0
163781016,0
163782882,0
163787532,0
163791420,0
163804206,0
163804392,0
163807212,0
163814634,0
163820394,0
163822092,0
163826958,0
163831308,0
163833012,0
163835400,0
163837374,0
163838262,0
163838430,0
163841670,0
163842276,0
163843296,0
163844154,0
163859208,0
163859238,0
163860924,0
163864464,0
163870668,0
163871166,0
163872132,0
163872396,1
163876002,0
163876020,0
163876176,0
163876506,0
163877076,0
163880802,0
163882362,0
163883070,0
163884366,0
163885506,0
163885872,0
163889184,0
163890234,0
163890324,0
163892016,0
163892058,0
163893714,0
163893774,0
163894128,0
163894524,0
163894608,0
163899486,0
163900812,0
163900872,0
163901670,0
163902606,1
163902654,0
163902744,0
163902870,0
163903116,0
163903284,0
163910922,0
163924380,0
163936284,0
163947594,0
163950000,0
163953288,0
163955766,0
163960104,0
163961724,0
163963176,0
163966986,0
163967850,0
163974978,0
163978050,0
163986102,0
163990752,0
163994832,0
163995696,0
163996788,0
163997838,0
163998942,0
163999080,0
164003694,1
164004126,0
164005722,1
164007012,0
164007876,0
164010498,1
164012298,0
164012658,0
164012868,0
164018508,1
164019936,0
164020878,0
164021334,0
164022540,0
164023170,0
164023482,0
164023638,0
164026392,0
164032230,0
164032362,0
164034198,0
164034438,0
164034594,0
164035590,0
164035734,1
164035992,0
164036904,0
164037198,0
164042622,0
164048106,0
164073534,0
164073570,0
164076144,0
164078574,0
164079948,0
164092380,0
164092644,0
164093712,0
164094018,0
164095506,0
164095740,0
164100084,0
164100816,0
164101734,0
164104326,0
164105760,0
164110908,0
164112678,1
164114772,0
164119224,0
164124864,0
164127474,0
164130126,1
164132844,0
164133462,0
164135280,0
164137242,0
164139624,0
164140050,0
164142372,0
164143890,0
164144328,0
164145354,0
164145666,1
164146014,1
164148594,0
164149260,1
164149368,0
164151630,0
164151654,0
164152452,0
164152944,1
164153034,0
164154114,0
164154240,0
164154594,0
164155968,0
164156064,0
164156286,0
164159154,0
164159580,0
164161230,0
164161458,0
164161710,0
164162094,0
164163156,1
164163306,0
164163960,0
164175138,0
164177244,0
164180478,0
164185218,0
164187708,0
164191920,0
164194494,1
164196474,0
164199780,0
164200446,0
164207178,0
164207898,0
164212074,0
164213280,0
164217552,0
164220108,0
164222640,0
164223102,0
164224320,0
164224584,1
164225616,0
164228460,1
164229258,0
164232732,0
164232906,0
164234070,0
164237820,0
164248122,0
164249928,0
164250078,0
164252544,0
164252946,0
164253504,0
164254128,0
164255514,0
164259030,1
164259276,0
164262216,1
164262816,0
164263566,1
164263668,0
164263770,0
164264202,0
164265534,1
164267286,0
164267490,1
164268522,0
164268534,1
164268630,0
164269002,1
164270652,0
164270982,0
164271486,0
164274798,0
164276772,0
164277264,0
164280978,1
164286108,0
164287092,0
164287812,0
164288214,0
164291160,0
164291904,0
164292258,0
164294304,1
164295342,0
164295624,0
164298660,0
164298726,0
164299068,0
164299146,0
164299206,0
164299902,0
164300514,0
164300916,0
164301042,0
164301738,0
164302182,0
164302866,0
164303130,0
164303484,0
164304228,0
164304366,0
164304372,0
164304468,1
164304570,0
164305056,0
164305092,0
164306442,0
164306556,0
164307144,0
164307726,0
164308560,0
164308656,0
164310114,1
164310642,0
164311974,0
164312424,0
164312658,0
164313606,0
164314116,0
164314524,0
164315106,0
164315538,1
164315970,0
164317548,0
164318238,1
164319060,1
164320212,0
164321148,0
164322180,0
164325126,0
164325876,0
164325978,0
164326284,0
164326506,0
164326842,0
164329680,0
164329752,0
164331444,0
164332542,0
164332560,0
164333850,0
164333934,1
164334102,0
164334174,1
164339736,0
164343258,0
164344662,0
164347386,0
164348784,0
164352834,0
164365140,1
164373138,0
164373288,1
164376162,0
164380500,1
164380860,0
164389710,0
164398140,1
164398188,0
164399106,0
164400810,0
164406114,0
164407296,0
164407308,0
164408718,0
164409522,1
164409798,0
164415972,0
164416374,0
164416992,0
164417058,0
164423580,0
164423772,0
164425218,0
164426592,0
164428152,0
164428170,0
164429916,0
164437464,1
164440194,0
164441202,0
164441826,0
164442642,1
164444118,0
164444562,1
164452656,0
164453634,0
164458122,0
164460276,0
164460936,1
164464638,0
164464716,0
164465376,0
164465412,0
164466558,1
164467272,1
164471256,0
164471334,0
164471856,0
164471886,0
164471916,0
164473266,1
164473956,0
164474130,0
164474976,0
164475126,0
164475138,0
164475990,0
164476272,1
164480886,0
164485674,0
164486880,1
164489928,0
164492748,0
164492892,0
164510304,0
164510340,0
164510994,0
164514468,0
164514882,0
164516394,0
164521308,1
164527560,0
164527992,0
164535000,0
164535450,0
164537658,0
164542284,0
164543550,0
164545176,0
164547450,0
164547672,0
164549160,1
164550462,0
164553504,0
164553660,0
164554308,0
164555448,0
164556864,0
164558538,0
164559102,0
164563176,1
164563854,1
164566266,0
164566506,0
164566818,0
164574966,0
164575236,0
164579394,0
164579796,0
164579874,0
164580036,0
164580408,0
164580648,0
164581896,0
164582382,0
164583696,0
164584584,0
164584596,0
164584818,0
164584998,0
164586834,1
164587086,0
164587140,0
164587980,0
164588772,1
164591316,1
164591478,0
164592840,0
164594400,1
164595702,1
164595828,0
164597832,0
164599350,1
164599806,0
164599920,0
164604648,0
164605638,0
164606208,0
164608518,0
164612382,0
164612532,0
164613294,0
164616276,0
164625414,0
164626272,0
164628546,0
164630724,1
164647296,0
164654442,0
164655480,0
164657316,0
164663754,0
164664726,0
164664774,0
164668002,0
164669028,0
164670474,0
164671788,0
164673354,0
164678202,1
164678508,1
164681586,0
164682792,0
164688390,1
164692722,0
164697630,0
164698356,0
164706486,1
164709102,0
164709912,0
164709996,0
164710296,0
164714388,0
164714658,0
164715780,0
164716806,0
164717664,0
164717724,0
164718192,1
164719476,0
164720742,1
164721342,0
164722452,0
164722692,1
164722746,0
164723244,0
164723862,0
164723946,0
164724732,0
164726820,0
164727300,0
164731548,0
164732094,1
164732298,0
164733138,1
164733288,0
164733792,0
164733966,0
164734080,0
164742774,0
164746830,0
164747658,0
164754936,0
164765988,0
164773440,0
164776932,0
164781990,0
164789832,0
164789994,0
164792316,1
164792874,0
164794734,0
164795724,1
164796564,0
164798136,1
164803830,0
164808906,0
164811762,0
164816346,0
164819664,0
164820516,0
164824308,0
164824992,0
164827188,0
164831868,0
164832084,0
164833434,0
164834148,0
164834880,0
164836320,0
164839770,0
164840574,0
164840862,0
164842050,0
164842272,1
164842524,0
164842710,0
164844066,1
164844852,0
164845974,0
164848152,0
164849388,0
164849430,0
164850126,0
164850294,0
164850372,0
164851398,0
164855478,0
164855754,0
164857128,0
164857902,0
164857932,0
164857998,0
164858082,0
164859048,0
164862708,0
164862798,0
164864184,0
164865714,0
164873988,0
164874360,0
164876760,0
164878032,0
164883534,1
164886282,0
164889858,0
164890494,0
164891166,0
164897838,0
164898150,0
164898240,0
164900268,0
164901894,0
164902968,0
164906358,0
164907588,0
164908284,0
164909448,0
164910672,0
164912172,0
164912406,0
164915964,1
164917446,1
164919810,0
164921154,0
164922840,0
164923626,0
164926776,0
164938158,0
164938632,0
164938794,0
164938944,0
164939154,0
164940408,0
164941416,0
164941470,0
164942634,0
164943780,0
164944212,0
164944464,0
164944872,0
164945922,0
164946138,0
164946774,0
164948316,0
164950020,0
164952084,0
164952402,0
164952468,0
164952612,0
164953428,0
164953860,0
164954418,0
164956326,0
164956752,0
164956836,1
164964954,0
164966526,0
164967426,0
164972208,0
164973552,0
164975004,1
164976408,0
164976492,0
164976756,0
164977200,0
164979864,0
164980344,0
164980590,0
164980818,0
164982060,0
164982150,0
164982288,0
164982534,0
164982972,0
164983104,0
164983170,0
164983968,1
164984214,0
164984988,1
164985714,0
164985936,0
164986116,0
164986704,0
164986986,0
164987532,1
164987598,0
164987640,0
164987754,0
164987946,0
164987976,0
164988078,0
164988708,0
164989386,0
164989524,0
164989662,1
164989794,0
164990286,1
164990316,0
164990604,1
164990682,0
164991168,0
164991246,0
164991390,0
164992200,1
164992680,1
164993736,0
164993838,0
164994486,0
164995158,0
164996430,0
164996610,0
164998056,0
164999334,0
164999832,1
165000042,0
165001800,0
165001920,0
165002220,1
165004998,0
165005142,0
165005898,0
165006834,0
165007530,0
165007728,0
165008664,0
165008730,0
165008808,0
165008838,0
165009360,1
165009384,0
165009516,0
165009858,0
165010032,0
165010896,0
165011244,0
165011700,0
165011802,0
165012024,0
165013302,0
165013506,0
165013884,0
165014754,0
165019326,0
165019440,0
165020694,0
165023244,0
165023610,0
165027972,0
165029706,0
165034950,1
165035760,0
165044304,0
165047514,0
165057954,0
165063372,1
165065646,0
165070758,0
165073050,0
165073818,0
165074562,0
165074718,0
165078792,1
165080742,0
165088374,0
165088626,0
165091278,0
165092052,0
165096876,0
165103770,0
165104796,0
165114060,0
165115044,1
165119394,0
165123072,0
165123282,0
165123318,0
165125466,1
165125490,0
165126612,1
165127572,0
165129498,0
165129816,0
165130668,0
165134172,0
165134904,0
165135258,0
165136212,0
165137886,1
165137898,0
165141336,0
165142488,0
165145452,0
165146142,0
165146460,0
165147546,1
165148752,1
165148932,1
165150156,0
165151128,0
165151506,0
165151890,0
165151974,0
165152502,0
165157446,0
165159336,0
165159876,0
165160488,0
165161496,0
165161934,0
165162108,1
165172800,0
165172932,0
165178188,0
165178194,0
165197088,0
165203046,0
165204840,0
165211194,0
165213396,1
165215130,0
165218898,0
165220614,1
165222966,0
165224826,0
165225336,1
165228078,1
165232482,0
165232770,0
165233988,0
165238158,1
165238284,0
165238788,1
165241758,0
165242166,1
165242214,0
165244344,0
165244740,1
165245190,1
165248304,0
165250854,0
165251040,0
165255408,0
165256158,0
165256170,0
165256392,0
165256854,0
165261666,1
165261690,0
165261990,0
165264834,0
165264840,0
165269280,0
165270198,0
165270666,0
165271206,0
165277824,0
165278766,1
165280002,0
165280158,1
165280254,0
165280392,0
165280590,0
165281340,0
165281424,0
165283548,0
165283800,0
165288990,0
165289770,1
165289848,1
165290094,0
165291060,0
165291078,0
165291324,0
165292128,0
165293172,0
165295908,0
165296226,0
165303402,0
165308664,0
165320160,0
165320700,0
165326208,0
165331248,0
165331752,0
165332496,0
165332958,0
165332964,0
165337446,0
165337626,0
165337908,0
165343722,1
165353916,0
165356664,0
165357468,0
165358656,0
165359406,1
165362214,0
165369234,0
165369252,0
165370548,0
165374604,0
165376296,0
165377100,0
165377466,0
165377934,0
165380502,0
165380538,0
165381420,1
165381744,1
165381768,0
165382626,0
165385152,0
165386364,0
165387564,0
165388338,0
165390126,0
165390726,1
165391170,0
165392106,0
165392184,0
165393366,0
165394878,0
165396114,0
165396420,0
165397308,0
165397674,0
165397956,0
165397968,0
165399330,0
165400584,0
165401730,0
165402078,0
165404118,0
165404196,0
165404262,0
165405606,0
165407670,0
165407766,0
165407916,0
165408618,0
165412152,0
165413310,1
165414168,0
165414288,0
165414696,0
165415530,0
165416490,0
165416556,1
165420636,0
165420726,0
165422724,0
165428544,0
165430164,0
165431832,0
165435150,1
165436614,1
165459174,0
165461994,0
165463890,0
165464196,1
165466338,0
165467274,0
165469986,0
165472206,0
165475080,0
165481062,0
165482562,0
165487206,0
165487788,0
165498666,0
165498696,0
165500082,0
165501570,0
165503484,0
165506892,0
165507234,0
165508092,0
165508728,0
165511404,0
165512868,0
165512958,0
165513630,0
165513882,0
165514092,0
165514284,0
165514374,0
165516396,0
165516852,1
165519114,0
165519138,0
165521016,0
165521868,0
165523158,0
165523188,0
165523524,0
165524040,0
165524910,0
165525444,0
165525492,0
165525690,0
165526488,0
165527820,1
165527844,0
165528330,0
165532188,0
165532914,0
165533370,0
165534432,0
165538902,0
165541236,0
165544356,1
165564246,0
165569130,0
165570612,1
165571050,0
165578058,0
165580200,0
165580572,0
165588000,0
165590052,0
165591528,0
165592326,0
165593358,0
165596622,0
165597720,0
165600930,0
165601914,1
165603420,0
165607308,0
165609642,1
165610614,0
165613452,0
165613488,0
165613914,0
165614328,0
165614892,0
165615000,0
165615114,0
165617844,1
165620070,0
165620286,0
165620358,0
165620598,0
165622698,0
165623550,0
165625362,0
165626196,0
165626892,0
165628008,0
165628716,0
165630612,0
165630960,0
165632586,0
165633186,0
165634674,0
165635052,0
165635424,1
165637176,0
165639480,0
165641472,0
165642612,0
165645972,0
165648984,0
165649404,1
165650520,0
165650562,0
165652344,0
165652356,0
165652572,0
165652992,0
165653046,0
165654186,0
165654534,0
165654672,0
165655710,0
165655860,0
165656592,0
165656628,0
165658218,0
165658902,1
165659100,0
165659436,0
165659862,0
165661506,0
165662502,0
165664020,0
165664272,0
165665202,1
165666228,0
165667344,0
165668232,0
165668586,0
165668934,0
165670350,0
165670692,0
165672138,0
165673512,1
165674730,0
165675828,0
165676692,0
165677070,0
165678054,0
165679062,0
165679446,0
165679896,0
165680214,0
165680424,0
165681582,0
165681588,0
165682176,0
165682398,0
165683490,1
165683706,0
165684852,0
165685728,0
165686682,0
165687150,0
165689124,0
165691548,0
165693960,0
165694350,0
165695916,0
165695982,0
165696198,0
165709212,0
165711750,0
165723288,0
165724200,0
165725190,0
165727368,0
165728940,0
165729174,0
165732636,1
165732690,0
165741930,0
165745332,0
165750618,0
165751362,1
165752196,0
165756078,0
165759420,0
165760614,0
165760662,0
165761484,0
165762018,0
165765546,0
165768780,0
165770292,0
165771150,0
165771834,0
165773094,0
165774156,0
165777030,1
165777324,0
165779166,0
165780372,1
165781230,0
165781788,0
165782004,0
165782940,0
165783096,0
165783108,0
165783594,0
165784014,0
165789168,0
165790806,0
165791184,0
165791634,0
165791844,0
165795930,1
165796146,0
165798684,1
165799050,0
165799188,0
165804396,0
165806406,0
165808632,0
165815382,0
165821460,0
165830040,0
165841596,0
165843660,0
165843906,0
165847080,1
165847854,0
165848946,0
165850290,0
165850638,0
165853476,0
165862542,0
165865662,0
165867906,0
165874848,0
165874878,0
165876030,0
165876564,0
165880026,0
165884178,0
165884586,0
165885948,0
165886716,1
165887532,0
165888336,1
165892704,0
165894276,0
165894354,1
165896010,0
165898032,0
165899484,0
165901302,0
165904128,0
165906444,0
165906762,0
165907542,1
165909276,0
165909996,0
165912456,0
165912564,0
165912678,0
165912780,0
165916518,0
165916770,0
165916776,0
165917082,0
165918180,0
165918480,0
165918672,0
165918894,1
165918948,0
165920052,0
165920496,0
165926130,0
165926544,0
165930828,0
165931194,0
165934524,0
165940626,0
165946896,0
165947352,0
165948246,0
165949692,0
165950226,0
165953100,0
165953724,0
165954078,0
165956394,0
165958362,0
165961296,0
165965802,0
165966354,0
165967584,0
165972006,0
165973818,0
165974034,0
165977784,0
165978846,0
165979302,1
165981294,0
165981822,0
165988230,0
165989076,1
165993954,0
165995346,0
165995520,0
165995796,0
165995808,0
165996456,1
166001208,0
166001580,0
166003740,0
166003944,0
166004970,0
166006104,0
166007220,0
166007766,0
166008048,0
166009476,0
166010922,0
166011066,0
166012290,0
166014330,0
166015896,0
166016730,1
166017864,1
166021554,0
166022040,0
166023168,0
166023534,0
166024134,0
166025106,0
166025736,1
166025838,0
166025856,0
166029150,0
166030374,0
166032168,0
166036038,1
166036650,0
166038024,0
166042614,0
166062000,0
166062414,0
166062648,0
166065876,0
166068924,0
166069038,1
166073394,0
166081650,0
166086144,0
166088028,0
166088634,0
166091256,0
166094616,0
166100640,0
166101834,0
166103232,1
166104882,0
166104894,0
166105734,0
166106586,0
166108170,0
166111212,0
166112604,0
166117152,0
166117308,0
166117668,0
166117890,0
166117944,0
166118556,0
166119000,0
166119798,0
166121010,0
166121436,0
166122096,0
166123266,0
166123572,1
166123746,0
166127172,0
166127406,0
166129038,1
166129326,0
166129938,1
166135116,1
166148160,0
166157382,0
166159446,0
166163298,1
166167288,0
166173342,0
166173972,0
166174194,0
166174266,0
166174494,0
166175166,0
166175634,0
166175796,0
166175880,0
166177932,0
166178874,0
166179318,0
166183680,0
166186692,0
166192896,0
166194954,0
166196934,0
166198242,0
166198458,0
166201536,0
166202358,0
166204104,0
166204110,0
166204446,0
166205256,0
166207812,0
166208130,1
166209090,0
166209624,0
166210188,0
166212228,0
166212540,0
166213248,0
166214106,0
166214826,0
166215300,0
166215630,0
166215876,0
166216098,1
166217952,0
166218018,1
166218270,0
166219668,0
166220358,0
166222488,0
166222506,0
166223688,0
166225782,0
166226670,0
166227348,1
166228002,0
166228782,0
166229088,0
166229592,0
166230216,0
166231908,0
166232010,1
166232694,0
166232958,0
166233186,0
166234902,0
166236132,0
166236300,0
166236738,0
166237272,1
166237944,0
166240608,0
166241874,1
166242066,0
166242246,0
166242558,0
166243020,0
166243470,0
166244352,0
166246860,0
166246866,0
166247418,0
166247454,0
166247610,0
166247922,0
166248240,1
166248396,0
166248528,0
166248738,0
166250586,0
166251696,0
166252158,0
166252524,1
166252908,0
166253148,0
166253976,0
166254882,1
166255452,0
166257006,0
166257948,0
166258170,0
166258218,0
166258296,1
166259226,0
166259388,0
166260174,0
166261440,0
166261476,0
166261572,0
166261968,0
166262880,0
166262952,0
166264236,0
166264734,0
166265094,0
166265436,0
166265604,0
166266510,0
166266684,0
166268172,1
166272288,0
166272450,0
166273572,0
166274058,0
166275936,1
166277634,0
166277706,0
166278414,0
166281306,0
166285080,0
166286652,0
166288116,0
166288476,0
166290612,0
166290738,0
166292142,0
166294842,0
166295796,0
166296342,0
166302312,0
166304256,0
166305330,0
166305732,0
166305780,0
166306362,0
166307352,0
166307892,1
166308060,0
166308798,0
166309344,0
166310112,0
166310118,1
166311234,0
166312272,0
166312830,0
166312950,0
166315128,1
166317972,0
166319094,0
166319520,0
166320282,0
166320558,0
166325118,0
166326810,0
166326888,0
166327356,1
166327878,0
166328646,0
166328856,0
166329258,0
166329378,0
166330332,0
166334166,0
166335270,0
166340406,0
166342920,0
166346634,0
166347978,0
166357020,0
166358424,0
166358580,0
166358598,0
166361472,0
166367766,0
166370550,0
166372506,0
166375614,0
166387728,1
166388598,0
166390002,0
166391148,0
166393614,0
166398720,1
166399452,1
166400478,0
166401060,0
166404474,0
166406418,0
166408326,0
166408908,0
166410048,0
166412298,0
166414908,0
166415220,0
166415730,0
166418610,0
166418820,0
166419390,0
166421082,1
166422846,0
166424562,0
166425288,0
166425294,1
166425822,0
166425930,0
166429008,0
166430478,0
166430526,0
166431414,0
166431504,0
166434552,0
166435680,0
166436616,0
166437072,0
166438170,0
166439148,0
166439346,0
166439418,0
166439484,0
166440036,0
166440720,0
166440978,0
166442220,0
166442232,1
166442388,0
166442574,0
166447824,1
166448598,0
166450242,0
166452084,0
166452114,0
166452282,0
166452510,0
166453242,0
166458228,0
166470258,0
166470504,0
166473234,0
166474836,1
166484514,0
166486974,0
166487616,0
166488690,0
166491732,0
166496094,0
166498686,1
166500948,0
166504836,0
166505550,0
166507614,0
166508220,0
166509690,0
166510104,1
166515936,0
166519032,0
166519704,0
166521312,0
166522242,0
166522356,0
166524060,0
166525158,0
166527984,0
166528602,0
166529070,0
166529676,0
166531722,0
166534164,0
166536402,0
166537494,0
166538046,0
166540398,0
166541472,1
166544478,0
166545174,1
166549002,0
166549020,1
166549284,0
166549482,0
166554612,0
166555950,0
166556472,0
166556568,0
166556772,0
166557048,0
166558686,0
166559412,0
166559742,0
166561710,0
166564764,0
166566282,0
166568754,0
166570080,0
166570308,0
166570524,0
166570854,0
166571622,0
166571748,0
166572726,0
166572738,0
166572858,0
166572960,0
166579578,0
166580784,0
166581696,0
166583676,0
166612254,0
166612962,0
166618248,0
166620138,0
166624200,1
166624368,0
166628694,0
166638570,0
166640844,0
166642398,0
166643694,0
166647390,0
166648812,0
166649610,0
166649934,0
166655466,0
166657746,0
166660428,0
166660614,0
166661826,0
166662528,0
166664760,0
166665930,0
166666500,0
166668474,0
166669650,0
166670760,0
166672272,0
166674954,0
166675110,0
166677486,0
166680906,0
166681026,0
166681530,0
166681758,0
166684116,0
166685418,0
166685742,0
166687134,0
166691208,0
166691454,0
166692780,0
166693404,0
166693410,0
166694628,1
166694826,0
166698018,1
166699038,0
166699554,1
166700112,0
166708500,0
166708554,0
166708680,0
166708812,0
166709292,0
166710306,0
166710468,0
166713996,0
166740948,0
166744212,0
166744398,0
166747254,0
166749846,0
166750956,0
166750980,0
166752174,0
166754460,0
166758240,0
166762068,0
166763622,0
166767588,0
166769748,0
166775832,0
166776516,0
166778394,0
166780218,0
166781658,1
166781994,0
166782150,0
166782282,0
166784112,0
166784748,0
166785462,0
166786752,0
166788624,0
166790382,0
166793652,0
166794660,0
166796844,0
166800288,0
166802688,0
166803216,0
166806498,0
166806894,0
166809558,0
166810122,0
166810920,0
166811130,0
166812780,0
166813986,0
166816014,0
166816290,0
166818360,0
166819356,0
166819368,0
166820466,1
166820808,0
166821258,0
166821342,0
166821930,1
166822428,0
166823736,0
166824780,0
166825440,0
166826118,0
166826994,0
166833804,0
166836042,0
166837362,0
166840236,0
166840350,0
166840938,0
166843776,1
166844208,1
166845354,0
166845846,0
166846242,0
166847616,0
166847826,0
166848612,1
166849164,0
166849254,0
166849278,0
166849638,0
166849824,0
166850016,0
166850898,0
166850952,0
166851786,0
166851912,0
166852362,0
166853424,0
166853748,0
166854858,0
166854888,0
166854990,0
166855086,1
166855356,0
166855542,0
166855620,1
166859946,0
166860180,0
166863522,0
166864404,0
166864572,0
166865742,0
166865814,0
166865892,0
166865976,0
166866342,0
166866366,0
166866504,0
166868100,0
166868214,0
166873188,0
166874508,0
166874802,1
166874880,0
166876080,0
166876620,0
166876626,0
166876848,0
166876968,0
166877436,0
166878300,1
166879320,0
166879650,0
166879884,0
166880790,0
166881270,0
166881690,0
166883316,0
166883640,0
166883874,0
166884054,0
166885260,0
166885338,0
166886682,0
166887114,0
166887222,0
166887504,0
166888176,0
166888248,0
166888278,0
166888746,0
166888902,0
166888962,0
166889346,0
166889406,0
166889514,0
166890078,0
166890306,0
166890534,0
166891110,0
166895364,0
166897242,0
166897476,0
166898388,0
166898568,0
166899468,0
166899882,0
166900404,0
166900890,0
166901196,0
166903284,0
166903500,1
166907802,0
166909290,0
166914990,0
166922202,0
166923600,0
166925748,0
166928046,0
166932360,0
166932846,0
166936938,0
166942326,0
166943988,0
166945494,0
166946538,0
166953048,0
166955346,0
166963098,1
166963980,0
166964352,0
166964358,0
166965750,1
166969854,0
166971078,0
166971570,0
166972116,0
166972620,0
166974846,0
166975500,0
166976052,0
166976604,0
166977408,1
166977450,0
166977498,0
166980732,0
166980828,0
166982562,0
166982784,0
166982940,0
166983180,0
166983450,1
166983630,0
166983882,0
166984638,0
166985280,0
166994898,1
166995012,0
166995120,0
166996932,0
166997328,0
166997670,0
166998696,1
166998708,0
166999542,0
167000292,0
167000442,0
167004090,0
167004360,1
167004516,0
167006064,1
167013462,0
167018964,0
167020908,0
167022864,0
167039784,0
167040096,0
167043900,0
167049456,1
167053674,0
167054076,0
167061840,0
167064480,0
167067612,0
167068500,0
167075244,0
167076684,0
167082528,0
167087256,1
167094324,0
167094474,0
167098446,1
167100564,0
167106576,0
167106606,0
167107842,0
167108874,0
167109306,0
167109312,0
167109972,0
167111814,0
167111922,0
167112762,0
167113194,1
167113440,0
167113788,0
167115870,0
167116518,0
167116710,1
167117346,0
167117772,0
167117994,1
167118282,1
167119548,0
167119920,0
167121948,0
167122296,0
167126466,0
167127594,1
167127780,0
167128140,1
167128362,0
167129490,0
167129634,0
167138394,0
167139996,0
167140590,0
167141208,0
167142294,1
167142528,0
167142720,0
167143416,0
167143854,0
167149548,0
167149692,0
167153250,1
167154180,1
167157588,0
167159592,1
167164416,0
167164980,0
167166144,0
167169216,0
167170776,0
167179866,0
167185104,0
167203134,0
167204964,0
167208186,0
167211126,0
167211330,0
167211402,0
167214150,1
167215230,0
167217042,0
167217888,0
167219712,0
167221830,0
167227050,0
167227830,0
167228070,1
167229246,0
167233374,0
167236284,0
167240766,0
167241756,1
167242446,0
167245350,0
167245686,0
167245842,0
167246160,0
167247294,0
167247852,0
167249538,1
167255346,0
167256600,0
167257056,0
167262102,1
167266464,0
167270148,0
167270250,0
167271318,0
167271414,1
167271714,0
167272734,0
167275758,0
167281176,0
167281392,0
167281428,0
167281434,0
167289576,0
167289612,0
167290854,0
167292540,1
167293212,0
167293284,0
167293332,0
167293464,0
167295144,0
167295378,1
167295432,0
167296680,0
167299428,1
167300466,0
167308710,0
167314008,0
167316150,0
167321814,0
167330418,0
167332248,0
167337948,0
167348844,0
167353710,1
167355048,0
167360376,0
167361462,0
167362146,0
167362500,0
167362662,0
167372766,0
167373018,0
167374176,0
167375094,0
167376852,0
167381238,0
167384730,0
167385624,0
167387262,0
167389614,0
167392422,0
167393328,0
167394102,0
167401062,0
167403504,0
167403684,0
167407020,0
167408802,0
167410512,1
167415540,1
167416254,0
167416644,0
167417706,0
167418450,0
167418516,0
167418636,0
167419080,0
167419338,0
167419446,0
167421384,0
167422752,0
167423016,0
167423220,0
167427030,0
167427222,0
167427474,1
167428782,0
167428848,0
167429250,0
167429274,0
167437776,0
167439006,0
167440500,0
167440716,0
167443452,0
167443806,0
167447172,0
167454102,0
167472312,0
167479806,0
167481126,0
167481336,0
167486466,0
167491242,0
167491806,0
167493858,0
167496102,0
167496804,0
167500860,0
167501610,0
167503524,0
167508270,0
167510892,0
167511546,0
167512662,0
167513316,0
167514126,0
167516832,0
167519928,1
167521452,1
167522580,0
167526186,0
167532990,0
167533164,0
167536470,0
167537382,1
167538210,0
167538360,0
167541144,0
167544318,1
167544354,0
167545764,0
167546808,0
167554062,0
167554374,0
167556690,0
167558040,0
167558052,0
167559114,0
167559708,0
167560608,0
167561136,0
167561886,1
167562024,0
167562426,0
167562966,0
167563320,0
167563440,0
167568108,0
167568456,0
167568654,0
167568894,0
167568900,0
167569692,0
167570118,0
167570316,0
167571552,0
167573454,1
167574186,0
167575986,0
167576142,0
167576184,0
167576328,0
167576670,0
167577078,0
167577192,0
167588436,0
167589390,0
167589450,0
167590440,0
167591154,0
167591196,0
167592120,1
167593638,0
167593686,0
167593854,0
167593866,1
167594274,0
167595624,0
167596122,0
167596476,0
167596674,0
167596764,0
167599224,0
167599554,0
167600148,0
167601366,0
167602518,0
167602806,0
167603304,0
167604042,0
167605182,1
167605314,0
167605824,0
167605848,0
167605998,0
167606634,0
167606688,1
167607150,0
167607798,0
167607960,0
167608350,0
167608584,0
167608872,1
167609322,0
167609904,0
167610186,0
167610822,0
167611470,0
167611476,1
167611734,0
167612502,0
167613684,0
167613876,0
167613930,0
167614266,0
167615586,1
167615868,0
167616330,0
167616378,0
167616390,0
167617926,0
167618022,1
167618478,0
167619162,0
167619276,0
167620674,1
167623212,0
167623218,0
167624526,0
167625360,0
167625546,0
167626380,1
167626686,0
167628540,0
167629188,0
167629458,0
167629824,0
167629998,0
167630214,0
167630964,0
167631468,0
167631786,0
167632164,0
167632734,0
167633226,0
167634144,0
167634330,0
167634516,0
167635182,0
167635218,0
167635440,0
167635554,0
167635656,1
167644602,0
167646186,1
167647716,1
167648310,0
167648322,0
167649054,0
167649510,0
167650392,0
167651466,0
167654682,0
167656374,0
167661444,0
167664450,1
167669022,0
167673930,0
167677632,1
167686332,0
167700156,0
167702106,0
167703348,0
167703396,0
167703744,0
167704962,0
167705856,0
167709744,0
167710638,0
167718306,0
167720424,0
167723832,0
167725992,0
167726370,0
167728158,0
167729160,0
167729418,0
167736630,0
167738790,0
167740290,1
167744478,1
167745984,1
167747724,0
167750964,0
167751546,0
167754042,0
167754378,0
167756208,1
167756454,0
167756610,1
167756802,0
167758848,0
167759628,0
167762310,0
167764824,0
167766318,0
167769762,0
167769786,0
167770110,0
167774082,0
167774268,0
167776410,0
167776614,0
167777928,0
167779380,0
167780166,0
167781480,0
167784642,0
167785548,0
167786226,0
167786484,0
167789364,0
167790642,0
167791068,0
167791200,0
167791764,0
167792046,0
167792256,0
167792922,0
167793108,0
167811558,0
167813400,0
167813622,0
167814408,0
167815620,0
167815626,0
167815680,0
167817192,0
167817252,1
167821632,0
167821848,1
167825496,0
167828676,1
167831196,0
167831970,0
167833776,0
167836920,0
167847174,0
167858904,0
167864550,0
167866056,0
167872494,0
167879652,0
167882394,0
167882400,0
167882466,0
167884524,0
167886948,0
167887110,0
167887716,0
167888190,0
167889798,0
167890824,0
167893722,1
167894184,0
167894418,1
167895756,0
167897484,0
167905680,0
167907864,0
167920056,1
167921040,1
167923794,1
167925438,0
167926956,1
167927616,0
167928444,0
167928984,0
167929812,1
167931696,0
167933484,0
167934456,1
167936184,0
167937594,0
167937948,0
167939322,1
167939610,0
167940156,0
167941080,0
167942040,0
167943624,0
167944980,0
167946342,0
167946816,0
167948112,0
167948304,0
167949384,0
167950662,0
167952180,1
167952384,0
167954550,0
167955030,0
167965458,0
167965590,0
167967324,1
167967810,0
167969682,1
167974194,0
167975208,0
167982426,1
167985828,0
167987262,0
167993028,0
167998602,0
168001404,0
168010224,0
168037230,0
168041916,0
168049734,0
168057186,0
168057600,0
168058458,0
168061998,0
168065856,0
168069888,0
168071814,1
168073602,0
168074130,1
168074262,0
168080352,0
168080892,1
168082578,0
168083064,0
168083520,0
168084486,0
168084654,0
168085596,0
168087372,0
168087678,0
168093792,0
168093996,0
168094554,0
168095970,0
168097962,0
168100278,0
168100434,0
168101556,0
168102606,0
168104478,0
168105906,0
168106122,0
168116520,0
168119946,0
168121122,0
168123186,0
168123510,0
168123564,0
168126684,0
168126792,0
168132366,0
168134214,0
168145476,1
168147384,0
168151452,0
168173712,0
168185838,0
168186930,0
168191760,0
168195270,0
168195732,0
168198558,0
168199998,0
168203166,0
168210474,0
168212376,1
168216636,0
168216876,0
168220362,0
168223404,0
168224454,0
168225828,0
168226308,1
168232074,0
168232098,0
168232716,1
168234216,0
168237780,0
168238128,0
168239424,0
168243432,0
168247758,0
168248586,0
168249492,0
168251406,0
168252582,0
168255588,0
168257940,0
168258006,0
168258522,0
168258654,0
168259176,0
168260406,0
168260478,0
168261168,0
168261414,0
168261768,0
168270228,1
168270846,0
168270876,0
168273144,1
168273450,0
168273924,0
168274020,0
168275016,0
168275610,0
168275742,0
168280956,0
168282072,0
168282450,0
168286470,0
168286794,0
168288570,0
168297732,0
168311232,1
168320076,0
168320706,0
168337386,0
168343008,0
168345312,0
168348660,0
168349398,0
168351630,0
168354996,0
168355374,0
168366102,0
168366552,0
168373764,0
168376146,0
168376314,0
168376566,0
168378864,0
168379572,0
168380124,0
168384144,0
168389382,1
168393084,0
168394326,0
168396480,0
168397146,0
168397764,0
168398148,0
168398418,1
168398712,0
168399120,0
168401034,0
168401526,0
168404328,0
168405102,0
168405720,1
168407724,0
168407772,0
168408090,0
168409050,0
168409152,0
168410094,0
168410112,0
168410202,0
168411108,0
168411168,0
168411438,0
168411654,0
168411780,0
168412812,0
168413664,0
168413688,0
168413754,1
168414078,1
168414090,0
168415440,0
168419166,1
168420528,0
168422370,1
168426240,0
168431766,0
168433080,0
168435708,0
168436590,0
168436806,0
168437028,0
168437136,0
168438282,0
168438756,0
168439608,0
168440628,0
168441084,0
168441168,0
168442134,0
168443130,0
168443376,0
168445020,0
168445908,0
168446196,0
168446838,0
168449550,1
168449640,1
168449910,0
168450354,0
168450498,0
168451746,0
168452316,0
168452670,0
168452862,0
168453414,0
168453612,0
168453750,0
168454002,0
168454008,0
168456282,1
168457224,0
168458904,0
168458922,0
168458964,0
168460476,1
168460548,0
168461442,0
168461664,1
168461856,0
168462234,0
168462522,0
168463410,1
168463854,1
168464202,0
168464382,0
168464706,0
168464778,0
168464796,0
168464970,0
168467526,1
168467910,0
168468534,0
168469230,0
168469428,0
168470166,0
168470322,0
168470502,0
168472278,0
168480384,0
168481896,0
168482244,0
168482304,1
168482742,0
168484164,0
168487116,0
168487500,0
168488664,0
168503094,0
168507846,0
168523320,0
168529728,0
168536220,0
168536400,1
168538788,0
168544578,0
168546510,0
168550374,0
168554916,0
168556770,0
168557958,1
168562680,0
168565464,0
168566694,0
168569190,0
168570522,0
168570570,0
168572142,0
168572292,0
168576420,0
168580692,0
168582066,0
168584178,0
168585474,0
168588246,0
168589152,0
168589368,0
168594666,0
168596514,0
168600996,0
168601170,0
168603180,0
168604836,0
168605082,1
168607830,0
168608184,0
168609534,0
168616440,0
168617406,0
168617760,0
168620118,0
168620268,0
168621030,1
168621204,0
168621618,0
168621636,0
168621966,1
168633276,1
168635208,0
168636144,1
168637560,0
168637596,0
168637986,0
168638460,0
168638712,0
168644376,0
168644856,0
168645060,0
168645138,0
168645222,0
168645312,0
168645720,0
168650928,0
168653922,0
168657564,0
168670638,0
168674568,0
168675816,0
168676758,0
168694122,1
168701808,1
168701850,0
168703692,0
168703704,1
168706500,0
168708132,0
168712434,1
168712974,0
168713208,0
168714270,0
168722988,0
168723654,0
168724476,1
168726546,0
168727686,0
168729594,0
168732252,0
168733392,0
168740790,0
168742722,0
168746904,0
168754554,0
168757512,0
168757998,0
168760368,0
168762612,1
168763146,0
168763374,0
168763698,0
168765240,0
168766698,0
168766872,0
168767622,0
168768126,0
168769950,0
168771402,0
168774876,0
168775140,0
168776454,0
168777006,0
168778356,0
168781554,0
168782484,0
168795534,0
168796590,0
168796680,1
168798180,0
168798732,0
168799824,0
168800586,0
168800598,0
168804582,0
168805866,0
168806274,0
168817092,0
168821928,0
168822510,0
168825798,0
168826374,0
168828378,1
168831696,0
168832842,0
168837648,0
168853326,0
168855720,0
168858774,0
168859392,0
168863838,0
168869742,1
168871524,1
168875706,0
168882354,0
168882750,0
168883032,1
168887796,0
168889476,0
168890550,0
168890562,0
168891138,0
168894546,1
168894804,0
168897462,1
168902046,0
168903144,0
168903642,0
168904524,0
168904734,0
168904884,1
168905400,0
168907014,0
168908598,0
168910284,0
168911166,0
168911754,0
168912330,0
168915126,1
168915462,0
168918570,0
168919218,0
168920160,0
168921690,0
168924984,0
168925104,0
168926406,0
168930090,0
168930210,0
168942774,0
168944652,0
168944796,0
168947556,0
168948936,0
168949980,0
168955002,0
168962586,0
168963300,0
168964002,0
168979866,0
168980010,0
168981240,0
168982362,0
168985872,1
168987864,1
168988956,0
169000926,0
169003170,0
169005912,0
169014396,0
169015164,0
169017708,0
169020840,0
169020852,0
169032378,0
169039116,0
169039470,0
169045008,0
169047828,1
169047912,1
169051656,0
169051710,0
169054248,0
169055130,0
169059582,0
169060554,0
169061850,0
169062690,0
169063362,0
169064634,0
169066398,0
169066404,0
169066776,0
169067490,0
169068858,0
169069218,0
169069632,1
169071966,1
169072566,0
169075260,0
169079070,1
169079550,0
169080798,0
169080876,0
169082568,0
169082580,0
169098792,0
169099350,0
169100334,0
169100484,1
169101714,0
169101786,0
169102224,0
169115010,0
169117326,0
169118904,0
169128576,0
169130856,0
169136484,1
169139886,0
169140192,0
169140564,0
169140906,0
169146234,1
169146414,1
169148580,0
169151700,0
169151706,0
169153914,0
169159344,0
169160856,0
169161396,1
169165146,0
169169532,0
169177530,0
169180998,0
169181544,0
169182552,0
169182936,0
169186236,0
169189482,0
169189848,0
169191240,0
169193496,0
169195842,0
169198080,0
169199628,0
169201410,1
169202754,0
169211340,1
169213704,0
169213932,0
169214016,0
169214304,0
169215954,0
169216704,0
169217910,0
169219260,0
169220514,0
169223472,0
169223574,0
169224060,0
169224816,0
169226940,1
169227594,0
169228638,1
169230492,0
169230852,0
169231158,0
169231500,0
169231986,0
169233210,0
169233216,0
169233234,0
169233246,0
169234620,0
169236642,0
169237170,0
169239006,0
169239060,0
169239486,0
169248282,0
169250904,0
169253460,0
169254270,0
169254408,0
169254696,0
169255242,1
169255368,0
169255482,0
169257096,1
169257288,1
169260114,1
169260276,0
169260996,0
169261128,0
169261380,0
169263816,1
169265646,1
169266210,0
169266234,0
169267704,0
169268142,0
169269210,0
169270746,0
169270866,0
169271220,1
169272096,0
169272414,0
169273194,0
169275534,0
169276494,0
169277346,0
169277568,0
169277862,1
169279110,1
169279260,0
169279440,0
169279584,0
169280202,0
169280658,0
169281096,0
169281426,1
169281720,0
169281786,0
169282128,0
169282320,0
169282434,0
169282890,1
169283148,0
169283202,0
169284096,0
169284126,0
169284216,0
169285986,0
169287954,0
169288350,0
169288374,0
169288530,0
169288842,0
169303044,0
169303110,0
169303536,0
169303956,0
169304118,0
169304376,0
169304562,0
169306470,0
169306476,1
169307826,0
169309596,0
169310142,0
169312548,0
169313610,0
169319730,0
169320378,0
169321308,0
169322076,0
169324026,0
169324170,0
169326834,0
169328592,0
169330044,0
169334802,0
169339488,0
169342074,0
169344798,0
169345752,0
169346220,0
169352838,0
169352958,1
169378992,0
169379442,0
169380876,1
169382184,0
169384290,0
169386582,0
169386732,1
169389864,0
169390176,0
169393512,0
169396212,0
169399608,0
169400286,0
169400676,0
169402212,0
169405782,0
169408674,0
169410456,0
169410606,0
169411806,0
169412310,0
169412334,0
169413078,0
169414158,0
169414806,1
169416432,0
169417032,0
169417578,0
169417962,0
169418952,0
169420590,0
169420602,0
169422396,0
169423158,0
169423506,0
169423884,0
169424316,0
169424856,0
169426434,0
169426530,0
169427304,0
169427958,0
169427964,0
169428480,0
169429416,0
169429800,0
169435974,0
169436898,0
169438140,0
169442694,0
169444248,1
169444686,0
169463586,0
169463790,0
169466676,0
169466802,0
169466844,0
169467204,0
169467720,0
169471206,0
169471680,0
169480818,0
169483650,1
169485312,0
169488396,0
169508502,1
169517796,0
169517814,0
169521978,0
169529088,1
169534350,0
169534368,0
169535754,1
169542282,1
169546506,0
169547184,0
169550898,0
169551480,0
169552734,0
169563486,0
169566078,0
169566912,0
169570764,0
169571004,1
169572684,1
169573116,0
169574928,1
169579650,0
169581630,0
169583442,0
169586826,0
169588062,0
169590714,0
169591782,0
169594878,0
169597470,0
169598304,0
169599654,0
169600632,0
169601010,0
169601766,0
169602528,0
169605372,0
169605810,0
169606518,0
169611654,0
169614012,0
169614414,0
169614606,1
169614822,0
169615362,0
169616178,0
169616514,0
169616742,0
169616904,0
169637514,0
169640106,0
169640508,0
169643148,0
169644258,0
169644282,0
169647648,0
169649268,0
169658790,0
169659474,0
169665426,0
169665624,0
169672632,0
169681170,0
169686456,0
169687242,0
169689564,0
169691682,0
169707576,0
169709022,1
169709622,0
169711536,1
169713492,0
169718856,0
169721262,0
169721640,0
169722378,1
169723746,0
169729134,0
169731696,0
169731906,0
169736832,0
169737996,0
169747620,0
169750842,0
169752996,0
169753008,0
169753224,0
169753236,0
169753506,0
169753920,0
169755426,0
169755648,0
169756278,0
169757670,0
169759434,0
169760472,0
169761972,0
169763892,0
169765344,1
169766052,0
169770642,0
169772694,0
169773282,0
169774308,0
169774860,0
169777602,0
169778016,0
169796190,0
169799166,0
169799268,0
169799742,0
169801662,0
169802634,0
169803432,0
169803492,0
169804116,0
169805052,0
169805646,0
169805682,0
169806012,0
169823004,0
169825932,1
169828248,0
169856244,0
169875216,0
169877238,0
169877622,0
169882716,0
169882974,1
169888308,0
169889646,0
169890510,0
169892868,0
169893150,0
169895724,0
169895730,0
169897272,0
169898214,0
169899102,0
169899780,0
169905642,0
169906092,0
169907016,0
169908234,0
169910076,0
169912044,0
169914444,0
169923930,0
169925148,0
169926342,0
169929354,0
169929606,0
169930704,0
169930926,0
169931418,0
169932660,0
169933344,0
169935348,0
169936314,0
169937802,0
169938516,0
169940550,0
169941234,0
169941768,0
169942062,0
169943286,0
169966266,0
169966920,0
169968042,0
169969458,0
169970208,0
169970700,1
169971036,0
169971684,1
169972218,1
169976214,0
169978482,0
169980660,0
169984752,0
169994904,0
169995930,0
169997664,0
170001492,0
170003016,0
170013102,0
170015514,1
170020788,0
170021298,0
170026788,0
170027586,0
170029662,0
170036436,0
170039088,0
170039724,0
170040684,0
170043306,0
170043348,0
170049012,0
170051742,0
170057718,0
170058048,1
170061138,0
170061168,0
170062536,0
170065110,0
170065842,0
170069298,0
170069688,1
170070492,0
170071308,0
170071878,0
170079510,1
170081820,0
170084130,1
170084916,0
170085018,0
170089764,1
170092842,0
170093724,0
170095518,0
170095752,1
170100276,0
170100462,0
170100624,0
170100744,0
170101104,0
170101470,0
170103270,0
170103912,0
170103948,0
170106486,0
170108946,0
170112762,0
170114586,0
170115282,0
170117292,0
170117532,0
170118972,0
170119674,0
170120886,0
170121642,0
170121702,0
170122032,0
170123064,0
170123490,0
170123628,0
170126226,0
170128530,0
170128848,0
170132778,1
170133228,0
170133420,0
170135874,1
170136336,0
170136498,0
170136684,0
170137002,1
170138388,0
170139300,0
170141988,0
170142282,0
170142522,0
170142858,0
170143830,0
170145414,0
170145870,1
170148252,0
170148360,0
170148894,0
170149908,0
170153880,0
170154120,0
170154180,0
170154192,0
170154888,0
170155698,0
170156226,0
170157126,0
170157408,0
170157534,0
170158416,0
170159214,0
170159250,0
170159358,0
170159364,0
170159430,1
170159520,0
170160846,0
170162016,0
170162076,0
170162088,1
170162862,0
170163354,0
170164554,0
170164914,0
170165130,0
170166270,0
170166438,0
170166768,0
170166984,0
170168310,0
170168418,0
170168622,0
170169318,0
170195154,0
170196672,0
170197080,0
170197464,0
170197704,0
170200656,0
170200728,0
170200764,0
170203116,0
170207628,0
170208948,0
170211492,0
170213466,0
170214822,0
170219592,0
170232828,0
170237718,0
170252610,0
170258580,1
170260602,0
170264592,0
170265714,1
170267088,0
170267580,0
170268756,0
170269224,0
170275122,0
170283354,0
170292516,0
170292654,0
170293938,0
170295888,1
170296344,1
170299782,1
170300700,0
170301810,0
170302416,1
170303022,0
170303034,0
170305374,0
170309148,0
170311110,0
170312004,1
170312472,0
170312964,0
170313504,0
170313660,0
170316438,0
170316510,0
170317332,0
170317680,0
170317980,0
170318796,0
170319720,0
170320824,0
170321598,0
170321970,0
170323296,0
170323926,0
170324238,0
170324280,0
170325024,0
170325234,0
170327580,0
170327850,0
170328306,0
170328312,0
170329326,0
170354688,0
170356212,1
170356866,0
170357016,0
170357100,0
170357160,0
170358354,0
170359128,0
170360106,0
170360682,0
170360688,0
170365662,0
170365674,0
170366442,0
170373294,1
170374560,0
170378406,0
170381814,0
170396088,0
170396394,0
170405886,0
170414100,0
170416158,0
170417022,0
170417208,0
170421150,0
170424078,0
170425272,0
170426532,0
170436180,0
170451342,0
170453868,0
170455350,0
170456250,0
170457912,0
170458566,0
170458920,0
170460336,0
170461458,0
170463516,0
170466264,0
170468508,0
170477472,0
170477592,0
170477718,0
170480604,0
170480922,0
170482902,0
170483022,0
170484300,1
170485050,1
170486334,0
170486988,0
170490336,0
170492106,0
170492766,0
170495256,0
170496132,0
170496540,0
170498022,0
170502060,0
170502462,1
170503014,0
170503818,0
170504718,0
170505846,0
170507868,0
170508066,0
170508234,0
170537364,0
170541438,0
170541888,0
170542362,0
170542458,1
170542788,0
170543274,0
170543304,0
170544294,0
170544420,0
170544798,0
170544948,0
170545122,0
170549082,0
170550000,0
170553168,0
170555592,0
170557332,0
170579886,0
170586156,0
170597622,0
170603316,1
170604984,0
170610258,0
170610534,0
170612196,0
170613612,0
170617524,0
170618676,0
170618754,0
170621460,0
170623182,0
170625810,0
170634756,0
170636856,0
170639970,0
170640738,0
170643318,0
170643798,0
170644692,0
170645082,0
170646456,0
170648328,0
170649264,0
170649570,0
170649972,0
170651286,0
170651760,1
170654856,0
170657370,0
170661042,0
170665536,0
170666394,0
170667174,0
170668842,0
170670450,0
170671386,1
170673258,0
170674902,0
170676042,0
170676276,0
170677014,0
170677080,0
170677134,0
170677350,1
170677884,0
170678706,0
170679522,0
170679750,1
170679864,0
170680434,0
170680836,0
170681154,0
170681190,0
170681226,0
170681982,0
170682180,0
170710278,0
170710338,0
170710674,0
170711490,0
170711904,0
170712606,0
170713356,0
170713608,0
170713776,1
170713818,1
170715054,0
170717496,0
170717946,0
170718738,0
170720406,1
170725038,0
170729016,0
170731272,0
170739276,1
170745246,0
170752254,0
170759208,0
170763120,0
170765964,0
170767524,0
170768388,0
170782512,0
170784234,0
170792712,0
170795436,0
170796666,0
170797410,0
170797914,0
170797920,0
170799804,0
170801184,0
170801466,0
170804004,0
170804496,1
170811144,0
170816088,1
170816664,0
170817198,0
170817522,0
170818542,0
170822238,0
170823528,1
170824284,0
170825952,0
170828118,1
170828958,0
170831580,0
170833806,0
170839164,0
170840274,0
170842716,0
170843460,0
170843946,0
170843994,1
170845986,0
170846160,0
170846964,0
170848116,0
170849328,0
170849538,1
170849700,0
170877114,0
170878110,0
170878806,1
170879478,0
170879658,0
170885838,0
170886084,0
170887512,0
170910534,0
170923404,0
170929998,0
170933664,0
170938908,1
170942388,0
170942700,0
170943168,0
170943510,0
170944176,0
170948058,0
170948268,0
170949126,0
170952972,0
170953734,0
170958714,0
170959458,0
170960160,0
170963946,0
170968290,0
170968956,0
170970660,0
170970666,0
170972214,0
170975640,0
170976834,0
170978160,0
170980296,0
170981010,0
170984418,0
170988972,1
170989500,0
170989962,0
170990964,0
170991138,0
170991864,0
170992482,0
170994366,0
170995992,1
170996994,0
170999010,0
171002922,0
171003282,0
171003810,0
171010362,0
171010620,0
171011760,0
171012018,0
171012840,1
171016170,0
171020904,0
171022608,0
171023100,0
171023430,0
171023814,0
171024276,0
171024666,0
171025710,0
171026244,0
171026814,0
171028806,0
171029334,0
171030144,0
171032844,0
171033588,1
171033768,0
171035670,0
171035970,0
171036276,0
171036732,0
171036906,0
171036990,0
171037896,0
171037986,0
171038100,0
171038688,0
171039654,0
171039726,0
171042366,0
171042654,0
171043278,0
171044076,1
171044970,0
171045978,0
171046308,0
171048426,0
171049740,0
171050142,0
171051912,0
171054018,0
171054180,0
171055908,0
171056046,0
171057642,1
171059472,0
171061212,1
171061686,0
171062046,0
171063198,0
171063564,0
171063600,0
171064224,0
171065562,0
171066180,0
171068010,0
171070494,0
171071148,0
171071238,1
171071898,0
171072174,0
171072936,0
171073362,0
171074076,1
171098652,0
171101958,0
171102906,0
171102912,0
171104400,0
171105390,1
171110394,0
171110862,0
171115446,0
171116496,0
171123858,1
171127044,1
171128406,0
171141606,0
171141828,0
171143304,0
171147954,0
171148428,0
171149244,0
171150612,0
171152220,0
171153102,0
171158346,0
171159324,0
171175956,0
171176820,0
171176994,0
171178608,0
171181326,0
171184326,0
171185076,1
171185712,0
171189186,0
171190260,0
171192852,0
171193704,1
171196254,0
171199788,0
171201534,0
171206166,1
171210720,0
171210732,0
171214008,0
171214290,0
171214770,0
171222498,0
171224844,0
171226092,0
171226686,1
171227844,0
171227934,1
171229164,1
171229260,0
171230934,0
171236970,1
171237252,0
171237726,1
171239244,1
171240636,0
171242616,0
171243612,0
171244020,0
171244050,0
171273948,0
171274950,0
171278190,0
171279648,0
171280266,0
171280302,0
171280554,0
171280632,0
171284832,0
171286404,0
171296748,0
171299682,0
171303612,1
171304170,0
171307386,0
171311670,0
171316578,1
171318834,0
171318870,0
171320988,0
171322806,0
171334458,0
171337848,0
171338304,0
171338862,1
171339948,1
171348792,0
171351018,1
171357084,0
171357552,0
171362400,0
171365322,0
171377520,0
171383562,0
171391356,0
171392988,0
171393660,0
171396162,1
171396594,0
171397680,0
171398370,0
171399282,1
171401820,0
171402300,0
171404094,0
171405060,1
171405090,1
171409686,0
171409758,0
171410334,0
171412776,0
171412956,0
171413154,0
171413202,0
171413424,0
171413862,0
171414378,0
171414804,0
171414924,0
171415248,0
171415446,0
171416682,1
171416772,0
171417132,0
171417516,0
171418158,0
171418554,0
171419004,0
171419850,1
171420126,1
171450402,1
171452136,0
171453006,0
171453660,0
171454068,0
171454272,1
171454524,0
171457578,0
171457614,0
171459726,0
171473016,1
171473088,0
171474786,0
171480342,0
171483804,1
171489840,0
171491184,0
171492120,0
171495468,0
171498468,0
171507792,0
171508842,0
171511158,0
171511614,0
171511992,1
171513918,0
171513942,0
171519252,0
171520632,1
171522570,0
171525138,0
171529350,0
171529998,0
171532716,0
171539532,0
171542040,0
171542988,0
171545874,0
171546060,0
171547080,0
171547794,0
171548322,0
171549102,0
171549150,0
171550296,0
171552036,1
171552828,0
171559518,1
171560394,0
171560802,0
171561948,0
171564522,0
171565170,0
171566172,0
171568524,0
171569838,0
171570564,0
171570726,0
171572370,0
171576264,0
171578142,0
171578688,0
171578862,0
171579180,0
171579372,0
171581010,0
171581070,0
171581538,0
171581640,0
171582900,0
171586020,0
171586554,0
171587856,0
171614262,0
171615930,0
171616260,0
171617472,0
171620040,0
171620892,0
171624492,0
171626352,0
171627120,0
171632412,0
171635232,0
171644298,0
171650514,0
171659730,0
171661614,0
171664836,0
171670620,0
171673542,0
171676296,0
171682716,0
171682884,0
171686232,1
171686778,0
171687438,0
171688596,0
171691062,0
171692238,0
171701154,1
171701442,0
171704622,0
171709104,0
171709338,0
171715632,0
171717096,0
171718230,0
171719022,0
171724746,0
171724764,0
171725892,0
171727242,0
171732498,0
171734100,0
171734790,0
171735012,0
171736116,0
171736632,0
171738246,0
171739152,0
171741204,1
171741258,0
171742542,0
171744402,0
171747132,0
171750096,0
171752328,0
171754182,0
171781110,0
171781194,0
171781788,0
171782052,0
171783774,0
171784596,0
171785052,0
171785100,0
171788706,0
171793188,0
171793464,0
171795228,0
171806754,0
171820656,0
171821202,0
171823464,0
171825426,0
171827520,0
171832842,0
171839928,0
171843690,0
171852306,0
171853968,0
171855012,0
171857562,0
171861612,0
171862044,0
171869124,0
171869550,0
171873018,0
171879078,0
171881310,0
171885372,0
171885390,0
171888810,0
171891036,0
171893406,0
171893820,0
171894312,0
171895098,0
171897990,0
171899454,0
171900834,0
171900924,0
171901296,0
171902634,0
171902868,0
171903948,0
171907644,1
171908232,0
171909162,0
171909228,0
171909588,0
171910446,0
171910752,0
171911814,0
171912072,0
171912768,0
171913020,1
171916986,0
171917052,0
171917790,0
171917796,1
171917964,0
171919152,0
171919392,0
171920370,0
171921120,0
171924612,0
171926706,0
171929004,1
171931518,0
171933372,0
171937374,0
171938502,0
171940482,0
171941040,0
171942120,0
171942564,1
171942660,0
171943464,0
171944898,0
171945918,0
171947202,0
171947958,0
171950142,0
171950640,1
171950952,0
171952524,0
171953046,0
171953166,1
171953496,0
171953892,1
171955902,0
171957942,0
171959010,0
171959520,1
171959562,0
171959592,0
171959700,0
171960000,0
171961200,0
171961530,0
171961860,0
171963576,0
171963672,0
171964338,0
171966390,0
171966744,0
171969078,0
171969198,0
171970248,0
171971292,0
171971520,0
171972672,0
171972858,0
171973362,0
171973962,0
171974274,0
171974916,0
171975816,0
171976284,0
171976326,0
171977244,0
171977622,0
171977928,0
171978210,0
171979320,0
171979368,0
171979500,0
171979896,0
171981414,0
171982128,0
171982530,0
171982944,0
171982950,0
172004706,0
172006650,0
172007148,0
172012344,0
172012518,0
172013076,1
172020348,0
172022520,0
172025694,1
172048704,0
172050156,0
172058280,0
172059846,0
172062378,0
172064082,0
172067220,0
172070916,0
172075704,1
172081638,0
172081926,1
172084494,0
172084500,0
172086228,0
172088934,1
172092354,0
172095048,0
172095126,0
172095936,0
172096380,1
172097790,0
172098468,0
172099638,0
172100256,0
172100838,0
172101126,0
172109940,0
172110330,1
172110888,0
172111512,1
172111884,0
172112736,0
172117308,0
172118886,0
172119126,0
172119354,0
172120470,0
172121388,0
172122030,0
172123122,1
172123572,0
172124136,0
172125018,0
172127448,0
172127736,0
172127772,0
172129320,0
172130106,0
172132320,0
172132434,0
172133262,0
172133358,1
172163394,1
172163622,0
172164588,0
172165104,0
172165266,0
172166886,0
172167198,0
172167918,0
172169604,0
172173462,0
172174194,0
172177800,0
172179102,0
172180428,0
172181208,0
172186662,0
172199016,0
172201098,0
172208490,0
172215138,0
172223682,0
172224354,0
172228368,0
172229196,0
172231440,0
172235340,0
172239720,0
172242972,0
172244934,0
172249824,0
172250268,0
172252110,0
172252116,0
172253796,0
172260672,0
172262610,0
172271442,0
172273146,0
172273272,0
172275300,0
172276272,0
172276602,0
172278858,0
172279338,0
172279374,0
172281726,0
172281858,0
172282182,0
172282254,0
172284078,0
172286250,0
172288386,0
172288554,0
172289508,1
172292070,0
172292406,0
172292886,0
172293030,0
172295574,0
172296444,0
172296594,0
172296768,0
172298424,0
172300386,0
172300650,0
172301202,0
172301358,0
172301562,0
172301736,0
172302324,0
172302330,0
172302576,0
172329234,0
172331172,0
172331556,0
172333278,0
172334604,0
172334742,0
172334946,0
172335684,0
172339188,1
172339278,0
172340070,1
172340424,0
172341816,0
172344420,0
172344546,1
172345098,0
172345194,0
172365726,0
172366938,0
172369824,0
172373358,0
172376484,0
172377786,0
172387842,0
172388184,0
172390680,0
172393986,0
172395606,0
172395786,0
172399032,1
172400904,0
172404876,0
172408902,1
172408908,0
172410324,0
172412628,0
172414656,0
172419378,0
172419660,0
172423086,0
172427682,0
172428018,0
172431438,0
172432464,0
172436238,0
172441068,0
172443366,0
172443858,1
172444350,0
172445724,0
172445748,0
172447908,0
172449462,0
172452378,1
172455012,0
172457622,0
172458450,0
172459212,0
172460724,0
172462164,0
172462554,0
172464690,0
172465434,0
172466040,0
172467120,0
172469730,0
172470762,0
172499742,0
172500012,0
172501128,0
172502616,0
172504698,0
172510188,0
172510362,0
172513020,0
172513200,0
172515282,0
172517922,0
172538238,0
172540260,0
172555626,0
172556874,0
172557456,1
172561410,0
172562622,0
172570404,0
172576068,0
172576356,0
172576488,1
172578864,0
172580178,0
172585728,0
172597650,0
172598406,0
172599414,0
172599444,0
172602348,0
172603140,0
172605450,0
172606116,0
172606884,0
172610340,0
172615098,0
172616154,1
172616604,0
172617012,0
172620360,1
172621266,1
172621782,0
172621860,0
172623582,0
172623690,0
172624182,0
172626120,0
172626198,0
172627050,1
172628376,1
172630584,0
172632432,0
172632504,0
172633176,0
172633344,0
172635228,0
172636686,0
172636716,0
172636902,0
172664256,0
172667730,0
172667838,0
172669098,0
172669374,0
172669872,0
172670208,0
172680690,0
172681566,0
172699134,0
172706730,0
172719894,0
172720344,0
172737114,0
172740588,0
172746588,0
172750428,1
172751202,0
172751538,0
172752540,0
172753452,0
172753968,0
172755216,0
172755348,1
172757412,0
172769508,0
172770792,0
172771638,0
172771644,0
172771662,0
172772592,0
172774398,0
172777896,0
172778652,0
172780956,0
172781052,0
172781334,0
172783368,1
172783542,0
172783548,0
172783776,0
172784292,1
172784982,0
172785168,0
172785252,0
172786044,0
172786236,0
172787736,0
172787760,0
172789668,0
172791240,0
172792044,0
172792824,0
172793376,0
172794138,0
172794312,0
172794816,1
172799148,0
172799232,0
172799658,0
172799898,0
172800018,0
172800162,0
172800204,0
172800720,0
172801074,0
172801386,0
172801488,1
172804350,0
172805286,0
172809954,0
172811844,0
172813092,0
172817034,0
172817808,0
172820646,0
172820802,0
172821456,0
172822422,1
172823802,0
172826028,0
172826034,0
172826106,0
172828038,0
172828284,0
172828536,0
172830180,0
172831410,1
172831962,0
172832760,0
172833006,0
172833750,0
172834848,0
172835364,0
172835442,0
172835838,1
172836306,0
172838874,0
172838928,0
172838934,1
172839324,0
172839462,0
172839786,0
172840152,0
172841298,1
172842402,0
172846446,0
172846584,0
172847850,0
172848204,1
172848900,0
172851474,0
172851684,0
172852506,0
172853598,0
172853904,0
172854120,1
172854990,0
172855908,0
172856946,0
172857126,0
172858272,0
172862100,0
172862766,0
172879428,0
172879674,0
172882062,0
172883628,0
172890684,0
172891092,0
172896960,0
172899102,0
172901964,0
172904670,1
172912668,1
172917264,0
172928556,0
172932966,1
172933134,1
172937172,0
172942794,0
172943292,0
172949394,0
172950642,0
172951236,1
172959816,0
172960218,0
172965432,0
172965792,0
172969674,0
172970568,0
172974036,1
172977210,0
172984050,0
172984116,0
172987314,0
172989276,0
172990812,0
172991580,0
172995642,0
172995798,1
173001168,0
173001474,0
173002026,1
173003484,0
173005098,0
173005836,0
173006322,0
173009322,0
173014002,0
173014008,0
173014488,1
173015028,0
173015040,0
173015496,0
173017254,0
173017482,0
173019084,0
173019870,0
173020050,0
173048910,0
173050848,0
173053164,0
173053920,0
173054400,0
173055558,0
173055792,1
173059752,1
173059890,0
173075874,0
173104278,0
173106924,0
173122068,0
173123406,0
173123424,0
173133090,0
173142186,0
173148708,0
173152164,0
173152176,0
173153256,0
173153742,0
173157756,0
173159166,0
173160330,0
173161866,0
173165508,0
173168976,1
173171850,0
173172120,0
173174214,0
173174298,0
173174502,0
173179158,0
173183928,0
173185164,0
173190366,0
173190834,0
173194122,0
173196102,0
173196750,0
173196876,0
173225688,0
173228556,0
173230890,0
173230968,0
173231334,1
173231394,0
173231910,1
173232174,0
173232624,0
173236800,0
173236866,0
173237976,0
173240250,0
173243418,0
173249262,0
173250816,0
173263392,0
173269728,0
173277738,0
173279796,0
173281740,0
173284560,0
173285442,0
173292900,0
173299242,0
173300724,1
173316030,0
173316432,0
173321328,1
173323290,0
173328360,1
173331750,1
173338506,0
173341386,0
173342454,0
173344236,0
173344470,1
173345094,0
173345346,1
173346714,0
173346816,0
173353266,0
173353560,0
173356680,0
173359152,0
173363016,0
173364648,0
173365878,0
173367012,0
173367048,0
173395122,0
173399364,0
173399676,0
173399694,0
173400000,0
173400582,0
173401344,0
173404704,0
173406774,0
173407614,0
173410386,0
173416452,0
173418450,0
173427540,0
173432622,0
173436186,0
173441112,0
173443224,0
173449878,0
173452818,0
173461962,0
173463120,0
173465298,0
173467548,0
173471706,0
173474550,1
173481660,0
173488266,0
173488278,0
173489550,0
173491350,0
173492358,0
173496036,0
173500554,0
173503332,0
173505528,0
173507502,0
173507856,1
173510058,1
173510802,0
173511012,0
173513328,0
173515992,0
173516040,1
173516274,0
173517264,0
173517846,0
173518398,0
173522052,0
173522244,0
173525454,0
173525946,0
173525988,0
173526168,0
173528820,0
173529288,0
173530374,0
173530650,0
173560242,0
173560428,0
173560680,1
173560920,0
173561514,0
173561640,1
173561784,0
173562156,0
173562564,0
173566008,0
173566596,0
173567316,0
173568552,0
173570754,0
173571702,0
173576586,0
173592096,0
173601672,0
173602944,0
173604210,0
173605470,0
173608932,0
173610000,0
173615442,0
173618352,0
173618760,0
173620872,1
173623302,0
173625360,0
173625390,0
173626800,0
173631570,0
173631678,0
173633946,0
173635626,0
173635830,0
173636676,0
173639160,1
173640966,0
173641926,0
173646546,0
173648472,0
173653410,0
173654694,0
173655744,0
173657562,0
173658654,0
173665674,0
173668794,0
173670744,0
173670762,0
173671596,0
173672160,0
173672334,0
173673414,0
173676222,0
173677074,0
173678292,0
173679888,0
173679942,0
173680038,0
173680926,1
173681550,0
173681712,0
173682810,0
173682924,0
173683704,0
173683920,0
173683974,0
173684100,0
173688150,0
173688330,0
173688636,0
173688726,0
173690160,0
173691012,0
173691660,0
173694798,0
173695302,0
173700048,0
173702706,0
173703612,0
173707542,0
173709972,1
173711058,0
173712888,0
173714034,0
173714070,0
173716974,0
173717058,0
173718180,0
173718264,0
173718618,0
173720910,1
173721174,0
173721798,0
173722128,0
173722212,0
173722494,0
173723406,0
173724222,0
173725944,0
173727810,0
173727906,0
173728278,0
173730780,0
173732430,0
173732586,0
173733150,1
173733708,0
173733822,0
173733870,1
173734938,0
173735634,0
173736666,0
173738586,1
173739054,0
173740254,0
173741748,0
173742558,0
173744508,0
173745300,0
173745510,0
173746344,0
173747052,0
173748132,0
173748396,0
173748480,1
173752536,0
173752740,0
173752962,1
173753040,0
173754942,0
173755398,0
173755920,0
173790552,0
173792364,0
173792544,1
173792910,0
173792916,0
173792952,0
173793000,0
173794344,0
173796618,0
173797572,0
173801454,0
173806206,0
173810778,0
173812296,0
173819640,0
173825292,0
173842158,0
173842434,0
173845116,0
173850678,0
173851374,0
173854896,0
173855982,0
173860164,0
173862066,0
173867598,0
173873910,0
173874060,0
173875554,0
173875800,0
173875998,0
173876898,0
173877660,0
173878086,0
173878698,0
173879784,0
173883048,0
173885568,1
173892090,0
173892150,0
173896602,0
173897880,0
173899644,0
173900106,0
173900820,0
173901270,0
173901696,0
173901918,1
173902416,0
173907942,1
173913078,0
173914326,0
173916276,0
173917656,0
173918964,1
173920050,0
173921376,1
173921916,0
173922024,0
173922540,0
173926572,0
173928702,1
173928942,0
173930562,0
173931828,0
173934390,0
173934774,1
173935914,0
173936364,0
173936682,0
173937798,0
173938482,0
173940552,0
173941398,0
173942436,0
173971128,0
173971152,0
173971176,0
173971440,0
173973738,0
173973996,0
173974488,0
173974740,0
173975496,0
173976210,1
173976816,0
173977728,0
173978058,0
173986608,0
173987904,0
173994564,0
173998644,0
173999844,0
174012084,0
174013494,0
174023400,1
174030396,1
174033966,0
174036426,0
174047892,0
174049944,0
174058080,0
174058980,0
174066348,0
174068952,0
174071154,0
174075084,0
174076278,0
174076620,0
174076848,0
174079332,0
174087222,0
174088038,0
174090060,0
174090486,0
174094692,0
174096198,0
174102342,0
174102564,0
174102672,0
174104406,0
174105654,0
174105894,0
174106590,0
174107220,0
174110214,0
174110472,0
174111348,0
174112938,0
174114042,0
174114444,0
174116910,0
174119538,0
174123276,0
174126030,0
174126102,0
174126120,0
174126168,0
174126858,0
174157656,0
174160584,0
174161034,0
174162306,0
174162828,0
174162834,0
174163164,0
174163344,0
174163458,1
174164052,0
174164112,0
174164934,0
174168618,0
174169080,0
174169212,0
174177150,0
174177516,0
174182370,0
174185718,0
174191394,0
174191610,0
174192840,0
174194724,0
174206166,0
174219912,0
174227724,0
174236550,0
174238146,0
174250536,0
174251322,0
174256596,0
174257676,0
174258744,0
174261630,0
174263796,0
174267480,0
174270174,0
174272088,0
174277236,0
174287886,1
174288144,0
174289074,0
174289740,0
174289896,0
174291354,0
174291972,1
174292674,0
174293490,0
174296076,0
174297984,0
174299916,1
174300630,0
174301788,1
174302064,0
174302094,0
174303864,0
174304866,0
174304950,0
174305610,0
174332466,0
174335202,0
174335250,0
174335262,0
174335376,0
174335430,0
174337650,0
174337974,0
174338118,0
174338478,0
174342102,0
174342888,0
174343458,0
174343830,0
174357360,0
174360006,0
174382518,0
174387690,1
174389154,0
174389322,0
174390732,0
174393186,0
174393990,0
174395688,1
174398160,0
174399048,0
174403452,0
174404988,0
174406956,0
174408642,0
174413430,0
174419520,0
174421758,0
174423618,0
174431262,0
174433320,1
174436176,0
174436278,0
174440898,0
174441024,0
174446994,0
174447120,0
174448278,0
174449016,0
174449124,0
174453042,0
174453234,1
174455262,0
174455268,0
174455826,0
174457416,0
174458292,0
174461280,0
174462516,0
174463950,0
174465042,0
174466470,0
174467274,0
174467802,0
174496254,0
174498720,1
174499722,0
174500466,0
174501132,0
174503664,0
174504228,0
174504690,0
174505710,0
174506856,0
174513198,0
174516750,0
174529560,0
174540192,0
174541002,1
174542058,0
174543834,0
174555660,0
174559878,0
174560016,0
174562050,1
174563484,0
174565758,0
174568746,0
174574776,0
174575970,0
174576882,0
174577374,0
174581094,0
174583872,1
174587556,0
174588612,0
174589062,0
174589098,0
174589548,0
174600654,0
174601152,0
174601980,0
174604530,0
174605262,1
174608322,0
174608592,0
174611940,0
174612282,0
174612546,0
174616044,0
174616482,1
174616536,0
174618288,0
174618528,0
174619080,1
174619848,0
174620724,0
174621012,0
174621162,0
174621474,0
174622752,0
174622962,0
174623556,0
174623922,0
174630312,0
174630564,0
174631044,1
174631200,0
174631656,0
174632274,0
174632424,1
174633036,0
174633048,0
174638148,0
174638538,0
174646752,0
174647970,0
174650802,0
174652038,1
174656802,0
174657054,0
174657282,1
174658776,0
174659694,0
174659844,1
174663492,0
174664656,0
174665718,0
174666138,0
174667470,0
174668208,0
174668412,0
174669960,0
174670002,0
174670848,0
174672342,0
174672438,0
174672756,0
174672930,0
174672978,0
174673038,0
174673242,0
174673350,0
174675912,0
174676032,0
174676098,0
174676128,0
174676428,0
174678594,0
174679182,0
174679416,0
174680892,0
174680904,0
174682980,1
174683142,1
174684126,0
174685770,0
174687054,0
174687570,0
174688590,1
174689262,0
174689286,1
174690564,0
174690666,0
174691314,0
174692298,0
174692568,0
174693042,1
174693948,0
174693960,0
174695304,0
174696270,1
174696672,0
174697056,0
174697140,0
174698832,0
174699396,1
174699570,0
174699744,0
174701724,1
174702792,0
174734838,0
174735258,0
174737142,0
174737376,0
174738198,0
174738330,0
174739476,0
174740946,0
174741054,0
174741876,0
174741900,0
174745302,0
174745614,0
174746676,1
174748686,0
174750504,0
174756186,0
174761916,0
174766788,0
174775398,0
174786936,0
174791736,0
174792606,0
174794466,0
174798864,0
174802032,0
174805728,0
174806622,0
174809334,0
174812376,0
174815868,0
174817350,0
174819768,0
174822870,0
174826182,0
174827070,0
174829086,0
174835866,0
174836040,0
174841746,0
174842436,0
174844596,0
174845058,0
174852636,0
174854328,0
174854490,0
174855390,0
174855978,0
174857088,1
174857526,1
174857928,0
174858630,0
174858702,0
174861924,0
174865494,0
174866700,0
174867150,0
174867618,1
174874440,0
174875412,0
174875724,0
174876804,0
174878490,0
174880092,0
174880278,0
174883080,0
174883782,0
174885516,0
174885588,0
174886152,0
174887952,1
174889968,0
174892254,1
174894486,0
174926694,0
174929958,0
174931296,0
174932622,0
174932652,0
174932808,0
174936936,0
174937122,1
174942366,0
174943392,0
174949038,0
174963198,0
174971718,1
174975822,0
174977934,1
174984780,0
174988638,0
174989454,0
174991560,0
175001274,0
175001808,0
175006764,1
175007010,1
175010862,0
175013988,0
175016220,0
175018314,0
175030794,0
175033398,0
175035498,1
175036698,0
175037316,0
175038450,0
175039236,0
175042140,0
175047906,0
175048656,0
175052622,0
175054482,0
175054698,0
175055166,0
175056168,0
175056186,0
175058988,0
175059402,0
175061310,0
175063542,0
175063614,0
175063698,0
175064442,0
175065948,0
175066248,1
175071228,0
175071456,0
175073100,0
175074414,0
175075134,0
175075278,0
175075968,0
175076670,0
175076826,0
175078242,0
175078368,0
175078620,1
175078728,0
175079448,0
175108692,0
175108818,0
175109094,1
175109754,1
175111626,0
175112280,0
175113390,0
175113666,0
175114170,0
175114614,1
175114800,0
175114860,0
175114866,0
175115508,0
175115628,0
175115682,0
175116120,0
175119918,0
175122096,0
175122108,0
175122216,0
175125678,0
175127232,0
175133010,0
175133232,0
175134402,0
175137768,0
175140906,0
175143690,0
175148886,0
175151586,1
175160478,0
175164420,0
175168530,0
175171506,1
175171524,0
175174848,0
175175658,0
175184040,0
175184538,0
175191654,0
175198560,0
175200276,0
175200402,0
175202970,0
175203654,0
175203696,0
175208922,0
175210092,1
175211226,1
175212582,0
175213914,0
175216218,0
175220820,0
175224408,0
175226208,0
175226718,0
175227210,0
175229568,0
175234698,0
175236204,0
175237128,0
175238424,0
175239594,0
175239762,0
175240428,1
175240536,0
175241478,0
175244214,0
175245138,0
175245900,0
175246110,0
175246548,0
175248630,0
175248936,0
175249674,0
175249734,0
175249812,0
175250622,0
175250970,0
175251270,0
175281876,1
175282890,0
175283958,0
175285110,0
175285116,0
175285638,0
175286298,1
175286310,0
175287252,0
175288080,0
175292562,0
175307016,0
175307484,0
175326198,0
175326624,0
175329384,0
175329828,0
175330326,1
175344444,0
175344672,1
175350270,0
175354512,0
175356690,0
175364634,0
175366974,0
175367634,0
175368894,0
175372224,0
175373706,0
175380984,1
175382550,0
175382730,0
175384284,0
175388568,1
175391652,0
175392630,0
175393470,0
175393890,0
175394532,0
175395156,0
175395498,0
175396122,0
175402758,0
175404156,0
175405218,0
175406136,0
175406556,0
175407072,1
175408182,0
175409172,0
175411140,0
175414020,1
175415244,0
175415292,0
175416570,0
175418094,0
175418250,0
175418934,1
175418970,0
175420812,0
175420980,0
175422324,0
175424082,0
175451232,0
175451862,0
175452270,0
175454394,0
175455498,0
175457310,0
175457328,0
175458150,0
175462728,1
175474644,0
175477782,0
175493232,0
175510812,0
175513662,0
175514058,0
175515264,0
175516554,1
175519176,0
175525152,0
175526070,1
175527870,0
175530354,0
175531368,0
175544250,0
175547358,0
175547376,0
175547802,0
175548162,0
175554114,0
175554618,0
175555458,0
175557804,0
175558728,0
175559946,1
175560660,0
175560966,0
175563108,0
175563456,0
175563750,0
175564236,1
175565202,0
175566960,0
175568196,0
175568940,0
175569234,0
175569918,0
175570152,0
175572294,0
175573200,1
175573230,0
175573836,0
175576452,0
175578384,1
175581120,0
175581882,0
175582302,0
175582374,0
175582482,0
175583880,0
175588068,0
175589040,0
175589262,1
175589604,0
175589826,0
175590156,1
175594290,0
175601370,0
175601526,0
175607352,0
175609740,0
175610682,0
175611822,0
175613904,0
175613916,0
175614036,0
175615266,1
175617702,0
175617900,0
175619190,0
175619274,0
175619910,0
175619928,1
175620432,0
175621230,0
175621302,0
175621458,1
175621602,0
175621740,0
175622574,0
175622922,0
175623252,0
175624794,0
175625112,0
175625520,1
175625958,1
175626072,0
175626102,0
175626516,0
175628172,1
175628346,0
175628466,0
175629144,0
175632402,0
175632468,0
175632774,0
175633272,0
175634328,0
175634946,0
175636986,0
175638228,0
175638924,0
175640358,0
175641228,0
175642164,0
175642644,0
175643568,0
175644168,0
175644198,0
175644540,1
175644600,0
175646160,0
175647702,0
175648866,0
175648950,0
175649046,0
175649856,0
175650510,0
175650570,0
175651902,0
175652472,0
175653234,0
175653414,0
175654518,0
175655340,0
175655574,1
175655820,1
175657674,0
175700142,0
175700544,0
175707606,0
175712352,1
175720242,0
175729008,0
175729608,0
175735590,0
175738716,0
175745274,0
175751616,1
175753626,0
175760622,0
175762230,0
175762650,0
175766898,0
175766910,0
175769754,0
175774326,0
175779240,0
175780248,0
175780872,1
175782576,0
175791708,0
175793052,0
175793076,1
175795122,0
175795446,0
175800942,0
175801860,0
175808760,0
175811928,0
175813590,0
175813764,0
175818630,0
175818720,0
175819872,0
175820034,1
175821318,0
175826388,0
175827990,0
175828176,0
175828296,0
175829544,0
175829964,0
175832046,0
175832298,1
175833162,0
175834218,0
175834704,0
175836510,0
175836528,0
175875114,0
175878258,0
175878330,0
175878450,0
175878960,0
175881522,0
175885332,0
175908090,0
175908798,0
175921044,0
175924290,0
175928736,0
175933920,0
175937202,0
175937832,0
175938132,0
175939554,0
175940502,0
175941228,0
175943514,0
175949214,0
175950204,0
175956306,1
175959816,1
175960476,0
175962186,0
175962702,0
175963308,0
175972884,0
175981158,1
175981602,0
175981614,0
175987632,0
175988010,0
175990176,0
175990302,0
175990308,1
175994424,0
175994958,0
175997154,0
175997388,0
175998060,0
175998138,0
175998750,0
176001540,0
176003346,0
176005140,0
176008338,0
176008458,0
176008674,0
176009124,0
176009334,0
176009952,0
176010132,0
176011554,0
176012172,0
176012208,0
176044260,0
176062626,0
176062908,0
176068374,0
176084418,1
176088132,0
176092254,0
176098512,0
176101278,0
176104440,1
176106348,0
176117406,0
176117928,1
176119944,0
176122218,0
176126466,0
176127030,0
176127462,0
176127744,1
176129256,0
176130480,0
176139624,0
176140632,0
176149182,0
176151366,0
176164830,1
176165088,0
176168142,0
176170548,0
176172156,0
176172264,0
176173152,1
176175204,0
176175834,0
176175918,0
176176038,0
176176770,0
176177886,0
176177904,0
176178174,0
176178210,0
176178708,0
176178870,1
176207364,0
176208654,0
176209518,0
176209614,0
176210634,0
176211744,0
176212548,0
176213262,0
176217576,0
176217600,0
176218284,1
176222712,0
176257428,0
176268480,0
176282760,0
176283666,1
176284740,0
176287938,0
176292420,0
176303094,0
176304156,0
176315130,0
176315466,1
176316198,0
176316786,0
176316984,1
176317782,0
176320674,1
176321856,1
176325630,0
176326254,1
176327694,0
176328594,0
176329494,0
176331384,0
176336052,0
176336358,0
176336916,0
176339400,1
176340264,0
176340528,0
176341608,0
176342508,0
176343240,0
176375298,0
176375628,0
176376552,0
176388252,0
176409180,0
176414832,0
176418564,0
176418870,0
176424540,0
176460042,0
176461812,0
176462394,0
176470194,0
176472834,0
176475324,0
176475618,0
176480316,0
176480712,0
176481780,0
176482578,0
176483772,1
176484504,1
176484576,1
176490432,0
176493504,0
176494848,0
176495166,0
176495202,0
176498034,0
176498400,0
176498502,0
176498724,0
176504580,0
176505420,0
176505606,0
176505930,0
176508276,0
176508330,0
176514258,0
176516292,0
176521914,0
176523750,0
176524290,0
176525016,0
176526390,1
176529582,0
176530314,1
176531880,0
176533116,0
176535006,0
176535342,0
176535504,0
176536452,0
176538150,0
176538432,0
176539038,0
176539302,0
176539650,0
176540652,0
176540778,0
176542812,0
176543538,0
176544522,1
176547666,0
176549202,0
176550102,0
176550216,0
176551608,0
176552250,0
176552766,0
176552826,0
176554578,0
176557026,0
176557848,0
176559504,0
176559618,0
176560248,0
176560314,0
176561070,0
176561370,0
176561586,1
176562162,0
176562330,0
176563170,0
176566086,0
176566632,0
176568078,0
176570274,0
176571648,0
176572116,0
176572512,1
176572548,0
176572734,0
176573436,0
176573742,0
176573874,0
176574012,0
176574108,0
176574168,0
176574990,0
176605992,0
176608332,0
176608428,0
176610204,0
176610624,0
176610678,0
176611254,0
176611410,0
176611620,0
176612640,0
176615514,0
176616762,0
176621274,0
176621682,0
176626068,0
176631636,0
176638392,0
176642772,0
176644044,0
176646972,0
176648064,0
176649102,0
176650758,0
176655894,0
176661840,0
176663394,1
176695830,0
176697414,0
176699478,0
176700660,0
176708820,0
176713464,0
176713992,1
176715228,0
176718774,0
176722032,1
176726496,1
176729058,0
176730270,0
176731716,0
176732232,0
176735808,0
176736468,0
176737512,0
176739882,0
176740008,0
176740248,0
176740986,0
176741616,0
176741676,0
176742900,0
176743122,0
176743314,0
176744010,0
176747028,0
176747622,0
176748390,0
176782398,1
176784348,0
176786226,0
176789670,0
176790318,0
176790780,0
176790948,0
176794722,0
176796276,0
176798574,0
176805384,0
176811768,0
176816376,0
176823588,0
176839092,0
176839962,1
176844462,0
176851146,0
176851542,0
176858964,0
176861958,0
176863272,0
176867418,0
176870754,0
176871090,0
176877624,0
176879262,0
176879664,0
176887068,0
176889636,0
176894856,0
176897940,0
176900082,0
176906382,0
176906508,0
176906550,0
176908944,0
176909082,0
176909088,1
176909862,0
176911332,0
176914920,0
176915064,1
176915868,1
176918544,0
176918880,0
176920128,0
176920692,0
176921358,0
176921466,0
176923782,0
176924922,0
176960604,1
176961228,0
176961564,0
176966538,0
176966994,0
176967930,0
176971446,0
176977380,0
176979498,0
176980926,0
176986662,0
176992770,1
176996046,0
176996250,1
177000588,0
177004392,0
177006036,0
177006618,0
177007944,0
177009696,0
177020202,0
177021396,0
177028068,0
177028506,0
177030132,0
177031242,0
177032118,0
177039822,1
177046734,0
177049314,0
177053658,0
177053964,0
177053970,0
177054600,0
177056238,0
177063060,1
177063990,0
177065262,0
177067566,0
177067788,0
177068478,0
177071724,0
177073998,0
177074244,0
177074622,0
177077124,1
177079326,0
177081024,0
177081828,0
177089076,1
177091680,0
177092214,0
177123144,0
177123804,0
177124434,0
177124620,0
177125406,0
177126954,0
177131040,0
177131586,0
177131634,0
177173292,0
177181092,0
177181542,0
177188484,0
177195324,0
177195492,0
177196296,0
177202056,0
177206910,0
177212484,0
177218622,0
177219054,0
177220152,1
177221256,0
177224070,0
177224424,0
177225696,1
177229572,0
177234156,0
177236256,0
177236358,0
177236616,0
177243180,0
177243594,0
177246756,0
177247518,0
177249000,0
177249762,0
177251040,0
177251148,0
177252138,0
177252876,0
177253704,0
177255738,0
177256020,0
177256890,0
177282408,0
177282504,0
177284418,0
177284832,0
177285582,0
177286026,0
177294750,0
177305172,0
177306744,0
177321366,0
177325374,0
177326196,0
177338244,0
177340968,0
177342840,0
177346452,0
177350850,0
177354054,1
177363702,0
177370602,0
177372738,0
177379350,1
177381102,0
177381840,0
177382578,0
177383532,0
177383880,0
177386148,1
177386736,0
177388518,0
177388638,0
177389466,0
177390618,0
177391440,0
177392154,0
177392832,0
177393948,0
177394356,0
177394866,0
177398796,0
177400392,0
177400842,0
177401316,0
177402102,0
177402492,0
177402762,0
177403056,0
177404100,0
177410196,0
177412422,0
177412854,0
177414006,0
177420870,0
177423294,0
177427938,0
177433116,0
177433236,0
177436134,0
177436584,1
177437616,0
177438042,0
177438270,0
177438762,0
177439722,0
177440544,0
177441528,0
177441834,0
177444126,0
177446970,0
177447390,0
177449454,0
177450102,0
177450324,0
177450888,0
177451686,0
177454326,0
177454806,0
177456690,0
177457692,0
177461172,0
177462996,0
177464064,0
177466806,0
177467466,0
177467520,0
177467712,0
177468540,0
177468624,0
177468876,0
177468936,1
177469092,0
177469710,0
177470526,0
177471852,0
177472062,0
177472332,0
177473010,0
177473790,0
177474750,0
177478704,0
177479820,0
177480282,0
177480366,0
177480750,0
177512118,0
177512256,0
177518328,0
177518370,0
177522366,0
177522960,1
177523560,0
177547212,0
177558882,0
177559284,1
177561852,0
177569898,0
177573366,0
177573582,0
177583458,0
177588030,0
177588036,0
177588714,0
177589374,0
177589836,0
177600228,0
177609504,0
177610422,0
177616104,0
177616932,0
177620424,0
177621078,0
177623460,0
177624882,0
177631200,1
177632166,0
177633618,0
177637818,1
177646680,0
177650646,0
177651492,0
177651576,0
177651654,0
177652428,0
177654036,0
177654126,0
177656634,0
177657582,1
177657798,0
177657954,0
177660186,0
177660612,0
177688308,0
177689910,0
177691212,0
177692514,0
177692934,0
177693660,0
177697656,0
177697986,0
177710040,0
177719172,1
177722268,0
177723324,0
177744318,0
177754524,0
177755022,0
177760032,0
177770346,0
177771870,0
177773868,0
177774360,0
177778026,0
177781758,0
177783402,0
177784668,0
177786330,0
177787284,1
177791352,0
177795156,0
177798270,0
177798534,0
177798786,0
177799500,0
177799530,0
177800100,0
177803148,1
177808290,0
177811026,0
177811710,0
177819192,0
177819810,0
177821370,1
177827898,0
177830436,0
177832080,0
177833484,0
177833616,0
177863172,0
177865248,0
177865260,0
177865434,0
177865884,0
177867762,0
177872058,0
177872742,1
177872988,0
177877236,0
177883206,1
177892812,0
177894486,0
177897660,0
177898344,0
177899820,0
177900804,0
177902832,0
177916710,0
177919704,0
177921660,0
177923916,0
177929418,0
177930180,0
177930210,0
177933396,0
177936342,0
177946710,1
177955620,0
177957948,0
177960462,0
177961320,0
177968658,0
177969306,0
177969636,0
177974520,0
177978690,0
177979644,0
177984102,1
177985620,0
177986544,0
177987012,1
177987288,0
177987618,0
177990120,0
177993792,0
177994320,0
177995808,0
177997956,0
178001316,0
178001562,0
178002330,0
178002342,1
178003068,0
178026594,1
178026636,0
178029924,0
178030608,0
178030626,0
178032024,0
178033356,0
178033680,0
178033686,0
178034022,0
178038396,0
178043160,0
178048248,0
178049928,0
178078674,0
178082052,0
178089342,0
178092378,0
178099488,1
178100220,0
178100448,0
178106214,0
178113144,0
178113438,0
178116258,0
178116768,0
178116798,0
178117710,0
178118154,0
178126884,0
178128228,1
178134726,0
178138074,0
178149204,0
178149240,0
178152282,0
178152780,0
178156014,0
178157088,0
178157352,0
178157910,0
178159776,1
178161450,0
178162740,0
178163514,0
178164684,1
178168248,0
178186932,0
178187082,0
178187430,0
178187514,0
178187556,0
178187592,0
178187796,0
178188732,0
178188768,0
178188834,0
178189404,0
178189482,0
178191612,0
178195710,0
178197204,0
178200156,1
178201098,0
178208322,0
178208910,0
178213824,0
178220604,0
178225662,1
178233312,0
178250304,0
178250562,0
178253562,0
178259640,0
178264242,0
178264986,0
178268892,0
178268904,0
178270422,0
178271916,1
178273008,0
178273614,0
178276416,1
178278330,0
178285236,0
178286364,0
178288158,0
178290420,0
178291938,0
178292454,0
178292880,0
178294902,0
178296612,0
178296876,0
178298766,1
178298952,0
178300218,0
178302888,0
178303344,1
178307490,0
178307604,0
178317252,0
178317570,0
178317630,0
178317960,0
178318914,0
178319040,0
178319802,0
178321902,0
178323210,1
178326240,1
178328706,0
178336086,0
178339206,0
178339218,0
178339752,0
178343628,0
178345428,0
178345476,0
178348620,0
178349976,0
178350030,1
178350558,0
178351404,0
178352634,0
178352904,0
178353384,1
178353816,0
178354242,0
178356150,0
178356906,0
178357152,1
178358142,0
178358430,0
178360896,0
178365576,0
178366422,0
178366914,0
178368006,0
178369296,1
178370316,0
178371084,0
178371702,0
178372914,0
178375554,0
178376292,0
178376376,0
178377000,0
178377036,0
178379748,0
178381740,0
178382190,0
178382424,0
178382826,0
178383180,0
178385598,0
178413978,0
178415364,0
178416402,0
178419408,1
178419678,0
178423962,1
178426290,0
178438080,0
178445376,0
178445880,0
178449378,0
178451508,0
178461972,0
178464972,0
178466490,0
178468122,0
178473480,0
178475958,0
178481682,0
178482696,0
178484712,0
178490136,1
178490724,0
178491324,0
178494654,0
178496088,0
178502460,0
178504608,0
178504806,0
178505418,0
178505748,0
178506066,0
178506378,0
178511046,0
178512306,0
178512486,0
178514166,0
178515828,0
178517928,0
178523994,0
178524006,0
178524450,0
178527672,1
178530432,0
178531128,0
178532982,0
178533570,0
178534572,0
178535610,0
178536252,0
178537674,0
178538442,0
178539576,0
178540548,0
178540728,0
178544694,0
178546650,0
178546860,0
178548048,0
178548300,0
178568718,0
178569582,0
178569666,0
178571538,0
178571748,1
178571808,0
178572294,0
178572600,0
178573260,0
178573404,0
178573752,0
178573908,0
178579680,0
178595652,0
178602552,0
178603596,0
178608078,0
178614090,0
178619052,0
178620252,0
178622886,0
178629792,0
178633110,0
178642824,0
178647276,0
178652436,0
178654698,0
178656960,0
178661526,0
178663122,0
178664490,0
178667154,0
178667994,0
178668708,0
178669854,0
178675674,0
178678368,0
178682532,0
178682808,0
178684704,0
178684806,0
178690128,1
178691214,0
178691808,0
178694766,0
178699038,0
178699134,0
178699302,0
178699500,0
178705242,0
178732044,0
178734204,0
178735200,0
178738806,0
178740432,0
178743708,0
178744152,0
178746348,0
178763646,0
178769070,0
178771950,0
178772652,0
178775670,0
178784604,0
178790472,0
178791114,0
178794666,0
178799130,0
178803150,0
178804056,0
178804572,0
178804932,0
178805940,1
178810212,0
178811496,0
178812378,1
178812966,1
178813020,0
178816776,0
178816932,1
178822662,0
178823076,0
178827852,0
178831704,0
178832376,0
178838550,0
178839222,0
178839642,0
178840122,0
178841190,0
178843662,1
178853790,0
178854882,0
178857366,0
178857654,0
178858446,0
178858608,1
178858692,0
178859946,0
178861194,1
178862298,1
178883262,0
178886514,0
178886646,0
178886694,0
178887090,0
178887420,0
178887570,1
178892886,0
178893798,1
178893804,0
178898232,0
178899432,0
178899618,0
178899738,0
178899768,0
178903812,1
178923570,0
178925088,0
178925928,0
178951008,0
178952112,0
178953468,1
178956252,0
178956966,0
178957632,0
178963518,0
178965912,0
178969458,0
178969722,0
178971120,1
178974720,0
178984008,0
178984356,0
178984722,0
178985172,0
178988982,0
178992156,0
178992996,0
178995300,0
178995408,0
178998072,0
178998402,0
179000994,0
179003052,1
179005146,0
179005944,0
179006142,0
179009472,0
179011116,1
179011950,1
179014068,0
179014140,0
179014146,0
179014326,0
179016144,1
179040600,0
179041842,0
179041974,0
179046330,0
179047134,0
179047794,0
179053080,0
179057460,0
179070348,0
179076798,0
179098164,0
179101032,0
179101998,1
179107326,0
179107740,0
179108028,0
179114214,0
179119320,0
179123118,0
179125992,0
179126244,0
179128290,1
179129268,0
179130618,0
179130624,0
179130630,0
179130768,0
179130786,0
179134434,0
179136138,0
179137764,0
179138784,0
179142408,0
179144964,0
179145774,1
179148990,0
179149626,0
179150424,0
179152914,0
179153046,1
179153436,1
179155170,0
179155968,0
179156370,0
179156454,0
179159226,0
179161212,0
179162400,0
179169144,0
179169588,0
179170644,0
179171454,0
179173236,1
179173710,0
179173884,0
179177748,0
179178864,0
179179038,0
179182146,0
179182644,0
179183376,0
179184672,0
179185548,0
179186364,0
179186586,0
179187072,0
179187252,1
179189070,0
179189346,0
179189922,0
179190738,0
179191962,0
179192034,0
179192106,0
179192316,0
179192694,0
179193480,0
179194152,0
179195448,0
179197500,0
179197686,0
179197776,0
179198016,0
179198106,0
179199396,0
179200164,0
179200302,0
179200698,0
179201844,1
179202684,0
179202804,0
179205384,0
179205696,0
179207790,1
179207970,1
179208846,0
179209230,0
179210760,0
179211738,0
179211936,0
179212542,1
179213070,0
179214276,0
179216274,0
179217894,0
179218338,0
179218482,0
179219820,0
179238930,1
179241084,0
179241372,0
179243802,0
179243862,0
179250432,0
179258916,0
179266404,0
179275692,1
179277156,0
179284434,0
179287074,0
179293716,0
179296902,0
179298336,0
179302278,0
179304762,1
179307264,1
179308074,0
179308206,0
179308230,0
179314434,0
179318016,0
179319198,0
179322780,0
179330682,0
179331588,0
179331810,0
179333502,1
179333550,0
179335890,1
179342292,1
179342982,1
179344656,1
179354700,0
179355054,1
179359128,0
179364588,0
179365398,0
179365806,0
179365926,0
179367630,0
179371464,0
179378520,0
179379882,0
179381334,0
179384202,0
179384562,0
179403972,0
179406804,0
179407848,0
179409210,1
179409462,0
179409558,0
179409618,1
179434728,0
179441802,0
179443614,0
179449260,1
179455956,0
179466378,0
179469024,0
179469042,0
179471880,0
179472048,0
179472258,1
179477496,0
179479056,1
179479770,1
179488302,0
179490912,0
179491944,0
179494740,0
179496024,0
179497266,0
179499504,1
179505390,0
179508504,0
179509296,0
179515752,0
179521728,0
179523582,0
179525802,0
179531766,0
179532084,0
179534052,0
179535390,0
179535522,0
179536284,0
179537706,0
179538750,0
179539314,1
179543226,0
179543778,0
179544120,0
179561502,0
179561526,0
179564058,0
179564286,0
179565384,0
179565582,1
179566404,0
179566662,0
179566770,0
179567094,0
179570670,0
179571072,0
179571696,0
179572122,0
179592666,0
179596740,0
179598342,0
179599428,0
179604096,0
179606154,0
179606634,0
179606856,0
179618454,0
179620650,0
179626656,0
179632572,0
179633688,0
179634192,0
179647968,0
179648004,0
179648316,0
179658960,0
179663922,0
179665266,0
179666136,0
179667126,0
179667840,0
179669112,0
179671584,0
179674506,0
179675610,0
179676000,0
179676336,0
179682666,0
179683080,0
179684622,0
179685954,0
179687106,0
179690934,0
179692422,0
179693286,0
179694138,0
179694540,1
179695140,0
179695146,0
179695806,0
179695956,0
179712576,0
179712852,0
179714874,1
179719428,0
179724618,0
179752224,0
179759094,0
179763690,0
179774376,0
179778102,0
179779398,0
179788404,1
179792154,0
179795994,0
179797110,0
179801976,0
179801994,0
179816346,0
179819880,0
179821692,0
179822052,0
179823654,0
179824500,1
179827260,0
179828622,0
179829378,0
179829864,0
179834874,0
179835084,1
179835972,0
179836422,0
179838468,1
179838480,0
179840130,0
179842854,0
179842860,0
179844000,0
179844312,0
179860422,0
179862366,0
179862996,1
179863326,1
179864964,0
179868882,0
179871054,0
179874480,0
179877312,1
179883060,0
179900160,0
179900544,0
179904198,0
179916300,0
179919954,0
179921040,0
179924214,1
179939892,0
179941512,0
179942076,0
179943522,0
179947554,0
179950704,0
179951550,1
179951556,0
179952252,0
179957250,0
179969676,0
179970522,0
179971260,0
179971494,0
179972352,0
179977914,0
179978064,0
179978394,0
179978868,0
179979456,0
179980326,1
179981772,0
179982894,0
179989692,0
179994156,0
179996610,0
179996862,0
179998116,0
180001806,0
180002250,0
180002676,0
180003894,0
180004260,0
180005556,0
180005784,0
180006522,0
180007542,0
180009132,0
180009186,0
180009330,0
180009570,0
180010098,0
180010512,0
180010578,0
180011448,0
180014778,0
180014982,0
180015552,0
180015570,1
180016230,0
180016326,0
180016350,0
180017196,0
180018042,0
180019830,0
180020418,0
180021066,0
180021168,0
180021348,1
180022674,0
180024282,0
180025476,0
180025656,0
180027216,0
180027546,0
180028272,0
180028566,0
180031938,0
180032946,0
180033228,0
180033234,0
180034158,0
180034212,0
180035244,0
180036054,0
180060714,0
180063240,0
180063696,0
180064776,0
180067260,0
180068148,0
180069372,1
180075816,0
180075894,0
180076824,0
180080946,0
180100254,0
180101418,0
180109824,0
180115554,0
180115650,0
180117108,1
180117954,0
180121488,0
180123696,0
180124308,0
180125844,1
180126012,1
180126654,0
180127680,0
180128832,0
180129390,0
180133494,1
180134730,0
180138366,0
180145782,1
180148674,0
180151974,0
180152700,1
180153396,0
180159840,0
180161820,0
180162558,1
180164982,0
180167202,0
180169506,0
180172032,0
180175374,0
180180006,0
180187254,0
180189660,0
180190674,0
180190776,0
180216324,0
180217374,0
180218166,0
180219984,0
180220230,0
180220530,0
180220656,0
180221334,0
180221526,0
180223986,0
180224958,0
180226686,0
180243798,0
180256938,0
180260130,0
180277500,0
180278112,0
180284526,0
180286680,0
180288204,0
180290790,0
180297060,0
180298026,0
180299598,0
180303990,0
180310182,0
180327102,0
180338742,0
180342348,0
180343068,0
180343098,0
180345552,0
180348756,0
180349728,0
180349962,0
180350064,0
180353346,0
180355008,0
180357996,0
180358266,0
180359838,0
180361728,0
180362268,0
180365142,0
180369372,0
180371094,0
180393342,0
180396642,1
180399870,0
180404346,0
180407778,1
180436536,1
180438066,0
180444600,0
180451302,0
180452628,1
180454170,0
180455850,0
180465426,0
180466332,0
180466800,0
180470256,1
180472122,0
180476772,0
180478794,0
180481014,1
180482880,0
180487902,0
180489954,0
180501144,0
180507720,0
180508056,0
180508200,1
180509796,0
180512076,0
180512772,0
180515976,0
180518664,0
180519000,0
180519990,0
180521322,0
180523824,0
180528636,0
180532716,0
180536448,0
180536844,0
180538434,0
180538440,0
180539118,0
180539430,0
180540648,0
180541440,0
180541638,0
180564540,0
180564738,0
180568710,0
180568788,0
180569106,0
180570240,0
180590844,0
180602838,0
180604128,0
180606030,1
180625584,0
180628416,0
180631914,0
180633666,0
180636684,0
180640386,0
180643134,1
180654696,0
180654702,0
180659370,0
180664920,0
180665556,0
180670782,0
180673188,0
180674856,0
180675198,0
180677748,0
180680286,1
180689538,0
180690318,0
180691884,0
180693804,0
180695088,0
180695814,0
180697326,0
180704940,0
180710874,0
180712932,0
180739314,0
180740856,0
180741318,0
180749772,0
180762996,0
180773406,0
180773778,0
180788316,0
180793620,0
180795996,0
180798186,1
180806826,0
180809508,1
180810570,0
180811500,1
180811950,0
180815388,0
180816780,0
180818634,0
180821532,0
180832980,1
180838920,0
180847080,0
180847680,0
180848430,0
180853488,0
180853560,0
180856362,0
180856812,0
180857430,0
180857772,0
180861576,0
180862350,0
180863046,1
180863094,1
180865176,0
180866652,0
180867576,0
180868326,1
180868962,0
180868968,0
180869058,0
180870648,0
180871218,0
180871242,0
180874656,0
180875376,1
180878538,0
180887532,1
180889386,0
180889938,0
180891978,0
180892020,0
180893892,0
180894732,0
180896124,0
180897084,0
180897588,0
180899592,0
180900570,0
180901200,0
180904386,1
180905508,0
180908124,0
180909012,0
180910230,0
180911358,0
180911406,0
180911694,0
180911874,0
180912246,0
180916044,0
180916128,0
180917634,0
180918186,0
180918780,0
180918948,1
180922740,0
180927012,0
180927570,0
180929376,0
180930234,0
180930270,0
180930570,0
180930774,0
180932700,0
180932706,0
180933228,0
180933690,0
180935322,0
180937956,0
180942552,0
180942810,0
180944664,0
180944694,1
180980190,1
180981102,1
180981264,0
180981312,0
180982176,0
180982500,0
180986004,0
180986880,0
180986952,0
180990054,0
181001610,0
181011186,0
181011810,0
181016922,0
181026498,0
181032426,0
181039356,0
181042446,1
181043676,0
181044534,0
181052796,0
181057638,0
181062516,0
181064214,0
181065540,0
181070700,0
181076376,0
181078668,0
181079010,0
181081434,0
181083420,0
181085208,0
181085754,0
181089300,0
181091094,0
181091670,0
181093626,0
181093902,1
181095600,0
181097196,1
181105068,0
181105170,1
181106226,1
181106400,0
181108140,0
181109088,1
181109232,0
181110090,0
181110126,0
181111338,0
181111422,0
181111686,0
181111716,0
181140618,0
181141572,0
181141776,0
181142994,0
181143444,0
181144842,0
181145652,1
181145724,0
181154472,0
181175334,0
181198908,0
181206690,0
181206702,0
181206864,0
181207182,0
181210482,1
181211742,0
181226988,0
181232142,0
181233354,0
181236222,0
181237218,0
181239168,0
181243122,0
181245096,0
181246386,0
181247406,0
181248864,1
181251324,0
181253952,0
181258344,0
181260558,0
181260894,0
181261452,0
181262454,0
181266654,0
181269648,0
181274274,0
181276278,0
181279182,0
181279782,0
181282506,0
181287294,0
181288326,0
181289490,1
181291146,1
181292274,1
181292550,1
181293216,0
181294428,0
181321086,0
181322988,0
181323762,0
181326540,0
181329402,0
181329720,0
181335666,0
181336680,0
181351344,0
181353972,1
181359738,0
181375836,0
181378242,0
181380522,0
181384770,0
181384776,0
181386138,0
181387410,0
181388856,0
181391418,0
181399206,0
181400766,0
181405740,0
181406886,0
181408770,0
181410456,0
181412556,0
181415016,0
181423746,0
181434348,0
181434708,0
181436268,0
181439346,0
181441080,0
181444482,1
181444536,0
181445412,0
181445472,0
181446132,1
181449030,0
181450032,0
181452282,0
181453668,0
181456128,1
181481640,0
181482444,0
181482732,0
181484430,0
181484952,0
181485786,0
181486734,0
181486926,1
181495254,0
181502856,0
181527726,0
181535316,0
181540566,0
181541034,0
181551690,1
181555524,0
181558164,0
181562052,0
181562244,0
181569720,1
181577478,0
181580580,1
181582566,0
181595364,1
181596156,0
181603488,0
181606002,0
181606866,0
181607460,0
181608690,0
181611912,0
181612908,0
181613436,0
181614708,0
181614738,0
181620390,0
181622034,0
181622850,0
181623888,0
181625196,0
181628904,0
181629264,0
181629690,0
181630824,0
181655520,0
181655754,0
181659144,0
181659438,0
181661058,0
181661868,0
181664880,0
181669686,0
181671618,0
181680726,0
181680954,0
181684554,0
181698774,0
181700826,0
181703952,1
181709532,0
181709694,1
181713960,1
181723278,0
181724004,0
181725804,0
181729242,0
181729488,0
181730400,1
181732950,0
181734504,0
181737162,0
181738566,0
181747776,0
181748112,0
181750650,0
181750950,0
181751070,0
181751838,0
181756242,0
181759512,0
181765998,0
181766394,0
181771368,0
181771824,0
181771836,0
181773468,1
181774404,0
181781220,0
181781748,0
181782660,0
181784676,0
181784898,0
181784904,0
181785348,0
181786092,0
181786272,0
181787382,0
181789416,0
181789914,0
181790166,1
181790820,0
181795134,0
181795608,0
181797048,0
181797072,0
181797162,0
181797192,0
181817058,1
181818126,0
181822662,0
181823916,0
181825182,0
181825734,0
181825974,0
181827636,0
181828446,0
181828518,0
181829214,1
181830384,0
181830474,0
181830678,0
181830690,0
181830864,0
181831680,0
181835298,0
181835976,0
181836216,0
181836846,0
181839036,0
181839804,0
181840500,0
181840950,1
181841652,0
181841778,0
181845606,0
181847418,0
181848708,1
181849590,0
181850370,0
181851720,0
181852974,0
181853604,0
181853988,0
181854888,0
181855242,0
181855632,0
181856490,0
181857042,0
181857216,0
181857840,0
181861722,0
181862688,0
181863618,0
181864080,0
181865418,0
181867236,0
181868154,0
181868928,0
181869402,0
181902450,0
181903746,0
181907802,1
181908144,0
181913574,0
181913874,0
181913880,0
181914156,0
181914354,0
181923510,0
181933002,0
181935228,0
181936008,0
181955454,0
181957350,0
181973070,0
181977438,0
181988592,0
181989504,0
181992738,1
182001558,0
182003628,1
182006496,0
182007228,0
182009130,0
182020788,0
182023572,0
182025726,0
182026002,0
182028318,0
182031000,0
182035764,0
182049522,0
182049666,0
182049690,0
182050116,0
182050224,1
182051298,0
182051748,0
182056710,0
182058768,0
182058810,0
182059362,0
182061138,0
182061906,0
182062302,0
182063784,0
182065974,1
182069292,0
182071884,0
182074320,0
182075142,0
182097936,0
182100054,0
182101908,0
182102166,0
182102502,1
182103012,0
182106588,0
182108910,0
182113842,0
182129478,0
182143302,0
182150664,0
182155128,0
182155158,0
182163390,0
182165244,0
182168148,0
182171322,0
182176074,1
182178924,0
182180280,0
182180502,0
182182932,0
182192238,0
182192436,0
182196624,0
182196756,0
182206542,0
182206746,0
182209992,0
182210148,1
182210520,0
182213760,0
182214582,1
182223732,0
182225592,0
182233854,0
182235426,0
182235480,0
182237502,0
182237514,0
182237682,0
182238984,0
182239830,0
182240316,0
182244576,0
182247690,1
182252178,0
182252604,0
182253108,0
182254548,0
182256498,0
182280162,0
182280804,0
182283486,0
182285310,0
182286024,0
182286030,0
182288982,0
182289888,1
182290074,0
182290158,0
182310330,0
182322720,0
182326248,1
182339340,0
182341446,0
182349702,0
182352192,0
182355042,0
182358864,0
182358888,0
182359680,0
182359704,0
182366550,0
182369712,0
182370780,0
182371068,0
182377626,0
182384994,0
182387394,0
182389452,1
182389698,0
182394834,0
182395284,1
182399448,0
182399796,0
182399856,1
182401722,0
182401818,0
182402886,0
182404536,0
182405514,0
182406888,0
182407374,0
182427570,0
182428542,0
182429610,0
182429706,0
182439516,0
182444064,0
182456070,0
182462232,0
182468532,0
182470038,0
182472690,0
182484852,0
182488254,0
182489766,0
182496372,0
182497194,0
182502096,0
182502930,0
182505300,0
182506146,0
182506902,0
182507274,0
182508132,0
182510742,0
182511294,0
182512890,1
182531712,0
182533056,0
182534652,1
182536026,0
182546934,0
182548098,0
182550312,1
182552430,0
182552676,0
182553090,0
182554080,0
182554398,0
182557578,1
182557740,0
182558430,1
182560338,0
182561868,0
182562522,0
182565540,1
182566338,0
182577438,0
182581440,0
182582472,0
182607402,0
182612424,0
182612928,0
182613240,0
182615262,0
182624106,0
182642784,0
182653200,0
182656386,0
182657742,0
182667678,0
182669748,0
182670594,0
182679228,0
182693478,0
182703546,0
182705172,0
182705628,0
182711424,0
182712396,0
182714160,0
182714886,0
182716068,0
182719932,0
182721168,0
182723460,0
182726616,0
182727060,0
182727144,0
182727474,0
182727672,1
182728026,0
182728278,0
182728440,0
182728728,0
182732628,0
182733480,1
182738334,0
182739006,0
182740098,0
182740320,0
182742096,0
182742786,0
182743524,1
182744340,0
182745006,0
182745114,1
182745564,1
182745834,0
182745864,1
182746284,1
182749662,0
182750064,0
182750838,0
182751354,0
182751420,0
182759040,0
182765604,0
182768760,0
182768766,0
182770530,0
182772684,0
182774184,0
182776272,0
182778180,0
182778504,0
182780034,0
182780496,0
182782572,0
182784864,0
182786496,0
182786940,0
182788128,0
182788392,0
182789874,0
182790510,0
182793084,1
182794542,0
182795622,0
182797368,0
182799390,1
182799594,0
182800002,0
182803698,0
182807850,0
182808666,0
182809386,0
182809560,1
182809650,0
182810232,0
182813082,0
182814222,0
182819292,0
182819592,0
182820642,1
182820870,1
182850720,0
182852886,1
182853240,0
182853300,0
182855058,0
182855262,1
182865234,0
182873928,0
182873982,0
182874204,0
182879934,0
182909844,0
182910552,0
182916348,0
182918340,0
182918346,0
182919000,0
182921556,0
182922594,0
182923428,0
182932584,0
182945628,1
182948508,0
182951838,0
182952612,0
182954538,0
182962368,0
182972058,0
182979372,1
182982306,0
182999862,0
183001188,0
183002148,0
183005628,0
183005844,0
183006594,0
183008964,0
183011430,0
183011436,0
183012276,0
183016230,0
183018366,0
183019518,1
183020592,0
183020958,0
183021846,0
183044262,0
183046104,0
183047880,0
183050508,0
183053496,0
183060198,0
183063954,0
183078180,0
183080160,0
183082134,0
183092298,0
183106284,1
183114282,0
183129312,0
183133146,0
183134964,0
183135588,0
183139008,0
183141498,0
183154194,0
183154398,0
183160920,0
183162384,0
183162840,0
183180624,0
183182850,0
183183096,0
183184260,0
183184878,0
183186462,0
183187860,0
183188328,0
183191076,0
183191964,0
183194856,0
183195864,0
183197736,0
183198798,0
183203694,1
183204474,0
183208152,0
183208464,0
183233754,0
183236340,0
183236970,0
183239502,0
183239964,0
183241968,0
183244458,0
183247878,0
183256080,0
183259170,0
183277992,0
183288594,0
183297654,0
183302334,1
183308472,0
183310302,0
183321444,0
183331296,0
183334680,0
183336240,1
183338964,0
183342786,0
183344322,0
183346350,0
183349458,0
183359808,1
183365226,0
183370200,0
183371436,0
183371832,0
183373086,0
183374142,0
183377676,0
183379104,0
183379614,0
183380514,0
183381444,0
183382692,0
183383730,1
183399300,0
183401628,1
183402660,0
183404256,0
183404562,0
183404718,1
183404892,0
183410028,0
183410070,0
183410364,0
183412170,0
183414534,0
183418914,0
183430764,0
183439116,0
183440700,0
183442344,0
183448266,0
183460662,0
183470034,0
183471120,0
183477540,0
183484578,1
183491430,0
183494160,1
183496128,0
183499026,0
183499038,0
183507558,0
183514914,0
183515580,0
183515832,0
183519456,0
183523320,0
183524202,0
183530232,0
183531216,0
183538962,0
183544092,0
183551250,0
183553974,0
183554250,0
183554352,0
183554946,0
183573318,0
183573774,0
183573924,0
183577902,0
183580680,0
183585642,0
183590772,0
183591420,1
183613434,0
183614436,0
183620310,0
183623754,1
183632478,0
183640578,0
183641370,0
183641526,0
183643644,0
183657900,0
183659880,0
183673386,0
183674550,0
183680190,0
183681822,0
183681828,0
183684384,0
183688674,1
183690552,0
183695376,0
183696108,0
183699690,0
183699894,0
183702486,0
183703680,0
183704202,0
183709134,0
183719160,0
183719196,0
183720336,0
183725682,0
183726384,0
183728658,0
183729942,0
183730230,0
183730968,0
183730986,1
183732072,0
183732204,0
183733242,0
183734076,0
183735036,0
183735294,0
183738690,0
183739266,0
183739626,0
183740610,1
183741234,0
183744366,0
183745302,0
183746088,0
183746184,0
183746454,0
183747468,0
183747912,0
183748098,0
183748176,0
183751236,0
183754314,0
183754668,0
183755664,0
183757698,0
183758118,0
183761034,0
183764166,0
183766806,0
183767802,0
183768024,0
183768330,1
183770118,0
183770478,1
183770766,0
183771888,1
183774666,0
183774870,0
183775914,0
183775932,0
183776580,1
183776742,1
183796842,0
183796890,1
183797364,0
183797526,0
183798414,0
183798996,0
183799674,1
183801516,0
183802668,0
183802944,0
183806148,0
183808956,0
183814596,0
183817974,0
183821106,0
183825054,0
183835272,0
183845022,1
183852522,0
183855708,0
183857124,0
183858066,0
183861708,0
183870852,0
183873972,0
183876522,0
183877896,0
183884304,0
183887526,0
183902742,1
183903606,0
183904716,1
183904878,0
183910440,0
183916056,0
183917910,0
183918726,0
183920562,0
183925530,0
183925536,0
183926940,0
183927678,0
183932118,0
183932922,0
183938568,0
183938598,0
183942198,0
183946704,0
183946914,0
183948012,0
183949074,1
183949962,0
183950316,0
183951126,0
183951822,0
183952698,0
183953568,0
183953766,0
183954228,0
183956226,0
183956502,0
183957060,0
183968844,0
183972270,0
183982638,0
183984774,0
183990636,0
184003938,0
184018872,0
184020948,0
184021332,1
184022958,0
184029006,0
184031580,0
184035852,0
184037070,0
184038660,0
184042506,0
184044792,1
184045860,0
184047558,0
184050192,0
184050948,1
184053936,0
184055070,0
184056168,0
184057518,0
184057710,1
184058778,0
184061004,0
184067094,0
184075998,1
184078194,0
184087602,0
184088454,0
184091046,0
184093974,0
184095846,0
184097112,0
184097460,0
184100106,0
184100580,0
184102206,1
184103964,0
184106052,0
184109598,0
184112676,1
184115754,0
184116720,0
184119066,0
184120518,0
184120530,0
184121286,0
184121688,0
184122378,0
184122774,0
184136784,0
184137210,0
184138368,1
184138926,0
184139220,0
184139322,0
184140588,0
184144824,0
184147350,0
184148808,1
184150956,0
184151706,0
184161846,0
184162674,0
184164108,0
184169172,0
184169592,0
184171368,0
184171860,0
184176000,0
184182762,0
184183482,0
184185366,0
184189410,0
184193064,0
184196478,0
184199616,0
184204224,0
184207884,0
184216926,0
184222338,0
184227132,0
184227156,0
184228470,0
184235208,0
184236246,0
184249068,0
184252206,0
184252500,1
184253352,0
184255518,0
184255746,0
184256820,0
184257462,0
184261134,1
184262640,0
184266648,0
184267572,0
184269702,0
184270770,0
184273602,0
184275126,0
184276080,0
184277634,0
184290144,1
184292850,0
184293792,0
184298058,0
184300404,0
184301574,0
184312812,0
184319784,0
184322580,0
184327860,0
184330308,0
184333854,0
184335252,0
184351344,0
184354056,0
184355250,0
184366920,1
184367070,0
184373430,0
184384824,0
184385280,0
184387950,0
184388208,0
184389492,0
184397556,0
184398378,0
184400352,0
184401462,0
184405266,0
184405530,0
184408992,0
184413762,0
184413774,0
184417398,0
184418214,0
184420074,0
184420710,0
184422312,0
184425162,0
184430514,0
184440552,0
184441140,0
184454586,0
184457202,0
184457358,1
184459470,0
184465248,0
184494372,0
184494846,0
184503372,0
184515324,0
184523430,0
184528950,0
184529418,0
184534848,0
184535706,1
184536246,0
184536462,0
184539846,0
184540788,0
184544760,0
184548180,1
184557576,0
184557756,0
184562658,0
184562742,1
184564752,0
184567362,0
184570416,0
184572708,0
184575426,0
184577724,1
184580160,0
184583802,0
184583910,0
184585848,0
184587300,1
184589304,0
184589412,0
184589796,0
184590342,0
184590378,0
184590684,0
184590822,0
184591566,0
184596450,1
184601250,0
184605840,0
184605846,0
184606950,0
184611288,1
184613244,0
184613682,0
184616808,0
184617276,0
184619172,0
184619298,0
184619412,0
184622916,0
184623096,1
184623390,1
184626510,0
184626972,0
184628004,0
184628286,1
184628814,0
184629600,0
184629702,0
184631418,0
184631832,0
184631874,0
184632114,0
184632942,0
184633116,1
184634364,1
184634790,0
184635420,0
184635966,0
184636218,0
184639530,0
184641360,1
184643070,0
184643682,0
184647030,0
184649424,0
184650648,0
184651338,1
184651860,0
184653666,1
184653918,1
184654722,1
184656810,0
184657590,0
184657854,0
184658478,0
184658520,0
184658976,1
184660638,0
184670172,1
184670382,0
184670712,0
184671720,0
184671750,0
184673370,0
184673964,0
184674180,0
184677426,0
184677432,0
184683792,0
184689762,0
184690248,0
184694802,0
184695654,0
184702818,0
184705740,0
184706748,0
184714638,0
184714800,0
184716708,0
184718034,0
184724904,0
184726374,0
184729080,0
184731390,0
184732218,0
184734984,0
184738512,0
184742706,0
184744308,0
184748706,0
184749468,0
184750908,0
184753884,0
184754172,0
184754652,1
184754796,0
184756266,0
184759302,0
184760262,1
184762314,0
184764048,0
184764906,0
184765254,0
184767588,0
184769262,0
184769472,0
184770264,0
184770522,0
184771950,1
184773660,0
184775526,0
184776072,0
184777710,0
184779468,0
184780002,0
184782642,0
184783548,0
184805010,0
184806978,0
184808634,1
184809444,0
184810500,0
184810776,0
184811124,1
184811442,0
184811664,0
184813656,1
184814892,0
184815258,0
184817142,1
184819482,0
184820508,0
184821960,0
184836858,0
184837932,0
184840812,0
184846902,0
184849968,1
184852656,0
184852908,0
184862334,0
184862772,0
184865802,0
184866336,0
184866816,0
184868640,0
184878510,1
184879668,0
184881882,0
184885890,0
184887180,0
184887912,0
184888044,0
184897380,0
184897476,0
184905462,1
184906716,0
184907514,0
184915842,0
184920372,1
184923798,0
184924446,0
184924632,0
184927158,0
184944582,1
184945950,0
184950828,0
184951338,0
184951698,0
184952514,0
184952964,0
184953366,0
184954944,0
184955478,0
184958748,0
184958994,1
184959006,0
184959114,0
184960266,0
184960278,0
184961724,0
184963788,1
184964232,0
184983594,0
184986282,0
184988268,0
185047944,0
185053212,0
185054058,0
185055252,0
185059986,0
185060862,0
185061024,0
185064552,0
185067636,0
185072190,1
185080962,0
185088624,0
185089566,0
185092608,0
185096310,0
185099676,0
185105022,1
185106816,0
185107308,0
185109474,0
185110530,0
185110758,0
185113020,0
185115702,0
185115786,0
185116728,0
185118666,0
185121108,0
185121558,0
185128506,0
185128980,0
185129124,0
185132898,0
185135832,0
185138106,0
185156772,0
185160336,0
185162304,0
185164584,0
185167116,0
185170476,0
185172258,0
185174790,0
185175396,1
185200422,0
185200800,0
185215434,0
185224836,0
185229282,0
185239188,0
185241978,0
185247834,0
185248986,0
185250510,0
185251626,0
185257818,0
185261862,0
185261868,0
185263224,0
185269104,1
185270436,0
185286408,0
185292312,1
185294088,0
185296590,0
185297628,0
185297808,0
185300040,0
185300148,0
185300856,0
185302710,0
185305512,0
185305830,0
185307570,0
185309046,0
185313078,0
185316084,0
185318208,0
185320404,0
185320722,0
185320764,0
185320926,0
185321418,0
185323146,1
185327118,0
185350434,0
185352396,0
185361852,0
185366964,0
185375616,0
185381724,0
185388390,0
185390274,0
185393064,0
185401194,0
185407590,0
185408232,0
185410662,0
185410938,0
185415504,0
185415522,0
185417214,0
185417982,0
185420466,0
185432184,0
185438790,0
185451648,0
185454228,0
185456718,0
185459760,0
185459952,1
185471094,0
185471706,0
185479056,0
185482134,1
185488410,0
185489046,0
185489196,0
185492118,0
185494806,0
185496660,0
185501592,0
185501856,0
185505486,1
185509038,0
185510616,0
185516778,1
185519190,0
185519460,0
185519556,0
185519994,0
185521350,0
185523762,0
185525064,0
185525832,0
185526234,0
185526690,1
185527998,0
185529510,0
185532690,0
185535426,0
185535582,0
185538228,0
185539932,0
185540172,0
185540472,0
185540586,0
185541408,0
185542116,0
185543262,0
185544564,0
185545236,0
185547522,0
185547552,1
185548602,0
185550060,1
185552778,0
185553072,0
185553792,1
185554698,0
185556834,0
185556948,0
185557392,0
185559876,0
185561820,0
185562414,0
185562468,1
185563392,0
185563794,0
185566206,0
185566242,0
185566494,0
185567100,0
185567472,0
185567946,0
185569164,0
185570178,0
185572446,0
185572620,1
185572788,0
185573478,0
185574120,0
185575008,0
185575122,0
185575806,0
185576574,0
185587374,0
185588856,0
185589546,0
185589948,0
185590488,0
185591538,0
185594070,1
185595318,0
185596350,0
185599926,0
185605824,0
185623776,0
185628150,0
185631156,0
185631774,0
185633382,1
185634018,0
185638314,0
185638764,0
185639244,0
185639772,0
185640300,0
185643024,0
185646054,0
185650314,0
185652540,0
185655720,0
185663064,0
185668560,0
185670846,0
185672418,0
185673774,0
185675718,0
185677320,0
185677620,0
185681568,0
185684634,0
185684850,0
185686296,1
185686476,0
185690118,0
185712096,0
185712726,0
185717592,0
185718468,0
185718966,0
185728722,0
185733042,0
185737470,0
185740662,0
185742264,0
185744106,0
185748186,0
185768064,0
185769162,0
185776608,0
185779110,0
185785848,0
185798838,0
185799216,1
185801184,0
185802234,0
185810886,0
185812074,0
185812998,1
185818656,0
185826714,0
185827980,0
185827986,0
185835972,0
185844354,0
185848272,0
185851962,0
185853462,0
185855952,0
185858478,1
185859702,1
185861454,1
185862006,0
185862240,0
185865366,0
185865876,0
185866572,1
185868504,0
185869104,0
185869704,0
185869866,0
185870754,0
185872044,0
185873526,0
185877366,0
185878848,0
185879286,0
185880408,0
185883000,0
185890188,0
185895744,1
185896998,0
185897478,0
185897496,0
185898198,0
185916402,0
185919252,0
185922516,0
185922726,0
185923050,0
185923170,0
185923230,0
185924760,1
185930412,0
185959842,0
185980338,0
185981064,0
185986350,0
185987136,0
185997060,0
186005220,0
186009936,0
186015108,0
186026898,1
186028152,0
186028398,0
186035754,0
186039048,0
186040140,1
186041526,0
186063474,1
186067776,0
186068538,0
186068796,0
186073866,0
186074238,0
186075150,1
186082434,0
186090120,0
186091872,0
186094608,0
186109512,0
186110196,0
186111504,0
186112146,0
186129138,0
186139164,0
186143610,1
186150690,0
186158412,0
186166092,0
186181188,0
186182802,0
186203232,0
186204144,0
186212508,0
186228264,0
186233586,0
186246156,0
186250662,1
186270366,0
186275916,0
186286956,0
186289806,0
186290358,0
186292026,0
186292308,0
186292752,0
186293676,0
186300402,0
186314430,0
186323460,0
186323574,1
186333048,0
186341544,0
186362856,0
186377262,0
186379104,0
186380862,0
186384678,0
186387360,0
186388446,0
186388836,1
186393132,0
186400728,0
186410442,0
186415668,1
186418614,0
186432102,0
186432744,0
186438672,0
186448182,0
186452148,1
186453276,0
186454338,0
186455412,1
186457620,0
186459102,0
186464070,0
186464340,0
186466914,0
186467418,0
186471240,0
186471708,0
186472710,0
186473406,0
186474594,0
186475044,1
186475464,0
186476052,0
186476202,1
186476628,0
186476832,0
186478860,1
186480246,0
186482382,0
186482586,0
186483918,0
186484554,0
186491112,0
186501054,1
186503358,0
186503502,0
186505230,1
186507198,0
186509028,0
186510132,0
186510426,0
186513156,0
186515124,0
186516594,0
186516798,0
186517188,0
186518490,1
186518922,0
186518982,0
186520596,0
186524346,1
186528282,0
186529620,0
186531306,0
186531582,0
186531630,0
186533256,0
186533280,0
186533634,0
186537306,0
186537594,0
186540192,0
186545022,0
186550680,0
186551166,0
186551298,0
186551850,0
186552264,0
186553146,1
186553152,0
186553266,0
186554844,0
186559284,0
186560886,0
186561438,0
186561828,0
186562446,0
186578004,0
186579372,0
186580428,0
186580998,0
186581430,0
186584172,1
186584934,0
186585666,0
186591066,0
186596712,0
186606972,0
186611652,0
186619968,0
186627576,0
186640902,0
186641280,0
186647130,0
186648828,0
186648834,1
186650790,0
186654558,0
186661656,0
186663318,0
186671352,0
186681954,0
186683646,0
186697056,0
186697368,0
186702996,0
186706968,0
186709806,1
186721320,0
186724728,0
186729294,0
186732492,0
186733338,1
186743460,0
186744252,0
186744456,0
186746220,0
186751746,0
186752244,0
186755664,0
186756012,0
186758052,0
186759066,0
186762138,0
186762804,0
186762966,0
186764886,1
186768264,0
186778440,0
186779568,0
186780162,0
186780180,0
186782496,0
186785964,1
186805746,0
186805788,0
186807810,0
186809430,0
186811206,0
186811776,0
186812052,0
186818358,0
186819012,0
186819168,0
186840684,0
186856218,0
186858060,0
186861810,0
186876468,0
186881700,0
186887688,0
186897510,0
186904122,0
186908460,0
186918522,0
186922548,0
186922836,1
186931494,0
186936450,0
186936696,0
186941154,0
186945606,0
186947226,0
186957900,0
186961404,0
186962598,0
186963630,0
186963642,0
186964584,0
186968082,0
186969060,0
186970758,0
186971184,1
186975348,0
186982860,0
186988998,1
186990594,0
187001562,0
187018932,0
187020210,0
187020318,0
187021398,0
187021848,0
187024710,0
187030458,0
187037160,0
187055094,0
187055706,0
187068288,0
187073856,1
187074060,0
187081164,0
187084020,0
187084284,0
187093104,0
187103238,0
187103496,0
187104066,0
187105728,0
187108596,0
187110510,0
187111614,0
187113636,0
187116726,0
187118856,1
187120488,0
187128168,0
187130478,0
187133346,0
187135446,0
187141434,0
187145112,1
187146426,0
187151700,0
187154376,0
187158732,0
187159056,0
187160022,0
187161030,0
187163292,1
187168872,0
187169898,0
187170366,1
187173330,0
187173402,0
187177794,0
187180830,0
187181118,0
187186494,0
187190664,0
187191228,0
187193514,0
187196124,0
187197156,0
187198014,0
187209816,0
187214592,0
187214832,0
187220886,0
187271148,0
187278738,1
187298964,0
187299576,0
187313094,0
187343922,0
187345962,0
187346172,0
187355136,1
187358988,0
187363260,0
187365048,0
187365678,1
187367274,0
187368834,1
187373562,0
187374822,0
187375746,1
187380942,0
187381626,0
187383330,0
187385136,0
187385700,0
187388790,0
187389576,0
187403688,1
187411752,0
187420632,0
187465122,1
187475124,0
187481148,0
187482870,0
187487514,0
187489728,1
187497660,0
187498530,0
187499556,0
187511238,0
187518888,0
187524816,1
187524876,0
187525884,0
187526436,0
187534944,0
187535484,0
187540482,0
187540560,0
187541070,0
187542024,0
187552938,0
187552980,0
187555782,0
187556148,0
187557738,0
187559574,0
187559790,0
187560012,0
187560270,0
187560360,0
187564500,1
187565478,0
187566564,0
187567206,0
187572606,0
187574574,1
187587798,0
187587870,1
187588170,0
187589454,0
187590666,0
187591512,0
187592796,0
187593738,0
187595004,0
187595424,0
187598190,0
187599636,0
187599702,0
187599738,0
187600026,0
187600770,0
187602960,0
187603110,1
187603488,0
187604826,0
187607496,0
187608846,0
187610178,1
187612680,0
187613436,0
187614816,0
187615770,0
187615776,0
187616832,1
187616886,0
187619382,0
187622898,0
187623462,0
187623714,0
187623798,0
187625172,0
187629642,0
187635516,1
187635696,0
187636254,0
187638240,0
187638354,0
187639044,1
187639422,0
187641438,0
187641612,0
187642104,0
187642596,0
187642986,0
187643220,0
187643226,0
187647060,1
187663866,0
187666560,1
187666926,0
187670214,0
187671228,0
187671552,0
187672266,0
187674822,0
187675068,0
187684848,0
187696260,0
187703964,0
187710912,0
187713330,0
187723134,0
187746810,0
187754880,1
187757136,0
187762092,0
187764528,0
187765374,0
187766772,0
187767540,0
187768644,0
187769646,0
187786314,0
187790232,0
187791162,0
187792794,0
187793946,0
187796436,0
187799742,0
187800174,0
187801278,0
187812270,0
187821438,0
187822896,0
187822926,0
187827150,0
187828260,0
187830576,0
187832172,0
187833918,0
187838166,0
187838178,0
187840860,0
187841976,0
187843380,0
187847466,0
187847472,0
187849524,1
187850220,0
187850454,0
187851426,0
187853004,0
187867344,0
187869552,1
187871022,0
187871562,0
187872684,0
187873374,0
187874460,0
187875174,0
187875972,0
187876254,0
187896744,0
187897488,0
187897896,0
187904640,0
187905012,0
187908870,0
187924878,0
187925262,0
187942932,0
187948386,0
187954374,0
187957560,0
187966338,0
187968972,0
187980072,0
187980342,0
187981554,0
187994772,1
187998012,0
188003250,1
188006856,0
188013702,0
188018124,0
188018904,0
188024082,0
188024568,0
188025426,0
188027418,0
188029968,0
188031654,1
188032278,0
188033670,0
188034846,0
188037210,0
188037372,0
188037402,0
188038242,0
188041230,0
188043162,0
188043450,0
188045562,0
188045934,0
188046018,0
188046600,0
188048550,0
188048862,0
188049582,0
188049720,0
188050254,0
188051052,0
188052558,0
188053134,0
188053260,1
188053764,0
188073600,0
188094432,0
188096886,1
188097762,0
188114820,0
188117712,0
188138640,1
188170146,1
188175006,0
188179026,0
188183346,0
188192634,0
188205786,0
188222862,1
188224926,0
188227062,0
188227536,0
188230200,0
188233518,0
188234028,0
188238264,0
188240022,0
188240220,0
188247450,0
188253054,0
188253186,0
188253642,0
188258178,0
188268612,1
188274666,0
188274684,0
188274792,0
188277090,0
188282898,0
188305914,0
188312964,1
188329602,0
188339298,1
188341530,0
188347860,0
188353332,0
188361744,0
188364024,0
188364858,0
188365806,0
188366520,0
188373066,0
188374872,0
188375244,0
188378946,0
188390046,0
188392968,0
188393508,0
188404254,0
188407098,1
188408958,0
188411244,0
188411412,0
188412858,0
188417778,0
188417790,0
188423148,0
188423970,0
188423988,0
188426376,0
188427240,0
188432610,0
188439564,0
188442630,0
188450316,0
188450964,0
188451906,0
188453508,0
188455614,0
188458236,0
188458608,0
188473134,0
188477352,0
188480382,0
188511402,0
188519784,0
188523594,0
188535588,0
188543856,0
188551182,0
188565834,0
188566686,0
188571324,0
188583534,0
188592546,0
188593722,0
188595660,0
188602572,0
188613492,0
188615268,0
188616246,0
188620578,0
188620614,0
188624280,0
188626326,0
188627622,0
188628444,0
188628708,1
188631030,0
188639040,1
188639280,0
188639616,0
188654838,0
188655360,0
188663982,0
188664234,0
188666370,0
188667354,0
188667942,1
188667978,0
188670378,0
188671746,0
188671872,0
188674872,0
188675562,0
188675742,0
188675952,0
188676678,0
188677890,0
188678112,0
188679816,1
188682432,0
188682618,0
188686542,0
188686722,1
188687838,0
188688966,0
188690244,0
188690520,0
188691084,1
188691912,0
188693208,0
188693268,0
188693718,0
188694450,1
188696358,0
188696688,0
188698692,0
188699208,0
188699880,0
188700996,0
188701614,1
188701932,0
188703078,0
188703240,0
188703984,0
188704650,0
188704944,0
188724132,0
188725338,0
188727006,0
188727324,0
188727330,0
188731716,0
188732106,0
188732550,0
188734032,1
188736762,0
188743824,0
188761434,0
188775540,0
188782464,0
188783478,0
188786706,0
188788056,0
188793486,0
188813328,0
188815434,0
188816460,0
188816946,0
188828316,1
188830344,0
188833626,0
188835114,0
188840388,0
188845704,0
188850390,0
188851560,0
188859348,0
188859516,0
188861706,0
188864706,0
188866116,0
188871246,1
188873376,1
188874102,0
188875404,1
188877378,0
188877474,0
188877726,0
188879628,0
188879814,0
188883492,0
188895192,0
188897406,1
188900124,1
188900520,0
188903742,0
188903970,0
188939940,0
188943378,1
188943564,0
188948904,0
188963808,1
188971554,0
188974698,0
188975784,0
188978214,0
188979882,0
188984268,0
188988312,1
188989890,1
188995170,0
188995692,0
188997462,0
188998362,0
188999022,0
189001050,0
189004464,0
189005820,0
189007902,0
189008004,0
189008466,0
189009090,0
189009984,0
189010368,0
189011742,0
189013614,1
189014844,0
189015018,0
189017436,0
189021168,0
189022020,0
189022254,0
189023028,0
189024582,1
189024600,0
189025296,0
189026910,1
189027114,0
189027456,0
189044622,0
189048546,0
189052530,0
189053514,0
189057378,0
189058218,0
189066858,0
189077946,0
189081738,0
189085230,0
189100506,0
189101946,0
189121932,0
189122928,0
189128124,1
189128682,1
189144708,1
189146382,0
189154698,0
189156876,0
189158706,0
189162810,0
189164064,1
189170580,0
189171834,0
189172500,0
189173796,0
189182082,0
189184056,0
189185910,0
189199620,1
189200472,0
189200532,0
189200928,0
189203190,0
189204240,0
189205020,0
189206520,0
189206592,0
189206754,0
189218406,0
189223302,0
189224172,0
189228024,0
189228036,0
189234876,0
189239238,0
189279372,0
189297486,0
189300996,0
189316608,0
189318246,0
189319626,1
189328284,0
189335736,0
189356286,1
189360990,0
189362082,0
189369168,0
189372054,0
189378630,0
189379086,0
189380994,0
189381228,0
189381306,0
189384678,0
189385140,0
189387594,0
189388800,0
189390720,0
189400644,0
189402972,0
189403038,0
189404202,1
189404394,1
189406296,0
189406848,0
189406890,1
189418278,0
189425784,0
189442746,0
189443322,0
189481308,0
189484074,0
189493776,0
189495822,0
189501090,0
189511848,0
189514710,0
189516240,0
189516378,0
189517152,0
189521904,0
189525600,0
189525996,0
189526230,0
189527502,0
189528828,0
189529116,0
189530886,0
189534066,0
189535374,0
189538470,0
189538770,1
189539682,0
189539820,0
189541548,0
189541728,1
189542856,0
189550908,0
189551364,1
189552168,0
189557394,0
189561990,0
189566478,1
189571590,0
189574092,0
189574722,0
189575298,0
189577770,0
189577824,0
189580950,0
189581496,0
189583458,0
189584106,0
189584382,0
189586308,0
189588372,0
189588462,0
189590814,0
189591732,0
189593862,0
189594336,1
189595026,0
189595494,0
189595674,0
189597414,0
189597498,0
189597762,1
189598104,0
189598272,0
189599388,1
189600168,0
189600504,0
189600966,1
189602712,0
189604248,0
189608712,0
189611388,0
189612462,0
189612792,0
189615768,0
189617148,1
189617778,0
189617898,0
189617916,0
189618870,0
189620910,0
189621420,0
189624714,0
189625542,0
189625860,0
189641466,0
189643968,0
189644658,0
189657660,1
189658818,0
189672360,0
189680340,1
189680568,1
189693618,0
189695190,0
189696720,1
189706566,0
189707466,0
189709878,1
189715056,0
189716250,0
189717534,0
189722820,0
189726546,0
189728724,0
189732228,0
189737694,0
189739980,0
189742074,1
189743556,0
189746832,0
189748704,0
189753882,0
189754692,0
189759834,0
189766242,0
189766968,0
189767550,0
189768108,0
189768246,0
189772500,0
189772518,0
189777180,0
189777282,0
189778032,0
189780324,0
189782016,0
189782934,0
189801564,1
189805482,0
189810864,1
189819570,0
189827184,0
189833862,0
189839592,0
189845238,0
189851160,1
189854874,0
189863658,0
189864672,0
189865722,0
189871104,1
189872658,0
189873858,0
189876750,0
189877092,0
189880032,0
189880248,0
189885948,0
189886326,0
189889266,0
189890316,0
189893748,0
189894150,0
189894324,0
189896166,0
189896676,0
189898248,0
189899046,1
189899154,0
189899286,0
189900414,1
189902712,1
189903324,0
189903474,0
189903876,0
189910248,1
189914562,0
189914886,0
189915282,0
189915402,0
189915888,0
189916056,1
189916368,0
189916932,0
189917988,0
189918174,0
189935676,0
189938832,0
189938970,0
189940404,0
189945258,0
189949686,0
189953034,0
189956604,0
190012488,1
190024752,0
190029780,0
190030248,0
190032510,0
190036698,0
190037760,0
190038312,0
190040700,1
190043670,0
190043796,0
190045752,0
190050174,0
190055970,0
190060800,0
190060896,0
190061166,0
190061478,0
190062492,0
190063560,0
190065162,0
190073352,0
190076910,0
190079988,0
190080414,0
190081656,0
190083786,0
190085802,0
190087428,0
190090386,0
190104144,0
190107132,1
190109856,1
190118934,0
190150518,1
190158708,0
190162530,0
190167048,0
190169136,0
190178088,0
190178100,0
190184976,0
190188558,0
190195416,0
190196736,0
190197450,0
190202958,0
190209912,0
190217442,0
190222200,0
190224624,1
190224732,0
190224960,0
190225296,0
190227336,0
190233006,0
190233234,0
190234614,1
190237338,0
190239474,1
190240056,0
190240470,0
190241124,0
190242882,0
190242996,0
190243218,0
190246374,0
190248288,0
190248294,0
190250922,0
190261692,0
190263102,0
190266348,0
190271370,0
190274832,0
190284678,0
190287912,1
190314144,0
190315944,0
190327476,0
190331766,1
190339104,0
190340364,0
190346268,0
190347294,0
190356282,0
190368048,0
190380468,0
190382604,1
190383966,0
190385250,0
190390350,0
190392948,0
190394274,0
190395930,0
190396296,0
190402644,0
190403598,0
190404186,0
190410708,0
190412454,0
190412856,0
190413834,1
190420980,0
190421418,0
190422696,0
190424676,0
190431060,1
190435902,0
190444524,1
190447686,0
190450968,1
190451250,0
190453890,0
190455036,0
190455414,0
190456980,0
190458654,0
190459740,0
190460256,0
190460652,0
190463826,1
190464000,0
190464564,0
190464810,1
190465032,0
190465590,1
190467690,0
190467714,0
190469022,0
190469982,0
190471986,0
190475424,0
190477440,0
190477554,0
190481916,0
190483968,0
190484274,0
190485996,0
190488396,0
190488834,0
190489506,0
190489992,1
190490904,0
190491876,0
190493634,0
190496166,0
190496694,0
190497138,0
190502124,0
190503810,0
190505760,0
190507350,0
190508610,0
190509036,0
190509060,0
190522458,0
190525332,0
190525488,0
190529286,0
190533318,0
190538292,0
190540860,0
190547502,0
190555458,0
190565562,0
190569798,0
190582398,0
190585200,0
190606296,1
190611948,0
190618476,0
190638138,0
190642116,0
190642548,0
190653876,0
190656426,0
190662162,0
190663098,0
190663116,0
190664100,0
190667820,0
190670556,0
190674300,0
190674708,1
190675314,1
190675332,0
190676328,0
190678062,0
190680660,1
190687392,0
190689258,0
190691430,0
190695438,0
190698234,0
190698912,0
190699332,1
190700028,0
190700772,0
190705926,0
190707654,0
190709022,0
190709730,1
190710012,0
190712136,0
190717032,0
190725726,0
190736802,0
190737804,0
190744902,0
190760322,0
190764504,0
190775886,0
190781412,0
190785018,0
190786806,0
190789722,0
190790070,0
190791024,0
190792044,0
190792608,0
190794822,0
190798254,0
190798314,0
190799070,0
190799844,0
190800708,0
190801560,0
190801872,1
190803498,0
190803516,0
190819788,1
190820028,0
190823874,0
190826484,0
190828308,0
190830492,0
190834980,0
190837026,0
190858332,0
190879218,1
190881192,0
190891596,0
190901358,0
190916076,0
190919628,0
190921512,0
190930908,0
190937352,0
190942152,1
190944528,0
190957218,0
190958184,1
190965882,0
190967916,0
190969398,0
190970700,0
190973868,0
190977240,0
190977942,0
190978170,1
190987356,0
190990068,0
190990644,0
190992270,0
190996506,0
191001972,0
191002146,0
191002920,0
191003070,0
191004540,0
191004876,0
191020872,0
191023344,0
191024376,0
191026350,0
191029188,0
191039082,0
191039964,0
191098878,0
191099574,0
191103234,0
191103546,1
191109564,0
191116584,0
191120688,0
191124774,0
191124996,0
191127714,0
191127948,0
191135796,0
191141346,0
191143614,1
191146080,0
191149440,1
191164008,0
191166240,1
191169036,0
191169480,0
191170848,0
191171478,0
191172558,0
191174466,0
191176050,0
191183370,0
191185092,0
191186010,0
191186508,0
191186994,0
191187348,0
191187564,0
191199390,0
191202276,0
191204004,0
191215338,0
191221908,0
191222784,0
191224722,0
191234376,0
191236368,0
191252304,1
191269992,0
191288118,0
191291034,0
191291202,0
191294928,0
191310114,0
191315292,0
191316510,0
191318850,0
191323560,0
191333160,0
191333376,0
191336208,1
191339256,0
191345028,0
191345448,0
191346900,0
191353194,0
191353200,0
191355402,0
191355786,0
191359386,0
191364684,0
191366190,0
191369136,0
191371398,0
191371674,0
191373780,0
191373840,0
191374128,0
191375016,0
191375196,0
191386704,0
191386770,0
191391744,1
191395692,0
191396874,0
191404218,0
191406504,0
191407566,0
191408118,0
191408712,0
191409930,0
191410704,0
191417106,0
191417904,0
191419956,0
191420622,0
191421654,0
191423394,0
191428458,1
191428644,0
191429580,0
191429610,0
191429664,0
191432256,0
191433144,0
191433606,0
191433660,0
191435850,0
191435952,0
191438676,0
191440434,0
191440872,0
191442768,0
191444394,0
191445414,0
191446134,0
191449254,0
191449788,0
191451288,0
191451714,0
191453562,0
191453748,0
191454648,0
191454702,0
191454822,0
191456028,0
191456340,0
191456928,0
191456982,0
191457408,0
191459208,0
191459328,1
191466726,0
191467128,0
191467344,0
191467656,0
191468634,0
191468886,0
191484372,0
191485464,1
191490528,0
191491674,0
191491782,0
191512350,0
191516064,0
191528016,0
191549820,0
191568396,0
191571624,0
191599596,0
191604204,0
191625030,0
191626272,0
191636022,0
191642904,0
191646708,0
191648010,0
191655498,0
191656176,0
191657478,0
191659050,0
191661240,0
191662806,1
191673510,0
191681268,0
191681388,0
191683494,0
191683752,0
191690358,0
191690460,1
191691198,0
191695704,1
191696256,0
191715312,1
191722512,1
191724072,0
191758716,0
191766714,1
191773848,0
191776944,0
191778156,0
191781588,0
191799126,0
191800458,0
191808756,0
191815944,0
191817324,0
191817516,0
191818224,0
191820306,0
191820990,0
191826612,0
191826882,0
191827926,0
191832558,1
191833206,0
191841426,0
191845908,0
191859552,0
191861622,0
191865630,0
191865918,0
191870028,0
191876184,0
191877012,0
191877444,0
191877954,0
191877972,0
191881200,0
191881230,0
191888208,0
191888454,0
191890092,0
191891850,0
191893338,0
191894082,0
191897778,0
191898876,0
191904660,0
191905386,0
191905626,0
191905896,0
191909592,0
191912256,0
191933766,1
191940618,0
191942916,0
191954784,0
191965068,1
191973732,0
191980158,0
191989566,0
191994852,0
191995818,0
192008856,0
192014724,0
192018864,0
192018876,0
192026070,0
192028014,0
192038580,0
192039156,0
192047976,0
192051072,1
192057606,0
192059520,0
192060750,0
192064938,0
192089904,0
192095220,1
192096654,0
192096846,0
192097422,0
192100392,0
192100890,0
192102114,0
192103542,0
192107892,0
192111210,0
192114012,0
192118182,0
192119082,0
192121836,0
192122892,0
192123864,0
192124062,0
192124236,1
192125028,0
192126168,0
192150138,0
192151656,0
192153132,0
192167238,0
192168780,0
192175878,0
192206892,0
192207876,0
192208788,0
192214920,0
192231576,0
192233118,0
192235782,0
192240228,0
192240252,0
192243996,0
192244446,0
192251622,0
192265770,0
192272904,1
192274332,0
192276402,0
192285870,0
192289020,0
192289608,0
192304944,0
192305274,0
192306954,0
192308064,0
192311166,0
192311472,0
192313242,0
192317226,0
192317232,0
192324516,0
192331062,0
192332706,0
192347616,0
192349008,0
192349326,0
192350052,0
192353004,0
192360906,0
192361032,0
192363408,0
192369780,1
192376980,0
192426222,0
192437100,0
192443556,0
192445560,0
192446832,0
192457734,0
192460806,1
192469272,1
192484104,0
192486024,0
192498126,0
192503730,0
192506466,0
192508122,0
192508440,0
192511128,0
192513990,0
192514548,0
192514704,0
192515964,0
192517950,0
192519828,0
192520242,0
192520428,0
192526374,0
192526494,0
192527220,0
192527358,0
192528054,0
192528828,0
192540738,0
192544086,0
192545262,0
192549246,0
192549366,0
192551580,0
192552462,0
192555522,0
192557982,0
192559206,0
192559488,0
192560862,0
192561240,0
192561840,0
192562740,0
192562878,0
192563658,0
192564966,0
192566178,0
192568776,1
192571284,1
192577656,0
192577782,0
192578412,0
192578736,0
192579402,0
192582000,0
192584916,0
192586320,0
192589272,0
192591330,0
192592452,0
192595494,0
192596448,0
192596808,0
192597330,0
192597966,0
192598062,0
192598494,0
192599796,0
192601026,0
192602370,0
192602508,0
192604536,0
192605298,0
192605916,0
192606318,0
192607584,1
192610176,0
192610788,0
192610800,0
192610836,0
192639390,0
192639990,0
192641214,0
192643014,0
192646542,0
192649956,0
192654564,0
192663888,0
192665046,0
192666600,0
192672246,0
192672942,0
192681480,0
192682164,0
192683856,0
192684048,0
192685842,0
192711798,0
192713322,0
192714090,0
192714348,0
192714642,0
192719214,0
192722232,0
192730464,0
192734124,1
192736506,0
192760320,0
192769410,1
192772260,0
192776988,0
192778194,0
192778686,0
192780036,1
192782376,0
192790704,0
192792438,0
192797100,0
192802152,1
192802500,0
192803478,0
192805566,0
192806454,0
192809598,0
192810336,0
192810552,0
192813228,0
192813654,0
192835434,0
192835836,0
192838860,0
192838872,0
192839106,0
192839622,0
192840462,0
192840594,0
192841560,0
192844932,0
192845196,0
192849594,0
192851376,0
192878436,0
192887898,0
192894702,0
192897024,1
192910080,0
192910836,0
192911418,0
192913488,0
192916320,0
192918276,0
192918294,0
192927258,1
192928494,0
192931524,1
192942798,0
192945570,0
192947958,1
192948492,0
192950070,0
192952470,1
192958626,1
192959364,1
192960948,0
192965130,0
192965316,0
192972876,0
192973224,0
192974652,0
192977268,0
192979086,0
192981594,0
192982782,0
192984684,1
192988650,0
192993924,0
192994320,0
192995022,0
192996432,0
193024314,0
193024698,0
193027038,0
193032426,0
193039464,1
193060086,0
193069014,0
193085490,0
193095852,0
193096014,1
193103256,0
193104324,0
193118376,0
193129116,1
193146948,0
193147740,0
193149816,0
193150458,0
193151340,0
193154166,0
193162962,0
193168152,0
193171080,1
193172148,0
193173264,0
193182108,0
193183752,0
193184790,0
193185024,1
193185390,0
193190340,0
193190682,0
193191978,0
193222590,0
193222992,0
193225974,0
193231314,0
193232226,0
193246710,0
193272540,0
193283292,0
193300272,0
193310022,0
193312062,0
193313646,1
193316454,0
193318806,0
193342428,0
193346562,0
193352088,0
193357116,0
193363662,0
193366494,0
193369266,0
193373016,0
193373142,0
193376718,0
193376982,0
193376988,0
193378248,0
193378446,0
193378542,0
193380342,0
193381428,0
193383132,1
193384164,0
193385628,0
193385796,0
193408908,0
193410132,0
193426602,1
193432398,0
193433538,0
193436562,0
193437054,0
193438362,0
193442466,0
193482384,0
193486104,0
193488420,0
193496112,0
193502274,1
193508268,0
193509372,0
193510086,1
193510686,1
193521102,0
193522092,0
193523214,0
193523820,0
193524414,0
193524798,0
193529388,0
193530276,1
193530360,0
193530774,1
193535052,0
193535472,0
193538334,0
193541952,0
193544166,0
193544538,0
193544790,0
193546020,1
193546530,0
193546980,0
193547520,0
193548834,0
193548918,0
193551108,0
193554216,0
193556688,0
193559490,0
193562202,0
193563984,0
193566036,0
193572642,1
193579974,0
193582332,0
193583016,0
193588656,0
193588698,0
193589718,0
193589760,0
193589964,0
193590678,0
193592118,0
193592184,0
193599996,0
193603710,0
193605276,0
193605816,0
193607160,0
193607478,1
193607490,0
193607850,0
193608450,0
193611786,0
193611810,0
193612590,0
193614240,0
193616274,0
193616442,0
193617222,0
193618548,0
193618884,0
193619322,0
193620372,0
193621662,0
193623072,0
193623630,0
193625190,0
193625820,0
193626090,1
193626546,0
193627722,0
193627920,0
193631364,0
193632078,0
193632624,1
193635060,0
193635858,0
193635924,0
193636188,0
193636428,0
193636626,0
193638006,0
193663248,0
193663662,0
193663800,0
193664958,0
193665264,0
193668486,0
193669110,0
193671630,0
193678056,0
193679610,0
193681224,1
193681236,0
193691046,0
193698810,0
193702344,1
193713156,0
193717170,0
193744488,0
193744764,0
193745160,0
193748958,0
193751148,1
193756218,0
193765398,0
193766910,0
193780854,0
193805388,0
193806930,0
193806954,0
193811286,0
193819392,0
193820394,0
193821636,0
193827204,0
193828596,0
193829862,0
193830084,0
193834734,0
193835088,0
193837542,1
193837740,0
193838412,0
193842372,0
193842456,0
193843542,0
193844112,0
193872684,0
193877052,1
193881066,0
193884582,1
193886592,1
193920960,0
193923384,0
193930224,0
193934082,0
193936458,0
193941288,0
193953012,0
193959864,0
193961796,0
193962138,0
193963326,0
193963872,1
193990578,0
193997184,0
194001864,0
194005518,0
194008338,0
194010144,0
194013468,0
194013780,0
194017782,0
194018022,0
194019300,0
194019954,0
194020326,0
194023140,0
194026476,0
194027934,0
194028450,0
194029320,0
194029944,1
194031204,0
194034906,0
194036706,0
194039448,0
194062434,0
194062554,0
194066490,0
194079528,0
194091660,0
194097930,0
194109612,0
194123352,1
194128356,0
194138880,0
194139888,0
194144670,0
194151156,0
194164920,0
194169648,1
194185986,0
194192154,0
194194302,0
194198040,0
194201058,0
194207088,0
194207154,0
194211330,0
194212224,0
194213466,0
194218818,0
194227176,0
194227566,1
194248140,0
194252292,0
194252436,0
194253126,0
194253324,0
194253738,0
194258520,0
194263992,1
194289918,0
194296218,0
194298612,0
194309478,0
194322966,0
194325852,0
194326578,0
194329974,0
194340492,0
194351424,1
194351862,0
194352450,0
194353026,0
194354274,0
194358702,0
194364372,0
194366610,0
194375418,0
194377518,0
194385552,1
194386614,0
194387460,0
194389332,0
194389476,0
194389860,0
194391666,1
194394504,1
194398368,0
194398644,0
194399742,0
194402676,0
194402940,0
194403390,1
194422332,0
194424570,0
194426262,0
194427348,0
194427648,0
194432790,0
194455824,0
194467176,0
194468856,0
194473422,0
194483322,0
194492742,0
194496150,0
194496702,0
194498238,0
194509800,0
194510334,0
194514852,0
194520840,1
194534484,0
194536728,0
194538324,0
194539668,0
194539926,1
194540034,0
194540658,0
194541084,0
194541606,1
194542224,0
194543106,0
194545140,0
194546640,0
194549766,0
194550132,0
194550456,0
194553030,0
194553954,0
194554020,0
194554644,0
194555022,0
194560218,0
194561106,0
194561202,1
194567784,0
194568402,0
194571930,0
194574318,0
194576976,0
194593452,1
194595426,0
194596530,0
194597448,0
194597712,0
194602536,0
194602596,0
194603544,0
194606586,0
194606802,0
194608332,0
194608404,0
194610534,0
194611770,0
194612040,0
194614278,0
194614524,0
194615856,1
194618562,0
194624826,0
194627958,0
194629788,0
194630778,0
194632710,0
194633244,0
194634186,0
194636364,0
194637282,0
194637522,0
194637630,0
194639568,0
194641818,0
194642640,0
194642700,1
194643126,0
194645484,0
194646426,0
194646558,1
194647038,0
194648112,0
194648148,0
194660988,0
194662104,0
194664648,0
194666304,0
194666706,1
194669184,0
194670726,0
194673858,0
194674116,0
194676150,0
194680578,0
194695314,0
194712900,0
194726430,0
194765190,0
194765814,0
194769222,0
194771454,0
194774058,0
194775438,0
194775474,0
194777838,0
194778342,0
194782392,0
194801226,0
194802006,0
194806356,0
194813112,0
194825214,0
194827680,0
194831322,0
194838582,1
194840976,0
194844138,1
194845056,0
194853180,0
194854470,0
194858088,0
194859696,0
194892360,0
194896290,0
194907072,0
194911632,0
194939328,0
194957574,0
194967576,1
194969724,0
194974266,0
194976030,0
194978754,0
194983452,0
194983470,0
194986866,0
194987370,0
194992986,0
194996292,1
195001704,0
195012798,0
195012816,0
195016704,0
195019620,0
195026658,0
195033396,0
195038706,0
195039528,0
195040176,1
195043866,0
195044712,0
195047304,0
195049650,0
195071328,0
195075192,0
195075588,0
195077532,0
195079230,0
195079704,0
195083190,0
195083610,0
195088062,0
195089034,0
195096108,0
195099330,0
195103482,0
195114330,0
195123294,1
195131982,0
195144564,0
195146376,0
195147420,0
195158808,0
195186438,0
195188148,1
195192012,0
195203670,0
195204498,0
195205794,0
195209160,0
195209382,0
195213660,0
195217380,0
195218142,0
195220392,0
195222678,0
195224148,0
195224340,1
195231828,1
195232386,0
195232602,0
195233040,0
195233148,0
195233394,0
195234834,0
195235992,0
195258750,0
195258756,0
195260436,0
195263010,0
195267372,1
195275124,0
195275346,0
195276594,0
195285570,0
195288624,0
195314634,1
195337812,1
195345552,0
195352020,0
195353742,0
195353778,0
195359808,0
195364944,0
195365202,0
195371472,0
195373938,0
195381768,0
195385404,0
195387864,0
195393624,0
195396138,0
195399996,1
195403800,0
195404904,0
195409578,0
195411906,0
195412032,0
195412680,1
195413178,0
195413940,0
195414780,0
195414912,1
195415098,0
195416118,0
195418548,0
195419196,0
195440538,0
195441336,0
195441522,0
195441570,0
195442254,0
195442782,0
195444492,0
195451746,0
195475308,1
195483630,0
195499902,0
195502614,0
195509922,0
195515082,1
195515256,0
195517098,0
195519486,0
195519588,0
195521580,1
195523560,0
195525120,0
195525540,0
195527298,0
195533352,0
195533808,0
195534480,0
195547206,0
195550140,0
195554226,0
195562494,1
195565368,0
195566496,0
195568362,0
195573384,0
195575460,0
195577878,0
195580632,0
195584898,0
195585552,0
195586392,0
195591684,0
195596334,0
195602544,0
195602772,1
195609126,0
195612282,0
195617658,0
195621048,0
195621396,0
195623388,0
195626292,0
195629370,0
195629412,0
195630354,0
195636222,0
195636246,0
195636756,0
195636924,1
195637332,0
195640206,0
195642276,0
195642294,0
195642864,0
195644070,0
195648504,0
195649350,0
195650106,0
195652188,0
195652824,0
195653766,0
195656436,1
195657792,1
195658050,0
195660450,0
195662730,0
195664092,0
195665424,0
195665934,0
195666120,0
195666540,0
195667974,1
195671868,0
195672984,0
195673104,0
195673224,0
195674532,0
195674718,0
195677184,0
195678090,0
195682200,0
195683886,0
195685122,0
195685788,0
195686298,0
195686688,0
195687534,0
195688962,0
195706776,0
195708018,0
195708972,0
195710478,0
195710946,0
195717462,1
195717996,0
195719298,0
195754362,1
195772866,0
195779412,0
195793926,0
195801588,0
195805944,0
195806244,0
195807432,0
195807480,1
195811788,0
195814182,0
195825966,0
195831552,0
195839418,0
195844914,0
195845190,0
195847206,0
195850992,0
195854430,0
195860076,0
195861132,0
195879618,0
195886830,0
195891108,0
195891648,0
195892302,0
195901074,0
195902646,0
195904224,0
195904338,0
195906000,0
195907920,0
195913044,0
195913620,0
195914838,0
195916344,0
195943980,0
195946680,0
195947328,0
195947958,0
195950616,0
195953484,0
195959016,0
195961710,0
195962292,0
195971142,0
195973308,0
195975378,0
196038306,0
196048932,0
196067052,0
196068636,0
196073556,0
196090926,0
196090962,0
196093986,0
196097394,0
196098756,0
196099056,0
196099452,0
196100400,1
196101780,0
196102446,1
196106580,0
196109130,0
196110840,0
196111848,0
196118418,0
196118844,0
196119024,0
196122054,0
196122744,0
196123692,0
196124766,0
196125366,0
196126638,0
196129278,1
196154844,0
196158726,0
196158834,0
196159380,0
196163010,0
196170654,0
196172196,1
196177710,0
196179078,0
196189908,0
196197108,0
196199226,0
196200258,0
196206168,0
196213362,0
196215018,0
196216878,0
196217682,0
196223700,0
196228008,0
196236606,1
196244748,0
196247736,1
196268502,0
196274040,0
196274280,0
196281948,0
196290036,0
196290798,0
196293948,0
196294686,0
196295268,0
196295712,0
196298292,0
196300896,1
196304226,0
196304250,1
196304922,0
196306620,0
196312278,0
196313946,0
196320306,0
196320804,1
196321938,0
196324686,1
196325496,0
196331550,0
196332150,1
196356906,0
196363050,0
196363998,0
196366386,0
196367052,0
196371528,0
196397088,0
196398138,0
196401198,0
196406862,0
196431276,0
196431834,0
196440822,0
196444512,0
196450074,0
196452954,0
196454568,0
196456812,0
196459704,0
196464636,0
196467474,0
196473612,0
196474098,0
196476834,0
196478022,0
196484832,0
196491120,0
196494786,0
196495308,0
196496520,0
196500756,0
196502868,0
196503684,0
196509096,1
196512894,0
196513224,0
196513308,0
196513860,0
196515726,0
196516326,1
196516860,1
196521846,0
196524828,0
196526166,0
196529970,0
196532898,0
196533504,0
196536198,0
196556376,0
196561098,0
196563066,0
196565640,0
196567998,0
196576536,0
196603350,0
196624938,0
196641048,0
196641528,0
196644636,0
196645158,1
196651644,0
196664226,0
196667106,0
196671054,0
196674966,1
196678536,0
196678992,0
196682790,0
196694046,0
196694694,0
196697448,0
196700142,0
196700202,0
196701318,0
196704612,0
196704834,1
196708854,1
196709454,0
196709838,0
196711260,0
196711362,0
196712256,0
196717932,0
196718358,0
196718760,0
196718994,0
196719432,0
196721892,0
196735062,0
196740006,0
196746300,1
196749492,0
196749882,0
196751730,0
196753992,0
196754172,0
196756488,0
196760340,0
196761822,0
196762440,0
196762590,0
196765752,1
196767516,0
196770162,1
196770360,0
196770552,0
196773186,1
196774764,0
196775052,1
196775838,0
196781154,0
196781316,1
196782828,0
196783854,0
196786296,0
196790346,0
196790460,1
196796562,0
196797060,0
196797936,0
196799538,0
196801278,0
196801308,0
196801848,1
196803108,0
196804866,0
196805610,0
196806564,0
196831374,0
196831584,0
196832604,0
196833300,1
196834878,1
196835328,0
196836480,0
196836978,0
196837008,0
196838796,0
196841568,0
196848732,0
196875264,0
196878504,0
196881246,0
196889532,0
196892208,0
196898694,0
196904094,0
196908930,0
196916748,0
196923192,0
196929852,0
196966374,0
196971072,0
196972488,0
196981476,0
196986474,0
196987788,0
196991130,0
196992990,0
196998330,1
196998612,0
197003250,0
197003742,0
197005002,0
197011212,0
197011974,0
197012712,0
197014488,1
197014818,0
197017632,1
197020770,0
197022852,0
197024694,1
197025756,0
197026236,1
197026956,0
197027358,1
197029140,1
197030268,0
197030514,0
197059866,0
197062338,0
197062362,0
197062368,0
197067978,1
197067990,0
197074392,1
197075082,1
197075850,0
197088276,0
197102160,0
197109312,0
197126952,0
197129730,0
197129772,0
197134260,1
197140104,0
197148000,1
197154588,0
197157720,1
197161620,0
197162286,0
197168754,0
197177064,0
197183046,0
197191290,0
197193810,0
197209518,0
197212344,0
197217024,0
197217138,1
197217540,0
197220036,0
197221194,0
197221644,0
197227008,0
197229558,1
197232198,0
197233332,0
197237058,1
197240022,0
197241192,0
197241408,0
197242782,0
197247030,0
197273328,0
197280624,0
197285292,0
197289444,0
197304720,0
197310678,0
197342490,0
197343048,0
197346474,0
197347794,0
197352318,0
197361540,0
197371038,0
197376984,0
197379414,0
197385642,0
197387028,0
197395986,0
197409522,0
197425110,0
197425314,0
197426094,0
197432184,0
197436558,0
197441664,0
197447676,0
197454546,0
197456232,1
197456322,0
197460018,0
197465706,0
197466264,0
197466372,0
197491176,0
197496354,0
197496618,0
197498598,0
197502390,0
197508708,0
197518296,0
197520048,0
197530314,0
197532270,0
197548206,0
197559672,0
197560326,0
197582550,1
197590806,0
197606532,0
197613918,0
197618862,0
197623566,0
197624196,0
197624736,0
197630082,0
197632950,0
197635002,0
197635746,0
197637108,0
197638362,0
197648550,1
197652786,0
197653074,0
197659152,0
197661240,1
197662050,0
197662986,0
197664744,0
197664888,0
197666136,0
197669988,0
197672586,1
197674722,0
197676576,0
197679504,0
197680416,0
197680434,0
197681682,0
197684982,0
197686200,0
197711442,0
197713536,0
197714130,0
197716146,0
197722770,0
197730480,0
197774064,0
197779476,0
197780346,0
197783328,0
197784828,0
197792010,0
197797074,0
197810688,0
197816256,0
197830410,0
197831358,0
197836356,0
197851200,0
197855382,0
197861196,0
197862168,1
197867592,0
197868162,0
197868912,0
197872482,0
197872488,0
197872692,0
197874738,0
197876460,0
197878614,0
197878764,0
197880432,0
197880822,0
197880870,0
197885046,0
197885184,0
197885712,1
197886354,0
197886522,0
197897046,0
197900910,0
197906784,0
197907702,0
197910960,0
197911830,1
197913048,1
197913978,0
197920182,0
197922012,1
197923842,0
197925396,0
197925600,0
197928024,1
197931918,0
197933670,0
197933748,0
197935416,0
197935548,0
197936334,0
197936670,0
197944080,0
197952324,0
197959656,0
197959884,0
197960352,0
197960964,0
197961072,0
197961636,1
197962914,0
197964366,1
197964666,0
197964672,0
197965338,0
197966106,0
197966484,0
197966730,0
197967096,0
197967348,1
197969232,1
197971290,0
197971572,0
197973906,0
197998656,0
198003966,0
198004566,0
198005394,0
198011076,0
198011652,1
198016014,0
198024294,0
198025218,0
198057756,0
198059430,0
198060072,0
198080040,1
198113130,0
198115884,0
198117792,0
198119262,0
198121986,0
198130704,0
198137340,0
198142092,0
198144150,0
198144198,0
198147354,0
198147360,0
198162624,0
198164286,0
198166344,0
198175572,0
198177234,0
198186090,0
198189966,0
198191406,0
198192414,0
198195360,0
198200634,0
198201486,0
198204696,0
198206574,0
198207144,0
198212376,0
198212574,0
198216246,0
198217050,0
198217086,0
198217806,0
198244818,0
198246882,0
198249054,0
198250710,0
198253614,1
198260460,0
198271620,0
198295296,0
198295926,0
198304248,0
198310344,0
198316824,0
198319584,0
198320916,0
198321774,0
198324600,0
198333966,1
198338820,0
198339258,0
198340212,0
198341616,1
198360510,0
198363462,0
198369540,0
198370086,0
198373566,1
198378120,0
198387120,0
198417252,0
198424764,0
198430122,0
198431016,0
198432780,0
198434682,0
198435078,0
198439176,0
198443322,0
198444516,0
198446064,0
198447042,0
198447504,0
198448326,0
198450600,0
198474030,1
198475278,0
198479730,0
198483894,0
198484182,0
198501138,1
198506370,0
198519336,0
198528006,0
198531636,0
198534972,1
198545214,0
198570192,0
198577932,0
198586656,0
198593634,1
198595350,0
198599250,0
198602412,0
198604284,1
198619164,0
198625158,0
198626832,0
198635430,0
198639114,0
198641358,0
198642150,0
198643680,0
198649926,0
198656658,0
198658332,0
198658584,0
198659556,0
198660540,0
198664422,0
198664914,0
198666018,1
198667236,0
198668772,0
198670974,0
198677034,0
198682968,0
198703866,1
198707658,0
198710472,0
198711090,0
198716778,0
198746124,0
198762210,0
198768102,0
198794766,0
198812226,0
198813318,0
198814512,0
198820962,0
198831870,1
198837954,1
198848232,0
198854970,0
198860766,0
198861588,0
198862152,0
198867936,0
198876432,0
198880962,0
198883236,0
198891540,0
198892848,0
198896892,0
198897378,0
198899970,0
198902280,0
198902712,0
198907164,0
198916944,0
198947700,1
198950670,0
198950868,0
198961626,0
198962664,0
198963852,0
198964518,0
198966846,0
198983754,0
198987756,0
199006902,1
199015662,0
199017498,0
199041000,0
199045416,1
199053738,0
199057146,0
199057476,0
199059024,0
199065660,0
199072998,0
199082304,0
199105938,0
199107168,0
199116792,0
199116912,0
199118142,0
199119162,0
199119594,0
199124124,0
199128210,0
199128222,0
199133046,0
199134234,0
199138974,0
199139832,0
199141842,0
199143534,0
199145574,0
199146348,0
199150344,0
199151508,0
199152594,1
199153692,0
199155174,0
199164702,0
199166850,0
199170978,0
199177566,0
199179000,0
199180038,1
199180680,0
199183476,0
199183662,0
199185606,0
199185846,0
199186230,0
199189554,1
199189692,0
199192272,0
199192674,0
199193070,0
199193604,1
199194882,0
199195110,0
199198098,0
199208298,1
199209492,0
199210674,0
199211976,0
199212702,1
199213974,0
199214718,0
199214730,0
199214736,0
199215624,0
199216764,0
199217604,0
199218630,0
199219488,0
199221630,0
199227678,0
199227756,0
199228674,1
199230534,0
199232070,0
199232466,1
199232502,0
199233108,0
199238772,0
199239258,1
199243302,1
199243998,0
199244388,0
199244850,0
199256280,0
199258464,0
199260072,0
199262868,0
199263360,1
199263954,0
199268808,0
199270254,0
199296588,0
199301370,0
199309920,0
199312644,0
199313802,0
199319082,1
199319112,0
199320714,0
199323216,0
199326690,0
199338372,0
199340742,1
199342878,0
199350624,0
199351428,0
199353690,0
199357662,0
199359390,0
199371798,0
199376880,0
199377654,0
199379754,0
199384572,0
199385922,0
199388340,0
199394004,0
199395054,0
199395324,0
199399884,0
199403112,0
199404480,0
199405470,0
199406454,1
199408560,0
199410480,0
199412880,0
199413324,0
199419618,0
199420896,1
199423932,0
199453680,0
199460982,0
199461108,0
199464264,0
199469046,0
199482210,0
199491216,1
199514724,1
199516566,0
199521834,0
199522854,0
199551642,0
199571022,0
199571046,0
199579566,0
199588452,0
199591746,0
199602780,1
199603542,0
199608642,0
199611210,1
199612116,1
199627848,0
199638270,0
199638612,0
199639656,0
199640760,0
199645002,0
199649076,0
199649088,1
199651752,0
199652940,0
199654602,0
199658832,0
199658952,1
199662366,0
199662816,0
199662900,0
199664826,0
199664988,0
199665090,0
199668462,1
199697514,0
199697742,1
199698090,0
199704180,0
199712460,0
199714938,0
199752978,0
199766700,1
199777596,0
199777602,0
199797150,0
199798428,0
199805994,0
199806954,0
199817958,0
199818948,0
199825998,0
199826694,0
199828806,0
199836402,0
199840080,0
199859040,0
199860324,0
199869018,0
199869138,0
199874430,0
199879068,0
199881228,0
199882950,0
199885746,1
199886616,0
199890018,0
199890234,0
199890810,0
199892970,1
199893108,0
199916598,0
199920042,1
199920582,0
199922412,0
199924614,0
199932132,0
199957806,0
199969860,0
199980138,0
199997628,0
199999248,0
200006604,0
200008020,0
200009586,1
200011920,1
200011968,0
200013072,1
200013090,0
200016282,0
200016492,0
200020908,1
200025960,0
200028312,0
200032164,0
200044230,0
200066760,1
200069448,0
200078412,0
200092848,0
200094702,0
200096790,0
200099340,0
200101770,0
200105820,0
200107824,1
200111910,0
200117310,0
200117970,0
200122422,1
200125554,0
200126946,0
200160738,0
200161854,1
200163486,0
200163606,0
200164998,0
200165538,0
200182278,0
200209992,0
200223666,0
200227920,0
200237568,0
200239440,0
200253624,0
200253978,0
200259720,0
200261178,0
200268390,0
200272296,0
200275152,0
200278890,0
200279256,0
200285832,0
200299164,0
200302980,0
200310990,0
200318412,1
200321160,0
200324832,0
200329236,0
200330556,0
200336826,0
200337714,0
200340738,1
200342064,0
200343786,0
200345244,0
200345580,0
200346114,0
200351616,0
200354316,0
200354478,0
200354850,0
200355402,0
200362950,0
200365752,0
200368218,0
200370396,1
200370420,0
200378490,0
200382246,0
200382336,0
200388588,0
200389800,0
200390748,0
200393916,0
200394900,0
200395200,0
200395992,0
200396124,0
200397246,0
200397960,0
200398260,0
200398362,0
200403174,0
200405064,0
200408310,0
200412048,0
200412600,0
200414400,0
200414934,0
200417238,0
200418000,0
200418834,0
200419002,0
200420340,0
200420646,0
200424054,0
200426748,0
200430552,0
200436738,0
200439468,0
200439810,0
200440140,0
200440650,1
200443212,0
200443272,0
200445618,0
200452614,1
200453646,0
200453778,0
200453916,0
200454900,1
200455056,0
200455062,1
200457558,1
200459874,0
200460006,0
200471268,0
200471514,0
200472150,0
200474478,0
200474796,0
200485434,1
200485692,0
200485800,0
200505756,0
200519070,0
200526612,0
200528448,0
200533716,0
200535090,0
200550996,0
200558316,1
200563296,0
200564388,0
200565540,0
200567022,0
200573184,0
200574168,0
200574354,0
200577006,0
200584818,0
200585406,0
200586882,0
200589204,0
200591442,0
200591814,0
200593902,0
200595096,0
200598708,0
200628042,0
200630334,0
200632740,0
200634024,0
200638332,0
200639214,0
200639484,0
200639790,0
200643378,0
200646792,0
200647170,0
200649198,0
200664900,1
200696334,1
200704602,0
200705610,0
200719104,0
200732022,0
200737704,0
200738238,0
200739780,0
200743734,0
200745894,1
200753928,0
200761332,0
200765292,0
200792664,0
200800956,0
200803158,0
200810604,0
200812572,0
200815746,1
200817660,0
200821194,0
200826774,0
200828574,0
200832324,0
200832438,0
200835588,1
200837586,0
200840952,0
200842428,0
200845320,0
200845662,0
200851062,0
200854764,0
200879214,0
200879310,1
200888604,0
200890086,0
200890908,0
200892750,0
200894406,0
200923446,0
200924892,1
200940426,1
200959164,0
200980344,0
200985162,0
200986752,0
200993490,0
200996412,0
200998560,0
201002886,1
201004302,0
201008022,1
201010644,0
201016554,0
201042132,0
201049686,0
201050718,1
201057924,0
201062376,1
201063792,0
201064968,0
201065556,0
201066576,0
201066924,0
201067650,0
201071016,0
201071808,0
201073152,0
201077838,0
201078852,0
201082446,0
201086730,0
201094440,0
201094740,0
201098010,0
201099300,0
201100800,0
201104640,0
201130782,0
201136020,0
201179586,0
201184464,0
201192180,1
201223968,0
201227790,0
201238704,0
201242538,0
201243252,0
201247968,0
201251256,0
201251472,0
201255744,0
201270894,0
201272046,1
201277470,0
201283758,0
201305430,0
201307062,0
201310734,1
201318372,0
201325608,0
201326046,1
201326472,0
201333540,1
201334458,0
201334560,0
201335592,0
201337428,0
201337506,0
201337644,0
201338118,0
201339204,0
201340800,1
201341478,0
201341790,0
201344730,0
201347160,0
201370212,0
201371886,0
201373704,0
201374562,0
201435840,0
201437718,0
201440766,0
201442038,1
201442710,0
201467826,1
201469230,0
201469272,0
201469680,0
201472080,0
201482736,0
201483822,0
201489732,0
201499908,0
201506790,1
201520644,0
201522312,0
201532146,0
201532698,0
201535824,0
201546396,0
201547392,0
201549276,0
201550200,0
201551910,0
201555744,0
201556332,0
201556770,0
201558258,0
201558924,0
201559014,0
201560676,0
201563562,0
201563730,0
201565770,0
201566904,0
201567234,0
201587850,0
201591078,0
201592620,0
201593214,0
201598080,0
201599376,0
201600762,0
201602262,1
201602430,0
201605718,0
201606762,0
201607776,0
201611700,0
201614118,0
201618174,0
201620274,0
201621888,0
201621906,0
201622656,0
201626502,0
201627798,0
201628512,0
201629406,0
201630240,0
201631218,0
201631602,0
201632472,0
201632790,0
201634356,0
201636276,0
201640026,0
201643206,0
201643404,1
201643998,0
201645444,0
201646134,0
201646596,0
201646614,0
201647322,0
201649602,0
201649842,0
201650118,1
201650316,0
201650844,0
201651168,0
201651714,0
201652308,0
201652506,0
201653034,0
201653268,0
201681474,0
201682566,0
201687120,0
201687858,1
201688188,0
201695028,0
201696090,0
201700368,0
201701340,0
201702738,0
201706254,0
201716952,0
201736908,0
201748332,0
201762636,1
201778872,0
201779886,1
201791004,1
201794016,0
201804210,1
201807522,0
201819798,0
201824472,0
201836838,0
201839790,0
201845436,0
201845952,0
201846498,0
201846738,0
201848964,0
201851016,0
201865428,1
201875076,0
201876684,0
201877644,0
201879822,0
201882204,0
201883278,0
201888426,0
201889422,0
201892650,1
201894810,0
201900624,0
201901596,0
201902238,1
201904752,0
201905316,0
201906864,0
201908196,0
201911922,0
201913116,0
201939192,1
201941538,0
201942228,0
201942546,0
201947004,0
201952206,0
201952980,0
201953544,0
201958158,1
201966036,0
201968106,0
201985686,0
201985698,0
201986382,0
202004106,0
202008654,0
202015950,0
202020288,0
202030566,0
202046784,0
202047666,0
202054812,0
202082274,0
202083090,0
202088322,0
202102680,0
202103172,0
202105182,0
202106724,0
202116846,0
202118580,0
202119156,0
202119786,0
202122000,0
202126206,0
202134120,0
202140732,0
202142406,1
202143054,0
202145640,0
202147356,1
202148970,0
202151622,1
202152048,1
202154370,1
202157790,0
202158786,0
202160862,0
202164108,0
202165956,0
202189590,0
202192326,0
202193256,0
202193784,0
202194426,0
202194960,0
202195104,0
202200936,0
202203888,0
202204812,0
202212546,0
202217706,0
202229946,0
202246926,0
202256166,0
202281948,0
202290642,0
202298160,0
202307976,0
202314468,0
202347132,0
202353558,0
202359744,0
202360212,0
202362144,1
202364682,0
202367976,0
202368102,0
202368726,0
202377528,0
202384494,0
202385820,1
202388136,0
202389156,0
202390140,0
202391592,0
202391628,0
202394280,0
202400568,0
202423914,0
202428246,1
202433688,0
202433742,0
202434252,0
202435206,0
202453584,0
202460670,0
202473858,0
202485828,0
202505982,0
202514136,0
202518894,0
202520370,1
202525416,0
202533210,0
202534614,0
202547460,0
202547982,0
202553424,0
202565064,0
202566066,0
202574820,0
202577688,0
202578624,0
202580034,0
202583178,0
202587528,0
202592544,0
202598226,0
202601598,1
202601898,0
202603776,0
202604658,1
202607562,1
202609404,0
202609560,0
202616724,0
202617168,0
202618752,0
202619286,0
202626798,0
202649094,0
202649802,0
202650144,0
202653702,0
202654476,0
202654722,0
202660896,0
202661166,0
202662270,0
202700022,1
202721886,0
202721910,0
202739058,0
202746096,0
202747650,0
202749348,0
202751922,0
202776012,0
202781838,0
202795278,1
202798536,1
202798734,0
202807062,0
202808730,0
202809942,0
202809960,0
202811454,0
202811640,0
202811736,0
202812078,0
202815192,0
202815798,0
202815990,1
202817490,0
202817580,0
202820634,0
202821102,0
202825698,0
202826814,0
202827402,0
202828164,0
202828284,0
202831722,0
202836960,0
202855320,0
202861308,0
202861626,0
202869612,0
202870230,0
202871220,0
202871622,0
202873422,1
202874436,1
202877064,0
202877520,1
202878108,0
202880856,0
202885800,0
202885860,0
202886694,1
202887192,0
202890318,0
202890396,0
202890618,0
202894458,0
202896552,0
202898106,1
202898850,0
202908540,0
202909752,0
202909770,0
202910190,1
202913820,1
202914096,0
202914924,0
202917708,0
202918794,0
202929054,0
202930926,0
202931952,1
202932042,0
202932090,0
202957614,0
202957746,0
202962480,0
202965384,0
202965684,0
202971510,0
202974684,0
202976616,0
202998186,0
203012808,0
203026476,0
203027862,1
203047590,0
203064066,0
203073186,0
203077254,0
203080140,0
203091576,0
203095122,0
203095794,0
203105202,0
203106288,0
203115822,0
203115834,0
203119842,0
203125554,0
203127930,0
203131416,0
203131680,0
203133786,0
203141994,0
203143410,0
203144268,0
203145348,0
203146920,0
203147532,0
203150946,0
203151522,0
203155704,0
203158200,1
203158470,0
203159790,0
203162886,0
203166414,0
203170974,0
203175612,0
203175726,0
203178708,0
203178714,1
203180148,0
203180526,0
203181078,0
203182614,0
203206626,0
203206878,0
203208888,0
203211798,0
203212206,0
203213070,0
203213676,0
203214816,0
203216322,0
203217222,0
203220198,0
203220372,0
203220498,0
203221356,0
203225052,0
203241552,0
203256888,0
203273424,0
203277678,0
203287992,0
203293656,1
203303358,0
203305716,0
203314614,0
203315760,0
203316198,0
203328708,0
203331354,0
203342400,0
203344092,0
203348244,0
203372916,0
203372940,0
203385618,1
203397960,0
203403018,0
203405724,1
203408868,0
203410056,0
203412492,0
203416104,0
203419662,0
203422608,0
203425716,0
203426412,0
203431494,0
203431572,0
203432340,0
203433978,0
203461650,0
203463402,1
203464728,0
203465166,0
203480058,0
203510406,0
203520462,0
203535396,1
203552634,0
203553108,0
203564718,0
203565630,0
203572998,0
203578434,0
203582496,0
203587656,0
203589474,0
203592504,0
203600976,1
203611470,0
203621664,0
203623284,0
203636346,0
203637420,1
203642394,0
203642718,0
203646984,1
203647308,0
203647326,0
203656146,0
203656872,1
203658156,0
203658660,0
203660622,1
203662590,0
203664684,0
203664744,0
203665098,0
203666964,0
203667960,0
203669028,0
203672544,0
203672940,0
203675298,0
203703756,0
203709306,0
203710242,0
203716374,0
203716806,0
203718054,0
203719008,0
203722788,0
203723658,0
203771574,0
203771586,0
203800374,0
203805156,0
203810850,0
203813154,0
203816328,0
203822076,0
203829486,0
203831160,0
203836332,0
203836956,0
203837610,0
203841816,0
203873310,0
203883858,0
203886060,0
203887590,0
203893320,0
203896644,0
203899944,0
203901720,0
203904540,0
203906244,0
203908176,0
203908266,0
203912130,0
203913474,0
203913780,0
203915082,0
203919384,0
203920668,0
203920932,0
203921352,0
203945634,0
203946696,0
203948328,0
203948796,0
203948982,0
203949000,0
203949594,0
203954826,0
203991528,0
204002124,0
204010098,0
204024330,0
204036708,1
204039066,0
204039696,0
204043992,0
204047334,0
204052350,0
204054126,0
204065832,0
204070362,0
204074610,0
204083238,0
204088146,0
204092754,0
204095802,0
204099918,0
204100764,0
204104988,0
204105024,0
204114576,0
204115200,0
204125322,0
204125922,0
204127806,1
204131262,0
204134652,0
204134712,0
204135168,1
204140772,0
204142350,0
204144504,0
204149370,0
204156708,0
204171414,0
204181596,0
204183066,0
204184728,0
204185250,0
204186192,0
204186696,0
204186750,1
204190584,0
204193212,0
204193866,0
204202500,0
204205806,0
204205986,0
204207186,0
204217074,0
204221010,0
204223350,0
204223710,0
204228264,0
204233946,1
204235902,0
204235968,0
204236670,0
204239430,0
204239616,0
204239796,0
204240084,0
204240270,1
204241458,1
204241590,0
204241968,0
204242340,1
204266898,0
204271410,0
204278868,1
204280362,0
204286446,0
204291624,0
204322380,0
204341568,1
204358086,0
204366294,0
204367008,1
204373590,0
204377484,1
204381816,0
204383682,0
204384492,0
204391182,1
204392892,0
204404550,0
204407604,0
204412452,0
204414450,0
204414756,0
204419934,0
204430500,0
204432774,0
204436662,0
204440076,0
204440448,0
204441840,0
204445566,1
204449508,0
204450030,0
204450528,1
204451968,0
204459354,0
204462978,0
204463440,0
204464196,0
204469248,0
204475932,0
204480480,1
204485652,0
204509784,0
204510294,0
204511158,0
204511476,0
204514350,0
204514806,0
204515646,0
204522918,1
204527868,0
204541890,0
204546864,0
204552876,0
204560592,0
204591150,0
204608250,0
204617190,0
204620124,0
204620610,0
204622662,0
204629244,0
204642276,0
204647064,0
204659490,0
204666330,1
204673098,0
204675108,0
204675606,0
204676758,0
204679362,0
204679980,0
204684786,0
204688554,0
204689742,0
204695568,0
204699126,0
204699702,0
204703272,0
204703500,1
204704292,0
204711096,0
204712104,0
204715746,0
204716772,0
204717594,0
204718692,0
204742968,0
204746304,0
204752010,0
204762426,0
204788490,0
204799428,0
204800772,0
204806910,0
204809448,0
204816618,0
204830448,0
204833928,0
204837864,0
204843726,0
204847026,0
204850758,0
204853452,0
204854796,0
204870540,1
204873060,1
204877044,0
204878928,0
204887628,0
204896490,0
204902472,0
204909912,0
204913674,0
204913686,0
204920316,0
204928248,0
204937698,0
204940446,1
204944922,0
204970092,0
204971226,0
204976278,0
204977106,0
204977592,0
204980436,0
204983730,0
204985230,0
204987006,0
204994140,0
205052976,0
205056822,0
205060188,1
205091958,0
205106328,1
205114710,0
205116942,0
205117494,0
205119492,0
205125054,0
205128318,0
205144674,0
205144704,1
205145508,0
205146708,0
205147782,1
205149162,1
205150434,0
205150842,1
205151184,0
205153524,0
205154700,0
205157556,0
205159590,0
205170096,0
205171530,0
205171776,0
205171980,1
205172934,0
205174818,0
205177500,0
205179918,0
205180812,1
205209630,1
205210722,0
205215840,0
205217046,0
205224522,0
205246110,0
205264554,1
205276620,0
205293672,0
205303200,0
205311072,0
205320456,0
205328484,0
205329768,0
205333758,1
205339584,0
205347306,0
205350042,0
205351086,0
205356720,0
205362462,0
205365264,0
205366692,0
205379076,0
205379688,0
205381248,0
205381740,0
205383096,0
205386078,1
205388928,0
205396902,0
205402374,0
205403454,0
205410306,0
205410360,0
205411926,0
205415772,0
205418052,0
205421346,1
205430052,0
205430910,0
205439520,0
205442028,0
205442364,0
205448910,0
205451532,0
205454634,0
205455108,0
205457676,1
205458024,0
205459176,1
205459914,0
205461072,0
205461306,0
205462962,0
205463676,1
205466538,0
205467180,0
205467804,0
205469934,0
205476930,0
205481166,0
205483080,0
205486596,0
205490664,0
205491060,0
205491948,0
205492842,0
205493070,1
205494246,0
205494528,0
205494588,0
205497798,0
205500618,0
205509324,1
205510158,1
205511286,0
205512228,0
205512576,0
205512990,0
205514100,1
205516074,1
205516368,0
205516602,0
205518558,0
205518996,0
205519398,0
205521174,0
205522056,0
205540230,0
205543470,0
205543542,0
205543824,0
205543872,0
205544328,0
205556844,1
205572198,0
205578546,0
205586580,0
205636794,0
205640166,1
205640730,0
205642410,0
205645866,0
205648128,0
205649010,0
205654272,0
205666122,0
205667304,0
205672368,1
205679886,0
205687524,0
205689816,0
205690392,0
205691670,0
205692318,0
205694712,0
205699734,0
205705476,1
205706166,0
205707852,0
205709430,0
205711140,0
205713618,0
205714470,0
205716162,0
205720242,0
205727352,0
205728354,0
205729272,0
205731960,0
205740138,0
205762692,0
205765050,0
205767636,0
205768494,1
205768662,0
205772466,0
205775334,0
205787538,1
205790184,0
205807488,0
205810398,0
205812846,0
205823256,0
205841406,0
205852620,0
205852626,0
205869630,0
205881222,0
205888260,0
205890774,0
205898052,0
205914480,0
205928964,0
205929996,0
205930932,1
205932234,1
205937304,0
205941876,0
205952808,0
205955070,1
205959582,0
205961274,0
205962786,0
205963044,0
205968072,0
205970346,0
205970568,1
205975080,0
205976298,0
205976664,0
205977666,0
205981392,0
205982286,0
205982868,0
205983180,0
205983186,0
